position,shortcode,kind,url,canonical_url,discovered_at,discovery_round,visible_index
1,DXRnD14PkvI,reel,https://www.instagram.com/thedogist/reel/DXRnD14PkvI/,https://www.instagram.com/reel/DXRnD14PkvI/,2026-06-19T22:17:07.106Z,0,2
2,DTL78iCkQE7,reel,https://www.instagram.com/thedogist/reel/DTL78iCkQE7/,https://www.instagram.com/reel/DTL78iCkQE7/,2026-06-19T22:17:07.116Z,0,3
3,DP1fsx0kRLT,reel,https://www.instagram.com/thedogist/reel/DP1fsx0kRLT/,https://www.instagram.com/reel/DP1fsx0kRLT/,2026-06-19T22:17:07.117Z,0,4
4,DZyKcM4EZog,p,https://www.instagram.com/thedogist/p/DZyKcM4EZog/,https://www.instagram.com/p/DZyKcM4EZog/,2026-06-19T22:17:07.117Z,0,5
5,DZvT0dwGuTX,p,https://www.instagram.com/thedogist/p/DZvT0dwGuTX/,https://www.instagram.com/p/DZvT0dwGuTX/,2026-06-19T22:17:07.118Z,0,6
6,DZs8ATQhQDn,reel,https://www.instagram.com/thedogist/reel/DZs8ATQhQDn/,https://www.instagram.com/reel/DZs8ATQhQDn/,2026-06-19T22:17:07.118Z,0,7
7,DZsSngvEdcq,p,https://www.instagram.com/thedogist/p/DZsSngvEdcq/,https://www.instagram.com/p/DZsSngvEdcq/,2026-06-19T22:17:07.119Z,0,8
8,DZp-5B8RwWk,reel,https://www.instagram.com/thedogist/reel/DZp-5B8RwWk/,https://www.instagram.com/reel/DZp-5B8RwWk/,2026-06-19T22:17:07.119Z,0,9
9,DZkzFnZEbfS,p,https://www.instagram.com/thedogist/p/DZkzFnZEbfS/,https://www.instagram.com/p/DZkzFnZEbfS/,2026-06-19T22:17:07.119Z,0,10
10,DZh1VloBr22,reel,https://www.instagram.com/thedogist/reel/DZh1VloBr22/,https://www.instagram.com/reel/DZh1VloBr22/,2026-06-19T22:17:07.120Z,0,11
11,DZgEAhQhSeA,reel,https://www.instagram.com/thedogist/reel/DZgEAhQhSeA/,https://www.instagram.com/reel/DZgEAhQhSeA/,2026-06-19T22:17:07.120Z,0,12
12,DZdh9E2RNif,reel,https://www.instagram.com/thedogist/reel/DZdh9E2RNif/,https://www.instagram.com/reel/DZdh9E2RNif/,2026-06-19T22:17:07.121Z,0,13
13,DZa7-VjxNrP,reel,https://www.instagram.com/thedogist/reel/DZa7-VjxNrP/,https://www.instagram.com/reel/DZa7-VjxNrP/,2026-06-19T22:17:07.121Z,0,14
14,DZYW8xjEWbq,p,https://www.instagram.com/thedogist/p/DZYW8xjEWbq/,https://www.instagram.com/p/DZYW8xjEWbq/,2026-06-19T22:17:07.121Z,0,15
15,DZVd_QlodIr,reel,https://www.instagram.com/thedogist/reel/DZVd_QlodIr/,https://www.instagram.com/reel/DZVd_QlodIr/,2026-06-19T22:17:07.122Z,0,16
16,DZP9fjPRocs,reel,https://www.instagram.com/thedogist/reel/DZP9fjPRocs/,https://www.instagram.com/reel/DZP9fjPRocs/,2026-06-19T22:17:07.122Z,0,17
17,DZOCdKEhaDv,reel,https://www.instagram.com/thedogist/reel/DZOCdKEhaDv/,https://www.instagram.com/reel/DZOCdKEhaDv/,2026-06-19T22:17:07.122Z,0,18
18,DZNHogCxDr9,reel,https://www.instagram.com/thedogist/reel/DZNHogCxDr9/,https://www.instagram.com/reel/DZNHogCxDr9/,2026-06-19T22:17:07.123Z,0,19
19,DZI1tQvIMGz,reel,https://www.instagram.com/thedogist/reel/DZI1tQvIMGz/,https://www.instagram.com/reel/DZI1tQvIMGz/,2026-06-19T22:17:07.123Z,0,20
20,DZGUirTR4cX,reel,https://www.instagram.com/thedogist/reel/DZGUirTR4cX/,https://www.instagram.com/reel/DZGUirTR4cX/,2026-06-19T22:17:07.123Z,0,21
21,DZDqSgRIFGB,reel,https://www.instagram.com/thedogist/reel/DZDqSgRIFGB/,https://www.instagram.com/reel/DZDqSgRIFGB/,2026-06-19T22:17:07.124Z,0,22
22,DZBhxuSEby7,p,https://www.instagram.com/thedogist/p/DZBhxuSEby7/,https://www.instagram.com/p/DZBhxuSEby7/,2026-06-19T22:17:07.124Z,0,23
23,DY-raT5kShI,p,https://www.instagram.com/thedogist/p/DY-raT5kShI/,https://www.instagram.com/p/DY-raT5kShI/,2026-06-19T22:17:07.124Z,0,24
24,DY7_nkWIudG,reel,https://www.instagram.com/thedogist/reel/DY7_nkWIudG/,https://www.instagram.com/reel/DY7_nkWIudG/,2026-06-19T22:17:07.125Z,0,25
25,DY5ialOxAJy,reel,https://www.instagram.com/thedogist/reel/DY5ialOxAJy/,https://www.instagram.com/reel/DY5ialOxAJy/,2026-06-19T22:17:08.731Z,1,26
26,DY2ya8JIzBL,reel,https://www.instagram.com/thedogist/reel/DY2ya8JIzBL/,https://www.instagram.com/reel/DY2ya8JIzBL/,2026-06-19T22:17:08.732Z,1,27
27,DYxt7vXEfe-,p,https://www.instagram.com/thedogist/p/DYxt7vXEfe-/,https://www.instagram.com/p/DYxt7vXEfe-/,2026-06-19T22:17:08.732Z,1,28
28,DYubPMMRNWE,reel,https://www.instagram.com/thedogist/reel/DYubPMMRNWE/,https://www.instagram.com/reel/DYubPMMRNWE/,2026-06-19T22:17:08.732Z,1,29
29,DYsm8CwkfTu,p,https://www.instagram.com/thedogist/p/DYsm8CwkfTu/,https://www.instagram.com/p/DYsm8CwkfTu/,2026-06-19T22:17:08.733Z,1,30
30,DYp4B3jgwSn,reel,https://www.instagram.com/shortyawards/reel/DYp4B3jgwSn/,https://www.instagram.com/reel/DYp4B3jgwSn/,2026-06-19T22:17:08.733Z,1,31
31,DYptuk8GtGy,p,https://www.instagram.com/thedogist/p/DYptuk8GtGy/,https://www.instagram.com/p/DYptuk8GtGy/,2026-06-19T22:17:08.734Z,1,32
32,DYpHHiuR3kU,reel,https://www.instagram.com/thedogist/reel/DYpHHiuR3kU/,https://www.instagram.com/reel/DYpHHiuR3kU/,2026-06-19T22:17:08.734Z,1,33
33,DYnazeqxZh5,reel,https://www.instagram.com/thedogist/reel/DYnazeqxZh5/,https://www.instagram.com/reel/DYnazeqxZh5/,2026-06-19T22:17:08.734Z,1,34
34,DYkzuZIRHFE,reel,https://www.instagram.com/thedogist/reel/DYkzuZIRHFE/,https://www.instagram.com/reel/DYkzuZIRHFE/,2026-06-19T22:17:08.735Z,1,35
35,DYkDVQKN3Za,reel,https://www.instagram.com/nycacc/reel/DYkDVQKN3Za/,https://www.instagram.com/reel/DYkDVQKN3Za/,2026-06-19T22:17:08.735Z,1,36
36,DYiXD3WEcwm,p,https://www.instagram.com/thedogist/p/DYiXD3WEcwm/,https://www.instagram.com/p/DYiXD3WEcwm/,2026-06-19T22:17:08.736Z,1,37
37,DYh1XcIxexg,reel,https://www.instagram.com/thedogist/reel/DYh1XcIxexg/,https://www.instagram.com/reel/DYh1XcIxexg/,2026-06-19T22:17:10.341Z,2,38
38,DYfseNWRJdY,reel,https://www.instagram.com/thedogist/reel/DYfseNWRJdY/,https://www.instagram.com/reel/DYfseNWRJdY/,2026-06-19T22:17:10.342Z,2,39
39,DYdbhzSEdAy,p,https://www.instagram.com/thedogist/p/DYdbhzSEdAy/,https://www.instagram.com/p/DYdbhzSEdAy/,2026-06-19T22:17:10.342Z,2,40
40,DYZoGV5xc-7,reel,https://www.instagram.com/thedogist/reel/DYZoGV5xc-7/,https://www.instagram.com/reel/DYZoGV5xc-7/,2026-06-19T22:17:10.342Z,2,41
41,DYYFuOQR_XO,reel,https://www.instagram.com/thedogist/reel/DYYFuOQR_XO/,https://www.instagram.com/reel/DYYFuOQR_XO/,2026-06-19T22:17:10.342Z,2,42
42,DYVizzrRutU,reel,https://www.instagram.com/thedogist/reel/DYVizzrRutU/,https://www.instagram.com/reel/DYVizzrRutU/,2026-06-19T22:17:10.343Z,2,43
43,DYS0AD8xUHT,reel,https://www.instagram.com/thedogist/reel/DYS0AD8xUHT/,https://www.instagram.com/reel/DYS0AD8xUHT/,2026-06-19T22:17:10.343Z,2,44
44,DYP8IqWkbhN,p,https://www.instagram.com/thedogist/p/DYP8IqWkbhN/,https://www.instagram.com/p/DYP8IqWkbhN/,2026-06-19T22:17:10.343Z,2,45
45,DYNqkPIhG0M,reel,https://www.instagram.com/thedogist/reel/DYNqkPIhG0M/,https://www.instagram.com/reel/DYNqkPIhG0M/,2026-06-19T22:17:10.343Z,2,46
46,DYKLczCyeR7,reel,https://www.instagram.com/thedogist/reel/DYKLczCyeR7/,https://www.instagram.com/reel/DYKLczCyeR7/,2026-06-19T22:17:10.343Z,2,47
47,DYIPkVcP3QY,reel,https://www.instagram.com/thedogist/reel/DYIPkVcP3QY/,https://www.instagram.com/reel/DYIPkVcP3QY/,2026-06-19T22:17:10.343Z,2,48
48,DYF-_83xsIa,reel,https://www.instagram.com/thedogist/reel/DYF-_83xsIa/,https://www.instagram.com/reel/DYF-_83xsIa/,2026-06-19T22:17:10.344Z,2,49
49,DYDW2ezkeo6,p,https://www.instagram.com/thedogist/p/DYDW2ezkeo6/,https://www.instagram.com/p/DYDW2ezkeo6/,2026-06-19T22:17:11.954Z,3,50
50,DYAytyKy1xb,reel,https://www.instagram.com/thedogist/reel/DYAytyKy1xb/,https://www.instagram.com/reel/DYAytyKy1xb/,2026-06-19T22:17:11.954Z,3,51
51,DX-NWSiSAfX,reel,https://www.instagram.com/thedogist/reel/DX-NWSiSAfX/,https://www.instagram.com/reel/DX-NWSiSAfX/,2026-06-19T22:17:11.954Z,3,52
52,DX7q55aStyB,reel,https://www.instagram.com/thedogist/reel/DX7q55aStyB/,https://www.instagram.com/reel/DX7q55aStyB/,2026-06-19T22:17:11.954Z,3,53
53,DX7N9SEkRMP,p,https://www.instagram.com/thedogist/p/DX7N9SEkRMP/,https://www.instagram.com/p/DX7N9SEkRMP/,2026-06-19T22:17:11.954Z,3,54
54,DX1qRXNz7YJ,reel,https://www.instagram.com/thedogist/reel/DX1qRXNz7YJ/,https://www.instagram.com/reel/DX1qRXNz7YJ/,2026-06-19T22:17:11.955Z,3,55
55,DXzzFw7SqDt,reel,https://www.instagram.com/thedogist/reel/DXzzFw7SqDt/,https://www.instagram.com/reel/DXzzFw7SqDt/,2026-06-19T22:17:11.955Z,3,56
56,DXxZpZrSVod,reel,https://www.instagram.com/thedogist/reel/DXxZpZrSVod/,https://www.instagram.com/reel/DXxZpZrSVod/,2026-06-19T22:17:11.955Z,3,57
57,DXwg-gNlEQO,p,https://www.instagram.com/thedogist/p/DXwg-gNlEQO/,https://www.instagram.com/p/DXwg-gNlEQO/,2026-06-19T22:17:11.955Z,3,58
58,DXsHI8VkbUP,reel,https://www.instagram.com/thedogist/reel/DXsHI8VkbUP/,https://www.instagram.com/reel/DXsHI8VkbUP/,2026-06-19T22:17:11.955Z,3,59
59,DXmOp93RV70,reel,https://www.instagram.com/thedogist/reel/DXmOp93RV70/,https://www.instagram.com/reel/DXmOp93RV70/,2026-06-19T22:17:11.955Z,3,60
60,DXjqVIgBU3J,reel,https://www.instagram.com/thedogist/reel/DXjqVIgBU3J/,https://www.instagram.com/reel/DXjqVIgBU3J/,2026-06-19T22:17:11.955Z,3,61
61,DXh1oZBxUhq,reel,https://www.instagram.com/thedogist/reel/DXh1oZBxUhq/,https://www.instagram.com/reel/DXh1oZBxUhq/,2026-06-19T22:17:13.559Z,4,62
62,DXceh4vxhPr,reel,https://www.instagram.com/thedogist/reel/DXceh4vxhPr/,https://www.instagram.com/reel/DXceh4vxhPr/,2026-06-19T22:17:13.560Z,4,63
63,DXaEtasER4M,p,https://www.instagram.com/thedogist/p/DXaEtasER4M/,https://www.instagram.com/p/DXaEtasER4M/,2026-06-19T22:17:13.560Z,4,64
64,DXXn2QcxAek,reel,https://www.instagram.com/thedogist/reel/DXXn2QcxAek/,https://www.instagram.com/reel/DXXn2QcxAek/,2026-06-19T22:17:13.560Z,4,65
65,DXVSjw2kVic,p,https://www.instagram.com/thedogist/p/DXVSjw2kVic/,https://www.instagram.com/p/DXVSjw2kVic/,2026-06-19T22:17:13.560Z,4,66
66,DXPwZ6DRIAa,reel,https://www.instagram.com/thedogist/reel/DXPwZ6DRIAa/,https://www.instagram.com/reel/DXPwZ6DRIAa/,2026-06-19T22:17:13.560Z,4,67
67,DXNdMW8xP5f,reel,https://www.instagram.com/thedogist/reel/DXNdMW8xP5f/,https://www.instagram.com/reel/DXNdMW8xP5f/,2026-06-19T22:17:13.560Z,4,68
68,DXK9knWRkVg,reel,https://www.instagram.com/thedogist/reel/DXK9knWRkVg/,https://www.instagram.com/reel/DXK9knWRkVg/,2026-06-19T22:17:13.561Z,4,69
69,DXKTQR1xlMJ,reel,https://www.instagram.com/thedogist/reel/DXKTQR1xlMJ/,https://www.instagram.com/reel/DXKTQR1xlMJ/,2026-06-19T22:17:13.561Z,4,70
70,DXIKSiARwyc,reel,https://www.instagram.com/thedogist/reel/DXIKSiARwyc/,https://www.instagram.com/reel/DXIKSiARwyc/,2026-06-19T22:17:13.561Z,4,71
71,DXFn2gyR49z,reel,https://www.instagram.com/thedogist/reel/DXFn2gyR49z/,https://www.instagram.com/reel/DXFn2gyR49z/,2026-06-19T22:17:13.561Z,4,72
72,DXCQQ6BR4Tr,reel,https://www.instagram.com/thedogist/reel/DXCQQ6BR4Tr/,https://www.instagram.com/reel/DXCQQ6BR4Tr/,2026-06-19T22:17:13.561Z,4,73
73,DXAjf57kemI,p,https://www.instagram.com/thedogist/p/DXAjf57kemI/,https://www.instagram.com/p/DXAjf57kemI/,2026-06-19T22:17:15.166Z,5,59
74,DW9xYBdRqu3,reel,https://www.instagram.com/thedogist/reel/DW9xYBdRqu3/,https://www.instagram.com/reel/DW9xYBdRqu3/,2026-06-19T22:17:15.166Z,5,60
75,DW7dkWmEdP0,p,https://www.instagram.com/thedogist/p/DW7dkWmEdP0/,https://www.instagram.com/p/DW7dkWmEdP0/,2026-06-19T22:17:15.167Z,5,61
76,DW45QQoRZvE,reel,https://www.instagram.com/thedogist/reel/DW45QQoRZvE/,https://www.instagram.com/reel/DW45QQoRZvE/,2026-06-19T22:17:15.167Z,5,62
77,DW4iPKwxOhg,reel,https://www.instagram.com/thedogist/reel/DW4iPKwxOhg/,https://www.instagram.com/reel/DW4iPKwxOhg/,2026-06-19T22:17:15.167Z,5,63
78,DW2KlZZRnr5,reel,https://www.instagram.com/thedogist/reel/DW2KlZZRnr5/,https://www.instagram.com/reel/DW2KlZZRnr5/,2026-06-19T22:17:15.168Z,5,64
79,DWy_c5pRaGr,reel,https://www.instagram.com/thedogist/reel/DWy_c5pRaGr/,https://www.instagram.com/reel/DWy_c5pRaGr/,2026-06-19T22:17:15.168Z,5,65
80,DWwl8UOkTgk,p,https://www.instagram.com/thedogist/p/DWwl8UOkTgk/,https://www.instagram.com/p/DWwl8UOkTgk/,2026-06-19T22:17:15.168Z,5,66
81,DWrw6ICBDkN,reel,https://www.instagram.com/thedogist/reel/DWrw6ICBDkN/,https://www.instagram.com/reel/DWrw6ICBDkN/,2026-06-19T22:17:15.169Z,5,67
82,DWrF_IPkXMe,p,https://www.instagram.com/thedogist/p/DWrF_IPkXMe/,https://www.instagram.com/p/DWrF_IPkXMe/,2026-06-19T22:17:15.169Z,5,68
83,DWopDXaRhM_,reel,https://www.instagram.com/thedogist/reel/DWopDXaRhM_/,https://www.instagram.com/reel/DWopDXaRhM_/,2026-06-19T22:17:15.169Z,5,69
84,DWmMVPaRiie,reel,https://www.instagram.com/thedogist/reel/DWmMVPaRiie/,https://www.instagram.com/reel/DWmMVPaRiie/,2026-06-19T22:17:15.170Z,5,70
85,DWkacU4kfrp,p,https://www.instagram.com/thedogist/p/DWkacU4kfrp/,https://www.instagram.com/p/DWkacU4kfrp/,2026-06-19T22:17:16.777Z,6,61
86,DWjlIjyx_JO,reel,https://www.instagram.com/thedogist/reel/DWjlIjyx_JO/,https://www.instagram.com/reel/DWjlIjyx_JO/,2026-06-19T22:17:16.777Z,6,62
87,DWgjdtbBdWh,reel,https://www.instagram.com/thedogist/reel/DWgjdtbBdWh/,https://www.instagram.com/reel/DWgjdtbBdWh/,2026-06-19T22:17:16.777Z,6,63
88,DWfXxOnEQrZ,p,https://www.instagram.com/thedogist/p/DWfXxOnEQrZ/,https://www.instagram.com/p/DWfXxOnEQrZ/,2026-06-19T22:17:16.778Z,6,64
89,DWcBZpAxjgc,reel,https://www.instagram.com/thedogist/reel/DWcBZpAxjgc/,https://www.instagram.com/reel/DWcBZpAxjgc/,2026-06-19T22:17:16.778Z,6,65
90,DWY1oOJhTNM,reel,https://www.instagram.com/thedogist/reel/DWY1oOJhTNM/,https://www.instagram.com/reel/DWY1oOJhTNM/,2026-06-19T22:17:16.778Z,6,66
91,DWWVCdhR5p-,reel,https://www.instagram.com/thedogist/reel/DWWVCdhR5p-/,https://www.instagram.com/reel/DWWVCdhR5p-/,2026-06-19T22:17:16.778Z,6,67
92,DWTsLwyxMya,reel,https://www.instagram.com/thedogist/reel/DWTsLwyxMya/,https://www.instagram.com/reel/DWTsLwyxMya/,2026-06-19T22:17:16.778Z,6,68
93,DWSAT71xd0u,reel,https://www.instagram.com/thedogist/reel/DWSAT71xd0u/,https://www.instagram.com/reel/DWSAT71xd0u/,2026-06-19T22:17:16.778Z,6,69
94,DWRHAqrEW4f,p,https://www.instagram.com/thedogist/p/DWRHAqrEW4f/,https://www.instagram.com/p/DWRHAqrEW4f/,2026-06-19T22:17:16.778Z,6,70
95,DWPcc1QkWcE,p,https://www.instagram.com/thedogist/p/DWPcc1QkWcE/,https://www.instagram.com/p/DWPcc1QkWcE/,2026-06-19T22:17:16.778Z,6,71
96,DWOt11jR30C,reel,https://www.instagram.com/thedogist/reel/DWOt11jR30C/,https://www.instagram.com/reel/DWOt11jR30C/,2026-06-19T22:17:16.779Z,6,72
97,DWNPb-LEQhe,p,https://www.instagram.com/thedogist/p/DWNPb-LEQhe/,https://www.instagram.com/p/DWNPb-LEQhe/,2026-06-19T22:17:18.385Z,7,58
98,DWJpicKBfLP,reel,https://www.instagram.com/thedogist/reel/DWJpicKBfLP/,https://www.instagram.com/reel/DWJpicKBfLP/,2026-06-19T22:17:18.387Z,7,59
99,DWHxneBxw7w,reel,https://www.instagram.com/thedogist/reel/DWHxneBxw7w/,https://www.instagram.com/reel/DWHxneBxw7w/,2026-06-19T22:17:18.387Z,7,60
100,DWHAgoZxkRK,reel,https://www.instagram.com/thedogist/reel/DWHAgoZxkRK/,https://www.instagram.com/reel/DWHAgoZxkRK/,2026-06-19T22:17:18.388Z,7,61
101,DWFYXEMkftM,reel,https://www.instagram.com/thedogist/reel/DWFYXEMkftM/,https://www.instagram.com/reel/DWFYXEMkftM/,2026-06-19T22:17:18.389Z,7,62
102,DWE4wC9EdAj,reel,https://www.instagram.com/thedogist/reel/DWE4wC9EdAj/,https://www.instagram.com/reel/DWE4wC9EdAj/,2026-06-19T22:17:18.389Z,7,63
103,DWCuxpij19W,p,https://www.instagram.com/thedogist/p/DWCuxpij19W/,https://www.instagram.com/p/DWCuxpij19W/,2026-06-19T22:17:18.390Z,7,64
104,DV_u9toEW3m,reel,https://www.instagram.com/thedogist/reel/DV_u9toEW3m/,https://www.instagram.com/reel/DV_u9toEW3m/,2026-06-19T22:17:18.390Z,7,65
105,DV9xqrukaNO,p,https://www.instagram.com/thedogist/p/DV9xqrukaNO/,https://www.instagram.com/p/DV9xqrukaNO/,2026-06-19T22:17:18.390Z,7,66
106,DV4ewM3EXf1,reel,https://www.instagram.com/thedogist/reel/DV4ewM3EXf1/,https://www.instagram.com/reel/DV4ewM3EXf1/,2026-06-19T22:17:18.391Z,7,67
107,DV13NSXkcuk,reel,https://www.instagram.com/thedogist/reel/DV13NSXkcuk/,https://www.instagram.com/reel/DV13NSXkcuk/,2026-06-19T22:17:18.391Z,7,68
108,DV1LzUAkXh-,reel,https://www.instagram.com/thedogist/reel/DV1LzUAkXh-/,https://www.instagram.com/reel/DV1LzUAkXh-/,2026-06-19T22:17:18.392Z,7,69
109,DVzW-XlEbBx,reel,https://www.instagram.com/thedogist/reel/DVzW-XlEbBx/,https://www.instagram.com/reel/DVzW-XlEbBx/,2026-06-19T22:17:20.004Z,8,60
110,DVyXPX9kZt4,reel,https://www.instagram.com/thedogist/reel/DVyXPX9kZt4/,https://www.instagram.com/reel/DVyXPX9kZt4/,2026-06-19T22:17:20.007Z,8,61
111,DVwmbKiES8H,reel,https://www.instagram.com/thedogist/reel/DVwmbKiES8H/,https://www.instagram.com/reel/DVwmbKiES8H/,2026-06-19T22:17:20.007Z,8,62
112,DVvy0ZakVyf,reel,https://www.instagram.com/thedogist/reel/DVvy0ZakVyf/,https://www.instagram.com/reel/DVvy0ZakVyf/,2026-06-19T22:17:20.008Z,8,63
113,DVrm5_wESyN,p,https://www.instagram.com/thedogist/p/DVrm5_wESyN/,https://www.instagram.com/p/DVrm5_wESyN/,2026-06-19T22:17:20.009Z,8,64
114,DVq4YdfEYXa,reel,https://www.instagram.com/thedogist/reel/DVq4YdfEYXa/,https://www.instagram.com/reel/DVq4YdfEYXa/,2026-06-19T22:17:20.009Z,8,65
115,DVpIp49Ef2i,p,https://www.instagram.com/thedogist/p/DVpIp49Ef2i/,https://www.instagram.com/p/DVpIp49Ef2i/,2026-06-19T22:17:20.010Z,8,66
116,DVluVHWkSv6,reel,https://www.instagram.com/thedogist/reel/DVluVHWkSv6/,https://www.instagram.com/reel/DVluVHWkSv6/,2026-06-19T22:17:20.011Z,8,67
117,DVgS1-tEaLN,reel,https://www.instagram.com/thedogist/reel/DVgS1-tEaLN/,https://www.instagram.com/reel/DVgS1-tEaLN/,2026-06-19T22:17:20.011Z,8,68
118,DVeE8GgkVNI,reel,https://www.instagram.com/thedogist/reel/DVeE8GgkVNI/,https://www.instagram.com/reel/DVeE8GgkVNI/,2026-06-19T22:17:20.011Z,8,69
119,DVcE0ogkf6z,reel,https://www.instagram.com/thedogist/reel/DVcE0ogkf6z/,https://www.instagram.com/reel/DVcE0ogkf6z/,2026-06-19T22:17:20.012Z,8,70
120,DVZfWl6EWju,reel,https://www.instagram.com/thedogist/reel/DVZfWl6EWju/,https://www.instagram.com/reel/DVZfWl6EWju/,2026-06-19T22:17:20.012Z,8,71
121,DVUlcT4keYo,p,https://www.instagram.com/thedogist/p/DVUlcT4keYo/,https://www.instagram.com/p/DVUlcT4keYo/,2026-06-19T22:17:21.624Z,9,62
122,DVR62dxETWm,p,https://www.instagram.com/thedogist/p/DVR62dxETWm/,https://www.instagram.com/p/DVR62dxETWm/,2026-06-19T22:17:21.624Z,9,63
123,DVRhJAxkbvo,reel,https://www.instagram.com/thedogist/reel/DVRhJAxkbvo/,https://www.instagram.com/reel/DVRhJAxkbvo/,2026-06-19T22:17:21.625Z,9,64
124,DVOqoEwEc-P,reel,https://www.instagram.com/thedogist/reel/DVOqoEwEc-P/,https://www.instagram.com/reel/DVOqoEwEc-P/,2026-06-19T22:17:21.625Z,9,65
125,DVMsTMvkWKf,reel,https://www.instagram.com/thedogist/reel/DVMsTMvkWKf/,https://www.instagram.com/reel/DVMsTMvkWKf/,2026-06-19T22:17:21.625Z,9,66
126,DVKcWxMEeL-,p,https://www.instagram.com/thedogist/p/DVKcWxMEeL-/,https://www.instagram.com/p/DVKcWxMEeL-/,2026-06-19T22:17:21.626Z,9,67
127,DVHPCEbkdDQ,reel,https://www.instagram.com/thedogist/reel/DVHPCEbkdDQ/,https://www.instagram.com/reel/DVHPCEbkdDQ/,2026-06-19T22:17:21.626Z,9,68
128,DVByn5agM44,reel,https://www.instagram.com/thedogist/reel/DVByn5agM44/,https://www.instagram.com/reel/DVByn5agM44/,2026-06-19T22:17:21.626Z,9,69
129,DU8jwpfETRF,reel,https://www.instagram.com/thedogist/reel/DU8jwpfETRF/,https://www.instagram.com/reel/DU8jwpfETRF/,2026-06-19T22:17:21.627Z,9,70
130,DU38g69EQoe,reel,https://www.instagram.com/thedogist/reel/DU38g69EQoe/,https://www.instagram.com/reel/DU38g69EQoe/,2026-06-19T22:17:21.627Z,9,71
131,DU1l9H1kQUn,reel,https://www.instagram.com/thedogist/reel/DU1l9H1kQUn/,https://www.instagram.com/reel/DU1l9H1kQUn/,2026-06-19T22:17:21.627Z,9,72
132,DUy-YeXkSj-,p,https://www.instagram.com/thedogist/p/DUy-YeXkSj-/,https://www.instagram.com/p/DUy-YeXkSj-/,2026-06-19T22:17:21.627Z,9,73
133,DUveH_zjO65,reel,https://www.instagram.com/thedogist/reel/DUveH_zjO65/,https://www.instagram.com/reel/DUveH_zjO65/,2026-06-19T22:17:23.236Z,10,59
134,DUt3iaKkYKX,p,https://www.instagram.com/thedogist/p/DUt3iaKkYKX/,https://www.instagram.com/p/DUt3iaKkYKX/,2026-06-19T22:17:23.237Z,10,60
135,DUowAQAEcw1,reel,https://www.instagram.com/thedogist/reel/DUowAQAEcw1/,https://www.instagram.com/reel/DUowAQAEcw1/,2026-06-19T22:17:23.237Z,10,61
136,DUmCmxkkXBV,reel,https://www.instagram.com/thedogist/reel/DUmCmxkkXBV/,https://www.instagram.com/reel/DUmCmxkkXBV/,2026-06-19T22:17:23.237Z,10,62
137,DUjyiWGkThn,reel,https://www.instagram.com/thedogist/reel/DUjyiWGkThn/,https://www.instagram.com/reel/DUjyiWGkThn/,2026-06-19T22:17:23.237Z,10,63
138,DUjN01BkSt-,p,https://www.instagram.com/thedogist/p/DUjN01BkSt-/,https://www.instagram.com/p/DUjN01BkSt-/,2026-06-19T22:17:23.237Z,10,64
139,DUeUAeoEc17,p,https://www.instagram.com/thedogist/p/DUeUAeoEc17/,https://www.instagram.com/p/DUeUAeoEc17/,2026-06-19T22:17:23.238Z,10,65
140,DUYKdNukb34,reel,https://www.instagram.com/thedogist/reel/DUYKdNukb34/,https://www.instagram.com/reel/DUYKdNukb34/,2026-06-19T22:17:23.238Z,10,66
141,DUUvbVpDVqG,p,https://www.instagram.com/thedogist/p/DUUvbVpDVqG/,https://www.instagram.com/p/DUUvbVpDVqG/,2026-06-19T22:17:23.238Z,10,67
142,DUTq0lhEaz5,p,https://www.instagram.com/thedogist/p/DUTq0lhEaz5/,https://www.instagram.com/p/DUTq0lhEaz5/,2026-06-19T22:17:23.238Z,10,68
143,DUTKI1WEXdJ,reel,https://www.instagram.com/thedogist/reel/DUTKI1WEXdJ/,https://www.instagram.com/reel/DUTKI1WEXdJ/,2026-06-19T22:17:23.238Z,10,69
144,DURm8CdkZwJ,reel,https://www.instagram.com/thedogist/reel/DURm8CdkZwJ/,https://www.instagram.com/reel/DURm8CdkZwJ/,2026-06-19T22:17:23.239Z,10,70
145,DUPAaofEbgy,p,https://www.instagram.com/thedogist/p/DUPAaofEbgy/,https://www.instagram.com/p/DUPAaofEbgy/,2026-06-19T22:17:24.846Z,11,61
146,DUMIyIjEWUX,reel,https://www.instagram.com/thedogist/reel/DUMIyIjEWUX/,https://www.instagram.com/reel/DUMIyIjEWUX/,2026-06-19T22:17:24.847Z,11,62
147,DULbrcVkYk2,reel,https://www.instagram.com/thedogist/reel/DULbrcVkYk2/,https://www.instagram.com/reel/DULbrcVkYk2/,2026-06-19T22:17:24.847Z,11,63
148,DUJlxqEkciR,reel,https://www.instagram.com/thedogist/reel/DUJlxqEkciR/,https://www.instagram.com/reel/DUJlxqEkciR/,2026-06-19T22:17:24.848Z,11,64
149,DUHUa-EkRzB,reel,https://www.instagram.com/thedogist/reel/DUHUa-EkRzB/,https://www.instagram.com/reel/DUHUa-EkRzB/,2026-06-19T22:17:24.848Z,11,65
150,DUGIvxzkRlk,p,https://www.instagram.com/thedogist/p/DUGIvxzkRlk/,https://www.instagram.com/p/DUGIvxzkRlk/,2026-06-19T22:17:24.848Z,11,66
151,DUD9zUPkaRw,reel,https://www.instagram.com/thedogist/reel/DUD9zUPkaRw/,https://www.instagram.com/reel/DUD9zUPkaRw/,2026-06-19T22:17:24.848Z,11,67
152,DUBAQIgkcoq,reel,https://www.instagram.com/thedogist/reel/DUBAQIgkcoq/,https://www.instagram.com/reel/DUBAQIgkcoq/,2026-06-19T22:17:24.848Z,11,68
153,DT_ZlgsEcZw,p,https://www.instagram.com/thedogist/p/DT_ZlgsEcZw/,https://www.instagram.com/p/DT_ZlgsEcZw/,2026-06-19T22:17:24.848Z,11,69
154,DT8WWBPEZSs,reel,https://www.instagram.com/thedogist/reel/DT8WWBPEZSs/,https://www.instagram.com/reel/DT8WWBPEZSs/,2026-06-19T22:17:24.848Z,11,70
155,DT6fNUCEXI1,reel,https://www.instagram.com/thedogist/reel/DT6fNUCEXI1/,https://www.instagram.com/reel/DT6fNUCEXI1/,2026-06-19T22:17:24.849Z,11,71
156,DT6UmlbEZww,p,https://www.instagram.com/thedogist/p/DT6UmlbEZww/,https://www.instagram.com/p/DT6UmlbEZww/,2026-06-19T22:17:24.849Z,11,72
157,DT262Q6kaok,reel,https://www.instagram.com/thedogist/reel/DT262Q6kaok/,https://www.instagram.com/reel/DT262Q6kaok/,2026-06-19T22:17:26.456Z,12,58
158,DT1RwUrESVf,reel,https://www.instagram.com/thedogist/reel/DT1RwUrESVf/,https://www.instagram.com/reel/DT1RwUrESVf/,2026-06-19T22:17:26.457Z,12,59
159,DTwDROzkfE2,reel,https://www.instagram.com/thedogist/reel/DTwDROzkfE2/,https://www.instagram.com/reel/DTwDROzkfE2/,2026-06-19T22:17:26.458Z,12,60
160,DTqcUAdkR4K,p,https://www.instagram.com/thedogist/p/DTqcUAdkR4K/,https://www.instagram.com/p/DTqcUAdkR4K/,2026-06-19T22:17:26.459Z,12,61
161,DToI7dvEWQq,p,https://www.instagram.com/thedogist/p/DToI7dvEWQq/,https://www.instagram.com/p/DToI7dvEWQq/,2026-06-19T22:17:26.459Z,12,62
162,DTlJZLnkYvq,reel,https://www.instagram.com/thedogist/reel/DTlJZLnkYvq/,https://www.instagram.com/reel/DTlJZLnkYvq/,2026-06-19T22:17:26.460Z,12,63
163,DTitvqFEdhb,p,https://www.instagram.com/thedogist/p/DTitvqFEdhb/,https://www.instagram.com/p/DTitvqFEdhb/,2026-06-19T22:17:26.461Z,12,64
164,DTiUEM1kWLC,reel,https://www.instagram.com/thedogist/reel/DTiUEM1kWLC/,https://www.instagram.com/reel/DTiUEM1kWLC/,2026-06-19T22:17:26.462Z,12,65
165,DTf1IJPEcEp,reel,https://www.instagram.com/thedogist/reel/DTf1IJPEcEp/,https://www.instagram.com/reel/DTf1IJPEcEp/,2026-06-19T22:17:26.462Z,12,66
166,DTa3vIJkaVi,p,https://www.instagram.com/thedogist/p/DTa3vIJkaVi/,https://www.instagram.com/p/DTa3vIJkaVi/,2026-06-19T22:17:26.463Z,12,67
167,DTYFOcyEQTk,reel,https://www.instagram.com/thedogist/reel/DTYFOcyEQTk/,https://www.instagram.com/reel/DTYFOcyEQTk/,2026-06-19T22:17:26.463Z,12,68
168,DTV1i8-kRs_,reel,https://www.instagram.com/thedogist/reel/DTV1i8-kRs_/,https://www.instagram.com/reel/DTV1i8-kRs_/,2026-06-19T22:17:26.464Z,12,69
169,DTSknobka-0,p,https://www.instagram.com/thedogist/p/DTSknobka-0/,https://www.instagram.com/p/DTSknobka-0/,2026-06-19T22:17:28.084Z,13,60
170,DTRBduZEV6q,reel,https://www.instagram.com/thedogist/reel/DTRBduZEV6q/,https://www.instagram.com/reel/DTRBduZEV6q/,2026-06-19T22:17:28.085Z,13,61
171,DTOpuOGkYp-,reel,https://www.instagram.com/thedogist/reel/DTOpuOGkYp-/,https://www.instagram.com/reel/DTOpuOGkYp-/,2026-06-19T22:17:28.086Z,13,62
172,DTGVuquj4os,reel,https://www.instagram.com/thedogist/reel/DTGVuquj4os/,https://www.instagram.com/reel/DTGVuquj4os/,2026-06-19T22:17:28.086Z,13,63
173,DTEPGesERKa,reel,https://www.instagram.com/thedogist/reel/DTEPGesERKa/,https://www.instagram.com/reel/DTEPGesERKa/,2026-06-19T22:17:28.087Z,13,64
174,DTBhNIMEUoB,p,https://www.instagram.com/thedogist/p/DTBhNIMEUoB/,https://www.instagram.com/p/DTBhNIMEUoB/,2026-06-19T22:17:28.087Z,13,65
175,DS7p32hEcvt,reel,https://www.instagram.com/thedogist/reel/DS7p32hEcvt/,https://www.instagram.com/reel/DS7p32hEcvt/,2026-06-19T22:17:28.088Z,13,66
176,DS46gCZEVua,reel,https://www.instagram.com/thedogist/reel/DS46gCZEVua/,https://www.instagram.com/reel/DS46gCZEVua/,2026-06-19T22:17:28.088Z,13,67
177,DS0KvPjEaJS,p,https://www.instagram.com/thedogist/p/DS0KvPjEaJS/,https://www.instagram.com/p/DS0KvPjEaJS/,2026-06-19T22:17:28.089Z,13,68
178,DSx_k3zEdKP,reel,https://www.instagram.com/thedogist/reel/DSx_k3zEdKP/,https://www.instagram.com/reel/DSx_k3zEdKP/,2026-06-19T22:17:28.089Z,13,69
179,DSu1o6AEfeq,reel,https://www.instagram.com/thedogist/reel/DSu1o6AEfeq/,https://www.instagram.com/reel/DSu1o6AEfeq/,2026-06-19T22:17:28.090Z,13,70
180,DSsvYJcEcdL,reel,https://www.instagram.com/thedogist/reel/DSsvYJcEcdL/,https://www.instagram.com/reel/DSsvYJcEcdL/,2026-06-19T22:17:28.090Z,13,71
181,DSsGJl9kb6R,reel,https://www.instagram.com/thedogist/reel/DSsGJl9kb6R/,https://www.instagram.com/reel/DSsGJl9kb6R/,2026-06-19T22:17:29.704Z,14,62
182,DSp860vEV59,reel,https://www.instagram.com/thedogist/reel/DSp860vEV59/,https://www.instagram.com/reel/DSp860vEV59/,2026-06-19T22:17:29.706Z,14,63
183,DSm6maGEfgd,p,https://www.instagram.com/thedogist/p/DSm6maGEfgd/,https://www.instagram.com/p/DSm6maGEfgd/,2026-06-19T22:17:29.707Z,14,64
184,DSlIb6Lkdd9,reel,https://www.instagram.com/thedogist/reel/DSlIb6Lkdd9/,https://www.instagram.com/reel/DSlIb6Lkdd9/,2026-06-19T22:17:29.707Z,14,65
185,DSiePczERTP,reel,https://www.instagram.com/thedogist/reel/DSiePczERTP/,https://www.instagram.com/reel/DSiePczERTP/,2026-06-19T22:17:29.708Z,14,66
186,DSfktSdkeL4,p,https://www.instagram.com/thedogist/p/DSfktSdkeL4/,https://www.instagram.com/p/DSfktSdkeL4/,2026-06-19T22:17:29.708Z,14,67
187,DSdonnpEXOI,p,https://www.instagram.com/thedogist/p/DSdonnpEXOI/,https://www.instagram.com/p/DSdonnpEXOI/,2026-06-19T22:17:29.709Z,14,68
188,DScvUwVEXYc,reel,https://www.instagram.com/thedogist/reel/DScvUwVEXYc/,https://www.instagram.com/reel/DScvUwVEXYc/,2026-06-19T22:17:29.709Z,14,69
189,DSaK_Z-ESVC,reel,https://www.instagram.com/thedogist/reel/DSaK_Z-ESVC/,https://www.instagram.com/reel/DSaK_Z-ESVC/,2026-06-19T22:17:29.710Z,14,70
190,DSX0YmtEZmM,reel,https://www.instagram.com/thedogist/reel/DSX0YmtEZmM/,https://www.instagram.com/reel/DSX0YmtEZmM/,2026-06-19T22:17:29.710Z,14,71
191,DSVel8OkUUh,reel,https://www.instagram.com/thedogist/reel/DSVel8OkUUh/,https://www.instagram.com/reel/DSVel8OkUUh/,2026-06-19T22:17:29.711Z,14,72
192,DSS5mWzEU9k,p,https://www.instagram.com/thedogist/p/DSS5mWzEU9k/,https://www.instagram.com/p/DSS5mWzEU9k/,2026-06-19T22:17:29.711Z,14,73
193,DSQeCzBkdxd,p,https://www.instagram.com/thedogist/p/DSQeCzBkdxd/,https://www.instagram.com/p/DSQeCzBkdxd/,2026-06-19T22:17:31.326Z,15,59
194,DSNzr9EESMo,reel,https://www.instagram.com/thedogist/reel/DSNzr9EESMo/,https://www.instagram.com/reel/DSNzr9EESMo/,2026-06-19T22:17:31.327Z,15,60
195,DSLF83Zkafe,reel,https://www.instagram.com/thedogist/reel/DSLF83Zkafe/,https://www.instagram.com/reel/DSLF83Zkafe/,2026-06-19T22:17:31.327Z,15,61
196,DSJCgs8kXh0,reel,https://www.instagram.com/thedogist/reel/DSJCgs8kXh0/,https://www.instagram.com/reel/DSJCgs8kXh0/,2026-06-19T22:17:31.328Z,15,62
197,DSFyz8-kUzv,reel,https://www.instagram.com/thedogist/reel/DSFyz8-kUzv/,https://www.instagram.com/reel/DSFyz8-kUzv/,2026-06-19T22:17:31.328Z,15,63
198,DSDe6u8kS6O,p,https://www.instagram.com/thedogist/p/DSDe6u8kS6O/,https://www.instagram.com/p/DSDe6u8kS6O/,2026-06-19T22:17:31.328Z,15,64
199,DR-aHhzkXgF,reel,https://www.instagram.com/thedogist/reel/DR-aHhzkXgF/,https://www.instagram.com/reel/DR-aHhzkXgF/,2026-06-19T22:17:31.329Z,15,65
200,DR72mfKEedE,reel,https://www.instagram.com/thedogist/reel/DR72mfKEedE/,https://www.instagram.com/reel/DR72mfKEedE/,2026-06-19T22:17:31.329Z,15,66
201,DR7aTBTkebB,reel,https://www.instagram.com/empirestatebldg/reel/DR7aTBTkebB/,https://www.instagram.com/reel/DR7aTBTkebB/,2026-06-19T22:17:31.329Z,15,67
202,DR5O3P_jycm,p,https://www.instagram.com/thedogist/p/DR5O3P_jycm/,https://www.instagram.com/p/DR5O3P_jycm/,2026-06-19T22:17:31.330Z,15,68
203,DR4mTwyESDm,reel,https://www.instagram.com/thedogist/reel/DR4mTwyESDm/,https://www.instagram.com/reel/DR4mTwyESDm/,2026-06-19T22:17:31.330Z,15,69
204,DR2VEONkdPT,reel,https://www.instagram.com/thedogist/reel/DR2VEONkdPT/,https://www.instagram.com/reel/DR2VEONkdPT/,2026-06-19T22:17:31.331Z,15,70
205,DRzx0o2Ed0i,reel,https://www.instagram.com/thedogist/reel/DRzx0o2Ed0i/,https://www.instagram.com/reel/DRzx0o2Ed0i/,2026-06-19T22:17:32.941Z,16,61
206,DRw-IF6EaT_,reel,https://www.instagram.com/thedogist/reel/DRw-IF6EaT_/,https://www.instagram.com/reel/DRw-IF6EaT_/,2026-06-19T22:17:32.942Z,16,62
207,DRqGWbcEVvW,p,https://www.instagram.com/thedogist/p/DRqGWbcEVvW/,https://www.instagram.com/p/DRqGWbcEVvW/,2026-06-19T22:17:32.942Z,16,63
208,DRnCa95EcVk,reel,https://www.instagram.com/thedogist/reel/DRnCa95EcVk/,https://www.instagram.com/reel/DRnCa95EcVk/,2026-06-19T22:17:32.942Z,16,64
209,DRk1drPEZWn,p,https://www.instagram.com/thedogist/p/DRk1drPEZWn/,https://www.instagram.com/p/DRk1drPEZWn/,2026-06-19T22:17:32.942Z,16,65
210,DRhwQ_TEZP_,reel,https://www.instagram.com/thedogist/reel/DRhwQ_TEZP_/,https://www.instagram.com/reel/DRhwQ_TEZP_/,2026-06-19T22:17:32.942Z,16,66
211,DRfHWUmEVx6,reel,https://www.instagram.com/thedogist/reel/DRfHWUmEVx6/,https://www.instagram.com/reel/DRfHWUmEVx6/,2026-06-19T22:17:32.943Z,16,67
212,DRcOFufETTf,reel,https://www.instagram.com/thedogist/reel/DRcOFufETTf/,https://www.instagram.com/reel/DRcOFufETTf/,2026-06-19T22:17:32.943Z,16,68
213,DRZrBchkaoj,reel,https://www.instagram.com/thedogist/reel/DRZrBchkaoj/,https://www.instagram.com/reel/DRZrBchkaoj/,2026-06-19T22:17:32.943Z,16,69
214,DRYAGz0ERpH,reel,https://www.instagram.com/thedogist/reel/DRYAGz0ERpH/,https://www.instagram.com/reel/DRYAGz0ERpH/,2026-06-19T22:17:32.943Z,16,70
215,DRXGMXFEQex,reel,https://www.instagram.com/thedogist/reel/DRXGMXFEQex/,https://www.instagram.com/reel/DRXGMXFEQex/,2026-06-19T22:17:32.943Z,16,71
216,DRVV6FrEc03,p,https://www.instagram.com/thedogist/p/DRVV6FrEc03/,https://www.instagram.com/p/DRVV6FrEc03/,2026-06-19T22:17:32.943Z,16,72
217,DRSxJXVEdom,reel,https://www.instagram.com/thedogist/reel/DRSxJXVEdom/,https://www.instagram.com/reel/DRSxJXVEdom/,2026-06-19T22:17:34.553Z,17,58
218,DRSS7Vsj5Yl,p,https://www.instagram.com/ballantinebooks/p/DRSS7Vsj5Yl/,https://www.instagram.com/p/DRSS7Vsj5Yl/,2026-06-19T22:17:34.554Z,17,59
219,DRR65IkkYw0,reel,https://www.instagram.com/thedogist/reel/DRR65IkkYw0/,https://www.instagram.com/reel/DRR65IkkYw0/,2026-06-19T22:17:34.555Z,17,60
220,DRPu6dJkRMt,reel,https://www.instagram.com/thedogist/reel/DRPu6dJkRMt/,https://www.instagram.com/reel/DRPu6dJkRMt/,2026-06-19T22:17:34.555Z,17,61
221,DRN8ZXTEe2B,reel,https://www.instagram.com/thedogist/reel/DRN8ZXTEe2B/,https://www.instagram.com/reel/DRN8ZXTEe2B/,2026-06-19T22:17:34.556Z,17,62
222,DRLXw4cEcbt,reel,https://www.instagram.com/thedogist/reel/DRLXw4cEcbt/,https://www.instagram.com/reel/DRLXw4cEcbt/,2026-06-19T22:17:34.557Z,17,63
223,DRIxw4JEcVg,reel,https://www.instagram.com/thedogist/reel/DRIxw4JEcVg/,https://www.instagram.com/reel/DRIxw4JEcVg/,2026-06-19T22:17:34.557Z,17,64
224,DRDaiAWEQW6,reel,https://www.instagram.com/thedogist/reel/DRDaiAWEQW6/,https://www.instagram.com/reel/DRDaiAWEQW6/,2026-06-19T22:17:34.558Z,17,65
225,DRA3Ip-EbrP,p,https://www.instagram.com/thedogist/p/DRA3Ip-EbrP/,https://www.instagram.com/p/DRA3Ip-EbrP/,2026-06-19T22:17:34.558Z,17,66
226,DQ9slrTkS5V,reel,https://www.instagram.com/thedogist/reel/DQ9slrTkS5V/,https://www.instagram.com/reel/DQ9slrTkS5V/,2026-06-19T22:17:34.559Z,17,67
227,DQ71c8OERz8,reel,https://www.instagram.com/thedogist/reel/DQ71c8OERz8/,https://www.instagram.com/reel/DQ71c8OERz8/,2026-06-19T22:17:34.559Z,17,68
228,DQ1pMhSEWbl,reel,https://www.instagram.com/thedogist/reel/DQ1pMhSEWbl/,https://www.instagram.com/reel/DQ1pMhSEWbl/,2026-06-19T22:17:34.560Z,17,69
229,DQzLz-LEZ9L,reel,https://www.instagram.com/thedogist/reel/DQzLz-LEZ9L/,https://www.instagram.com/reel/DQzLz-LEZ9L/,2026-06-19T22:17:39.417Z,20,60
230,DQwZJGKDcvk,reel,https://www.instagram.com/thedogist/reel/DQwZJGKDcvk/,https://www.instagram.com/reel/DQwZJGKDcvk/,2026-06-19T22:17:39.418Z,20,61
231,DQrq9DwkctG,reel,https://www.instagram.com/thedogist/reel/DQrq9DwkctG/,https://www.instagram.com/reel/DQrq9DwkctG/,2026-06-19T22:17:39.419Z,20,62
232,DQpWw3xkQmi,p,https://www.instagram.com/thedogist/p/DQpWw3xkQmi/,https://www.instagram.com/p/DQpWw3xkQmi/,2026-06-19T22:17:39.420Z,20,63
233,DQm2gBzkXxA,reel,https://www.instagram.com/thedogist/reel/DQm2gBzkXxA/,https://www.instagram.com/reel/DQm2gBzkXxA/,2026-06-19T22:17:39.421Z,20,64
234,DQjp7YdkQrq,p,https://www.instagram.com/thedogist/p/DQjp7YdkQrq/,https://www.instagram.com/p/DQjp7YdkQrq/,2026-06-19T22:17:39.421Z,20,65
235,DQhvQnAkWTB,reel,https://www.instagram.com/thedogist/reel/DQhvQnAkWTB/,https://www.instagram.com/reel/DQhvQnAkWTB/,2026-06-19T22:17:39.422Z,20,66
236,DQesUHfERO9,reel,https://www.instagram.com/thedogist/reel/DQesUHfERO9/,https://www.instagram.com/reel/DQesUHfERO9/,2026-06-19T22:17:39.423Z,20,67
237,DQc-u9QEUr6,p,https://www.instagram.com/thedogist/p/DQc-u9QEUr6/,https://www.instagram.com/p/DQc-u9QEUr6/,2026-06-19T22:17:39.423Z,20,68
238,DQcQTgaiCyj,reel,https://www.instagram.com/susieabromeit/reel/DQcQTgaiCyj/,https://www.instagram.com/reel/DQcQTgaiCyj/,2026-06-19T22:17:39.424Z,20,69
239,DQcNaOUEWed,reel,https://www.instagram.com/thedogist/reel/DQcNaOUEWed/,https://www.instagram.com/reel/DQcNaOUEWed/,2026-06-19T22:17:39.424Z,20,70
240,DQaaJ-OEYRA,p,https://www.instagram.com/thedogist/p/DQaaJ-OEYRA/,https://www.instagram.com/p/DQaaJ-OEYRA/,2026-06-19T22:17:39.425Z,20,71
241,DQZjMytES4g,reel,https://www.instagram.com/thedogist/reel/DQZjMytES4g/,https://www.instagram.com/reel/DQZjMytES4g/,2026-06-19T22:17:44.285Z,23,62
242,DQX0219ES_9,reel,https://www.instagram.com/thedogist/reel/DQX0219ES_9/,https://www.instagram.com/reel/DQX0219ES_9/,2026-06-19T22:17:44.286Z,23,63
243,DQUzDMikdxQ,reel,https://www.instagram.com/thedogist/reel/DQUzDMikdxQ/,https://www.instagram.com/reel/DQUzDMikdxQ/,2026-06-19T22:17:44.287Z,23,64
244,DQR_3makRIQ,reel,https://www.instagram.com/thedogist/reel/DQR_3makRIQ/,https://www.instagram.com/reel/DQR_3makRIQ/,2026-06-19T22:17:44.287Z,23,65
245,DQPlTnoESNh,reel,https://www.instagram.com/thedogist/reel/DQPlTnoESNh/,https://www.instagram.com/reel/DQPlTnoESNh/,2026-06-19T22:17:44.288Z,23,66
246,DQNWvUWkTPU,p,https://www.instagram.com/thedogist/p/DQNWvUWkTPU/,https://www.instagram.com/p/DQNWvUWkTPU/,2026-06-19T22:17:44.288Z,23,67
247,DQMripRkbiS,reel,https://www.instagram.com/thedogist/reel/DQMripRkbiS/,https://www.instagram.com/reel/DQMripRkbiS/,2026-06-19T22:17:44.289Z,23,68
248,DQKrzYVkf3M,reel,https://www.instagram.com/thedogist/reel/DQKrzYVkf3M/,https://www.instagram.com/reel/DQKrzYVkf3M/,2026-06-19T22:17:44.289Z,23,69
249,DQKGs17EYxt,reel,https://www.instagram.com/thedogist/reel/DQKGs17EYxt/,https://www.instagram.com/reel/DQKGs17EYxt/,2026-06-19T22:17:44.290Z,23,70
250,DQIAYRtkYSl,reel,https://www.instagram.com/thedogist/reel/DQIAYRtkYSl/,https://www.instagram.com/reel/DQIAYRtkYSl/,2026-06-19T22:17:44.290Z,23,71
251,DQHs8PSD6e1,p,https://www.instagram.com/thedogist/p/DQHs8PSD6e1/,https://www.instagram.com/p/DQHs8PSD6e1/,2026-06-19T22:17:44.291Z,23,72
252,DQFMjvmEWSq,p,https://www.instagram.com/thedogist/p/DQFMjvmEWSq/,https://www.instagram.com/p/DQFMjvmEWSq/,2026-06-19T22:17:44.291Z,23,73
253,DQCz3TxkUgU,p,https://www.instagram.com/thedogist/p/DQCz3TxkUgU/,https://www.instagram.com/p/DQCz3TxkUgU/,2026-06-19T22:17:45.910Z,24,59
254,DP_rqaxEW78,reel,https://www.instagram.com/thedogist/reel/DP_rqaxEW78/,https://www.instagram.com/reel/DP_rqaxEW78/,2026-06-19T22:17:45.911Z,24,60
255,DP92PuEEaea,reel,https://www.instagram.com/thedogist/reel/DP92PuEEaea/,https://www.instagram.com/reel/DP92PuEEaea/,2026-06-19T22:17:45.912Z,24,61
256,DP9BjsDEV5M,reel,https://www.instagram.com/thedogist/reel/DP9BjsDEV5M/,https://www.instagram.com/reel/DP9BjsDEV5M/,2026-06-19T22:17:45.912Z,24,62
257,DP7NakjEVQD,reel,https://www.instagram.com/thedogist/reel/DP7NakjEVQD/,https://www.instagram.com/reel/DP7NakjEVQD/,2026-06-19T22:17:45.913Z,24,63
258,DP6ukCuEY9c,reel,https://www.instagram.com/thedogist/reel/DP6ukCuEY9c/,https://www.instagram.com/reel/DP6ukCuEY9c/,2026-06-19T22:17:45.913Z,24,64
259,DP4qS0ukUCn,reel,https://www.instagram.com/thedogist/reel/DP4qS0ukUCn/,https://www.instagram.com/reel/DP4qS0ukUCn/,2026-06-19T22:17:45.914Z,24,65
260,DPy1oIokcdz,p,https://www.instagram.com/thedogist/p/DPy1oIokcdz/,https://www.instagram.com/p/DPy1oIokcdz/,2026-06-19T22:17:45.914Z,24,66
261,DPw4IwbERaA,p,https://www.instagram.com/thedogist/p/DPw4IwbERaA/,https://www.instagram.com/p/DPw4IwbERaA/,2026-06-19T22:17:45.915Z,24,67
262,DPrqrQMkQq4,reel,https://www.instagram.com/thedogist/reel/DPrqrQMkQq4/,https://www.instagram.com/reel/DPrqrQMkQq4/,2026-06-19T22:17:45.915Z,24,68
263,DPpSZf0EZ6W,reel,https://www.instagram.com/thedogist/reel/DPpSZf0EZ6W/,https://www.instagram.com/reel/DPpSZf0EZ6W/,2026-06-19T22:17:45.916Z,24,69
264,DPmtu5KEZ4y,p,https://www.instagram.com/thedogist/p/DPmtu5KEZ4y/,https://www.instagram.com/p/DPmtu5KEZ4y/,2026-06-19T22:17:45.916Z,24,70
265,DPjjLuNEZ2B,p,https://www.instagram.com/thedogist/p/DPjjLuNEZ2B/,https://www.instagram.com/p/DPjjLuNEZ2B/,2026-06-19T22:17:47.535Z,25,61
266,DPhfThlkWw9,reel,https://www.instagram.com/thedogist/reel/DPhfThlkWw9/,https://www.instagram.com/reel/DPhfThlkWw9/,2026-06-19T22:17:47.537Z,25,62
267,DPeuIlkkQME,p,https://www.instagram.com/thedogist/p/DPeuIlkkQME/,https://www.instagram.com/p/DPeuIlkkQME/,2026-06-19T22:17:47.538Z,25,63
268,DPbgCLpkV78,reel,https://www.instagram.com/thedogist/reel/DPbgCLpkV78/,https://www.instagram.com/reel/DPbgCLpkV78/,2026-06-19T22:17:47.538Z,25,64
269,DPXI3YskR7t,reel,https://www.instagram.com/thedogist/reel/DPXI3YskR7t/,https://www.instagram.com/reel/DPXI3YskR7t/,2026-06-19T22:17:47.539Z,25,65
270,DPUitY1kWjO,reel,https://www.instagram.com/thedogist/reel/DPUitY1kWjO/,https://www.instagram.com/reel/DPUitY1kWjO/,2026-06-19T22:17:47.539Z,25,66
271,DPR55gFkXmL,p,https://www.instagram.com/thedogist/p/DPR55gFkXmL/,https://www.instagram.com/p/DPR55gFkXmL/,2026-06-19T22:17:47.540Z,25,67
272,DPPk2bKkTMX,reel,https://www.instagram.com/thedogist/reel/DPPk2bKkTMX/,https://www.instagram.com/reel/DPPk2bKkTMX/,2026-06-19T22:17:47.540Z,25,68
273,DPMotkkEay5,p,https://www.instagram.com/thedogist/p/DPMotkkEay5/,https://www.instagram.com/p/DPMotkkEay5/,2026-06-19T22:17:47.541Z,25,69
274,DPJtlRckQd9,p,https://www.instagram.com/thedogist/p/DPJtlRckQd9/,https://www.instagram.com/p/DPJtlRckQd9/,2026-06-19T22:17:47.541Z,25,70
275,DPHQ5n7ESrc,reel,https://www.instagram.com/thedogist/reel/DPHQ5n7ESrc/,https://www.instagram.com/reel/DPHQ5n7ESrc/,2026-06-19T22:17:47.542Z,25,71
276,DPFG5AWEV3N,reel,https://www.instagram.com/thedogist/reel/DPFG5AWEV3N/,https://www.instagram.com/reel/DPFG5AWEV3N/,2026-06-19T22:17:47.542Z,25,72
277,DPCeYl6EZnO,reel,https://www.instagram.com/thedogist/reel/DPCeYl6EZnO/,https://www.instagram.com/reel/DPCeYl6EZnO/,2026-06-19T22:17:49.159Z,26,58
278,DO_1XlAEQOy,reel,https://www.instagram.com/thedogist/reel/DO_1XlAEQOy/,https://www.instagram.com/reel/DO_1XlAEQOy/,2026-06-19T22:17:49.159Z,26,59
279,DO9OnVfkYN-,reel,https://www.instagram.com/thedogist/reel/DO9OnVfkYN-/,https://www.instagram.com/reel/DO9OnVfkYN-/,2026-06-19T22:17:49.159Z,26,60
280,DO6_EFWEbHS,reel,https://www.instagram.com/thedogist/reel/DO6_EFWEbHS/,https://www.instagram.com/reel/DO6_EFWEbHS/,2026-06-19T22:17:49.160Z,26,61
281,DO1lVG3EWSa,reel,https://www.instagram.com/thedogist/reel/DO1lVG3EWSa/,https://www.instagram.com/reel/DO1lVG3EWSa/,2026-06-19T22:17:49.160Z,26,62
282,DOzZkjMEcX0,reel,https://www.instagram.com/thedogist/reel/DOzZkjMEcX0/,https://www.instagram.com/reel/DOzZkjMEcX0/,2026-06-19T22:17:49.160Z,26,63
283,DOwXHRWkV2_,reel,https://www.instagram.com/thedogist/reel/DOwXHRWkV2_/,https://www.instagram.com/reel/DOwXHRWkV2_/,2026-06-19T22:17:49.160Z,26,64
284,DOtRt1skXJ5,reel,https://www.instagram.com/thedogist/reel/DOtRt1skXJ5/,https://www.instagram.com/reel/DOtRt1skXJ5/,2026-06-19T22:17:49.160Z,26,65
285,DOrf76ekXEy,reel,https://www.instagram.com/thedogist/reel/DOrf76ekXEy/,https://www.instagram.com/reel/DOrf76ekXEy/,2026-06-19T22:17:49.160Z,26,66
286,DOpFHoLETQj,reel,https://www.instagram.com/thedogist/reel/DOpFHoLETQj/,https://www.instagram.com/reel/DOpFHoLETQj/,2026-06-19T22:17:49.161Z,26,67
287,DOl_SCTEZqP,reel,https://www.instagram.com/thedogist/reel/DOl_SCTEZqP/,https://www.instagram.com/reel/DOl_SCTEZqP/,2026-06-19T22:17:49.161Z,26,68
288,DOjapJPEXI2,reel,https://www.instagram.com/thedogist/reel/DOjapJPEXI2/,https://www.instagram.com/reel/DOjapJPEXI2/,2026-06-19T22:17:49.161Z,26,69
289,DOhHHsKEV77,reel,https://www.instagram.com/thedogist/reel/DOhHHsKEV77/,https://www.instagram.com/reel/DOhHHsKEV77/,2026-06-19T22:17:50.771Z,27,60
290,DOekHujEaVd,reel,https://www.instagram.com/thedogist/reel/DOekHujEaVd/,https://www.instagram.com/reel/DOekHujEaVd/,2026-06-19T22:17:50.773Z,27,61
291,DOZKm9AkQty,reel,https://www.instagram.com/thedogist/reel/DOZKm9AkQty/,https://www.instagram.com/reel/DOZKm9AkQty/,2026-06-19T22:17:50.773Z,27,62
292,DOWnZNTkbfg,reel,https://www.instagram.com/thedogist/reel/DOWnZNTkbfg/,https://www.instagram.com/reel/DOWnZNTkbfg/,2026-06-19T22:17:50.774Z,27,63
293,DOTy5AtkYED,reel,https://www.instagram.com/thedogist/reel/DOTy5AtkYED/,https://www.instagram.com/reel/DOTy5AtkYED/,2026-06-19T22:17:50.775Z,27,64
294,DOPUvMyEbVy,reel,https://www.instagram.com/thedogist/reel/DOPUvMyEbVy/,https://www.instagram.com/reel/DOPUvMyEbVy/,2026-06-19T22:17:50.776Z,27,65
295,DOMLniDkSrs,p,https://www.instagram.com/thedogist/p/DOMLniDkSrs/,https://www.instagram.com/p/DOMLniDkSrs/,2026-06-19T22:17:50.776Z,27,66
296,DOBvlRDkSP4,reel,https://www.instagram.com/thedogist/reel/DOBvlRDkSP4/,https://www.instagram.com/reel/DOBvlRDkSP4/,2026-06-19T22:17:50.777Z,27,67
297,DN_OndAkQ5q,reel,https://www.instagram.com/thedogist/reel/DN_OndAkQ5q/,https://www.instagram.com/reel/DN_OndAkQ5q/,2026-06-19T22:17:50.777Z,27,68
298,DN8qC0Xkcyn,reel,https://www.instagram.com/thedogist/reel/DN8qC0Xkcyn/,https://www.instagram.com/reel/DN8qC0Xkcyn/,2026-06-19T22:17:50.778Z,27,69
299,DN6f07FEXEk,reel,https://www.instagram.com/thedogist/reel/DN6f07FEXEk/,https://www.instagram.com/reel/DN6f07FEXEk/,2026-06-19T22:17:50.778Z,27,70
300,DN32v9BEZyo,p,https://www.instagram.com/thedogist/p/DN32v9BEZyo/,https://www.instagram.com/p/DN32v9BEZyo/,2026-06-19T22:17:50.779Z,27,71
301,DN1LnFV4su-,reel,https://www.instagram.com/thedogist/reel/DN1LnFV4su-/,https://www.instagram.com/reel/DN1LnFV4su-/,2026-06-19T22:17:52.396Z,28,62
302,DNywKiq4pks,reel,https://www.instagram.com/thedogist/reel/DNywKiq4pks/,https://www.instagram.com/reel/DNywKiq4pks/,2026-06-19T22:17:52.397Z,28,63
303,DNs8Kn84lCC,reel,https://www.instagram.com/thedogist/reel/DNs8Kn84lCC/,https://www.instagram.com/reel/DNs8Kn84lCC/,2026-06-19T22:17:52.397Z,28,64
304,DNrCd3zYhPo,reel,https://www.instagram.com/thedogist/reel/DNrCd3zYhPo/,https://www.instagram.com/reel/DNrCd3zYhPo/,2026-06-19T22:17:52.398Z,28,65
305,DNou0n4x9DO,reel,https://www.instagram.com/thedogist/reel/DNou0n4x9DO/,https://www.instagram.com/reel/DNou0n4x9DO/,2026-06-19T22:17:52.398Z,28,66
306,DNoLO2pxfCU,reel,https://www.instagram.com/thedogist/reel/DNoLO2pxfCU/,https://www.instagram.com/reel/DNoLO2pxfCU/,2026-06-19T22:17:52.398Z,28,67
307,DNmCr7mRajv,reel,https://www.instagram.com/thedogist/reel/DNmCr7mRajv/,https://www.instagram.com/reel/DNmCr7mRajv/,2026-06-19T22:17:52.399Z,28,68
308,DNjQA1sxGvd,reel,https://www.instagram.com/thedogist/reel/DNjQA1sxGvd/,https://www.instagram.com/reel/DNjQA1sxGvd/,2026-06-19T22:17:52.399Z,28,69
309,DNgEDL-RHc6,reel,https://www.instagram.com/thedogist/reel/DNgEDL-RHc6/,https://www.instagram.com/reel/DNgEDL-RHc6/,2026-06-19T22:17:52.399Z,28,70
310,DNeVpGVxWGV,reel,https://www.instagram.com/thedogist/reel/DNeVpGVxWGV/,https://www.instagram.com/reel/DNeVpGVxWGV/,2026-06-19T22:17:52.400Z,28,71
311,DNdqB39Rph3,reel,https://www.instagram.com/thedogist/reel/DNdqB39Rph3/,https://www.instagram.com/reel/DNdqB39Rph3/,2026-06-19T22:17:52.400Z,28,72
312,DNbdtOXxjqi,reel,https://www.instagram.com/thedogist/reel/DNbdtOXxjqi/,https://www.instagram.com/reel/DNbdtOXxjqi/,2026-06-19T22:17:52.401Z,28,73
313,DNY2MaZxUNQ,reel,https://www.instagram.com/thedogist/reel/DNY2MaZxUNQ/,https://www.instagram.com/reel/DNY2MaZxUNQ/,2026-06-19T22:17:54.015Z,29,59
314,DNV6sneRHGz,reel,https://www.instagram.com/thedogist/reel/DNV6sneRHGz/,https://www.instagram.com/reel/DNV6sneRHGz/,2026-06-19T22:17:54.016Z,29,60
315,DNUFQhjRwcF,reel,https://www.instagram.com/thedogist/reel/DNUFQhjRwcF/,https://www.instagram.com/reel/DNUFQhjRwcF/,2026-06-19T22:17:54.016Z,29,61
316,DNRXG6jRTTP,reel,https://www.instagram.com/thedogist/reel/DNRXG6jRTTP/,https://www.instagram.com/reel/DNRXG6jRTTP/,2026-06-19T22:17:54.016Z,29,62
317,DNOh07JxOgl,reel,https://www.instagram.com/thedogist/reel/DNOh07JxOgl/,https://www.instagram.com/reel/DNOh07JxOgl/,2026-06-19T22:17:54.016Z,29,63
318,DNMcdvNRszT,reel,https://www.instagram.com/thedogist/reel/DNMcdvNRszT/,https://www.instagram.com/reel/DNMcdvNRszT/,2026-06-19T22:17:54.016Z,29,64
319,DNMATKnxNR3,reel,https://www.instagram.com/thedogist/reel/DNMATKnxNR3/,https://www.instagram.com/reel/DNMATKnxNR3/,2026-06-19T22:17:54.017Z,29,65
320,DNJmAjSxqgx,reel,https://www.instagram.com/thedogist/reel/DNJmAjSxqgx/,https://www.instagram.com/reel/DNJmAjSxqgx/,2026-06-19T22:17:54.017Z,29,66
321,DNIqYK5zNrC,p,https://www.instagram.com/troutbeck.ny/p/DNIqYK5zNrC/,https://www.instagram.com/p/DNIqYK5zNrC/,2026-06-19T22:17:54.017Z,29,67
322,DNG_RHaxxkY,reel,https://www.instagram.com/thedogist/reel/DNG_RHaxxkY/,https://www.instagram.com/reel/DNG_RHaxxkY/,2026-06-19T22:17:54.017Z,29,68
323,DNEX1gsx0Dk,reel,https://www.instagram.com/thedogist/reel/DNEX1gsx0Dk/,https://www.instagram.com/reel/DNEX1gsx0Dk/,2026-06-19T22:17:54.017Z,29,69
324,DM_QacaxNjc,reel,https://www.instagram.com/thedogist/reel/DM_QacaxNjc/,https://www.instagram.com/reel/DM_QacaxNjc/,2026-06-19T22:17:54.017Z,29,70
325,DM86qKAxOoh,reel,https://www.instagram.com/thedogist/reel/DM86qKAxOoh/,https://www.instagram.com/reel/DM86qKAxOoh/,2026-06-19T22:17:55.626Z,30,61
326,DM6J5JNxlaQ,p,https://www.instagram.com/thedogist/p/DM6J5JNxlaQ/,https://www.instagram.com/p/DM6J5JNxlaQ/,2026-06-19T22:17:55.627Z,30,62
327,DM3dPzDRfvV,reel,https://www.instagram.com/thedogist/reel/DM3dPzDRfvV/,https://www.instagram.com/reel/DM3dPzDRfvV/,2026-06-19T22:17:55.628Z,30,63
328,DM08LEJxSju,reel,https://www.instagram.com/thedogist/reel/DM08LEJxSju/,https://www.instagram.com/reel/DM08LEJxSju/,2026-06-19T22:17:55.628Z,30,64
329,DMyZ2M3xqF1,reel,https://www.instagram.com/thedogist/reel/DMyZ2M3xqF1/,https://www.instagram.com/reel/DMyZ2M3xqF1/,2026-06-19T22:17:55.628Z,30,65
330,DMvrs_0RCI0,reel,https://www.instagram.com/thedogist/reel/DMvrs_0RCI0/,https://www.instagram.com/reel/DMvrs_0RCI0/,2026-06-19T22:17:55.629Z,30,66
331,DMtkh4Jx0LT,reel,https://www.instagram.com/thedogist/reel/DMtkh4Jx0LT/,https://www.instagram.com/reel/DMtkh4Jx0LT/,2026-06-19T22:17:55.629Z,30,67
332,DMqro1ixqaS,reel,https://www.instagram.com/thedogist/reel/DMqro1ixqaS/,https://www.instagram.com/reel/DMqro1ixqaS/,2026-06-19T22:17:55.630Z,30,68
333,DMoNrYixyMh,p,https://www.instagram.com/thedogist/p/DMoNrYixyMh/,https://www.instagram.com/p/DMoNrYixyMh/,2026-06-19T22:17:55.630Z,30,69
334,DMlN3egR85a,p,https://www.instagram.com/thedogist/p/DMlN3egR85a/,https://www.instagram.com/p/DMlN3egR85a/,2026-06-19T22:17:55.631Z,30,70
335,DMgWm6Fx0ND,reel,https://www.instagram.com/thedogist/reel/DMgWm6Fx0ND/,https://www.instagram.com/reel/DMgWm6Fx0ND/,2026-06-19T22:17:55.631Z,30,71
336,DMdgTOLxut4,reel,https://www.instagram.com/thedogist/reel/DMdgTOLxut4/,https://www.instagram.com/reel/DMdgTOLxut4/,2026-06-19T22:17:55.631Z,30,72
337,DMbb1gFRYro,reel,https://www.instagram.com/thedogist/reel/DMbb1gFRYro/,https://www.instagram.com/reel/DMbb1gFRYro/,2026-06-19T22:17:57.247Z,31,58
338,DMYtHjfRwD_,reel,https://www.instagram.com/thedogist/reel/DMYtHjfRwD_/,https://www.instagram.com/reel/DMYtHjfRwD_/,2026-06-19T22:17:57.249Z,31,59
339,DMTOgH0xKpl,reel,https://www.instagram.com/thedogist/reel/DMTOgH0xKpl/,https://www.instagram.com/reel/DMTOgH0xKpl/,2026-06-19T22:17:57.249Z,31,60
340,DMRQrp9RUCS,reel,https://www.instagram.com/thedogist/reel/DMRQrp9RUCS/,https://www.instagram.com/reel/DMRQrp9RUCS/,2026-06-19T22:17:57.250Z,31,61
341,DMN51J1xp4T,reel,https://www.instagram.com/thedogist/reel/DMN51J1xp4T/,https://www.instagram.com/reel/DMN51J1xp4T/,2026-06-19T22:17:57.250Z,31,62
342,DMLn1gNsk9L,reel,https://www.instagram.com/theviewabc/reel/DMLn1gNsk9L/,https://www.instagram.com/reel/DMLn1gNsk9L/,2026-06-19T22:17:57.251Z,31,63
343,DMLfJ8ToQCu,reel,https://www.instagram.com/theviewabc/reel/DMLfJ8ToQCu/,https://www.instagram.com/reel/DMLfJ8ToQCu/,2026-06-19T22:17:57.252Z,31,64
344,DMLe5dRROwI,p,https://www.instagram.com/thedogist/p/DMLe5dRROwI/,https://www.instagram.com/p/DMLe5dRROwI/,2026-06-19T22:17:57.252Z,31,65
345,DMI_Fg6x-ej,reel,https://www.instagram.com/thedogist/reel/DMI_Fg6x-ej/,https://www.instagram.com/reel/DMI_Fg6x-ej/,2026-06-19T22:17:57.253Z,31,66
346,DMG4lLhxLJM,reel,https://www.instagram.com/thedogist/reel/DMG4lLhxLJM/,https://www.instagram.com/reel/DMG4lLhxLJM/,2026-06-19T22:17:57.253Z,31,67
347,DMBP1XRRc9A,p,https://www.instagram.com/thedogist/p/DMBP1XRRc9A/,https://www.instagram.com/p/DMBP1XRRc9A/,2026-06-19T22:17:57.254Z,31,68
348,DL_O225RLQm,p,https://www.instagram.com/thedogist/p/DL_O225RLQm/,https://www.instagram.com/p/DL_O225RLQm/,2026-06-19T22:17:57.254Z,31,69
349,DL5dbaCxIni,reel,https://www.instagram.com/thedogist/reel/DL5dbaCxIni/,https://www.instagram.com/reel/DL5dbaCxIni/,2026-06-19T22:17:58.874Z,32,60
350,DL3HHleJZix,reel,https://www.instagram.com/washingtonpost/reel/DL3HHleJZix/,https://www.instagram.com/reel/DL3HHleJZix/,2026-06-19T22:17:58.876Z,32,61
351,DLyOdV8RrLJ,reel,https://www.instagram.com/thedogist/reel/DLyOdV8RrLJ/,https://www.instagram.com/reel/DLyOdV8RrLJ/,2026-06-19T22:17:58.877Z,32,62
352,DLvEP1ogZYq,reel,https://www.instagram.com/thedogist/reel/DLvEP1ogZYq/,https://www.instagram.com/reel/DLvEP1ogZYq/,2026-06-19T22:17:58.877Z,32,63
353,DLqSAADxHC4,reel,https://www.instagram.com/thedogist/reel/DLqSAADxHC4/,https://www.instagram.com/reel/DLqSAADxHC4/,2026-06-19T22:17:58.878Z,32,64
354,DLni_YuRuwM,p,https://www.instagram.com/thedogist/p/DLni_YuRuwM/,https://www.instagram.com/p/DLni_YuRuwM/,2026-06-19T22:17:58.878Z,32,65
355,DLkuiTkRuxu,reel,https://www.instagram.com/thedogist/reel/DLkuiTkRuxu/,https://www.instagram.com/reel/DLkuiTkRuxu/,2026-06-19T22:17:58.878Z,32,66
356,DLidBoSx9to,reel,https://www.instagram.com/thedogist/reel/DLidBoSx9to/,https://www.instagram.com/reel/DLidBoSx9to/,2026-06-19T22:17:58.879Z,32,67
357,DLgPLWbxWaD,reel,https://www.instagram.com/thedogist/reel/DLgPLWbxWaD/,https://www.instagram.com/reel/DLgPLWbxWaD/,2026-06-19T22:17:58.879Z,32,68
358,DLdj9PNxECH,p,https://www.instagram.com/thedogist/p/DLdj9PNxECH/,https://www.instagram.com/p/DLdj9PNxECH/,2026-06-19T22:17:58.880Z,32,69
359,DLc3BgGRnSn,reel,https://www.instagram.com/thedogist/reel/DLc3BgGRnSn/,https://www.instagram.com/reel/DLc3BgGRnSn/,2026-06-19T22:17:58.881Z,32,70
360,DLa7FkgRKho,p,https://www.instagram.com/thedogist/p/DLa7FkgRKho/,https://www.instagram.com/p/DLa7FkgRKho/,2026-06-19T22:17:58.881Z,32,71
361,DLYJ71tR9Fl,p,https://www.instagram.com/thedogist/p/DLYJ71tR9Fl/,https://www.instagram.com/p/DLYJ71tR9Fl/,2026-06-19T22:18:00.502Z,33,62
362,DLVfM7AxPbI,reel,https://www.instagram.com/thedogist/reel/DLVfM7AxPbI/,https://www.instagram.com/reel/DLVfM7AxPbI/,2026-06-19T22:18:00.503Z,33,63
363,DLSyeFKRIrd,reel,https://www.instagram.com/thedogist/reel/DLSyeFKRIrd/,https://www.instagram.com/reel/DLSyeFKRIrd/,2026-06-19T22:18:00.504Z,33,64
364,DLQVD-exbuk,reel,https://www.instagram.com/thedogist/reel/DLQVD-exbuk/,https://www.instagram.com/reel/DLQVD-exbuk/,2026-06-19T22:18:00.505Z,33,65
365,DLNk_OARr15,reel,https://www.instagram.com/thedogist/reel/DLNk_OARr15/,https://www.instagram.com/reel/DLNk_OARr15/,2026-06-19T22:18:00.505Z,33,66
366,DLLPoF5RdhP,reel,https://www.instagram.com/thedogist/reel/DLLPoF5RdhP/,https://www.instagram.com/reel/DLLPoF5RdhP/,2026-06-19T22:18:00.505Z,33,67
367,DLKsEuxReQF,p,https://www.instagram.com/thedogist/p/DLKsEuxReQF/,https://www.instagram.com/p/DLKsEuxReQF/,2026-06-19T22:18:00.506Z,33,68
368,DLIznI5xR9i,reel,https://www.instagram.com/thedogist/reel/DLIznI5xR9i/,https://www.instagram.com/reel/DLIznI5xR9i/,2026-06-19T22:18:00.506Z,33,69
369,DLGInbkxZUE,reel,https://www.instagram.com/thedogist/reel/DLGInbkxZUE/,https://www.instagram.com/reel/DLGInbkxZUE/,2026-06-19T22:18:00.507Z,33,70
370,DLD8DE4xxwW,reel,https://www.instagram.com/thedogist/reel/DLD8DE4xxwW/,https://www.instagram.com/reel/DLD8DE4xxwW/,2026-06-19T22:18:00.507Z,33,71
371,DLA8Or_xyPl,reel,https://www.instagram.com/thedogist/reel/DLA8Or_xyPl/,https://www.instagram.com/reel/DLA8Or_xyPl/,2026-06-19T22:18:00.507Z,33,72
372,DK94a9uPb0z,reel,https://www.instagram.com/lauriesantosofficial/reel/DK94a9uPb0z/,https://www.instagram.com/reel/DK94a9uPb0z/,2026-06-19T22:18:00.508Z,33,73
373,DK7kOF1RpfP,reel,https://www.instagram.com/thedogist/reel/DK7kOF1RpfP/,https://www.instagram.com/reel/DK7kOF1RpfP/,2026-06-19T22:18:02.128Z,34,59
374,DK5ZnzyR65F,reel,https://www.instagram.com/thedogist/reel/DK5ZnzyR65F/,https://www.instagram.com/reel/DK5ZnzyR65F/,2026-06-19T22:18:02.130Z,34,60
375,DK2lv-2xKjr,p,https://www.instagram.com/thedogist/p/DK2lv-2xKjr/,https://www.instagram.com/p/DK2lv-2xKjr/,2026-06-19T22:18:02.131Z,34,61
376,DK0L_m5R1Uk,reel,https://www.instagram.com/thedogist/reel/DK0L_m5R1Uk/,https://www.instagram.com/reel/DK0L_m5R1Uk/,2026-06-19T22:18:02.131Z,34,62
377,DKxhpCJRrlF,p,https://www.instagram.com/thedogist/p/DKxhpCJRrlF/,https://www.instagram.com/p/DKxhpCJRrlF/,2026-06-19T22:18:02.132Z,34,63
378,DKxILB1RTj6,p,https://www.instagram.com/thedogist/p/DKxILB1RTj6/,https://www.instagram.com/p/DKxILB1RTj6/,2026-06-19T22:18:02.133Z,34,64
379,DKuv5ijx8kg,p,https://www.instagram.com/thedogist/p/DKuv5ijx8kg/,https://www.instagram.com/p/DKuv5ijx8kg/,2026-06-19T22:18:02.133Z,34,65
380,DKsjH2FR8Nd,reel,https://www.instagram.com/thedogist/reel/DKsjH2FR8Nd/,https://www.instagram.com/reel/DKsjH2FR8Nd/,2026-06-19T22:18:02.134Z,34,66
381,DKr5U74sM4m,reel,https://www.instagram.com/ubereats/reel/DKr5U74sM4m/,https://www.instagram.com/reel/DKr5U74sM4m/,2026-06-19T22:18:02.134Z,34,67
382,DKpqTFqxpeM,reel,https://www.instagram.com/thedogist/reel/DKpqTFqxpeM/,https://www.instagram.com/reel/DKpqTFqxpeM/,2026-06-19T22:18:02.134Z,34,68
383,DKmtK7gxRVA,reel,https://www.instagram.com/thedogist/reel/DKmtK7gxRVA/,https://www.instagram.com/reel/DKmtK7gxRVA/,2026-06-19T22:18:02.135Z,34,69
384,DKk9kPBxrrj,reel,https://www.instagram.com/thedogist/reel/DKk9kPBxrrj/,https://www.instagram.com/reel/DKk9kPBxrrj/,2026-06-19T22:18:02.135Z,34,70
385,DKfR5VAxlna,p,https://www.instagram.com/thedogist/p/DKfR5VAxlna/,https://www.instagram.com/p/DKfR5VAxlna/,2026-06-19T22:18:03.754Z,35,61
386,DKexk5_xg3b,p,https://www.instagram.com/thedogist/p/DKexk5_xg3b/,https://www.instagram.com/p/DKexk5_xg3b/,2026-06-19T22:18:03.755Z,35,62
387,DKejqzCxwh7,p,https://www.instagram.com/thedogist/p/DKejqzCxwh7/,https://www.instagram.com/p/DKejqzCxwh7/,2026-06-19T22:18:03.755Z,35,63
388,DKcChruxzYc,reel,https://www.instagram.com/thedogist/reel/DKcChruxzYc/,https://www.instagram.com/reel/DKcChruxzYc/,2026-06-19T22:18:03.756Z,35,64
389,DKaWzewxUw8,p,https://www.instagram.com/thedogist/p/DKaWzewxUw8/,https://www.instagram.com/p/DKaWzewxUw8/,2026-06-19T22:18:03.756Z,35,65
390,DKYYJEuR1Ih,reel,https://www.instagram.com/thedogist/reel/DKYYJEuR1Ih/,https://www.instagram.com/reel/DKYYJEuR1Ih/,2026-06-19T22:18:03.757Z,35,66
391,DKX0ylZxnRh,reel,https://www.instagram.com/thedogist/reel/DKX0ylZxnRh/,https://www.instagram.com/reel/DKX0ylZxnRh/,2026-06-19T22:18:03.757Z,35,67
392,DKVWo-BR65v,reel,https://www.instagram.com/thedogist/reel/DKVWo-BR65v/,https://www.instagram.com/reel/DKVWo-BR65v/,2026-06-19T22:18:03.757Z,35,68
393,DKUfeloxb3I,reel,https://www.instagram.com/cbssaturday/reel/DKUfeloxb3I/,https://www.instagram.com/reel/DKUfeloxb3I/,2026-06-19T22:18:03.758Z,35,69
394,DKTCOqax-WT,reel,https://www.instagram.com/thedogist/reel/DKTCOqax-WT/,https://www.instagram.com/reel/DKTCOqax-WT/,2026-06-19T22:18:03.758Z,35,70
395,DKQeYiGMG-P,reel,https://www.instagram.com/abcnewslive/reel/DKQeYiGMG-P/,https://www.instagram.com/reel/DKQeYiGMG-P/,2026-06-19T22:18:03.758Z,35,71
396,DKPwtDxRXlm,p,https://www.instagram.com/thedogist/p/DKPwtDxRXlm/,https://www.instagram.com/p/DKPwtDxRXlm/,2026-06-19T22:18:03.759Z,35,72
397,DKNN__FRaSO,reel,https://www.instagram.com/thedogist/reel/DKNN__FRaSO/,https://www.instagram.com/reel/DKNN__FRaSO/,2026-06-19T22:18:05.376Z,36,58
398,DKLuLtStmAe,reel,https://www.instagram.com/thedogist/reel/DKLuLtStmAe/,https://www.instagram.com/reel/DKLuLtStmAe/,2026-06-19T22:18:05.376Z,36,59
399,DKKv2SORM2C,p,https://www.instagram.com/thedogist/p/DKKv2SORM2C/,https://www.instagram.com/p/DKKv2SORM2C/,2026-06-19T22:18:05.377Z,36,60
400,DKIDL_uRvHg,reel,https://www.instagram.com/thedogist/reel/DKIDL_uRvHg/,https://www.instagram.com/reel/DKIDL_uRvHg/,2026-06-19T22:18:05.377Z,36,61
401,DKFo0I2xSzO,p,https://www.instagram.com/thedogist/p/DKFo0I2xSzO/,https://www.instagram.com/p/DKFo0I2xSzO/,2026-06-19T22:18:05.377Z,36,62
402,DKC7kGJxtbf,p,https://www.instagram.com/thedogist/p/DKC7kGJxtbf/,https://www.instagram.com/p/DKC7kGJxtbf/,2026-06-19T22:18:05.377Z,36,63
403,DKAw0wdR6xr,p,https://www.instagram.com/thedogist/p/DKAw0wdR6xr/,https://www.instagram.com/p/DKAw0wdR6xr/,2026-06-19T22:18:05.378Z,36,64
404,DJ97JA7RFBT,reel,https://www.instagram.com/thedogist/reel/DJ97JA7RFBT/,https://www.instagram.com/reel/DJ97JA7RFBT/,2026-06-19T22:18:05.378Z,36,65
405,DJ6-3WCR_OW,reel,https://www.instagram.com/thedogist/reel/DJ6-3WCR_OW/,https://www.instagram.com/reel/DJ6-3WCR_OW/,2026-06-19T22:18:05.378Z,36,66
406,DJ4c1FaRRNE,reel,https://www.instagram.com/thedogist/reel/DJ4c1FaRRNE/,https://www.instagram.com/reel/DJ4c1FaRRNE/,2026-06-19T22:18:05.378Z,36,67
407,DJ2nyDBRr-9,reel,https://www.instagram.com/thedogist/reel/DJ2nyDBRr-9/,https://www.instagram.com/reel/DJ2nyDBRr-9/,2026-06-19T22:18:05.378Z,36,68
408,DJzuid7xYND,reel,https://www.instagram.com/thedogist/reel/DJzuid7xYND/,https://www.instagram.com/reel/DJzuid7xYND/,2026-06-19T22:18:05.378Z,36,69
409,DJw6706xEn9,reel,https://www.instagram.com/thedogist/reel/DJw6706xEn9/,https://www.instagram.com/reel/DJw6706xEn9/,2026-06-19T22:18:06.997Z,37,60
410,DJuggFeRa8a,reel,https://www.instagram.com/thedogist/reel/DJuggFeRa8a/,https://www.instagram.com/reel/DJuggFeRa8a/,2026-06-19T22:18:06.999Z,37,61
411,DJr9rcWR1N9,reel,https://www.instagram.com/thedogist/reel/DJr9rcWR1N9/,https://www.instagram.com/reel/DJr9rcWR1N9/,2026-06-19T22:18:07.000Z,37,62
412,DJp0d7iRH9x,reel,https://www.instagram.com/thedogist/reel/DJp0d7iRH9x/,https://www.instagram.com/reel/DJp0d7iRH9x/,2026-06-19T22:18:07.000Z,37,63
413,DJpmoEZxudw,reel,https://www.instagram.com/thedogist/reel/DJpmoEZxudw/,https://www.instagram.com/reel/DJpmoEZxudw/,2026-06-19T22:18:07.001Z,37,64
414,DJmwOEgxFAP,reel,https://www.instagram.com/thedogist/reel/DJmwOEgxFAP/,https://www.instagram.com/reel/DJmwOEgxFAP/,2026-06-19T22:18:07.001Z,37,65
415,DJkUp37x_Kp,reel,https://www.instagram.com/thedogist/reel/DJkUp37x_Kp/,https://www.instagram.com/reel/DJkUp37x_Kp/,2026-06-19T22:18:07.002Z,37,66
416,DJhCw5_x0jx,reel,https://www.instagram.com/thedogist/reel/DJhCw5_x0jx/,https://www.instagram.com/reel/DJhCw5_x0jx/,2026-06-19T22:18:07.002Z,37,67
417,DJfBBxux0DB,reel,https://www.instagram.com/thedogist/reel/DJfBBxux0DB/,https://www.instagram.com/reel/DJfBBxux0DB/,2026-06-19T22:18:07.003Z,37,68
418,DJcVFiAx-aJ,p,https://www.instagram.com/thedogist/p/DJcVFiAx-aJ/,https://www.instagram.com/p/DJcVFiAx-aJ/,2026-06-19T22:18:07.003Z,37,69
419,DJXtxy0x3Q4,reel,https://www.instagram.com/thedogist/reel/DJXtxy0x3Q4/,https://www.instagram.com/reel/DJXtxy0x3Q4/,2026-06-19T22:18:07.004Z,37,70
420,DJW5ovYRxNh,p,https://www.instagram.com/thedogist/p/DJW5ovYRxNh/,https://www.instagram.com/p/DJW5ovYRxNh/,2026-06-19T22:18:07.004Z,37,71
421,DJU1vxaRTKO,p,https://www.instagram.com/thedogist/p/DJU1vxaRTKO/,https://www.instagram.com/p/DJU1vxaRTKO/,2026-06-19T22:18:10.252Z,39,62
422,DJSGmLKRjFF,p,https://www.instagram.com/thedogist/p/DJSGmLKRjFF/,https://www.instagram.com/p/DJSGmLKRjFF/,2026-06-19T22:18:10.253Z,39,63
423,DJPNVWcRvac,reel,https://www.instagram.com/thedogist/reel/DJPNVWcRvac/,https://www.instagram.com/reel/DJPNVWcRvac/,2026-06-19T22:18:10.254Z,39,64
424,DJMrBr8Rb61,reel,https://www.instagram.com/thedogist/reel/DJMrBr8Rb61/,https://www.instagram.com/reel/DJMrBr8Rb61/,2026-06-19T22:18:10.255Z,39,65
425,DJKcIzHx1zu,reel,https://www.instagram.com/thedogist/reel/DJKcIzHx1zu/,https://www.instagram.com/reel/DJKcIzHx1zu/,2026-06-19T22:18:10.255Z,39,66
426,DJIUz9lxLbU,reel,https://www.instagram.com/thedogist/reel/DJIUz9lxLbU/,https://www.instagram.com/reel/DJIUz9lxLbU/,2026-06-19T22:18:10.256Z,39,67
427,DJH7IPMPmS6,reel,https://www.instagram.com/livenation/reel/DJH7IPMPmS6/,https://www.instagram.com/reel/DJH7IPMPmS6/,2026-06-19T22:18:10.257Z,39,68
428,DJFtnHoRhz6,reel,https://www.instagram.com/thedogist/reel/DJFtnHoRhz6/,https://www.instagram.com/reel/DJFtnHoRhz6/,2026-06-19T22:18:10.257Z,39,69
429,DJE4EuexxZH,reel,https://www.instagram.com/thedogist/reel/DJE4EuexxZH/,https://www.instagram.com/reel/DJE4EuexxZH/,2026-06-19T22:18:10.258Z,39,70
430,DJDCZGDRBmH,reel,https://www.instagram.com/thedogist/reel/DJDCZGDRBmH/,https://www.instagram.com/reel/DJDCZGDRBmH/,2026-06-19T22:18:10.258Z,39,71
431,DJCWXJoxrOF,reel,https://www.instagram.com/thedogist/reel/DJCWXJoxrOF/,https://www.instagram.com/reel/DJCWXJoxrOF/,2026-06-19T22:18:10.259Z,39,72
432,DI_ie4iuKP-,reel,https://www.instagram.com/uber/reel/DI_ie4iuKP-/,https://www.instagram.com/reel/DI_ie4iuKP-/,2026-06-19T22:18:10.259Z,39,73
433,DI9rQsBxzBe,reel,https://www.instagram.com/thedogist/reel/DI9rQsBxzBe/,https://www.instagram.com/reel/DI9rQsBxzBe/,2026-06-19T22:18:11.879Z,40,59
434,DI7cd-MxPqK,reel,https://www.instagram.com/thedogist/reel/DI7cd-MxPqK/,https://www.instagram.com/reel/DI7cd-MxPqK/,2026-06-19T22:18:11.880Z,40,60
435,DI4myR_xw69,reel,https://www.instagram.com/thedogist/reel/DI4myR_xw69/,https://www.instagram.com/reel/DI4myR_xw69/,2026-06-19T22:18:11.880Z,40,61
436,DI2KUs_x9tj,reel,https://www.instagram.com/thedogist/reel/DI2KUs_x9tj/,https://www.instagram.com/reel/DI2KUs_x9tj/,2026-06-19T22:18:11.881Z,40,62
437,DIyxxrTpzCE,reel,https://www.instagram.com/thedogist/reel/DIyxxrTpzCE/,https://www.instagram.com/reel/DIyxxrTpzCE/,2026-06-19T22:18:11.881Z,40,63
438,DIwMbwZRSpx,p,https://www.instagram.com/thedogist/p/DIwMbwZRSpx/,https://www.instagram.com/p/DIwMbwZRSpx/,2026-06-19T22:18:11.881Z,40,64
439,DIuXHnnR_NZ,reel,https://www.instagram.com/thedogist/reel/DIuXHnnR_NZ/,https://www.instagram.com/reel/DIuXHnnR_NZ/,2026-06-19T22:18:11.882Z,40,65
440,DIrks3wRYaU,reel,https://www.instagram.com/thedogist/reel/DIrks3wRYaU/,https://www.instagram.com/reel/DIrks3wRYaU/,2026-06-19T22:18:11.882Z,40,66
441,DIon09Oxdg8,reel,https://www.instagram.com/thedogist/reel/DIon09Oxdg8/,https://www.instagram.com/reel/DIon09Oxdg8/,2026-06-19T22:18:11.882Z,40,67
442,DImAQhtxhcZ,reel,https://www.instagram.com/thedogist/reel/DImAQhtxhcZ/,https://www.instagram.com/reel/DImAQhtxhcZ/,2026-06-19T22:18:11.883Z,40,68
443,DIkG24ZRSNx,reel,https://www.instagram.com/thedogist/reel/DIkG24ZRSNx/,https://www.instagram.com/reel/DIkG24ZRSNx/,2026-06-19T22:18:11.883Z,40,69
444,DIg9UMZx4Ln,p,https://www.instagram.com/thedogist/p/DIg9UMZx4Ln/,https://www.instagram.com/p/DIg9UMZx4Ln/,2026-06-19T22:18:11.883Z,40,70
445,DIekkXNTU-C,reel,https://www.instagram.com/thedogist/reel/DIekkXNTU-C/,https://www.instagram.com/reel/DIekkXNTU-C/,2026-06-19T22:18:13.502Z,41,61
446,DIcG63qRmek,reel,https://www.instagram.com/thedogist/reel/DIcG63qRmek/,https://www.instagram.com/reel/DIcG63qRmek/,2026-06-19T22:18:13.503Z,41,62
447,DIWWj1Ex63L,p,https://www.instagram.com/thedogist/p/DIWWj1Ex63L/,https://www.instagram.com/p/DIWWj1Ex63L/,2026-06-19T22:18:13.503Z,41,63
448,DITqAYeA28U,reel,https://www.instagram.com/uber/reel/DITqAYeA28U/,https://www.instagram.com/reel/DITqAYeA28U/,2026-06-19T22:18:13.503Z,41,64
449,DIPUZvRR75M,reel,https://www.instagram.com/thedogist/reel/DIPUZvRR75M/,https://www.instagram.com/reel/DIPUZvRR75M/,2026-06-19T22:18:13.503Z,41,65
450,DIMBMIdxfmF,reel,https://www.instagram.com/thedogist/reel/DIMBMIdxfmF/,https://www.instagram.com/reel/DIMBMIdxfmF/,2026-06-19T22:18:13.504Z,41,66
451,DIHwhNYRXFG,reel,https://www.instagram.com/thedogist/reel/DIHwhNYRXFG/,https://www.instagram.com/reel/DIHwhNYRXFG/,2026-06-19T22:18:13.504Z,41,67
452,DIFGrP4ROaT,reel,https://www.instagram.com/thedogist/reel/DIFGrP4ROaT/,https://www.instagram.com/reel/DIFGrP4ROaT/,2026-06-19T22:18:13.504Z,41,68
453,DIC9ncLRjNy,reel,https://www.instagram.com/thedogist/reel/DIC9ncLRjNy/,https://www.instagram.com/reel/DIC9ncLRjNy/,2026-06-19T22:18:13.504Z,41,69
454,DICks87Riue,reel,https://www.instagram.com/thedogist/reel/DICks87Riue/,https://www.instagram.com/reel/DICks87Riue/,2026-06-19T22:18:13.505Z,41,70
455,DH_694XxeUL,reel,https://www.instagram.com/thedogist/reel/DH_694XxeUL/,https://www.instagram.com/reel/DH_694XxeUL/,2026-06-19T22:18:13.505Z,41,71
456,DH8tr3aRwQV,reel,https://www.instagram.com/thedogist/reel/DH8tr3aRwQV/,https://www.instagram.com/reel/DH8tr3aRwQV/,2026-06-19T22:18:13.505Z,41,72
457,DH6lnJbRx71,reel,https://www.instagram.com/thedogist/reel/DH6lnJbRx71/,https://www.instagram.com/reel/DH6lnJbRx71/,2026-06-19T22:18:15.120Z,42,58
458,DH3q5c9R-H6,reel,https://www.instagram.com/thedogist/reel/DH3q5c9R-H6/,https://www.instagram.com/reel/DH3q5c9R-H6/,2026-06-19T22:18:15.120Z,42,59
459,DHzM9VaRpIw,reel,https://www.instagram.com/thedogist/reel/DHzM9VaRpIw/,https://www.instagram.com/reel/DHzM9VaRpIw/,2026-06-19T22:18:15.121Z,42,60
460,DHwjgvuR4EU,reel,https://www.instagram.com/thedogist/reel/DHwjgvuR4EU/,https://www.instagram.com/reel/DHwjgvuR4EU/,2026-06-19T22:18:15.121Z,42,61
461,DHuDReyRGF0,reel,https://www.instagram.com/thedogist/reel/DHuDReyRGF0/,https://www.instagram.com/reel/DHuDReyRGF0/,2026-06-19T22:18:15.121Z,42,62
462,DHri0eDRlk2,reel,https://www.instagram.com/thedogist/reel/DHri0eDRlk2/,https://www.instagram.com/reel/DHri0eDRlk2/,2026-06-19T22:18:15.121Z,42,63
463,DHo4FZYxg5Z,reel,https://www.instagram.com/thedogist/reel/DHo4FZYxg5Z/,https://www.instagram.com/reel/DHo4FZYxg5Z/,2026-06-19T22:18:15.121Z,42,64
464,DHmeNPJRHAs,reel,https://www.instagram.com/thedogist/reel/DHmeNPJRHAs/,https://www.instagram.com/reel/DHmeNPJRHAs/,2026-06-19T22:18:15.122Z,42,65
465,DHjkcMZxwCl,reel,https://www.instagram.com/thedogist/reel/DHjkcMZxwCl/,https://www.instagram.com/reel/DHjkcMZxwCl/,2026-06-19T22:18:15.122Z,42,66
466,DHhLFVVxwuk,reel,https://www.instagram.com/thedogist/reel/DHhLFVVxwuk/,https://www.instagram.com/reel/DHhLFVVxwuk/,2026-06-19T22:18:15.122Z,42,67
467,DHelpwxRc0_,p,https://www.instagram.com/thedogist/p/DHelpwxRc0_/,https://www.instagram.com/p/DHelpwxRc0_/,2026-06-19T22:18:15.122Z,42,68
468,DHbXfaxgqzY,reel,https://www.instagram.com/thedogist/reel/DHbXfaxgqzY/,https://www.instagram.com/reel/DHbXfaxgqzY/,2026-06-19T22:18:15.122Z,42,69
469,DHZYrpZxzwa,reel,https://www.instagram.com/thedogist/reel/DHZYrpZxzwa/,https://www.instagram.com/reel/DHZYrpZxzwa/,2026-06-19T22:18:16.736Z,43,60
470,DHW0uF0R4rB,reel,https://www.instagram.com/thedogist/reel/DHW0uF0R4rB/,https://www.instagram.com/reel/DHW0uF0R4rB/,2026-06-19T22:18:16.738Z,43,61
471,DHUP1w0Rk3X,reel,https://www.instagram.com/thedogist/reel/DHUP1w0Rk3X/,https://www.instagram.com/reel/DHUP1w0Rk3X/,2026-06-19T22:18:16.739Z,43,62
472,DHRsY1UR4xT,reel,https://www.instagram.com/thedogist/reel/DHRsY1UR4xT/,https://www.instagram.com/reel/DHRsY1UR4xT/,2026-06-19T22:18:16.739Z,43,63
473,DHPJ-YMRV3Y,reel,https://www.instagram.com/thedogist/reel/DHPJ-YMRV3Y/,https://www.instagram.com/reel/DHPJ-YMRV3Y/,2026-06-19T22:18:16.740Z,43,64
474,DHMVPYJRGYA,reel,https://www.instagram.com/thedogist/reel/DHMVPYJRGYA/,https://www.instagram.com/reel/DHMVPYJRGYA/,2026-06-19T22:18:16.740Z,43,65
475,DHJ-D-tRGa1,reel,https://www.instagram.com/thedogist/reel/DHJ-D-tRGa1/,https://www.instagram.com/reel/DHJ-D-tRGa1/,2026-06-19T22:18:16.741Z,43,66
476,DHHEhdTRzev,reel,https://www.instagram.com/thedogist/reel/DHHEhdTRzev/,https://www.instagram.com/reel/DHHEhdTRzev/,2026-06-19T22:18:16.742Z,43,67
477,DHEJ3_exUE-,p,https://www.instagram.com/thedogist/p/DHEJ3_exUE-/,https://www.instagram.com/p/DHEJ3_exUE-/,2026-06-19T22:18:16.743Z,43,68
478,DG8zw05RLKA,p,https://www.instagram.com/thedogist/p/DG8zw05RLKA/,https://www.instagram.com/p/DG8zw05RLKA/,2026-06-19T22:18:16.743Z,43,69
479,DG6QJ7BR54-,p,https://www.instagram.com/thedogist/p/DG6QJ7BR54-/,https://www.instagram.com/p/DG6QJ7BR54-/,2026-06-19T22:18:16.744Z,43,70
480,DG33R-URL8F,p,https://www.instagram.com/thedogist/p/DG33R-URL8F/,https://www.instagram.com/p/DG33R-URL8F/,2026-06-19T22:18:16.744Z,43,71
481,DGtaHA3xBQI,reel,https://www.instagram.com/thedogist/reel/DGtaHA3xBQI/,https://www.instagram.com/reel/DGtaHA3xBQI/,2026-06-19T22:18:18.367Z,44,62
482,DGoOpPlRUxJ,reel,https://www.instagram.com/thedogist/reel/DGoOpPlRUxJ/,https://www.instagram.com/reel/DGoOpPlRUxJ/,2026-06-19T22:18:18.369Z,44,63
483,DGi_UFjxlMJ,p,https://www.instagram.com/thedogist/p/DGi_UFjxlMJ/,https://www.instagram.com/p/DGi_UFjxlMJ/,2026-06-19T22:18:18.369Z,44,64
484,DGd4HarRHHB,reel,https://www.instagram.com/thedogist/reel/DGd4HarRHHB/,https://www.instagram.com/reel/DGd4HarRHHB/,2026-06-19T22:18:18.370Z,44,65
485,DGbao-uxWGg,p,https://www.instagram.com/thedogist/p/DGbao-uxWGg/,https://www.instagram.com/p/DGbao-uxWGg/,2026-06-19T22:18:18.370Z,44,66
486,DGYyq_vxgel,reel,https://www.instagram.com/thedogist/reel/DGYyq_vxgel/,https://www.instagram.com/reel/DGYyq_vxgel/,2026-06-19T22:18:18.370Z,44,67
487,DGWftJRRhOp,reel,https://www.instagram.com/thedogist/reel/DGWftJRRhOp/,https://www.instagram.com/reel/DGWftJRRhOp/,2026-06-19T22:18:18.371Z,44,68
488,DGT0W0oRJ-E,p,https://www.instagram.com/thedogist/p/DGT0W0oRJ-E/,https://www.instagram.com/p/DGT0W0oRJ-E/,2026-06-19T22:18:18.371Z,44,69
489,DGRJKXOxY_2,p,https://www.instagram.com/thedogist/p/DGRJKXOxY_2/,https://www.instagram.com/p/DGRJKXOxY_2/,2026-06-19T22:18:18.371Z,44,70
490,DGOfy-exDuR,p,https://www.instagram.com/thedogist/p/DGOfy-exDuR/,https://www.instagram.com/p/DGOfy-exDuR/,2026-06-19T22:18:18.372Z,44,71
491,DGMOAQAx1Gv,p,https://www.instagram.com/thedogist/p/DGMOAQAx1Gv/,https://www.instagram.com/p/DGMOAQAx1Gv/,2026-06-19T22:18:18.372Z,44,72
492,DGJpvpExffK,p,https://www.instagram.com/thedogist/p/DGJpvpExffK/,https://www.instagram.com/p/DGJpvpExffK/,2026-06-19T22:18:18.372Z,44,73
493,DGHCmIPxDfN,p,https://www.instagram.com/thedogist/p/DGHCmIPxDfN/,https://www.instagram.com/p/DGHCmIPxDfN/,2026-06-19T22:18:19.994Z,45,59
494,DGEbFlFR8Ui,reel,https://www.instagram.com/thedogist/reel/DGEbFlFR8Ui/,https://www.instagram.com/reel/DGEbFlFR8Ui/,2026-06-19T22:18:19.995Z,45,60
495,DGBlPo-xmYW,reel,https://www.instagram.com/thedogist/reel/DGBlPo-xmYW/,https://www.instagram.com/reel/DGBlPo-xmYW/,2026-06-19T22:18:19.995Z,45,61
496,DF_Cn7MxYYF,reel,https://www.instagram.com/thedogist/reel/DF_Cn7MxYYF/,https://www.instagram.com/reel/DF_Cn7MxYYF/,2026-06-19T22:18:19.996Z,45,62
497,DF8_KfyRJLC,reel,https://www.instagram.com/thedogist/reel/DF8_KfyRJLC/,https://www.instagram.com/reel/DF8_KfyRJLC/,2026-06-19T22:18:19.996Z,45,63
498,DF8kmNYxgXB,reel,https://www.instagram.com/thedogist/reel/DF8kmNYxgXB/,https://www.instagram.com/reel/DF8kmNYxgXB/,2026-06-19T22:18:19.996Z,45,64
499,DF6E8yKRgZD,reel,https://www.instagram.com/thedogist/reel/DF6E8yKRgZD/,https://www.instagram.com/reel/DF6E8yKRgZD/,2026-06-19T22:18:19.997Z,45,65
500,DF3IBHfRAqb,reel,https://www.instagram.com/thedogist/reel/DF3IBHfRAqb/,https://www.instagram.com/reel/DF3IBHfRAqb/,2026-06-19T22:18:19.997Z,45,66
501,DF03Srcxe7M,reel,https://www.instagram.com/thedogist/reel/DF03Srcxe7M/,https://www.instagram.com/reel/DF03Srcxe7M/,2026-06-19T22:18:19.997Z,45,67
502,DFyQVSRx3u9,reel,https://www.instagram.com/thedogist/reel/DFyQVSRx3u9/,https://www.instagram.com/reel/DFyQVSRx3u9/,2026-06-19T22:18:19.998Z,45,68
503,DFvgerGRrpb,p,https://www.instagram.com/thedogist/p/DFvgerGRrpb/,https://www.instagram.com/p/DFvgerGRrpb/,2026-06-19T22:18:19.998Z,45,69
504,DFs6VkTxk9B,reel,https://www.instagram.com/thedogist/reel/DFs6VkTxk9B/,https://www.instagram.com/reel/DFs6VkTxk9B/,2026-06-19T22:18:19.998Z,45,70
505,DFqNVgIRakG,p,https://www.instagram.com/thedogist/p/DFqNVgIRakG/,https://www.instagram.com/p/DFqNVgIRakG/,2026-06-19T22:18:21.621Z,46,61
506,DFnyLCDRowl,reel,https://www.instagram.com/thedogist/reel/DFnyLCDRowl/,https://www.instagram.com/reel/DFnyLCDRowl/,2026-06-19T22:18:21.623Z,46,62
507,DFlX41txC9V,reel,https://www.instagram.com/thedogist/reel/DFlX41txC9V/,https://www.instagram.com/reel/DFlX41txC9V/,2026-06-19T22:18:21.624Z,46,63
508,DFivjcPxS8T,reel,https://www.instagram.com/thedogist/reel/DFivjcPxS8T/,https://www.instagram.com/reel/DFivjcPxS8T/,2026-06-19T22:18:21.625Z,46,64
509,DFgLMxzR-Yr,reel,https://www.instagram.com/thedogist/reel/DFgLMxzR-Yr/,https://www.instagram.com/reel/DFgLMxzR-Yr/,2026-06-19T22:18:21.625Z,46,65
510,DFd51qwRZ4O,reel,https://www.instagram.com/thedogist/reel/DFd51qwRZ4O/,https://www.instagram.com/reel/DFd51qwRZ4O/,2026-06-19T22:18:21.626Z,46,66
511,DFdeWcQxrRW,reel,https://www.instagram.com/thedogist/reel/DFdeWcQxrRW/,https://www.instagram.com/reel/DFdeWcQxrRW/,2026-06-19T22:18:21.626Z,46,67
512,DFazGBdxD9L,p,https://www.instagram.com/thedogist/p/DFazGBdxD9L/,https://www.instagram.com/p/DFazGBdxD9L/,2026-06-19T22:18:21.626Z,46,68
513,DFYWSXsxBdQ,reel,https://www.instagram.com/thedogist/reel/DFYWSXsxBdQ/,https://www.instagram.com/reel/DFYWSXsxBdQ/,2026-06-19T22:18:21.627Z,46,69
514,DFVsPFVxTfo,reel,https://www.instagram.com/thedogist/reel/DFVsPFVxTfo/,https://www.instagram.com/reel/DFVsPFVxTfo/,2026-06-19T22:18:21.627Z,46,70
515,DFTOT2vxuFf,reel,https://www.instagram.com/thedogist/reel/DFTOT2vxuFf/,https://www.instagram.com/reel/DFTOT2vxuFf/,2026-06-19T22:18:21.627Z,46,71
516,DFQref6xc1l,reel,https://www.instagram.com/thedogist/reel/DFQref6xc1l/,https://www.instagram.com/reel/DFQref6xc1l/,2026-06-19T22:18:21.628Z,46,72
517,DFOMBMURWkh,reel,https://www.instagram.com/thedogist/reel/DFOMBMURWkh/,https://www.instagram.com/reel/DFOMBMURWkh/,2026-06-19T22:18:24.883Z,48,58
518,DFJB44IxROp,reel,https://www.instagram.com/thedogist/reel/DFJB44IxROp/,https://www.instagram.com/reel/DFJB44IxROp/,2026-06-19T22:18:24.885Z,48,59
519,DFGktnPRqMZ,reel,https://www.instagram.com/thedogist/reel/DFGktnPRqMZ/,https://www.instagram.com/reel/DFGktnPRqMZ/,2026-06-19T22:18:24.886Z,48,60
520,DFDuuNsRkif,reel,https://www.instagram.com/thedogist/reel/DFDuuNsRkif/,https://www.instagram.com/reel/DFDuuNsRkif/,2026-06-19T22:18:24.886Z,48,61
521,DFA_VsUxTQ8,reel,https://www.instagram.com/thedogist/reel/DFA_VsUxTQ8/,https://www.instagram.com/reel/DFA_VsUxTQ8/,2026-06-19T22:18:24.887Z,48,62
522,DE-SSCBxA9v,reel,https://www.instagram.com/thedogist/reel/DE-SSCBxA9v/,https://www.instagram.com/reel/DE-SSCBxA9v/,2026-06-19T22:18:24.887Z,48,63
523,DE8XY71x7OG,reel,https://www.instagram.com/thedogist/reel/DE8XY71x7OG/,https://www.instagram.com/reel/DE8XY71x7OG/,2026-06-19T22:18:24.888Z,48,64
524,DE3EG_aR2WV,p,https://www.instagram.com/thedogist/p/DE3EG_aR2WV/,https://www.instagram.com/p/DE3EG_aR2WV/,2026-06-19T22:18:24.889Z,48,65
525,DE0ZTs8Rti6,reel,https://www.instagram.com/thedogist/reel/DE0ZTs8Rti6/,https://www.instagram.com/reel/DE0ZTs8Rti6/,2026-06-19T22:18:24.890Z,48,66
526,DEx8bK6RLri,reel,https://www.instagram.com/thedogist/reel/DEx8bK6RLri/,https://www.instagram.com/reel/DEx8bK6RLri/,2026-06-19T22:18:24.890Z,48,67
527,DEv0fz_xRm8,reel,https://www.instagram.com/thedogist/reel/DEv0fz_xRm8/,https://www.instagram.com/reel/DEv0fz_xRm8/,2026-06-19T22:18:24.890Z,48,68
528,DEvEdrWRvoA,reel,https://www.instagram.com/thedogist/reel/DEvEdrWRvoA/,https://www.instagram.com/reel/DEvEdrWRvoA/,2026-06-19T22:18:24.891Z,48,69
529,DEtN-poxuad,reel,https://www.instagram.com/thedogist/reel/DEtN-poxuad/,https://www.instagram.com/reel/DEtN-poxuad/,2026-06-19T22:18:26.515Z,49,60
530,DEscUDySJMq,reel,https://www.instagram.com/thedogist/reel/DEscUDySJMq/,https://www.instagram.com/reel/DEscUDySJMq/,2026-06-19T22:18:26.516Z,49,61
531,DElRPV-RaYg,reel,https://www.instagram.com/thedogist/reel/DElRPV-RaYg/,https://www.instagram.com/reel/DElRPV-RaYg/,2026-06-19T22:18:26.516Z,49,62
532,DEiZCTZRpQ7,reel,https://www.instagram.com/thedogist/reel/DEiZCTZRpQ7/,https://www.instagram.com/reel/DEiZCTZRpQ7/,2026-06-19T22:18:26.516Z,49,63
533,DEgKAK8xwiI,reel,https://www.instagram.com/thedogist/reel/DEgKAK8xwiI/,https://www.instagram.com/reel/DEgKAK8xwiI/,2026-06-19T22:18:26.517Z,49,64
534,DEdLTp7xk4m,reel,https://www.instagram.com/thedogist/reel/DEdLTp7xk4m/,https://www.instagram.com/reel/DEdLTp7xk4m/,2026-06-19T22:18:26.517Z,49,65
535,DEa1C83x1Ar,reel,https://www.instagram.com/thedogist/reel/DEa1C83x1Ar/,https://www.instagram.com/reel/DEa1C83x1Ar/,2026-06-19T22:18:26.517Z,49,66
536,DEVlJMIxxUx,reel,https://www.instagram.com/thedogist/reel/DEVlJMIxxUx/,https://www.instagram.com/reel/DEVlJMIxxUx/,2026-06-19T22:18:26.518Z,49,67
537,DESyGR7R_2t,p,https://www.instagram.com/thedogist/p/DESyGR7R_2t/,https://www.instagram.com/p/DESyGR7R_2t/,2026-06-19T22:18:26.518Z,49,68
538,DEQSXB0x0tX,reel,https://www.instagram.com/thedogist/reel/DEQSXB0x0tX/,https://www.instagram.com/reel/DEQSXB0x0tX/,2026-06-19T22:18:26.518Z,49,69
539,DENzQV8x148,reel,https://www.instagram.com/thedogist/reel/DENzQV8x148/,https://www.instagram.com/reel/DENzQV8x148/,2026-06-19T22:18:26.518Z,49,70
540,DELDjKIREut,reel,https://www.instagram.com/thedogist/reel/DELDjKIREut/,https://www.instagram.com/reel/DELDjKIREut/,2026-06-19T22:18:26.519Z,49,71
541,DEIh5yGxZs6,reel,https://www.instagram.com/thedogist/reel/DEIh5yGxZs6/,https://www.instagram.com/reel/DEIh5yGxZs6/,2026-06-19T22:18:28.138Z,50,62
542,DEGR_tYRPFh,reel,https://www.instagram.com/thedogist/reel/DEGR_tYRPFh/,https://www.instagram.com/reel/DEGR_tYRPFh/,2026-06-19T22:18:28.140Z,50,63
543,DEDriykRLs5,reel,https://www.instagram.com/thedogist/reel/DEDriykRLs5/,https://www.instagram.com/reel/DEDriykRLs5/,2026-06-19T22:18:28.141Z,50,64
544,DEAajZnxgAG,reel,https://www.instagram.com/thedogist/reel/DEAajZnxgAG/,https://www.instagram.com/reel/DEAajZnxgAG/,2026-06-19T22:18:28.141Z,50,65
545,DD-Hmegx_IF,reel,https://www.instagram.com/thedogist/reel/DD-Hmegx_IF/,https://www.instagram.com/reel/DD-Hmegx_IF/,2026-06-19T22:18:28.142Z,50,66
546,DD79aDUxGBK,reel,https://www.instagram.com/thedogist/reel/DD79aDUxGBK/,https://www.instagram.com/reel/DD79aDUxGBK/,2026-06-19T22:18:28.142Z,50,67
547,DD5B4gmxZu_,reel,https://www.instagram.com/thedogist/reel/DD5B4gmxZu_/,https://www.instagram.com/reel/DD5B4gmxZu_/,2026-06-19T22:18:28.143Z,50,68
548,DD2qFqcRiqB,reel,https://www.instagram.com/thedogist/reel/DD2qFqcRiqB/,https://www.instagram.com/reel/DD2qFqcRiqB/,2026-06-19T22:18:28.143Z,50,69
549,DD0HNS2RZkw,reel,https://www.instagram.com/thedogist/reel/DD0HNS2RZkw/,https://www.instagram.com/reel/DD0HNS2RZkw/,2026-06-19T22:18:28.144Z,50,70
550,DDxrY-VxarH,reel,https://www.instagram.com/thedogist/reel/DDxrY-VxarH/,https://www.instagram.com/reel/DDxrY-VxarH/,2026-06-19T22:18:28.144Z,50,71
551,DDw9I7jRHph,reel,https://www.instagram.com/thedogist/reel/DDw9I7jRHph/,https://www.instagram.com/reel/DDw9I7jRHph/,2026-06-19T22:18:28.145Z,50,72
552,DDsnMePxlUd,reel,https://www.instagram.com/thedogist/reel/DDsnMePxlUd/,https://www.instagram.com/reel/DDsnMePxlUd/,2026-06-19T22:18:28.145Z,50,73
553,DDqGXBgx9pN,reel,https://www.instagram.com/thedogist/reel/DDqGXBgx9pN/,https://www.instagram.com/reel/DDqGXBgx9pN/,2026-06-19T22:18:29.774Z,51,59
554,DDnM_dIRvy4,reel,https://www.instagram.com/thedogist/reel/DDnM_dIRvy4/,https://www.instagram.com/reel/DDnM_dIRvy4/,2026-06-19T22:18:29.775Z,51,60
555,DDklC4CxtGP,reel,https://www.instagram.com/thedogist/reel/DDklC4CxtGP/,https://www.instagram.com/reel/DDklC4CxtGP/,2026-06-19T22:18:29.776Z,51,61
556,DDiEWzKRDKf,reel,https://www.instagram.com/thedogist/reel/DDiEWzKRDKf/,https://www.instagram.com/reel/DDiEWzKRDKf/,2026-06-19T22:18:29.776Z,51,62
557,DDfJIAWRvuA,reel,https://www.instagram.com/thedogist/reel/DDfJIAWRvuA/,https://www.instagram.com/reel/DDfJIAWRvuA/,2026-06-19T22:18:29.777Z,51,63
558,DDcNFBkxNYw,reel,https://www.instagram.com/thedogist/reel/DDcNFBkxNYw/,https://www.instagram.com/reel/DDcNFBkxNYw/,2026-06-19T22:18:29.777Z,51,64
559,DDas2eiRqcI,reel,https://www.instagram.com/thedogist/reel/DDas2eiRqcI/,https://www.instagram.com/reel/DDas2eiRqcI/,2026-06-19T22:18:29.778Z,51,65
560,DDXtukfxuLx,reel,https://www.instagram.com/thedogist/reel/DDXtukfxuLx/,https://www.instagram.com/reel/DDXtukfxuLx/,2026-06-19T22:18:29.779Z,51,66
561,DDVJV79xBaf,reel,https://www.instagram.com/thedogist/reel/DDVJV79xBaf/,https://www.instagram.com/reel/DDVJV79xBaf/,2026-06-19T22:18:29.779Z,51,67
562,DDR4QEOxPvy,reel,https://www.instagram.com/thedogist/reel/DDR4QEOxPvy/,https://www.instagram.com/reel/DDR4QEOxPvy/,2026-06-19T22:18:29.779Z,51,68
563,DDP65rdRRb6,reel,https://www.instagram.com/thedogist/reel/DDP65rdRRb6/,https://www.instagram.com/reel/DDP65rdRRb6/,2026-06-19T22:18:29.780Z,51,69
564,DDK7icoxhq1,reel,https://www.instagram.com/thedogist/reel/DDK7icoxhq1/,https://www.instagram.com/reel/DDK7icoxhq1/,2026-06-19T22:18:29.780Z,51,70
565,DDIIyx6xEzR,reel,https://www.instagram.com/thedogist/reel/DDIIyx6xEzR/,https://www.instagram.com/reel/DDIIyx6xEzR/,2026-06-19T22:18:31.407Z,52,61
566,DDF8tHzR_EH,reel,https://www.instagram.com/thedogist/reel/DDF8tHzR_EH/,https://www.instagram.com/reel/DDF8tHzR_EH/,2026-06-19T22:18:31.408Z,52,62
567,DDDG1-ERmM7,reel,https://www.instagram.com/thedogist/reel/DDDG1-ERmM7/,https://www.instagram.com/reel/DDDG1-ERmM7/,2026-06-19T22:18:31.408Z,52,63
568,DDAhgpHRAaV,reel,https://www.instagram.com/thedogist/reel/DDAhgpHRAaV/,https://www.instagram.com/reel/DDAhgpHRAaV/,2026-06-19T22:18:31.409Z,52,64
569,DC-BD8PRBmk,reel,https://www.instagram.com/thedogist/reel/DC-BD8PRBmk/,https://www.instagram.com/reel/DC-BD8PRBmk/,2026-06-19T22:18:31.409Z,52,65
570,DC7D30QxkjG,reel,https://www.instagram.com/thedogist/reel/DC7D30QxkjG/,https://www.instagram.com/reel/DC7D30QxkjG/,2026-06-19T22:18:31.409Z,52,66
571,DC5JK5wxOwS,reel,https://www.instagram.com/thedogist/reel/DC5JK5wxOwS/,https://www.instagram.com/reel/DC5JK5wxOwS/,2026-06-19T22:18:31.410Z,52,67
572,DCz-_LbRa4e,reel,https://www.instagram.com/thedogist/reel/DCz-_LbRa4e/,https://www.instagram.com/reel/DCz-_LbRa4e/,2026-06-19T22:18:31.410Z,52,68
573,DCw5De-xd38,reel,https://www.instagram.com/thedogist/reel/DCw5De-xd38/,https://www.instagram.com/reel/DCw5De-xd38/,2026-06-19T22:18:31.410Z,52,69
574,DCuc97dRNHT,reel,https://www.instagram.com/thedogist/reel/DCuc97dRNHT/,https://www.instagram.com/reel/DCuc97dRNHT/,2026-06-19T22:18:31.411Z,52,70
575,DCrxUVcxMdE,reel,https://www.instagram.com/thedogist/reel/DCrxUVcxMdE/,https://www.instagram.com/reel/DCrxUVcxMdE/,2026-06-19T22:18:31.411Z,52,71
576,DCpQvKHRFCa,reel,https://www.instagram.com/thedogist/reel/DCpQvKHRFCa/,https://www.instagram.com/reel/DCpQvKHRFCa/,2026-06-19T22:18:31.411Z,52,72
577,DCmrGILRTu9,reel,https://www.instagram.com/thedogist/reel/DCmrGILRTu9/,https://www.instagram.com/reel/DCmrGILRTu9/,2026-06-19T22:18:33.036Z,53,58
578,DCkH0vYRK7_,reel,https://www.instagram.com/thedogist/reel/DCkH0vYRK7_/,https://www.instagram.com/reel/DCkH0vYRK7_/,2026-06-19T22:18:33.038Z,53,59
579,DChcNo1RlP_,reel,https://www.instagram.com/thedogist/reel/DChcNo1RlP_/,https://www.instagram.com/reel/DChcNo1RlP_/,2026-06-19T22:18:33.039Z,53,60
580,DCfBul6R8TB,reel,https://www.instagram.com/thedogist/reel/DCfBul6R8TB/,https://www.instagram.com/reel/DCfBul6R8TB/,2026-06-19T22:18:33.039Z,53,61
581,DCb7MxARLOR,reel,https://www.instagram.com/thedogist/reel/DCb7MxARLOR/,https://www.instagram.com/reel/DCb7MxARLOR/,2026-06-19T22:18:33.040Z,53,62
582,DCZrrDbx4ih,p,https://www.instagram.com/thedogist/p/DCZrrDbx4ih/,https://www.instagram.com/p/DCZrrDbx4ih/,2026-06-19T22:18:33.040Z,53,63
583,DCXQcOyRXPx,reel,https://www.instagram.com/thedogist/reel/DCXQcOyRXPx/,https://www.instagram.com/reel/DCXQcOyRXPx/,2026-06-19T22:18:33.041Z,53,64
584,DCUrObWRbAH,reel,https://www.instagram.com/thedogist/reel/DCUrObWRbAH/,https://www.instagram.com/reel/DCUrObWRbAH/,2026-06-19T22:18:33.041Z,53,65
585,DCSFkNwxka1,reel,https://www.instagram.com/thedogist/reel/DCSFkNwxka1/,https://www.instagram.com/reel/DCSFkNwxka1/,2026-06-19T22:18:33.042Z,53,66
586,DCPlgw6xs_s,reel,https://www.instagram.com/thedogist/reel/DCPlgw6xs_s/,https://www.instagram.com/reel/DCPlgw6xs_s/,2026-06-19T22:18:33.042Z,53,67
587,DCM3bYaRlX8,p,https://www.instagram.com/thedogist/p/DCM3bYaRlX8/,https://www.instagram.com/p/DCM3bYaRlX8/,2026-06-19T22:18:33.043Z,53,68
588,DCKTwQIxzwA,reel,https://www.instagram.com/thedogist/reel/DCKTwQIxzwA/,https://www.instagram.com/reel/DCKTwQIxzwA/,2026-06-19T22:18:33.043Z,53,69
589,DCHryjpR1K2,p,https://www.instagram.com/thedogist/p/DCHryjpR1K2/,https://www.instagram.com/p/DCHryjpR1K2/,2026-06-19T22:18:34.671Z,54,60
590,DCFh6KJPnGs,reel,https://www.instagram.com/thedogist/reel/DCFh6KJPnGs/,https://www.instagram.com/reel/DCFh6KJPnGs/,2026-06-19T22:18:34.673Z,54,61
591,DCCsI06RP4D,reel,https://www.instagram.com/thedogist/reel/DCCsI06RP4D/,https://www.instagram.com/reel/DCCsI06RP4D/,2026-06-19T22:18:34.674Z,54,62
592,DCAB4kMR8aR,p,https://www.instagram.com/thedogist/p/DCAB4kMR8aR/,https://www.instagram.com/p/DCAB4kMR8aR/,2026-06-19T22:18:34.674Z,54,63
593,DB9qY0_x7zg,reel,https://www.instagram.com/thedogist/reel/DB9qY0_x7zg/,https://www.instagram.com/reel/DB9qY0_x7zg/,2026-06-19T22:18:34.675Z,54,64
594,DB7EJpnxvKg,reel,https://www.instagram.com/thedogist/reel/DB7EJpnxvKg/,https://www.instagram.com/reel/DB7EJpnxvKg/,2026-06-19T22:18:34.676Z,54,65
595,DB3_7HBxvYP,reel,https://www.instagram.com/thedogist/reel/DB3_7HBxvYP/,https://www.instagram.com/reel/DB3_7HBxvYP/,2026-06-19T22:18:34.676Z,54,66
596,DB1l3vjxqr_,reel,https://www.instagram.com/thedogist/reel/DB1l3vjxqr_/,https://www.instagram.com/reel/DB1l3vjxqr_/,2026-06-19T22:18:34.677Z,54,67
597,DBzK-tBx_q5,reel,https://www.instagram.com/thedogist/reel/DBzK-tBx_q5/,https://www.instagram.com/reel/DBzK-tBx_q5/,2026-06-19T22:18:34.677Z,54,68
598,DBywEAMx3wh,reel,https://www.instagram.com/thedogist/reel/DBywEAMx3wh/,https://www.instagram.com/reel/DBywEAMx3wh/,2026-06-19T22:18:34.677Z,54,69
599,DBwc6OsxgeR,reel,https://www.instagram.com/thedogist/reel/DBwc6OsxgeR/,https://www.instagram.com/reel/DBwc6OsxgeR/,2026-06-19T22:18:34.678Z,54,70
600,DBuBib5RcZd,reel,https://www.instagram.com/thedogist/reel/DBuBib5RcZd/,https://www.instagram.com/reel/DBuBib5RcZd/,2026-06-19T22:18:34.678Z,54,71
601,DBrIuR3xcOY,reel,https://www.instagram.com/thedogist/reel/DBrIuR3xcOY/,https://www.instagram.com/reel/DBrIuR3xcOY/,2026-06-19T22:18:36.307Z,55,62
602,DBo-aHTRVHB,reel,https://www.instagram.com/thedogist/reel/DBo-aHTRVHB/,https://www.instagram.com/reel/DBo-aHTRVHB/,2026-06-19T22:18:36.309Z,55,63
603,DBmRDRFRhnw,reel,https://www.instagram.com/thedogist/reel/DBmRDRFRhnw/,https://www.instagram.com/reel/DBmRDRFRhnw/,2026-06-19T22:18:36.309Z,55,64
604,DBjlOkHx_R8,reel,https://www.instagram.com/thedogist/reel/DBjlOkHx_R8/,https://www.instagram.com/reel/DBjlOkHx_R8/,2026-06-19T22:18:36.310Z,55,65
605,DBeYo4gRLlg,reel,https://www.instagram.com/thedogist/reel/DBeYo4gRLlg/,https://www.instagram.com/reel/DBeYo4gRLlg/,2026-06-19T22:18:36.311Z,55,66
606,DBcBByfROfM,reel,https://www.instagram.com/thedogist/reel/DBcBByfROfM/,https://www.instagram.com/reel/DBcBByfROfM/,2026-06-19T22:18:36.311Z,55,67
607,DBZb189RE-t,reel,https://www.instagram.com/thedogist/reel/DBZb189RE-t/,https://www.instagram.com/reel/DBZb189RE-t/,2026-06-19T22:18:36.312Z,55,68
608,DBWw0gdRLL9,reel,https://www.instagram.com/thedogist/reel/DBWw0gdRLL9/,https://www.instagram.com/reel/DBWw0gdRLL9/,2026-06-19T22:18:36.312Z,55,69
609,DBUGHXsx4JH,reel,https://www.instagram.com/thedogist/reel/DBUGHXsx4JH/,https://www.instagram.com/reel/DBUGHXsx4JH/,2026-06-19T22:18:36.313Z,55,70
610,DBRwH4ER2z4,reel,https://www.instagram.com/thedogist/reel/DBRwH4ER2z4/,https://www.instagram.com/reel/DBRwH4ER2z4/,2026-06-19T22:18:36.313Z,55,71
611,DBPXyEvPRgz,p,https://www.instagram.com/pac_nyc/p/DBPXyEvPRgz/,https://www.instagram.com/p/DBPXyEvPRgz/,2026-06-19T22:18:36.314Z,55,72
612,DBO_uXbRMoQ,reel,https://www.instagram.com/thedogist/reel/DBO_uXbRMoQ/,https://www.instagram.com/reel/DBO_uXbRMoQ/,2026-06-19T22:18:36.314Z,55,73
613,DBMR5sBxjbL,reel,https://www.instagram.com/thedogist/reel/DBMR5sBxjbL/,https://www.instagram.com/reel/DBMR5sBxjbL/,2026-06-19T22:18:37.941Z,56,59
614,DBJ20ZLx_Id,reel,https://www.instagram.com/thedogist/reel/DBJ20ZLx_Id/,https://www.instagram.com/reel/DBJ20ZLx_Id/,2026-06-19T22:18:37.943Z,56,60
615,DBEtZWfxSro,reel,https://www.instagram.com/thedogist/reel/DBEtZWfxSro/,https://www.instagram.com/reel/DBEtZWfxSro/,2026-06-19T22:18:37.944Z,56,61
616,DBCCD7gRsHz,reel,https://www.instagram.com/thedogist/reel/DBCCD7gRsHz/,https://www.instagram.com/reel/DBCCD7gRsHz/,2026-06-19T22:18:37.944Z,56,62
617,DA_1Y-_R-kE,reel,https://www.instagram.com/thedogist/reel/DA_1Y-_R-kE/,https://www.instagram.com/reel/DA_1Y-_R-kE/,2026-06-19T22:18:37.945Z,56,63
618,DA9MlcoRZzp,reel,https://www.instagram.com/thedogist/reel/DA9MlcoRZzp/,https://www.instagram.com/reel/DA9MlcoRZzp/,2026-06-19T22:18:37.945Z,56,64
619,DA6auonxddH,reel,https://www.instagram.com/thedogist/reel/DA6auonxddH/,https://www.instagram.com/reel/DA6auonxddH/,2026-06-19T22:18:37.946Z,56,65
620,DA3jm9QRK_O,reel,https://www.instagram.com/thedogist/reel/DA3jm9QRK_O/,https://www.instagram.com/reel/DA3jm9QRK_O/,2026-06-19T22:18:37.947Z,56,66
621,DA1VRq2xHWi,reel,https://www.instagram.com/thedogist/reel/DA1VRq2xHWi/,https://www.instagram.com/reel/DA1VRq2xHWi/,2026-06-19T22:18:37.947Z,56,67
622,DAy3qZCR8wM,reel,https://www.instagram.com/thedogist/reel/DAy3qZCR8wM/,https://www.instagram.com/reel/DAy3qZCR8wM/,2026-06-19T22:18:37.948Z,56,68
623,DAwH-5yxWsu,reel,https://www.instagram.com/thedogist/reel/DAwH-5yxWsu/,https://www.instagram.com/reel/DAwH-5yxWsu/,2026-06-19T22:18:37.948Z,56,69
624,DAttAtXxVdv,reel,https://www.instagram.com/thedogist/reel/DAttAtXxVdv/,https://www.instagram.com/reel/DAttAtXxVdv/,2026-06-19T22:18:37.948Z,56,70
625,DAq6T29R052,reel,https://www.instagram.com/thedogist/reel/DAq6T29R052/,https://www.instagram.com/reel/DAq6T29R052/,2026-06-19T22:18:39.577Z,57,61
626,DAodARaxY0D,reel,https://www.instagram.com/thedogist/reel/DAodARaxY0D/,https://www.instagram.com/reel/DAodARaxY0D/,2026-06-19T22:18:39.579Z,57,62
627,DAlzmu0x54D,reel,https://www.instagram.com/thedogist/reel/DAlzmu0x54D/,https://www.instagram.com/reel/DAlzmu0x54D/,2026-06-19T22:18:39.579Z,57,63
628,DAjVu2oRb2k,reel,https://www.instagram.com/thedogist/reel/DAjVu2oRb2k/,https://www.instagram.com/reel/DAjVu2oRb2k/,2026-06-19T22:18:39.580Z,57,64
629,DAgvRCRRG0J,reel,https://www.instagram.com/thedogist/reel/DAgvRCRRG0J/,https://www.instagram.com/reel/DAgvRCRRG0J/,2026-06-19T22:18:39.581Z,57,65
630,DAeCAp5x-KF,reel,https://www.instagram.com/thedogist/reel/DAeCAp5x-KF/,https://www.instagram.com/reel/DAeCAp5x-KF/,2026-06-19T22:18:39.581Z,57,66
631,DAbgYtWRDEa,reel,https://www.instagram.com/thedogist/reel/DAbgYtWRDEa/,https://www.instagram.com/reel/DAbgYtWRDEa/,2026-06-19T22:18:39.582Z,57,67
632,DAZGGbKRWcq,reel,https://www.instagram.com/thedogist/reel/DAZGGbKRWcq/,https://www.instagram.com/reel/DAZGGbKRWcq/,2026-06-19T22:18:39.582Z,57,68
633,DAW-woCx_Ng,reel,https://www.instagram.com/thedogist/reel/DAW-woCx_Ng/,https://www.instagram.com/reel/DAW-woCx_Ng/,2026-06-19T22:18:39.583Z,57,69
634,DAUIMB8xVzR,reel,https://www.instagram.com/thedogist/reel/DAUIMB8xVzR/,https://www.instagram.com/reel/DAUIMB8xVzR/,2026-06-19T22:18:39.583Z,57,70
635,DARsN9ox6hc,reel,https://www.instagram.com/thedogist/reel/DARsN9ox6hc/,https://www.instagram.com/reel/DARsN9ox6hc/,2026-06-19T22:18:39.584Z,57,71
636,DAO9wsYxEYc,reel,https://www.instagram.com/thedogist/reel/DAO9wsYxEYc/,https://www.instagram.com/reel/DAO9wsYxEYc/,2026-06-19T22:18:39.584Z,57,72
637,DAMTwIsxbkA,reel,https://www.instagram.com/thedogist/reel/DAMTwIsxbkA/,https://www.instagram.com/reel/DAMTwIsxbkA/,2026-06-19T22:18:41.212Z,58,58
638,DAJiQuhxGcS,reel,https://www.instagram.com/thedogist/reel/DAJiQuhxGcS/,https://www.instagram.com/reel/DAJiQuhxGcS/,2026-06-19T22:18:41.212Z,58,59
639,DAG8ridxf1l,reel,https://www.instagram.com/thedogist/reel/DAG8ridxf1l/,https://www.instagram.com/reel/DAG8ridxf1l/,2026-06-19T22:18:41.213Z,58,60
640,DAEfqDERHNV,reel,https://www.instagram.com/thedogist/reel/DAEfqDERHNV/,https://www.instagram.com/reel/DAEfqDERHNV/,2026-06-19T22:18:41.213Z,58,61
641,C__CozSx0C7,p,https://www.instagram.com/thedogist/p/C__CozSx0C7/,https://www.instagram.com/p/C__CozSx0C7/,2026-06-19T22:18:41.213Z,58,62
642,C_8ofhdx_0M,reel,https://www.instagram.com/thedogist/reel/C_8ofhdx_0M/,https://www.instagram.com/reel/C_8ofhdx_0M/,2026-06-19T22:18:41.214Z,58,63
643,C_59I8IRPin,reel,https://www.instagram.com/thedogist/reel/C_59I8IRPin/,https://www.instagram.com/reel/C_59I8IRPin/,2026-06-19T22:18:41.214Z,58,64
644,C_3WaNWvyg9,reel,https://www.instagram.com/thedogist/reel/C_3WaNWvyg9/,https://www.instagram.com/reel/C_3WaNWvyg9/,2026-06-19T22:18:41.215Z,58,65
645,C_0xvoYxmMD,reel,https://www.instagram.com/thedogist/reel/C_0xvoYxmMD/,https://www.instagram.com/reel/C_0xvoYxmMD/,2026-06-19T22:18:41.215Z,58,66
646,C_yRcqdx3Z5,reel,https://www.instagram.com/thedogist/reel/C_yRcqdx3Z5/,https://www.instagram.com/reel/C_yRcqdx3Z5/,2026-06-19T22:18:41.215Z,58,67
647,C_wJtg7xmA9,reel,https://www.instagram.com/thedogist/reel/C_wJtg7xmA9/,https://www.instagram.com/reel/C_wJtg7xmA9/,2026-06-19T22:18:41.216Z,58,68
648,C_tNd5HRZV0,reel,https://www.instagram.com/thedogist/reel/C_tNd5HRZV0/,https://www.instagram.com/reel/C_tNd5HRZV0/,2026-06-19T22:18:41.216Z,58,69
649,C_qiNEzRLpF,reel,https://www.instagram.com/thedogist/reel/C_qiNEzRLpF/,https://www.instagram.com/reel/C_qiNEzRLpF/,2026-06-19T22:18:42.842Z,59,60
650,C_nx0o8x0vE,reel,https://www.instagram.com/thedogist/reel/C_nx0o8x0vE/,https://www.instagram.com/reel/C_nx0o8x0vE/,2026-06-19T22:18:42.843Z,59,61
651,C_lIyzfRQg9,reel,https://www.instagram.com/thedogist/reel/C_lIyzfRQg9/,https://www.instagram.com/reel/C_lIyzfRQg9/,2026-06-19T22:18:42.844Z,59,62
652,C_jC4JNRcOK,reel,https://www.instagram.com/thedogist/reel/C_jC4JNRcOK/,https://www.instagram.com/reel/C_jC4JNRcOK/,2026-06-19T22:18:42.845Z,59,63
653,C_gpzWnRUII,reel,https://www.instagram.com/thedogist/reel/C_gpzWnRUII/,https://www.instagram.com/reel/C_gpzWnRUII/,2026-06-19T22:18:42.845Z,59,64
654,C_d2MwlxYah,reel,https://www.instagram.com/thedogist/reel/C_d2MwlxYah/,https://www.instagram.com/reel/C_d2MwlxYah/,2026-06-19T22:18:42.846Z,59,65
655,C_bHam2xpY3,reel,https://www.instagram.com/thedogist/reel/C_bHam2xpY3/,https://www.instagram.com/reel/C_bHam2xpY3/,2026-06-19T22:18:42.846Z,59,66
656,C_YtUy0xdKf,reel,https://www.instagram.com/thedogist/reel/C_YtUy0xdKf/,https://www.instagram.com/reel/C_YtUy0xdKf/,2026-06-19T22:18:42.847Z,59,67
657,C_V1qpZRLbv,reel,https://www.instagram.com/thedogist/reel/C_V1qpZRLbv/,https://www.instagram.com/reel/C_V1qpZRLbv/,2026-06-19T22:18:42.847Z,59,68
658,C_TWi9rRs6m,reel,https://www.instagram.com/thedogist/reel/C_TWi9rRs6m/,https://www.instagram.com/reel/C_TWi9rRs6m/,2026-06-19T22:18:42.848Z,59,69
659,C_OZwEvx7fL,reel,https://www.instagram.com/thedogist/reel/C_OZwEvx7fL/,https://www.instagram.com/reel/C_OZwEvx7fL/,2026-06-19T22:18:42.848Z,59,70
660,C_LuxckxW2F,reel,https://www.instagram.com/thedogist/reel/C_LuxckxW2F/,https://www.instagram.com/reel/C_LuxckxW2F/,2026-06-19T22:18:42.849Z,59,71
661,C_JF7KlxwqX,reel,https://www.instagram.com/thedogist/reel/C_JF7KlxwqX/,https://www.instagram.com/reel/C_JF7KlxwqX/,2026-06-19T22:18:44.476Z,60,62
662,C_GUWDYx4CL,reel,https://www.instagram.com/thedogist/reel/C_GUWDYx4CL/,https://www.instagram.com/reel/C_GUWDYx4CL/,2026-06-19T22:18:44.477Z,60,63
663,C_EBFQ_RTuE,reel,https://www.instagram.com/thedogist/reel/C_EBFQ_RTuE/,https://www.instagram.com/reel/C_EBFQ_RTuE/,2026-06-19T22:18:44.477Z,60,64
664,C_Bin0QRS2X,reel,https://www.instagram.com/thedogist/reel/C_Bin0QRS2X/,https://www.instagram.com/reel/C_Bin0QRS2X/,2026-06-19T22:18:44.477Z,60,65
665,C--2gAKxKde,reel,https://www.instagram.com/thedogist/reel/C--2gAKxKde/,https://www.instagram.com/reel/C--2gAKxKde/,2026-06-19T22:18:44.477Z,60,66
666,C-8MyDYP_e5,reel,https://www.instagram.com/thedogist/reel/C-8MyDYP_e5/,https://www.instagram.com/reel/C-8MyDYP_e5/,2026-06-19T22:18:44.478Z,60,67
667,C-51er9xS_o,reel,https://www.instagram.com/thedogist/reel/C-51er9xS_o/,https://www.instagram.com/reel/C-51er9xS_o/,2026-06-19T22:18:44.478Z,60,68
668,C-3eby7xx9a,reel,https://www.instagram.com/thedogist/reel/C-3eby7xx9a/,https://www.instagram.com/reel/C-3eby7xx9a/,2026-06-19T22:18:44.478Z,60,69
669,C-0dKCQxgQL,reel,https://www.instagram.com/thedogist/reel/C-0dKCQxgQL/,https://www.instagram.com/reel/C-0dKCQxgQL/,2026-06-19T22:18:44.478Z,60,70
670,C-x5C3ovqHr,reel,https://www.instagram.com/thedogist/reel/C-x5C3ovqHr/,https://www.instagram.com/reel/C-x5C3ovqHr/,2026-06-19T22:18:44.478Z,60,71
671,C-vhw-kSe_8,reel,https://www.instagram.com/thedogist/reel/C-vhw-kSe_8/,https://www.instagram.com/reel/C-vhw-kSe_8/,2026-06-19T22:18:44.479Z,60,72
672,C-sx7PovfgK,reel,https://www.instagram.com/thedogist/reel/C-sx7PovfgK/,https://www.instagram.com/reel/C-sx7PovfgK/,2026-06-19T22:18:44.479Z,60,73
673,C-qHS2tx9ei,reel,https://www.instagram.com/thedogist/reel/C-qHS2tx9ei/,https://www.instagram.com/reel/C-qHS2tx9ei/,2026-06-19T22:18:46.098Z,61,59
674,C-n-w4Cxbv1,reel,https://www.instagram.com/thedogist/reel/C-n-w4Cxbv1/,https://www.instagram.com/reel/C-n-w4Cxbv1/,2026-06-19T22:18:46.099Z,61,60
675,C-lM0j3RblT,reel,https://www.instagram.com/thedogist/reel/C-lM0j3RblT/,https://www.instagram.com/reel/C-lM0j3RblT/,2026-06-19T22:18:46.099Z,61,61
676,C-iuS7mx6nb,reel,https://www.instagram.com/thedogist/reel/C-iuS7mx6nb/,https://www.instagram.com/reel/C-iuS7mx6nb/,2026-06-19T22:18:46.100Z,61,62
677,C-fwPiART4u,reel,https://www.instagram.com/thedogist/reel/C-fwPiART4u/,https://www.instagram.com/reel/C-fwPiART4u/,2026-06-19T22:18:46.100Z,61,63
678,C-dt1yaRCIT,reel,https://www.instagram.com/thedogist/reel/C-dt1yaRCIT/,https://www.instagram.com/reel/C-dt1yaRCIT/,2026-06-19T22:18:46.100Z,61,64
679,C-a319Cxgue,reel,https://www.instagram.com/thedogist/reel/C-a319Cxgue/,https://www.instagram.com/reel/C-a319Cxgue/,2026-06-19T22:18:46.101Z,61,65
680,C-YpGarRhFl,reel,https://www.instagram.com/thedogist/reel/C-YpGarRhFl/,https://www.instagram.com/reel/C-YpGarRhFl/,2026-06-19T22:18:46.101Z,61,66
681,C-TaEyyRS6O,reel,https://www.instagram.com/thedogist/reel/C-TaEyyRS6O/,https://www.instagram.com/reel/C-TaEyyRS6O/,2026-06-19T22:18:46.101Z,61,67
682,C-QfCuRRMoV,reel,https://www.instagram.com/thedogist/reel/C-QfCuRRMoV/,https://www.instagram.com/reel/C-QfCuRRMoV/,2026-06-19T22:18:46.102Z,61,68
683,C-OGDJWRG9T,reel,https://www.instagram.com/thedogist/reel/C-OGDJWRG9T/,https://www.instagram.com/reel/C-OGDJWRG9T/,2026-06-19T22:18:46.102Z,61,69
684,C-LniWxRgPk,reel,https://www.instagram.com/thedogist/reel/C-LniWxRgPk/,https://www.instagram.com/reel/C-LniWxRgPk/,2026-06-19T22:18:46.102Z,61,70
685,C-IvOlqxOzi,reel,https://www.instagram.com/thedogist/reel/C-IvOlqxOzi/,https://www.instagram.com/reel/C-IvOlqxOzi/,2026-06-19T22:18:47.730Z,62,61
686,C-GK39GRdeG,reel,https://www.instagram.com/thedogist/reel/C-GK39GRdeG/,https://www.instagram.com/reel/C-GK39GRdeG/,2026-06-19T22:18:47.731Z,62,62
687,C-DrvT7Rs2a,reel,https://www.instagram.com/thedogist/reel/C-DrvT7Rs2a/,https://www.instagram.com/reel/C-DrvT7Rs2a/,2026-06-19T22:18:47.732Z,62,63
688,C-BMIxwxPo6,reel,https://www.instagram.com/thedogist/reel/C-BMIxwxPo6/,https://www.instagram.com/reel/C-BMIxwxPo6/,2026-06-19T22:18:47.733Z,62,64
689,C9-xG0-RHTm,reel,https://www.instagram.com/thedogist/reel/C9-xG0-RHTm/,https://www.instagram.com/reel/C9-xG0-RHTm/,2026-06-19T22:18:47.733Z,62,65
690,C98QGhGxW6-,reel,https://www.instagram.com/thedogist/reel/C98QGhGxW6-/,https://www.instagram.com/reel/C98QGhGxW6-/,2026-06-19T22:18:47.734Z,62,66
691,C95rHKAxmKE,reel,https://www.instagram.com/thedogist/reel/C95rHKAxmKE/,https://www.instagram.com/reel/C95rHKAxmKE/,2026-06-19T22:18:47.734Z,62,67
692,C90GgXdRGL9,reel,https://www.instagram.com/thedogist/reel/C90GgXdRGL9/,https://www.instagram.com/reel/C90GgXdRGL9/,2026-06-19T22:18:47.735Z,62,68
693,C9xi2RHxhb4,reel,https://www.instagram.com/thedogist/reel/C9xi2RHxhb4/,https://www.instagram.com/reel/C9xi2RHxhb4/,2026-06-19T22:18:47.735Z,62,69
694,C9u7B62xLN6,reel,https://www.instagram.com/thedogist/reel/C9u7B62xLN6/,https://www.instagram.com/reel/C9u7B62xLN6/,2026-06-19T22:18:47.736Z,62,70
695,C9sr6xFRXlb,reel,https://www.instagram.com/thedogist/reel/C9sr6xFRXlb/,https://www.instagram.com/reel/C9sr6xFRXlb/,2026-06-19T22:18:47.736Z,62,71
696,C9pikS_Rail,reel,https://www.instagram.com/thedogist/reel/C9pikS_Rail/,https://www.instagram.com/reel/C9pikS_Rail/,2026-06-19T22:18:47.737Z,62,72
697,C9nMhVdxa9j,reel,https://www.instagram.com/thedogist/reel/C9nMhVdxa9j/,https://www.instagram.com/reel/C9nMhVdxa9j/,2026-06-19T22:18:49.367Z,63,58
698,C9k1L9MRkMC,reel,https://www.instagram.com/thedogist/reel/C9k1L9MRkMC/,https://www.instagram.com/reel/C9k1L9MRkMC/,2026-06-19T22:18:49.368Z,63,59
699,C9f9EEXxlL6,reel,https://www.instagram.com/thedogist/reel/C9f9EEXxlL6/,https://www.instagram.com/reel/C9f9EEXxlL6/,2026-06-19T22:18:49.368Z,63,60
700,C9c73M2RVNJ,reel,https://www.instagram.com/thedogist/reel/C9c73M2RVNJ/,https://www.instagram.com/reel/C9c73M2RVNJ/,2026-06-19T22:18:49.369Z,63,61
701,C9akKGtR3RF,reel,https://www.instagram.com/thedogist/reel/C9akKGtR3RF/,https://www.instagram.com/reel/C9akKGtR3RF/,2026-06-19T22:18:49.369Z,63,62
702,C9X3xaPRxqK,reel,https://www.instagram.com/thedogist/reel/C9X3xaPRxqK/,https://www.instagram.com/reel/C9X3xaPRxqK/,2026-06-19T22:18:49.370Z,63,63
703,C9VfrHgxx3O,reel,https://www.instagram.com/thedogist/reel/C9VfrHgxx3O/,https://www.instagram.com/reel/C9VfrHgxx3O/,2026-06-19T22:18:49.370Z,63,64
704,C9SqVpmRFKN,reel,https://www.instagram.com/thedogist/reel/C9SqVpmRFKN/,https://www.instagram.com/reel/C9SqVpmRFKN/,2026-06-19T22:18:49.370Z,63,65
705,C9QO52TRkVB,reel,https://www.instagram.com/thedogist/reel/C9QO52TRkVB/,https://www.instagram.com/reel/C9QO52TRkVB/,2026-06-19T22:18:49.371Z,63,66
706,C9N9RtfRbsW,p,https://www.instagram.com/thedogist/p/C9N9RtfRbsW/,https://www.instagram.com/p/C9N9RtfRbsW/,2026-06-19T22:18:49.371Z,63,67
707,C9Na9GbRiJ2,reel,https://www.instagram.com/thedogist/reel/C9Na9GbRiJ2/,https://www.instagram.com/reel/C9Na9GbRiJ2/,2026-06-19T22:18:49.372Z,63,68
708,C9LCinvRjwD,reel,https://www.instagram.com/thedogist/reel/C9LCinvRjwD/,https://www.instagram.com/reel/C9LCinvRjwD/,2026-06-19T22:18:49.372Z,63,69
709,C9IfIfqxEnp,reel,https://www.instagram.com/thedogist/reel/C9IfIfqxEnp/,https://www.instagram.com/reel/C9IfIfqxEnp/,2026-06-19T22:18:50.998Z,64,60
710,C9FvCY1uWBB,reel,https://www.instagram.com/thedogist/reel/C9FvCY1uWBB/,https://www.instagram.com/reel/C9FvCY1uWBB/,2026-06-19T22:18:50.998Z,64,61
711,C9DXqaOR8mB,reel,https://www.instagram.com/thedogist/reel/C9DXqaOR8mB/,https://www.instagram.com/reel/C9DXqaOR8mB/,2026-06-19T22:18:50.998Z,64,62
712,C9AS0uiRBoW,reel,https://www.instagram.com/thedogist/reel/C9AS0uiRBoW/,https://www.instagram.com/reel/C9AS0uiRBoW/,2026-06-19T22:18:50.999Z,64,63
713,C8-AJ6tRMVk,reel,https://www.instagram.com/thedogist/reel/C8-AJ6tRMVk/,https://www.instagram.com/reel/C8-AJ6tRMVk/,2026-06-19T22:18:50.999Z,64,64
714,C871oHVRscZ,reel,https://www.instagram.com/thedogist/reel/C871oHVRscZ/,https://www.instagram.com/reel/C871oHVRscZ/,2026-06-19T22:18:50.999Z,64,65
715,C849HG3x5qE,reel,https://www.instagram.com/thedogist/reel/C849HG3x5qE/,https://www.instagram.com/reel/C849HG3x5qE/,2026-06-19T22:18:50.999Z,64,66
716,C82RH-eR5xi,reel,https://www.instagram.com/thedogist/reel/C82RH-eR5xi/,https://www.instagram.com/reel/C82RH-eR5xi/,2026-06-19T22:18:50.999Z,64,67
717,C8zn5KgRCji,reel,https://www.instagram.com/thedogist/reel/C8zn5KgRCji/,https://www.instagram.com/reel/C8zn5KgRCji/,2026-06-19T22:18:50.999Z,64,68
718,C8xjyZHxeMz,reel,https://www.instagram.com/thedogist/reel/C8xjyZHxeMz/,https://www.instagram.com/reel/C8xjyZHxeMz/,2026-06-19T22:18:51.000Z,64,69
719,C8un5sYRW1M,reel,https://www.instagram.com/thedogist/reel/C8un5sYRW1M/,https://www.instagram.com/reel/C8un5sYRW1M/,2026-06-19T22:18:51.000Z,64,70
720,C8sMFjYRQx2,reel,https://www.instagram.com/thedogist/reel/C8sMFjYRQx2/,https://www.instagram.com/reel/C8sMFjYRQx2/,2026-06-19T22:18:51.000Z,64,71
721,C8piVyyxwe5,reel,https://www.instagram.com/thedogist/reel/C8piVyyxwe5/,https://www.instagram.com/reel/C8piVyyxwe5/,2026-06-19T22:18:52.622Z,65,62
722,C8mqnxeR2kO,reel,https://www.instagram.com/thedogist/reel/C8mqnxeR2kO/,https://www.instagram.com/reel/C8mqnxeR2kO/,2026-06-19T22:18:52.624Z,65,63
723,C8hl-VJR1G0,reel,https://www.instagram.com/thedogist/reel/C8hl-VJR1G0/,https://www.instagram.com/reel/C8hl-VJR1G0/,2026-06-19T22:18:52.625Z,65,64
724,C8fS9zmxpuY,reel,https://www.instagram.com/thedogist/reel/C8fS9zmxpuY/,https://www.instagram.com/reel/C8fS9zmxpuY/,2026-06-19T22:18:52.625Z,65,65
725,C8e7Je0R4Uz,reel,https://www.instagram.com/thedogist/reel/C8e7Je0R4Uz/,https://www.instagram.com/reel/C8e7Je0R4Uz/,2026-06-19T22:18:52.626Z,65,66
726,C8c6pagRfu1,p,https://www.instagram.com/thedogist/p/C8c6pagRfu1/,https://www.instagram.com/p/C8c6pagRfu1/,2026-06-19T22:18:52.626Z,65,67
727,C8aW5axRj8Q,reel,https://www.instagram.com/thedogist/reel/C8aW5axRj8Q/,https://www.instagram.com/reel/C8aW5axRj8Q/,2026-06-19T22:18:52.627Z,65,68
728,C8Xi97SxhMq,reel,https://www.instagram.com/thedogist/reel/C8Xi97SxhMq/,https://www.instagram.com/reel/C8Xi97SxhMq/,2026-06-19T22:18:52.627Z,65,69
729,C8SgsKQx-Yu,reel,https://www.instagram.com/thedogist/reel/C8SgsKQx-Yu/,https://www.instagram.com/reel/C8SgsKQx-Yu/,2026-06-19T22:18:52.628Z,65,70
730,C8P06OuxlDT,reel,https://www.instagram.com/thedogist/reel/C8P06OuxlDT/,https://www.instagram.com/reel/C8P06OuxlDT/,2026-06-19T22:18:52.628Z,65,71
731,C8NXE-1Rd9z,reel,https://www.instagram.com/thedogist/reel/C8NXE-1Rd9z/,https://www.instagram.com/reel/C8NXE-1Rd9z/,2026-06-19T22:18:52.629Z,65,72
732,C8KeolVRWOj,reel,https://www.instagram.com/thedogist/reel/C8KeolVRWOj/,https://www.instagram.com/reel/C8KeolVRWOj/,2026-06-19T22:18:52.629Z,65,73
733,C8FcwfIxmvk,reel,https://www.instagram.com/thedogist/reel/C8FcwfIxmvk/,https://www.instagram.com/reel/C8FcwfIxmvk/,2026-06-19T22:18:54.262Z,66,59
734,C8DHr2Kxzj7,reel,https://www.instagram.com/thedogist/reel/C8DHr2Kxzj7/,https://www.instagram.com/reel/C8DHr2Kxzj7/,2026-06-19T22:18:54.264Z,66,60
735,C8AV6k5RC0F,reel,https://www.instagram.com/thedogist/reel/C8AV6k5RC0F/,https://www.instagram.com/reel/C8AV6k5RC0F/,2026-06-19T22:18:54.264Z,66,61
736,C79p6FAxsbR,reel,https://www.instagram.com/thedogist/reel/C79p6FAxsbR/,https://www.instagram.com/reel/C79p6FAxsbR/,2026-06-19T22:18:54.265Z,66,62
737,C77RmP9xBw9,reel,https://www.instagram.com/thedogist/reel/C77RmP9xBw9/,https://www.instagram.com/reel/C77RmP9xBw9/,2026-06-19T22:18:54.271Z,66,63
738,C74xX-zxmVN,reel,https://www.instagram.com/thedogist/reel/C74xX-zxmVN/,https://www.instagram.com/reel/C74xX-zxmVN/,2026-06-19T22:18:54.272Z,66,64
739,C72Hh3Uxpfn,reel,https://www.instagram.com/thedogist/reel/C72Hh3Uxpfn/,https://www.instagram.com/reel/C72Hh3Uxpfn/,2026-06-19T22:18:54.272Z,66,65
740,C7zk3ngRqmG,reel,https://www.instagram.com/thedogist/reel/C7zk3ngRqmG/,https://www.instagram.com/reel/C7zk3ngRqmG/,2026-06-19T22:18:54.273Z,66,66
741,C7xEpbmRJjG,reel,https://www.instagram.com/thedogist/reel/C7xEpbmRJjG/,https://www.instagram.com/reel/C7xEpbmRJjG/,2026-06-19T22:18:54.274Z,66,67
742,C7uBEkJxF_Y,reel,https://www.instagram.com/thedogist/reel/C7uBEkJxF_Y/,https://www.instagram.com/reel/C7uBEkJxF_Y/,2026-06-19T22:18:54.274Z,66,68
743,C7rfA2lRSvc,reel,https://www.instagram.com/thedogist/reel/C7rfA2lRSvc/,https://www.instagram.com/reel/C7rfA2lRSvc/,2026-06-19T22:18:54.274Z,66,69
744,C7pHB-Xxd-S,reel,https://www.instagram.com/thedogist/reel/C7pHB-Xxd-S/,https://www.instagram.com/reel/C7pHB-Xxd-S/,2026-06-19T22:18:54.275Z,66,70
745,C7msbisxF0J,reel,https://www.instagram.com/thedogist/reel/C7msbisxF0J/,https://www.instagram.com/reel/C7msbisxF0J/,2026-06-19T22:18:55.909Z,67,61
746,C7kHzoXR5n2,reel,https://www.instagram.com/thedogist/reel/C7kHzoXR5n2/,https://www.instagram.com/reel/C7kHzoXR5n2/,2026-06-19T22:18:55.911Z,67,62
747,C7hf5dsxps0,reel,https://www.instagram.com/thedogist/reel/C7hf5dsxps0/,https://www.instagram.com/reel/C7hf5dsxps0/,2026-06-19T22:18:55.911Z,67,63
748,C7fFsuzxBqN,reel,https://www.instagram.com/thedogist/reel/C7fFsuzxBqN/,https://www.instagram.com/reel/C7fFsuzxBqN/,2026-06-19T22:18:55.912Z,67,64
749,C7cVWHqx9-G,reel,https://www.instagram.com/thedogist/reel/C7cVWHqx9-G/,https://www.instagram.com/reel/C7cVWHqx9-G/,2026-06-19T22:18:55.913Z,67,65
750,C7Zls2VxXFj,reel,https://www.instagram.com/thedogist/reel/C7Zls2VxXFj/,https://www.instagram.com/reel/C7Zls2VxXFj/,2026-06-19T22:18:55.913Z,67,66
751,C7XHdQWRhOU,reel,https://www.instagram.com/thedogist/reel/C7XHdQWRhOU/,https://www.instagram.com/reel/C7XHdQWRhOU/,2026-06-19T22:18:55.914Z,67,67
752,C7UxAZ3RRLq,p,https://www.instagram.com/thedogist/p/C7UxAZ3RRLq/,https://www.instagram.com/p/C7UxAZ3RRLq/,2026-06-19T22:18:55.914Z,67,68
753,C7UMqOHxmMc,reel,https://www.instagram.com/thedogist/reel/C7UMqOHxmMc/,https://www.instagram.com/reel/C7UMqOHxmMc/,2026-06-19T22:18:55.915Z,67,69
754,C7SIXQhRaU8,reel,https://www.instagram.com/thedogist/reel/C7SIXQhRaU8/,https://www.instagram.com/reel/C7SIXQhRaU8/,2026-06-19T22:18:55.915Z,67,70
755,C7PnziZxrWh,reel,https://www.instagram.com/thedogist/reel/C7PnziZxrWh/,https://www.instagram.com/reel/C7PnziZxrWh/,2026-06-19T22:18:55.916Z,67,71
756,C7NCmLyxCYk,reel,https://www.instagram.com/thedogist/reel/C7NCmLyxCYk/,https://www.instagram.com/reel/C7NCmLyxCYk/,2026-06-19T22:18:55.916Z,67,72
757,C7KbFkyxu6t,reel,https://www.instagram.com/thedogist/reel/C7KbFkyxu6t/,https://www.instagram.com/reel/C7KbFkyxu6t/,2026-06-19T22:18:57.548Z,68,58
758,C7HzX6vxmEN,reel,https://www.instagram.com/thedogist/reel/C7HzX6vxmEN/,https://www.instagram.com/reel/C7HzX6vxmEN/,2026-06-19T22:18:57.550Z,68,59
759,C7FI5QVxEWu,reel,https://www.instagram.com/thedogist/reel/C7FI5QVxEWu/,https://www.instagram.com/reel/C7FI5QVxEWu/,2026-06-19T22:18:57.550Z,68,60
760,C7DCJn4r4BJ,reel,https://www.instagram.com/thedogist/reel/C7DCJn4r4BJ/,https://www.instagram.com/reel/C7DCJn4r4BJ/,2026-06-19T22:18:57.551Z,68,61
761,C7ADLVsxExn,reel,https://www.instagram.com/thedogist/reel/C7ADLVsxExn/,https://www.instagram.com/reel/C7ADLVsxExn/,2026-06-19T22:18:57.551Z,68,62
762,C69hpm7R0Qr,reel,https://www.instagram.com/thedogist/reel/C69hpm7R0Qr/,https://www.instagram.com/reel/C69hpm7R0Qr/,2026-06-19T22:18:57.552Z,68,63
763,C66sIC-L_th,reel,https://www.instagram.com/thedogist/reel/C66sIC-L_th/,https://www.instagram.com/reel/C66sIC-L_th/,2026-06-19T22:18:57.553Z,68,64
764,C64bsGpRxXd,p,https://www.instagram.com/thedogist/p/C64bsGpRxXd/,https://www.instagram.com/p/C64bsGpRxXd/,2026-06-19T22:18:57.553Z,68,65
765,C61hsXRL1Nu,reel,https://www.instagram.com/thedogist/reel/C61hsXRL1Nu/,https://www.instagram.com/reel/C61hsXRL1Nu/,2026-06-19T22:18:57.554Z,68,66
766,C6zWOX9Rjqn,reel,https://www.instagram.com/thedogist/reel/C6zWOX9Rjqn/,https://www.instagram.com/reel/C6zWOX9Rjqn/,2026-06-19T22:18:57.554Z,68,67
767,C6war16LdnB,reel,https://www.instagram.com/thedogist/reel/C6war16LdnB/,https://www.instagram.com/reel/C6war16LdnB/,2026-06-19T22:18:57.555Z,68,68
768,C6uAAPfLvAY,reel,https://www.instagram.com/thedogist/reel/C6uAAPfLvAY/,https://www.instagram.com/reel/C6uAAPfLvAY/,2026-06-19T22:18:57.555Z,68,69
769,C6reNj-x5ZU,reel,https://www.instagram.com/thedogist/reel/C6reNj-x5ZU/,https://www.instagram.com/reel/C6reNj-x5ZU/,2026-06-19T22:18:59.185Z,69,60
770,C6otowFr_tf,reel,https://www.instagram.com/thedogist/reel/C6otowFr_tf/,https://www.instagram.com/reel/C6otowFr_tf/,2026-06-19T22:18:59.186Z,69,61
771,C6mHG1dLMc9,reel,https://www.instagram.com/thedogist/reel/C6mHG1dLMc9/,https://www.instagram.com/reel/C6mHG1dLMc9/,2026-06-19T22:18:59.187Z,69,62
772,C6jRKcCrP8k,reel,https://www.instagram.com/thedogist/reel/C6jRKcCrP8k/,https://www.instagram.com/reel/C6jRKcCrP8k/,2026-06-19T22:18:59.187Z,69,63
773,C6g-TbIrDR0,reel,https://www.instagram.com/thedogist/reel/C6g-TbIrDR0/,https://www.instagram.com/reel/C6g-TbIrDR0/,2026-06-19T22:18:59.188Z,69,64
774,C6ff0HVOhfg,reel,https://www.instagram.com/thedogist/reel/C6ff0HVOhfg/,https://www.instagram.com/reel/C6ff0HVOhfg/,2026-06-19T22:18:59.188Z,69,65
775,C6b73QoRSZj,reel,https://www.instagram.com/thedogist/reel/C6b73QoRSZj/,https://www.instagram.com/reel/C6b73QoRSZj/,2026-06-19T22:18:59.189Z,69,66
776,C6ZXwciR9PR,reel,https://www.instagram.com/thedogist/reel/C6ZXwciR9PR/,https://www.instagram.com/reel/C6ZXwciR9PR/,2026-06-19T22:18:59.189Z,69,67
777,C6W4ObXRE9F,reel,https://www.instagram.com/thedogist/reel/C6W4ObXRE9F/,https://www.instagram.com/reel/C6W4ObXRE9F/,2026-06-19T22:18:59.190Z,69,68
778,C6USTjbRANM,reel,https://www.instagram.com/thedogist/reel/C6USTjbRANM/,https://www.instagram.com/reel/C6USTjbRANM/,2026-06-19T22:18:59.190Z,69,69
779,C6RTpptrLP5,reel,https://www.instagram.com/thedogist/reel/C6RTpptrLP5/,https://www.instagram.com/reel/C6RTpptrLP5/,2026-06-19T22:18:59.190Z,69,70
780,C6POkV_x38T,reel,https://www.instagram.com/thedogist/reel/C6POkV_x38T/,https://www.instagram.com/reel/C6POkV_x38T/,2026-06-19T22:18:59.191Z,69,71
781,C6M4kXMLMYd,reel,https://www.instagram.com/thedogist/reel/C6M4kXMLMYd/,https://www.instagram.com/reel/C6M4kXMLMYd/,2026-06-19T22:19:00.822Z,70,62
782,C6KDmr_xa-x,reel,https://www.instagram.com/thedogist/reel/C6KDmr_xa-x/,https://www.instagram.com/reel/C6KDmr_xa-x/,2026-06-19T22:19:00.824Z,70,63
783,C6HR4KCx_Lt,reel,https://www.instagram.com/thedogist/reel/C6HR4KCx_Lt/,https://www.instagram.com/reel/C6HR4KCx_Lt/,2026-06-19T22:19:00.825Z,70,64
784,C6EyDp3RNxF,reel,https://www.instagram.com/thedogist/reel/C6EyDp3RNxF/,https://www.instagram.com/reel/C6EyDp3RNxF/,2026-06-19T22:19:00.826Z,70,65
785,C6CQ95LRyBZ,reel,https://www.instagram.com/thedogist/reel/C6CQ95LRyBZ/,https://www.instagram.com/reel/C6CQ95LRyBZ/,2026-06-19T22:19:00.827Z,70,66
786,C5_Xy-5LP3s,reel,https://www.instagram.com/thedogist/reel/C5_Xy-5LP3s/,https://www.instagram.com/reel/C5_Xy-5LP3s/,2026-06-19T22:19:00.827Z,70,67
787,C59HbkGxC92,reel,https://www.instagram.com/thedogist/reel/C59HbkGxC92/,https://www.instagram.com/reel/C59HbkGxC92/,2026-06-19T22:19:00.828Z,70,68
788,C56cdYBxw2t,reel,https://www.instagram.com/thedogist/reel/C56cdYBxw2t/,https://www.instagram.com/reel/C56cdYBxw2t/,2026-06-19T22:19:00.828Z,70,69
789,C537le9xN3Q,reel,https://www.instagram.com/thedogist/reel/C537le9xN3Q/,https://www.instagram.com/reel/C537le9xN3Q/,2026-06-19T22:19:00.829Z,70,70
790,C51cxWqxVBz,reel,https://www.instagram.com/thedogist/reel/C51cxWqxVBz/,https://www.instagram.com/reel/C51cxWqxVBz/,2026-06-19T22:19:00.829Z,70,71
791,C5ys4yTRmh2,reel,https://www.instagram.com/thedogist/reel/C5ys4yTRmh2/,https://www.instagram.com/reel/C5ys4yTRmh2/,2026-06-19T22:19:00.830Z,70,72
792,C5wIwPWxRTq,reel,https://www.instagram.com/thedogist/reel/C5wIwPWxRTq/,https://www.instagram.com/reel/C5wIwPWxRTq/,2026-06-19T22:19:00.830Z,70,73
793,C5tMbX-LnNK,reel,https://www.instagram.com/thedogist/reel/C5tMbX-LnNK/,https://www.instagram.com/reel/C5tMbX-LnNK/,2026-06-19T22:19:02.463Z,71,59
794,C5q6yT-rG6j,reel,https://www.instagram.com/thedogist/reel/C5q6yT-rG6j/,https://www.instagram.com/reel/C5q6yT-rG6j/,2026-06-19T22:19:02.465Z,71,60
795,C5oe4cmRXoy,reel,https://www.instagram.com/thedogist/reel/C5oe4cmRXoy/,https://www.instagram.com/reel/C5oe4cmRXoy/,2026-06-19T22:19:02.466Z,71,61
796,C5l7My4xVjI,reel,https://www.instagram.com/thedogist/reel/C5l7My4xVjI/,https://www.instagram.com/reel/C5l7My4xVjI/,2026-06-19T22:19:02.466Z,71,62
797,C5jVXIDxnlF,reel,https://www.instagram.com/thedogist/reel/C5jVXIDxnlF/,https://www.instagram.com/reel/C5jVXIDxnlF/,2026-06-19T22:19:02.467Z,71,63
798,C5g8MnbR0G0,reel,https://www.instagram.com/thedogist/reel/C5g8MnbR0G0/,https://www.instagram.com/reel/C5g8MnbR0G0/,2026-06-19T22:19:02.468Z,71,64
799,C5eHWm1R0yW,reel,https://www.instagram.com/thedogist/reel/C5eHWm1R0yW/,https://www.instagram.com/reel/C5eHWm1R0yW/,2026-06-19T22:19:02.468Z,71,65
800,C5bnKh0RcYZ,reel,https://www.instagram.com/thedogist/reel/C5bnKh0RcYZ/,https://www.instagram.com/reel/C5bnKh0RcYZ/,2026-06-19T22:19:02.469Z,71,66
801,C5Y4PFTruIH,reel,https://www.instagram.com/thedogist/reel/C5Y4PFTruIH/,https://www.instagram.com/reel/C5Y4PFTruIH/,2026-06-19T22:19:02.469Z,71,67
802,C5V546rLEMO,reel,https://www.instagram.com/thedogist/reel/C5V546rLEMO/,https://www.instagram.com/reel/C5V546rLEMO/,2026-06-19T22:19:02.470Z,71,68
803,C5RSVHerhSW,reel,https://www.instagram.com/thedogist/reel/C5RSVHerhSW/,https://www.instagram.com/reel/C5RSVHerhSW/,2026-06-19T22:19:02.470Z,71,69
804,C5O8QGox7rx,reel,https://www.instagram.com/thedogist/reel/C5O8QGox7rx/,https://www.instagram.com/reel/C5O8QGox7rx/,2026-06-19T22:19:02.471Z,71,70
805,C5MNaIBR8WG,reel,https://www.instagram.com/thedogist/reel/C5MNaIBR8WG/,https://www.instagram.com/reel/C5MNaIBR8WG/,2026-06-19T22:19:04.104Z,72,61
806,C5JX4K6rv9M,reel,https://www.instagram.com/thedogist/reel/C5JX4K6rv9M/,https://www.instagram.com/reel/C5JX4K6rv9M/,2026-06-19T22:19:04.106Z,72,62
807,C5G_iXExy8R,reel,https://www.instagram.com/thedogist/reel/C5G_iXExy8R/,https://www.instagram.com/reel/C5G_iXExy8R/,2026-06-19T22:19:04.107Z,72,63
808,C5EjQQbxf_Z,reel,https://www.instagram.com/thedogist/reel/C5EjQQbxf_Z/,https://www.instagram.com/reel/C5EjQQbxf_Z/,2026-06-19T22:19:04.108Z,72,64
809,C5B8qoARAUO,reel,https://www.instagram.com/thedogist/reel/C5B8qoARAUO/,https://www.instagram.com/reel/C5B8qoARAUO/,2026-06-19T22:19:04.108Z,72,65
810,C4_XBJJRe9m,reel,https://www.instagram.com/thedogist/reel/C4_XBJJRe9m/,https://www.instagram.com/reel/C4_XBJJRe9m/,2026-06-19T22:19:04.109Z,72,66
811,C48uh8KRGS4,reel,https://www.instagram.com/thedogist/reel/C48uh8KRGS4/,https://www.instagram.com/reel/C48uh8KRGS4/,2026-06-19T22:19:04.109Z,72,67
812,C45_R_WL-UB,reel,https://www.instagram.com/thedogist/reel/C45_R_WL-UB/,https://www.instagram.com/reel/C45_R_WL-UB/,2026-06-19T22:19:04.110Z,72,68
813,C43XhN9rpHx,reel,https://www.instagram.com/thedogist/reel/C43XhN9rpHx/,https://www.instagram.com/reel/C43XhN9rpHx/,2026-06-19T22:19:04.110Z,72,69
814,C41BoqHRr-W,reel,https://www.instagram.com/thedogist/reel/C41BoqHRr-W/,https://www.instagram.com/reel/C41BoqHRr-W/,2026-06-19T22:19:04.110Z,72,70
815,C4yNndZLto5,reel,https://www.instagram.com/thedogist/reel/C4yNndZLto5/,https://www.instagram.com/reel/C4yNndZLto5/,2026-06-19T22:19:04.111Z,72,71
816,C4vyLRmxCw8,reel,https://www.instagram.com/thedogist/reel/C4vyLRmxCw8/,https://www.instagram.com/reel/C4vyLRmxCw8/,2026-06-19T22:19:04.111Z,72,72
817,C4trL4RLc7v,reel,https://www.instagram.com/thedogist/reel/C4trL4RLc7v/,https://www.instagram.com/reel/C4trL4RLc7v/,2026-06-19T22:19:05.744Z,73,58
818,C4qtc7SRg5E,reel,https://www.instagram.com/thedogist/reel/C4qtc7SRg5E/,https://www.instagram.com/reel/C4qtc7SRg5E/,2026-06-19T22:19:05.745Z,73,59
819,C4n7jOZrSa3,reel,https://www.instagram.com/thedogist/reel/C4n7jOZrSa3/,https://www.instagram.com/reel/C4n7jOZrSa3/,2026-06-19T22:19:05.745Z,73,60
820,C4l56nAr9r_,reel,https://www.instagram.com/thedogist/reel/C4l56nAr9r_/,https://www.instagram.com/reel/C4l56nAr9r_/,2026-06-19T22:19:05.746Z,73,61
821,C4jAoajRNsl,reel,https://www.instagram.com/thedogist/reel/C4jAoajRNsl/,https://www.instagram.com/reel/C4jAoajRNsl/,2026-06-19T22:19:05.746Z,73,62
822,C4hIBCWrZ6n,reel,https://www.instagram.com/thedogist/reel/C4hIBCWrZ6n/,https://www.instagram.com/reel/C4hIBCWrZ6n/,2026-06-19T22:19:05.746Z,73,63
823,C4eLgceLePK,reel,https://www.instagram.com/thedogist/reel/C4eLgceLePK/,https://www.instagram.com/reel/C4eLgceLePK/,2026-06-19T22:19:05.747Z,73,64
824,C4bTFOVxcwU,reel,https://www.instagram.com/thedogist/reel/C4bTFOVxcwU/,https://www.instagram.com/reel/C4bTFOVxcwU/,2026-06-19T22:19:05.747Z,73,65
825,C4YqVkNRpAt,reel,https://www.instagram.com/thedogist/reel/C4YqVkNRpAt/,https://www.instagram.com/reel/C4YqVkNRpAt/,2026-06-19T22:19:05.747Z,73,66
826,C4V0AfNL_w5,reel,https://www.instagram.com/thedogist/reel/C4V0AfNL_w5/,https://www.instagram.com/reel/C4V0AfNL_w5/,2026-06-19T22:19:05.748Z,73,67
827,C4TnuKHRW6s,reel,https://www.instagram.com/thedogist/reel/C4TnuKHRW6s/,https://www.instagram.com/reel/C4TnuKHRW6s/,2026-06-19T22:19:05.748Z,73,68
828,C4Q6PozxFwA,reel,https://www.instagram.com/thedogist/reel/C4Q6PozxFwA/,https://www.instagram.com/reel/C4Q6PozxFwA/,2026-06-19T22:19:05.748Z,73,69
829,C4O0rvlrhkB,reel,https://www.instagram.com/thedogist/reel/C4O0rvlrhkB/,https://www.instagram.com/reel/C4O0rvlrhkB/,2026-06-19T22:19:07.381Z,74,60
830,C4Ly2y6xrgL,reel,https://www.instagram.com/thedogist/reel/C4Ly2y6xrgL/,https://www.instagram.com/reel/C4Ly2y6xrgL/,2026-06-19T22:19:07.382Z,74,61
831,C4JVEyFxV8K,reel,https://www.instagram.com/thedogist/reel/C4JVEyFxV8K/,https://www.instagram.com/reel/C4JVEyFxV8K/,2026-06-19T22:19:07.383Z,74,62
832,C4GhtYvxyhD,reel,https://www.instagram.com/thedogist/reel/C4GhtYvxyhD/,https://www.instagram.com/reel/C4GhtYvxyhD/,2026-06-19T22:19:07.383Z,74,63
833,C4EEiztR-tI,reel,https://www.instagram.com/thedogist/reel/C4EEiztR-tI/,https://www.instagram.com/reel/C4EEiztR-tI/,2026-06-19T22:19:07.384Z,74,64
834,C4BdUUqRJl4,reel,https://www.instagram.com/thedogist/reel/C4BdUUqRJl4/,https://www.instagram.com/reel/C4BdUUqRJl4/,2026-06-19T22:19:07.384Z,74,65
835,C3_F_PRRpp5,reel,https://www.instagram.com/thedogist/reel/C3_F_PRRpp5/,https://www.instagram.com/reel/C3_F_PRRpp5/,2026-06-19T22:19:07.384Z,74,66
836,C38a7NQxIVE,reel,https://www.instagram.com/thedogist/reel/C38a7NQxIVE/,https://www.instagram.com/reel/C38a7NQxIVE/,2026-06-19T22:19:07.385Z,74,67
837,C36CSrGR8Cr,p,https://www.instagram.com/thedogist/p/C36CSrGR8Cr/,https://www.instagram.com/p/C36CSrGR8Cr/,2026-06-19T22:19:07.385Z,74,68
838,C35tdL8xPhY,reel,https://www.instagram.com/thedogist/reel/C35tdL8xPhY/,https://www.instagram.com/reel/C35tdL8xPhY/,2026-06-19T22:19:07.385Z,74,69
839,C3213y8LqC6,reel,https://www.instagram.com/thedogist/reel/C3213y8LqC6/,https://www.instagram.com/reel/C3213y8LqC6/,2026-06-19T22:19:07.386Z,74,70
840,C30icrfREtC,reel,https://www.instagram.com/thedogist/reel/C30icrfREtC/,https://www.instagram.com/reel/C30icrfREtC/,2026-06-19T22:19:07.386Z,74,71
841,C3yHUvhx668,reel,https://www.instagram.com/thedogist/reel/C3yHUvhx668/,https://www.instagram.com/reel/C3yHUvhx668/,2026-06-19T22:19:09.019Z,75,62
842,C3vcU4RxpPN,reel,https://www.instagram.com/thedogist/reel/C3vcU4RxpPN/,https://www.instagram.com/reel/C3vcU4RxpPN/,2026-06-19T22:19:09.021Z,75,63
843,C3s0KjKxgjo,reel,https://www.instagram.com/thedogist/reel/C3s0KjKxgjo/,https://www.instagram.com/reel/C3s0KjKxgjo/,2026-06-19T22:19:09.022Z,75,64
844,C3qnfnzrwvr,reel,https://www.instagram.com/thedogist/reel/C3qnfnzrwvr/,https://www.instagram.com/reel/C3qnfnzrwvr/,2026-06-19T22:19:09.022Z,75,65
845,C3lPFm_xzoh,reel,https://www.instagram.com/thedogist/reel/C3lPFm_xzoh/,https://www.instagram.com/reel/C3lPFm_xzoh/,2026-06-19T22:19:09.023Z,75,66
846,C3isLN2RmYq,reel,https://www.instagram.com/thedogist/reel/C3isLN2RmYq/,https://www.instagram.com/reel/C3isLN2RmYq/,2026-06-19T22:19:09.023Z,75,67
847,C3f7aBpRMBM,reel,https://www.instagram.com/thedogist/reel/C3f7aBpRMBM/,https://www.instagram.com/reel/C3f7aBpRMBM/,2026-06-19T22:19:09.023Z,75,68
848,C3db6B2xWla,reel,https://www.instagram.com/thedogist/reel/C3db6B2xWla/,https://www.instagram.com/reel/C3db6B2xWla/,2026-06-19T22:19:09.024Z,75,69
849,C3bIolmrO4L,reel,https://www.instagram.com/thedogist/reel/C3bIolmrO4L/,https://www.instagram.com/reel/C3bIolmrO4L/,2026-06-19T22:19:09.024Z,75,70
850,C3YLNpTrFP6,reel,https://www.instagram.com/thedogist/reel/C3YLNpTrFP6/,https://www.instagram.com/reel/C3YLNpTrFP6/,2026-06-19T22:19:09.025Z,75,71
851,C3WFCAirlmN,reel,https://www.instagram.com/thedogist/reel/C3WFCAirlmN/,https://www.instagram.com/reel/C3WFCAirlmN/,2026-06-19T22:19:09.025Z,75,72
852,C3TGvIxRMRg,p,https://www.instagram.com/thedogist/p/C3TGvIxRMRg/,https://www.instagram.com/p/C3TGvIxRMRg/,2026-06-19T22:19:09.025Z,75,73
853,C3Qez6ertjq,reel,https://www.instagram.com/thedogist/reel/C3Qez6ertjq/,https://www.instagram.com/reel/C3Qez6ertjq/,2026-06-19T22:19:10.660Z,76,59
854,C3N-NHdRrjq,reel,https://www.instagram.com/thedogist/reel/C3N-NHdRrjq/,https://www.instagram.com/reel/C3N-NHdRrjq/,2026-06-19T22:19:10.661Z,76,60
855,C3LfdeLxTFY,reel,https://www.instagram.com/thedogist/reel/C3LfdeLxTFY/,https://www.instagram.com/reel/C3LfdeLxTFY/,2026-06-19T22:19:10.662Z,76,61
856,C3Iy9lyxpHn,reel,https://www.instagram.com/thedogist/reel/C3Iy9lyxpHn/,https://www.instagram.com/reel/C3Iy9lyxpHn/,2026-06-19T22:19:10.662Z,76,62
857,C3GMpVTx8zY,reel,https://www.instagram.com/thedogist/reel/C3GMpVTx8zY/,https://www.instagram.com/reel/C3GMpVTx8zY/,2026-06-19T22:19:10.662Z,76,63
858,C3EDV81rXP1,reel,https://www.instagram.com/thedogist/reel/C3EDV81rXP1/,https://www.instagram.com/reel/C3EDV81rXP1/,2026-06-19T22:19:10.663Z,76,64
859,C3BTSj9RqZH,reel,https://www.instagram.com/thedogist/reel/C3BTSj9RqZH/,https://www.instagram.com/reel/C3BTSj9RqZH/,2026-06-19T22:19:10.663Z,76,65
860,C2-zidCRiJP,reel,https://www.instagram.com/thedogist/reel/C2-zidCRiJP/,https://www.instagram.com/reel/C2-zidCRiJP/,2026-06-19T22:19:10.664Z,76,66
861,C28BJU8xYA0,p,https://www.instagram.com/thedogist/p/C28BJU8xYA0/,https://www.instagram.com/p/C28BJU8xYA0/,2026-06-19T22:19:10.664Z,76,67
862,C25XO7RxYRJ,p,https://www.instagram.com/thedogist/p/C25XO7RxYRJ/,https://www.instagram.com/p/C25XO7RxYRJ/,2026-06-19T22:19:10.665Z,76,68
863,C22nR-GrQ3s,reel,https://www.instagram.com/thedogist/reel/C22nR-GrQ3s/,https://www.instagram.com/reel/C22nR-GrQ3s/,2026-06-19T22:19:10.665Z,76,69
864,C20YHvxxL9w,reel,https://www.instagram.com/thedogist/reel/C20YHvxxL9w/,https://www.instagram.com/reel/C20YHvxxL9w/,2026-06-19T22:19:10.666Z,76,70
865,C2xlfZfxIx5,reel,https://www.instagram.com/thedogist/reel/C2xlfZfxIx5/,https://www.instagram.com/reel/C2xlfZfxIx5/,2026-06-19T22:19:12.289Z,77,61
866,C2vCwwJrRDs,reel,https://www.instagram.com/thedogist/reel/C2vCwwJrRDs/,https://www.instagram.com/reel/C2vCwwJrRDs/,2026-06-19T22:19:12.291Z,77,62
867,C2slynNxpkf,reel,https://www.instagram.com/thedogist/reel/C2slynNxpkf/,https://www.instagram.com/reel/C2slynNxpkf/,2026-06-19T22:19:12.291Z,77,63
868,C2pzEm1x0aL,reel,https://www.instagram.com/thedogist/reel/C2pzEm1x0aL/,https://www.instagram.com/reel/C2pzEm1x0aL/,2026-06-19T22:19:12.292Z,77,64
869,C2nhbEmxoh2,reel,https://www.instagram.com/thedogist/reel/C2nhbEmxoh2/,https://www.instagram.com/reel/C2nhbEmxoh2/,2026-06-19T22:19:12.292Z,77,65
870,C2lGf2HLDCA,reel,https://www.instagram.com/thedogist/reel/C2lGf2HLDCA/,https://www.instagram.com/reel/C2lGf2HLDCA/,2026-06-19T22:19:12.292Z,77,66
871,C2iKuHlxRlK,reel,https://www.instagram.com/thedogist/reel/C2iKuHlxRlK/,https://www.instagram.com/reel/C2iKuHlxRlK/,2026-06-19T22:19:12.293Z,77,67
872,C2f-3hnreJq,reel,https://www.instagram.com/thedogist/reel/C2f-3hnreJq/,https://www.instagram.com/reel/C2f-3hnreJq/,2026-06-19T22:19:12.293Z,77,68
873,C2dGYoBxqSH,reel,https://www.instagram.com/thedogist/reel/C2dGYoBxqSH/,https://www.instagram.com/reel/C2dGYoBxqSH/,2026-06-19T22:19:12.294Z,77,69
874,C2a5BpcLE2K,reel,https://www.instagram.com/thedogist/reel/C2a5BpcLE2K/,https://www.instagram.com/reel/C2a5BpcLE2K/,2026-06-19T22:19:12.294Z,77,70
875,C2X_M0Kx_3K,p,https://www.instagram.com/thedogist/p/C2X_M0Kx_3K/,https://www.instagram.com/p/C2X_M0Kx_3K/,2026-06-19T22:19:12.294Z,77,71
876,C2VenQTxbLW,p,https://www.instagram.com/thedogist/p/C2VenQTxbLW/,https://www.instagram.com/p/C2VenQTxbLW/,2026-06-19T22:19:12.295Z,77,72
877,C2SwqzbRVEZ,reel,https://www.instagram.com/thedogist/reel/C2SwqzbRVEZ/,https://www.instagram.com/reel/C2SwqzbRVEZ/,2026-06-19T22:19:13.919Z,78,58
878,C2QMor7xpvy,reel,https://www.instagram.com/thedogist/reel/C2QMor7xpvy/,https://www.instagram.com/reel/C2QMor7xpvy/,2026-06-19T22:19:13.921Z,78,59
879,C2NwnI0RNL4,reel,https://www.instagram.com/thedogist/reel/C2NwnI0RNL4/,https://www.instagram.com/reel/C2NwnI0RNL4/,2026-06-19T22:19:13.922Z,78,60
880,C2LErYQR7gp,reel,https://www.instagram.com/thedogist/reel/C2LErYQR7gp/,https://www.instagram.com/reel/C2LErYQR7gp/,2026-06-19T22:19:13.923Z,78,61
881,C2ItdJFxina,reel,https://www.instagram.com/thedogist/reel/C2ItdJFxina/,https://www.instagram.com/reel/C2ItdJFxina/,2026-06-19T22:19:13.923Z,78,62
882,C2FvxUXrlJ1,reel,https://www.instagram.com/thedogist/reel/C2FvxUXrlJ1/,https://www.instagram.com/reel/C2FvxUXrlJ1/,2026-06-19T22:19:13.924Z,78,63
883,C2DYBxhxPg1,p,https://www.instagram.com/thedogist/p/C2DYBxhxPg1/,https://www.instagram.com/p/C2DYBxhxPg1/,2026-06-19T22:19:13.925Z,78,64
884,C199y4bL0Td,p,https://www.instagram.com/thedogist/p/C199y4bL0Td/,https://www.instagram.com/p/C199y4bL0Td/,2026-06-19T22:19:13.925Z,78,65
885,C17uxh0RjIb,reel,https://www.instagram.com/thedogist/reel/C17uxh0RjIb/,https://www.instagram.com/reel/C17uxh0RjIb/,2026-06-19T22:19:13.926Z,78,66
886,C15CvaNxzq9,reel,https://www.instagram.com/thedogist/reel/C15CvaNxzq9/,https://www.instagram.com/reel/C15CvaNxzq9/,2026-06-19T22:19:13.926Z,78,67
887,C12pzYsxhjn,reel,https://www.instagram.com/thedogist/reel/C12pzYsxhjn/,https://www.instagram.com/reel/C12pzYsxhjn/,2026-06-19T22:19:13.927Z,78,68
888,C1z2Zlfxyo_,reel,https://www.instagram.com/thedogist/reel/C1z2Zlfxyo_/,https://www.instagram.com/reel/C1z2Zlfxyo_/,2026-06-19T22:19:13.927Z,78,69
889,C1xT9lbxQJE,reel,https://www.instagram.com/thedogist/reel/C1xT9lbxQJE/,https://www.instagram.com/reel/C1xT9lbxQJE/,2026-06-19T22:19:15.563Z,79,60
890,C1u0Sk1RfHT,reel,https://www.instagram.com/thedogist/reel/C1u0Sk1RfHT/,https://www.instagram.com/reel/C1u0Sk1RfHT/,2026-06-19T22:19:15.565Z,79,61
891,C1sPEncRYH4,reel,https://www.instagram.com/thedogist/reel/C1sPEncRYH4/,https://www.instagram.com/reel/C1sPEncRYH4/,2026-06-19T22:19:15.566Z,79,62
892,C1p97fBLtR2,reel,https://www.instagram.com/thedogist/reel/C1p97fBLtR2/,https://www.instagram.com/reel/C1p97fBLtR2/,2026-06-19T22:19:15.566Z,79,63
893,C1iqP5HrhYO,p,https://www.instagram.com/thedogist/p/C1iqP5HrhYO/,https://www.instagram.com/p/C1iqP5HrhYO/,2026-06-19T22:19:15.567Z,79,64
894,C1c71r0xKve,p,https://www.instagram.com/thedogist/p/C1c71r0xKve/,https://www.instagram.com/p/C1c71r0xKve/,2026-06-19T22:19:15.568Z,79,65
895,C1XPObmLYum,reel,https://www.instagram.com/thedogist/reel/C1XPObmLYum/,https://www.instagram.com/reel/C1XPObmLYum/,2026-06-19T22:19:15.568Z,79,66
896,C1UtVtCLcbt,p,https://www.instagram.com/thedogist/p/C1UtVtCLcbt/,https://www.instagram.com/p/C1UtVtCLcbt/,2026-06-19T22:19:15.569Z,79,67
897,C1SGYUtLSvR,reel,https://www.instagram.com/thedogist/reel/C1SGYUtLSvR/,https://www.instagram.com/reel/C1SGYUtLSvR/,2026-06-19T22:19:15.569Z,79,68
898,C1PdtmPr9IZ,reel,https://www.instagram.com/thedogist/reel/C1PdtmPr9IZ/,https://www.instagram.com/reel/C1PdtmPr9IZ/,2026-06-19T22:19:15.569Z,79,69
899,C1NROIhxb4m,reel,https://www.instagram.com/thedogist/reel/C1NROIhxb4m/,https://www.instagram.com/reel/C1NROIhxb4m/,2026-06-19T22:19:15.570Z,79,70
900,C1KjoVSxlsY,p,https://www.instagram.com/thedogist/p/C1KjoVSxlsY/,https://www.instagram.com/p/C1KjoVSxlsY/,2026-06-19T22:19:15.570Z,79,71
901,C1ICaCexCPm,reel,https://www.instagram.com/thedogist/reel/C1ICaCexCPm/,https://www.instagram.com/reel/C1ICaCexCPm/,2026-06-19T22:19:18.841Z,81,62
902,C1FWHdCrtEe,reel,https://www.instagram.com/thedogist/reel/C1FWHdCrtEe/,https://www.instagram.com/reel/C1FWHdCrtEe/,2026-06-19T22:19:18.843Z,81,63
903,C1DVJQyrGf0,p,https://www.instagram.com/thedogist/p/C1DVJQyrGf0/,https://www.instagram.com/p/C1DVJQyrGf0/,2026-06-19T22:19:18.844Z,81,64
904,C1AVJslxYr3,reel,https://www.instagram.com/thedogist/reel/C1AVJslxYr3/,https://www.instagram.com/reel/C1AVJslxYr3/,2026-06-19T22:19:18.844Z,81,65
905,C0906AaRDEE,reel,https://www.instagram.com/thedogist/reel/C0906AaRDEE/,https://www.instagram.com/reel/C0906AaRDEE/,2026-06-19T22:19:18.845Z,81,66
906,C07L_HDRG0X,reel,https://www.instagram.com/thedogist/reel/C07L_HDRG0X/,https://www.instagram.com/reel/C07L_HDRG0X/,2026-06-19T22:19:18.845Z,81,67
907,C04wOBrxpWE,reel,https://www.instagram.com/thedogist/reel/C04wOBrxpWE/,https://www.instagram.com/reel/C04wOBrxpWE/,2026-06-19T22:19:18.846Z,81,68
908,C02OYTExpNR,reel,https://www.instagram.com/thedogist/reel/C02OYTExpNR/,https://www.instagram.com/reel/C02OYTExpNR/,2026-06-19T22:19:18.847Z,81,69
909,C0zkEH1xU_k,reel,https://www.instagram.com/thedogist/reel/C0zkEH1xU_k/,https://www.instagram.com/reel/C0zkEH1xU_k/,2026-06-19T22:19:18.847Z,81,70
910,C0xFLjhRhq9,reel,https://www.instagram.com/thedogist/reel/C0xFLjhRhq9/,https://www.instagram.com/reel/C0xFLjhRhq9/,2026-06-19T22:19:18.848Z,81,71
911,C0upxF5rjiy,reel,https://www.instagram.com/thedogist/reel/C0upxF5rjiy/,https://www.instagram.com/reel/C0upxF5rjiy/,2026-06-19T22:19:18.848Z,81,72
912,C0re2xBrcF5,reel,https://www.instagram.com/thedogist/reel/C0re2xBrcF5/,https://www.instagram.com/reel/C0re2xBrcF5/,2026-06-19T22:19:18.849Z,81,73
913,C0pB42UrxvP,reel,https://www.instagram.com/thedogist/reel/C0pB42UrxvP/,https://www.instagram.com/reel/C0pB42UrxvP/,2026-06-19T22:19:22.229Z,83,59
914,C0mlM9YRk37,reel,https://www.instagram.com/thedogist/reel/C0mlM9YRk37/,https://www.instagram.com/reel/C0mlM9YRk37/,2026-06-19T22:19:22.230Z,83,60
915,C0kDhj7xt5y,reel,https://www.instagram.com/thedogist/reel/C0kDhj7xt5y/,https://www.instagram.com/reel/C0kDhj7xt5y/,2026-06-19T22:19:22.230Z,83,61
916,C0hoDI6xGNi,reel,https://www.instagram.com/thedogist/reel/C0hoDI6xGNi/,https://www.instagram.com/reel/C0hoDI6xGNi/,2026-06-19T22:19:22.231Z,83,62
917,C0e3pDpxVXk,reel,https://www.instagram.com/thedogist/reel/C0e3pDpxVXk/,https://www.instagram.com/reel/C0e3pDpxVXk/,2026-06-19T22:19:22.231Z,83,63
918,C0cZzz-xxRR,reel,https://www.instagram.com/thedogist/reel/C0cZzz-xxRR/,https://www.instagram.com/reel/C0cZzz-xxRR/,2026-06-19T22:19:22.231Z,83,64
919,C0ZumHrxpKL,reel,https://www.instagram.com/thedogist/reel/C0ZumHrxpKL/,https://www.instagram.com/reel/C0ZumHrxpKL/,2026-06-19T22:19:22.232Z,83,65
920,C0XLUo4R9K0,reel,https://www.instagram.com/thedogist/reel/C0XLUo4R9K0/,https://www.instagram.com/reel/C0XLUo4R9K0/,2026-06-19T22:19:22.232Z,83,66
921,C0UkJRlxrhz,reel,https://www.instagram.com/thedogist/reel/C0UkJRlxrhz/,https://www.instagram.com/reel/C0UkJRlxrhz/,2026-06-19T22:19:22.232Z,83,67
922,C0R8wi2O37a,p,https://www.instagram.com/thedogist/p/C0R8wi2O37a/,https://www.instagram.com/p/C0R8wi2O37a/,2026-06-19T22:19:22.233Z,83,68
923,C0PcOAEREKR,reel,https://www.instagram.com/thedogist/reel/C0PcOAEREKR/,https://www.instagram.com/reel/C0PcOAEREKR/,2026-06-19T22:19:22.233Z,83,69
924,C0MSL1WLbpz,reel,https://www.instagram.com/thedogist/reel/C0MSL1WLbpz/,https://www.instagram.com/reel/C0MSL1WLbpz/,2026-06-19T22:19:22.233Z,83,70
925,C0KxNfBLsr8,reel,https://www.instagram.com/thedogist/reel/C0KxNfBLsr8/,https://www.instagram.com/reel/C0KxNfBLsr8/,2026-06-19T22:19:22.233Z,83,71
926,C0HsBcMxjTI,p,https://www.instagram.com/thedogist/p/C0HsBcMxjTI/,https://www.instagram.com/p/C0HsBcMxjTI/,2026-06-19T22:19:22.234Z,83,72
927,C0FHOwYRz6h,reel,https://www.instagram.com/thedogist/reel/C0FHOwYRz6h/,https://www.instagram.com/reel/C0FHOwYRz6h/,2026-06-19T22:19:22.234Z,83,73
928,Cz_3XlirpoC,reel,https://www.instagram.com/thedogist/reel/Cz_3XlirpoC/,https://www.instagram.com/reel/Cz_3XlirpoC/,2026-06-19T22:19:22.234Z,83,74
929,Cz9MN6PrGri,reel,https://www.instagram.com/thedogist/reel/Cz9MN6PrGri/,https://www.instagram.com/reel/Cz9MN6PrGri/,2026-06-19T22:19:22.234Z,83,75
930,Cz66zRfx9VI,reel,https://www.instagram.com/thedogist/reel/Cz66zRfx9VI/,https://www.instagram.com/reel/Cz66zRfx9VI/,2026-06-19T22:19:22.234Z,83,76
931,Cz4hbLPRX7E,reel,https://www.instagram.com/thedogist/reel/Cz4hbLPRX7E/,https://www.instagram.com/reel/Cz4hbLPRX7E/,2026-06-19T22:19:22.235Z,83,77
932,Cz1mLUPRBNr,reel,https://www.instagram.com/thedogist/reel/Cz1mLUPRBNr/,https://www.instagram.com/reel/Cz1mLUPRBNr/,2026-06-19T22:19:22.235Z,83,78
933,Czw5USDrW33,reel,https://www.instagram.com/thedogist/reel/Czw5USDrW33/,https://www.instagram.com/reel/Czw5USDrW33/,2026-06-19T22:19:22.235Z,83,79
934,CzuCe66xwC0,p,https://www.instagram.com/thedogist/p/CzuCe66xwC0/,https://www.instagram.com/p/CzuCe66xwC0/,2026-06-19T22:19:22.235Z,83,80
935,CzretiDrCgZ,reel,https://www.instagram.com/thedogist/reel/CzretiDrCgZ/,https://www.instagram.com/reel/CzretiDrCgZ/,2026-06-19T22:19:22.235Z,83,81
936,Czo40jGx07B,reel,https://www.instagram.com/thedogist/reel/Czo40jGx07B/,https://www.instagram.com/reel/Czo40jGx07B/,2026-06-19T22:19:22.236Z,83,82
937,CzmTVXHRXTT,reel,https://www.instagram.com/thedogist/reel/CzmTVXHRXTT/,https://www.instagram.com/reel/CzmTVXHRXTT/,2026-06-19T22:19:23.956Z,84,58
938,CzjvRbKxxVb,reel,https://www.instagram.com/thedogist/reel/CzjvRbKxxVb/,https://www.instagram.com/reel/CzjvRbKxxVb/,2026-06-19T22:19:23.956Z,84,59
939,Cze3roor7zM,reel,https://www.instagram.com/thedogist/reel/Cze3roor7zM/,https://www.instagram.com/reel/Cze3roor7zM/,2026-06-19T22:19:23.956Z,84,60
940,CzcHKyDx-n3,reel,https://www.instagram.com/thedogist/reel/CzcHKyDx-n3/,https://www.instagram.com/reel/CzcHKyDx-n3/,2026-06-19T22:19:23.957Z,84,61
941,CzZ19mTLdXV,reel,https://www.instagram.com/thedogist/reel/CzZ19mTLdXV/,https://www.instagram.com/reel/CzZ19mTLdXV/,2026-06-19T22:19:23.957Z,84,62
942,CzW7hZWLl4A,reel,https://www.instagram.com/thedogist/reel/CzW7hZWLl4A/,https://www.instagram.com/reel/CzW7hZWLl4A/,2026-06-19T22:19:23.957Z,84,63
943,CzUQY2iRtuZ,reel,https://www.instagram.com/thedogist/reel/CzUQY2iRtuZ/,https://www.instagram.com/reel/CzUQY2iRtuZ/,2026-06-19T22:19:23.957Z,84,64
944,CzRvHCwRh_s,reel,https://www.instagram.com/thedogist/reel/CzRvHCwRh_s/,https://www.instagram.com/reel/CzRvHCwRh_s/,2026-06-19T22:19:23.958Z,84,65
945,CzPLND8xaRp,reel,https://www.instagram.com/thedogist/reel/CzPLND8xaRp/,https://www.instagram.com/reel/CzPLND8xaRp/,2026-06-19T22:19:23.958Z,84,66
946,CzMkVmfxb2u,reel,https://www.instagram.com/thedogist/reel/CzMkVmfxb2u/,https://www.instagram.com/reel/CzMkVmfxb2u/,2026-06-19T22:19:23.958Z,84,67
947,CzKMBWLLYwj,reel,https://www.instagram.com/thedogist/reel/CzKMBWLLYwj/,https://www.instagram.com/reel/CzKMBWLLYwj/,2026-06-19T22:19:23.958Z,84,68
948,CzHgwB3R3Vm,reel,https://www.instagram.com/thedogist/reel/CzHgwB3R3Vm/,https://www.instagram.com/reel/CzHgwB3R3Vm/,2026-06-19T22:19:23.958Z,84,69
949,CzEr3hyxAku,p,https://www.instagram.com/thedogist/p/CzEr3hyxAku/,https://www.instagram.com/p/CzEr3hyxAku/,2026-06-19T22:19:25.580Z,85,60
950,CzCMj7YRodm,reel,https://www.instagram.com/thedogist/reel/CzCMj7YRodm/,https://www.instagram.com/reel/CzCMj7YRodm/,2026-06-19T22:19:25.581Z,85,61
951,Cy_4pDFrxAm,p,https://www.instagram.com/thedogist/p/Cy_4pDFrxAm/,https://www.instagram.com/p/Cy_4pDFrxAm/,2026-06-19T22:19:25.581Z,85,62
952,Cy9VDC1r-ZY,p,https://www.instagram.com/thedogist/p/Cy9VDC1r-ZY/,https://www.instagram.com/p/Cy9VDC1r-ZY/,2026-06-19T22:19:25.581Z,85,63
953,Cy1mMrMPNYV,reel,https://www.instagram.com/thedogist/reel/Cy1mMrMPNYV/,https://www.instagram.com/reel/Cy1mMrMPNYV/,2026-06-19T22:19:25.582Z,85,64
954,CywbgElL-y7,reel,https://www.instagram.com/thedogist/reel/CywbgElL-y7/,https://www.instagram.com/reel/CywbgElL-y7/,2026-06-19T22:19:25.582Z,85,65
955,Cyq8tZQrZB9,reel,https://www.instagram.com/thedogist/reel/Cyq8tZQrZB9/,https://www.instagram.com/reel/Cyq8tZQrZB9/,2026-06-19T22:19:25.582Z,85,66
956,CymDratyl0f,p,https://www.instagram.com/thedogist/p/CymDratyl0f/,https://www.instagram.com/p/CymDratyl0f/,2026-06-19T22:19:25.582Z,85,67
957,CyjM-UnRaS6,p,https://www.instagram.com/thedogist/p/CyjM-UnRaS6/,https://www.instagram.com/p/CyjM-UnRaS6/,2026-06-19T22:19:25.583Z,85,68
958,Cyeebadrkrb,p,https://www.instagram.com/thedogist/p/Cyeebadrkrb/,https://www.instagram.com/p/Cyeebadrkrb/,2026-06-19T22:19:25.583Z,85,69
959,Cyb1CdCrl2Q,p,https://www.instagram.com/thedogist/p/Cyb1CdCrl2Q/,https://www.instagram.com/p/Cyb1CdCrl2Q/,2026-06-19T22:19:25.583Z,85,70
960,CyZJ0IWRGZ-,p,https://www.instagram.com/thedogist/p/CyZJ0IWRGZ-/,https://www.instagram.com/p/CyZJ0IWRGZ-/,2026-06-19T22:19:25.583Z,85,71
961,CyWCkx7r3Wb,reel,https://www.instagram.com/thedogist/reel/CyWCkx7r3Wb/,https://www.instagram.com/reel/CyWCkx7r3Wb/,2026-06-19T22:19:27.208Z,86,62
962,CyTbx-1LIe-,reel,https://www.instagram.com/thedogist/reel/CyTbx-1LIe-/,https://www.instagram.com/reel/CyTbx-1LIe-/,2026-06-19T22:19:27.208Z,86,63
963,CyQ4o12L8eX,reel,https://www.instagram.com/thedogist/reel/CyQ4o12L8eX/,https://www.instagram.com/reel/CyQ4o12L8eX/,2026-06-19T22:19:27.209Z,86,64
964,CyOsunex3GH,reel,https://www.instagram.com/thedogist/reel/CyOsunex3GH/,https://www.instagram.com/reel/CyOsunex3GH/,2026-06-19T22:19:27.209Z,86,65
965,CyL7QdgLOsW,reel,https://www.instagram.com/thedogist/reel/CyL7QdgLOsW/,https://www.instagram.com/reel/CyL7QdgLOsW/,2026-06-19T22:19:27.209Z,86,66
966,CyJW9_LLWFT,reel,https://www.instagram.com/thedogist/reel/CyJW9_LLWFT/,https://www.instagram.com/reel/CyJW9_LLWFT/,2026-06-19T22:19:27.209Z,86,67
967,CyGpFNxrSc2,reel,https://www.instagram.com/thedogist/reel/CyGpFNxrSc2/,https://www.instagram.com/reel/CyGpFNxrSc2/,2026-06-19T22:19:27.209Z,86,68
968,CyECtdrrpsN,reel,https://www.instagram.com/thedogist/reel/CyECtdrrpsN/,https://www.instagram.com/reel/CyECtdrrpsN/,2026-06-19T22:19:27.210Z,86,69
969,CyBl-twLLi7,reel,https://www.instagram.com/thedogist/reel/CyBl-twLLi7/,https://www.instagram.com/reel/CyBl-twLLi7/,2026-06-19T22:19:27.210Z,86,70
970,Cx-6P1xr-1Q,reel,https://www.instagram.com/thedogist/reel/Cx-6P1xr-1Q/,https://www.instagram.com/reel/Cx-6P1xr-1Q/,2026-06-19T22:19:27.210Z,86,71
971,Cx8hXO3r5f3,reel,https://www.instagram.com/thedogist/reel/Cx8hXO3r5f3/,https://www.instagram.com/reel/Cx8hXO3r5f3/,2026-06-19T22:19:27.210Z,86,72
972,Cx5vs28rLy_,reel,https://www.instagram.com/thedogist/reel/Cx5vs28rLy_/,https://www.instagram.com/reel/Cx5vs28rLy_/,2026-06-19T22:19:27.210Z,86,73
973,Cx3E1tqrvL2,p,https://www.instagram.com/thedogist/p/Cx3E1tqrvL2/,https://www.instagram.com/p/Cx3E1tqrvL2/,2026-06-19T22:19:28.830Z,87,59
974,Cx0pTlFrCyk,reel,https://www.instagram.com/thedogist/reel/Cx0pTlFrCyk/,https://www.instagram.com/reel/Cx0pTlFrCyk/,2026-06-19T22:19:28.831Z,87,60
975,CxyU_6MRDll,reel,https://www.instagram.com/thedogist/reel/CxyU_6MRDll/,https://www.instagram.com/reel/CxyU_6MRDll/,2026-06-19T22:19:28.831Z,87,61
976,CxvwCbOxe0P,p,https://www.instagram.com/thedogist/p/CxvwCbOxe0P/,https://www.instagram.com/p/CxvwCbOxe0P/,2026-06-19T22:19:28.831Z,87,62
977,CxsyaA1L-6B,reel,https://www.instagram.com/thedogist/reel/CxsyaA1L-6B/,https://www.instagram.com/reel/CxsyaA1L-6B/,2026-06-19T22:19:28.832Z,87,63
978,CxqO-NFrYOJ,reel,https://www.instagram.com/thedogist/reel/CxqO-NFrYOJ/,https://www.instagram.com/reel/CxqO-NFrYOJ/,2026-06-19T22:19:28.832Z,87,64
979,Cxn_I7ixDgA,reel,https://www.instagram.com/thedogist/reel/Cxn_I7ixDgA/,https://www.instagram.com/reel/Cxn_I7ixDgA/,2026-06-19T22:19:28.832Z,87,65
980,CxlIwTmrWd1,reel,https://www.instagram.com/thedogist/reel/CxlIwTmrWd1/,https://www.instagram.com/reel/CxlIwTmrWd1/,2026-06-19T22:19:28.832Z,87,66
981,Cxif38wL9IY,reel,https://www.instagram.com/thedogist/reel/Cxif38wL9IY/,https://www.instagram.com/reel/Cxif38wL9IY/,2026-06-19T22:19:28.832Z,87,67
982,CxgJVPersI8,reel,https://www.instagram.com/thedogist/reel/CxgJVPersI8/,https://www.instagram.com/reel/CxgJVPersI8/,2026-06-19T22:19:28.832Z,87,68
983,CxdWPl7r6-a,reel,https://www.instagram.com/thedogist/reel/CxdWPl7r6-a/,https://www.instagram.com/reel/CxdWPl7r6-a/,2026-06-19T22:19:28.833Z,87,69
984,CxavGK0rIW0,reel,https://www.instagram.com/thedogist/reel/CxavGK0rIW0/,https://www.instagram.com/reel/CxavGK0rIW0/,2026-06-19T22:19:28.833Z,87,70
985,CxYQlYHrhyy,reel,https://www.instagram.com/thedogist/reel/CxYQlYHrhyy/,https://www.instagram.com/reel/CxYQlYHrhyy/,2026-06-19T22:19:30.455Z,88,61
986,CxVsOlyrPGQ,reel,https://www.instagram.com/thedogist/reel/CxVsOlyrPGQ/,https://www.instagram.com/reel/CxVsOlyrPGQ/,2026-06-19T22:19:30.456Z,88,62
987,CxTKSZfrQ-X,reel,https://www.instagram.com/thedogist/reel/CxTKSZfrQ-X/,https://www.instagram.com/reel/CxTKSZfrQ-X/,2026-06-19T22:19:30.456Z,88,63
988,CxQhfQXL9S7,reel,https://www.instagram.com/thedogist/reel/CxQhfQXL9S7/,https://www.instagram.com/reel/CxQhfQXL9S7/,2026-06-19T22:19:30.457Z,88,64
989,CxN3YmorfDq,reel,https://www.instagram.com/thedogist/reel/CxN3YmorfDq/,https://www.instagram.com/reel/CxN3YmorfDq/,2026-06-19T22:19:30.457Z,88,65
990,CxLYGy8rYii,reel,https://www.instagram.com/thedogist/reel/CxLYGy8rYii/,https://www.instagram.com/reel/CxLYGy8rYii/,2026-06-19T22:19:30.457Z,88,66
991,CxI1oxiL__F,reel,https://www.instagram.com/thedogist/reel/CxI1oxiL__F/,https://www.instagram.com/reel/CxI1oxiL__F/,2026-06-19T22:19:30.458Z,88,67
992,CxGJAPZLEbm,reel,https://www.instagram.com/thedogist/reel/CxGJAPZLEbm/,https://www.instagram.com/reel/CxGJAPZLEbm/,2026-06-19T22:19:30.458Z,88,68
993,CxEUJc9reI5,p,https://www.instagram.com/thedogist/p/CxEUJc9reI5/,https://www.instagram.com/p/CxEUJc9reI5/,2026-06-19T22:19:30.458Z,88,69
994,CxDqNj0rR35,reel,https://www.instagram.com/thedogist/reel/CxDqNj0rR35/,https://www.instagram.com/reel/CxDqNj0rR35/,2026-06-19T22:19:30.459Z,88,70
995,CxBAhx7rBfS,reel,https://www.instagram.com/thedogist/reel/CxBAhx7rBfS/,https://www.instagram.com/reel/CxBAhx7rBfS/,2026-06-19T22:19:30.459Z,88,71
996,Cw-cTYprlVt,reel,https://www.instagram.com/thedogist/reel/Cw-cTYprlVt/,https://www.instagram.com/reel/Cw-cTYprlVt/,2026-06-19T22:19:30.459Z,88,72
997,Cw76_QaLSjM,reel,https://www.instagram.com/thedogist/reel/Cw76_QaLSjM/,https://www.instagram.com/reel/Cw76_QaLSjM/,2026-06-19T22:19:32.087Z,89,58
998,Cw5S4cYr9w3,p,https://www.instagram.com/thedogist/p/Cw5S4cYr9w3/,https://www.instagram.com/p/Cw5S4cYr9w3/,2026-06-19T22:19:32.088Z,89,59
999,Cw2ubbML69Y,reel,https://www.instagram.com/thedogist/reel/Cw2ubbML69Y/,https://www.instagram.com/reel/Cw2ubbML69Y/,2026-06-19T22:19:32.088Z,89,60
1000,Cw0fAD1r8gG,p,https://www.instagram.com/thedogist/p/Cw0fAD1r8gG/,https://www.instagram.com/p/Cw0fAD1r8gG/,2026-06-19T22:19:32.089Z,89,61
1001,Cwxlk4yrlaR,p,https://www.instagram.com/thedogist/p/Cwxlk4yrlaR/,https://www.instagram.com/p/Cwxlk4yrlaR/,2026-06-19T22:19:32.089Z,89,62
1002,CwvAZT-L13x,reel,https://www.instagram.com/thedogist/reel/CwvAZT-L13x/,https://www.instagram.com/reel/CwvAZT-L13x/,2026-06-19T22:19:32.089Z,89,63
1003,CwseLiVr-YE,p,https://www.instagram.com/thedogist/p/CwseLiVr-YE/,https://www.instagram.com/p/CwseLiVr-YE/,2026-06-19T22:19:32.089Z,89,64
1004,CwqQKmZxho1,reel,https://www.instagram.com/thedogist/reel/CwqQKmZxho1/,https://www.instagram.com/reel/CwqQKmZxho1/,2026-06-19T22:19:32.090Z,89,65
1005,CwnRjXzrVbk,reel,https://www.instagram.com/thedogist/reel/CwnRjXzrVbk/,https://www.instagram.com/reel/CwnRjXzrVbk/,2026-06-19T22:19:32.090Z,89,66
1006,CwksuRSoNug,reel,https://www.instagram.com/thedogist/reel/CwksuRSoNug/,https://www.instagram.com/reel/CwksuRSoNug/,2026-06-19T22:19:32.090Z,89,67
1007,CwiKqmLIooN,reel,https://www.instagram.com/thedogist/reel/CwiKqmLIooN/,https://www.instagram.com/reel/CwiKqmLIooN/,2026-06-19T22:19:32.090Z,89,68
1008,CwfiRqCrrMR,p,https://www.instagram.com/thedogist/p/CwfiRqCrrMR/,https://www.instagram.com/p/CwfiRqCrrMR/,2026-06-19T22:19:32.090Z,89,69
1009,CwdBUKCI6JW,reel,https://www.instagram.com/thedogist/reel/CwdBUKCI6JW/,https://www.instagram.com/reel/CwdBUKCI6JW/,2026-06-19T22:19:33.718Z,90,60
1010,Cwao5ymI6DO,reel,https://www.instagram.com/thedogist/reel/Cwao5ymI6DO/,https://www.instagram.com/reel/Cwao5ymI6DO/,2026-06-19T22:19:33.718Z,90,61
1011,CwX0IGxITt7,reel,https://www.instagram.com/thedogist/reel/CwX0IGxITt7/,https://www.instagram.com/reel/CwX0IGxITt7/,2026-06-19T22:19:33.719Z,90,62
1012,CwVTOGArwyF,p,https://www.instagram.com/thedogist/p/CwVTOGArwyF/,https://www.instagram.com/p/CwVTOGArwyF/,2026-06-19T22:19:33.719Z,90,63
1013,CwSswmBoCv5,reel,https://www.instagram.com/thedogist/reel/CwSswmBoCv5/,https://www.instagram.com/reel/CwSswmBoCv5/,2026-06-19T22:19:33.719Z,90,64
1014,CwQGlc6o02c,reel,https://www.instagram.com/thedogist/reel/CwQGlc6o02c/,https://www.instagram.com/reel/CwQGlc6o02c/,2026-06-19T22:19:33.720Z,90,65
1015,CwNi2X3oLmh,reel,https://www.instagram.com/thedogist/reel/CwNi2X3oLmh/,https://www.instagram.com/reel/CwNi2X3oLmh/,2026-06-19T22:19:33.720Z,90,66
1016,CwLUKgqRNPU,p,https://www.instagram.com/thedogist/p/CwLUKgqRNPU/,https://www.instagram.com/p/CwLUKgqRNPU/,2026-06-19T22:19:33.720Z,90,67
1017,CwIs_wmI0Kv,reel,https://www.instagram.com/thedogist/reel/CwIs_wmI0Kv/,https://www.instagram.com/reel/CwIs_wmI0Kv/,2026-06-19T22:19:33.720Z,90,68
1018,CwFzmquI2gM,reel,https://www.instagram.com/thedogist/reel/CwFzmquI2gM/,https://www.instagram.com/reel/CwFzmquI2gM/,2026-06-19T22:19:33.720Z,90,69
1019,CwDNbCDoe7s,reel,https://www.instagram.com/thedogist/reel/CwDNbCDoe7s/,https://www.instagram.com/reel/CwDNbCDoe7s/,2026-06-19T22:19:33.721Z,90,70
1020,CwApVLpLR6d,p,https://www.instagram.com/thedogist/p/CwApVLpLR6d/,https://www.instagram.com/p/CwApVLpLR6d/,2026-06-19T22:19:33.721Z,90,71
1021,Cv-FQNIg90_,reel,https://www.instagram.com/thedogist/reel/Cv-FQNIg90_/,https://www.instagram.com/reel/Cv-FQNIg90_/,2026-06-19T22:19:35.355Z,91,62
1022,Cv7jmXlRwPc,reel,https://www.instagram.com/thedogist/reel/Cv7jmXlRwPc/,https://www.instagram.com/reel/Cv7jmXlRwPc/,2026-06-19T22:19:35.355Z,91,63
1023,Cv4_ujhLKFm,p,https://www.instagram.com/thedogist/p/Cv4_ujhLKFm/,https://www.instagram.com/p/Cv4_ujhLKFm/,2026-06-19T22:19:35.355Z,91,64
1024,Cv2XA_1uoBY,reel,https://www.instagram.com/thedogist/reel/Cv2XA_1uoBY/,https://www.instagram.com/reel/Cv2XA_1uoBY/,2026-06-19T22:19:35.356Z,91,65
1025,Cv0A5tNtIs2,reel,https://www.instagram.com/thedogist/reel/Cv0A5tNtIs2/,https://www.instagram.com/reel/Cv0A5tNtIs2/,2026-06-19T22:19:35.356Z,91,66
1026,CvxtG-ere3X,reel,https://www.instagram.com/thedogist/reel/CvxtG-ere3X/,https://www.instagram.com/reel/CvxtG-ere3X/,2026-06-19T22:19:35.356Z,91,67
1027,CvxDxgWLCOC,reel,https://www.instagram.com/thedogist/reel/CvxDxgWLCOC/,https://www.instagram.com/reel/CvxDxgWLCOC/,2026-06-19T22:19:35.356Z,91,68
1028,CvuquPYtueH,reel,https://www.instagram.com/thedogist/reel/CvuquPYtueH/,https://www.instagram.com/reel/CvuquPYtueH/,2026-06-19T22:19:35.356Z,91,69
1029,CvsInx7rKJV,p,https://www.instagram.com/thedogist/p/CvsInx7rKJV/,https://www.instagram.com/p/CvsInx7rKJV/,2026-06-19T22:19:35.357Z,91,70
1030,CvpiiL4PPup,reel,https://www.instagram.com/thedogist/reel/CvpiiL4PPup/,https://www.instagram.com/reel/CvpiiL4PPup/,2026-06-19T22:19:35.357Z,91,71
1031,CvnBPsKLP-N,p,https://www.instagram.com/thedogist/p/CvnBPsKLP-N/,https://www.instagram.com/p/CvnBPsKLP-N/,2026-06-19T22:19:35.357Z,91,72
1032,CvkScIVrdNl,reel,https://www.instagram.com/thedogist/reel/CvkScIVrdNl/,https://www.instagram.com/reel/CvkScIVrdNl/,2026-06-19T22:19:35.357Z,91,73
1033,CvhtBuMrzXg,p,https://www.instagram.com/thedogist/p/CvhtBuMrzXg/,https://www.instagram.com/p/CvhtBuMrzXg/,2026-06-19T22:19:36.980Z,92,59
1034,CvfOAC_sZDY,reel,https://www.instagram.com/thedogist/reel/CvfOAC_sZDY/,https://www.instagram.com/reel/CvfOAC_sZDY/,2026-06-19T22:19:36.981Z,92,60
1035,CvckkisrgW0,p,https://www.instagram.com/thedogist/p/CvckkisrgW0/,https://www.instagram.com/p/CvckkisrgW0/,2026-06-19T22:19:36.981Z,92,61
1036,CvaFNDOAa8s,reel,https://www.instagram.com/thedogist/reel/CvaFNDOAa8s/,https://www.instagram.com/reel/CvaFNDOAa8s/,2026-06-19T22:19:36.982Z,92,62
1037,CvXcdeorILA,p,https://www.instagram.com/thedogist/p/CvXcdeorILA/,https://www.instagram.com/p/CvXcdeorILA/,2026-06-19T22:19:36.982Z,92,63
1038,CvU08HcLJHr,p,https://www.instagram.com/thedogist/p/CvU08HcLJHr/,https://www.instagram.com/p/CvU08HcLJHr/,2026-06-19T22:19:36.982Z,92,64
1039,CvSaoaOLu_Q,p,https://www.instagram.com/thedogist/p/CvSaoaOLu_Q/,https://www.instagram.com/p/CvSaoaOLu_Q/,2026-06-19T22:19:36.982Z,92,65
1040,CvP1wK2LTif,p,https://www.instagram.com/thedogist/p/CvP1wK2LTif/,https://www.instagram.com/p/CvP1wK2LTif/,2026-06-19T22:19:36.983Z,92,66
1041,CvNId_RrpWc,p,https://www.instagram.com/thedogist/p/CvNId_RrpWc/,https://www.instagram.com/p/CvNId_RrpWc/,2026-06-19T22:19:36.983Z,92,67
1042,CvKmZFErqfa,reel,https://www.instagram.com/thedogist/reel/CvKmZFErqfa/,https://www.instagram.com/reel/CvKmZFErqfa/,2026-06-19T22:19:36.983Z,92,68
1043,CvIDhLNtadb,reel,https://www.instagram.com/thedogist/reel/CvIDhLNtadb/,https://www.instagram.com/reel/CvIDhLNtadb/,2026-06-19T22:19:36.983Z,92,69
1044,CvFc25OsuVW,reel,https://www.instagram.com/thedogist/reel/CvFc25OsuVW/,https://www.instagram.com/reel/CvFc25OsuVW/,2026-06-19T22:19:36.984Z,92,70
1045,CvCyunOsoB1,reel,https://www.instagram.com/thedogist/reel/CvCyunOsoB1/,https://www.instagram.com/reel/CvCyunOsoB1/,2026-06-19T22:19:40.267Z,94,61
1046,CvAQIrortsF,p,https://www.instagram.com/thedogist/p/CvAQIrortsF/,https://www.instagram.com/p/CvAQIrortsF/,2026-06-19T22:19:40.269Z,94,62
1047,Cu9sYidRIVu,reel,https://www.instagram.com/thedogist/reel/Cu9sYidRIVu/,https://www.instagram.com/reel/Cu9sYidRIVu/,2026-06-19T22:19:40.269Z,94,63
1048,Cu7HVirvNeE,reel,https://www.instagram.com/thedogist/reel/Cu7HVirvNeE/,https://www.instagram.com/reel/Cu7HVirvNeE/,2026-06-19T22:19:40.270Z,94,64
1049,Cu4iudCNS1C,reel,https://www.instagram.com/thedogist/reel/Cu4iudCNS1C/,https://www.instagram.com/reel/Cu4iudCNS1C/,2026-06-19T22:19:40.271Z,94,65
1050,Cu2ADVSL-mA,reel,https://www.instagram.com/thedogist/reel/Cu2ADVSL-mA/,https://www.instagram.com/reel/Cu2ADVSL-mA/,2026-06-19T22:19:40.271Z,94,66
1051,CuzYrK_Nepr,reel,https://www.instagram.com/thedogist/reel/CuzYrK_Nepr/,https://www.instagram.com/reel/CuzYrK_Nepr/,2026-06-19T22:19:40.272Z,94,67
1052,Cuw5Z0Vs7f_,reel,https://www.instagram.com/thedogist/reel/Cuw5Z0Vs7f_/,https://www.instagram.com/reel/Cuw5Z0Vs7f_/,2026-06-19T22:19:40.273Z,94,68
1053,CuuMrkKsBhu,reel,https://www.instagram.com/thedogist/reel/CuuMrkKsBhu/,https://www.instagram.com/reel/CuuMrkKsBhu/,2026-06-19T22:19:40.273Z,94,69
1054,CursZ6xLA8x,p,https://www.instagram.com/thedogist/p/CursZ6xLA8x/,https://www.instagram.com/p/CursZ6xLA8x/,2026-06-19T22:19:40.274Z,94,70
1055,CupQZours1E,reel,https://www.instagram.com/thedogist/reel/CupQZours1E/,https://www.instagram.com/reel/CupQZours1E/,2026-06-19T22:19:40.274Z,94,71
1056,Cumhx7LrOT8,reel,https://www.instagram.com/thedogist/reel/Cumhx7LrOT8/,https://www.instagram.com/reel/Cumhx7LrOT8/,2026-06-19T22:19:40.275Z,94,72
1057,Cuj8HymL2KP,p,https://www.instagram.com/thedogist/p/Cuj8HymL2KP/,https://www.instagram.com/p/Cuj8HymL2KP/,2026-06-19T22:19:41.910Z,95,58
1058,CuhZlO5up8Q,reel,https://www.instagram.com/thedogist/reel/CuhZlO5up8Q/,https://www.instagram.com/reel/CuhZlO5up8Q/,2026-06-19T22:19:41.911Z,95,59
1059,CuezBK1rMXh,p,https://www.instagram.com/thedogist/p/CuezBK1rMXh/,https://www.instagram.com/p/CuezBK1rMXh/,2026-06-19T22:19:41.911Z,95,60
1060,CucUkayMUvP,reel,https://www.instagram.com/thedogist/reel/CucUkayMUvP/,https://www.instagram.com/reel/CucUkayMUvP/,2026-06-19T22:19:41.911Z,95,61
1061,CuZqMIiryRg,p,https://www.instagram.com/thedogist/p/CuZqMIiryRg/,https://www.instagram.com/p/CuZqMIiryRg/,2026-06-19T22:19:41.911Z,95,62
1062,CuXJtH3r1xn,reel,https://www.instagram.com/thedogist/reel/CuXJtH3r1xn/,https://www.instagram.com/reel/CuXJtH3r1xn/,2026-06-19T22:19:41.911Z,95,63
1063,CuUlX6CLnlu,p,https://www.instagram.com/thedogist/p/CuUlX6CLnlu/,https://www.instagram.com/p/CuUlX6CLnlu/,2026-06-19T22:19:41.912Z,95,64
1064,CuSOEviLCz8,p,https://www.instagram.com/thedogist/p/CuSOEviLCz8/,https://www.instagram.com/p/CuSOEviLCz8/,2026-06-19T22:19:41.912Z,95,65
1065,CuPVHo5rx7M,p,https://www.instagram.com/thedogist/p/CuPVHo5rx7M/,https://www.instagram.com/p/CuPVHo5rx7M/,2026-06-19T22:19:41.912Z,95,66
1066,CuMwCwUs1Z3,reel,https://www.instagram.com/thedogist/reel/CuMwCwUs1Z3/,https://www.instagram.com/reel/CuMwCwUs1Z3/,2026-06-19T22:19:41.912Z,95,67
1067,CuKM8a0rO5v,p,https://www.instagram.com/thedogist/p/CuKM8a0rO5v/,https://www.instagram.com/p/CuKM8a0rO5v/,2026-06-19T22:19:41.913Z,95,68
1068,CuHnckAM5qa,reel,https://www.instagram.com/thedogist/reel/CuHnckAM5qa/,https://www.instagram.com/reel/CuHnckAM5qa/,2026-06-19T22:19:41.913Z,95,69
1069,CuFFYlULkm2,p,https://www.instagram.com/thedogist/p/CuFFYlULkm2/,https://www.instagram.com/p/CuFFYlULkm2/,2026-06-19T22:19:43.542Z,96,60
1070,CuCfrtKgIqQ,reel,https://www.instagram.com/thedogist/reel/CuCfrtKgIqQ/,https://www.instagram.com/reel/CuCfrtKgIqQ/,2026-06-19T22:19:43.543Z,96,61
1071,Ct_-692LWzo,p,https://www.instagram.com/thedogist/p/Ct_-692LWzo/,https://www.instagram.com/p/Ct_-692LWzo/,2026-06-19T22:19:43.543Z,96,62
1072,Ct9TxacussM,reel,https://www.instagram.com/thedogist/reel/Ct9TxacussM/,https://www.instagram.com/reel/Ct9TxacussM/,2026-06-19T22:19:43.544Z,96,63
1073,Ct7QWsbxsBK,p,https://www.instagram.com/thedogist/p/Ct7QWsbxsBK/,https://www.instagram.com/p/Ct7QWsbxsBK/,2026-06-19T22:19:43.544Z,96,64
1074,Ct6rf2GLSSe,p,https://www.instagram.com/thedogist/p/Ct6rf2GLSSe/,https://www.instagram.com/p/Ct6rf2GLSSe/,2026-06-19T22:19:43.544Z,96,65
1075,Ct4N-2vvlW5,reel,https://www.instagram.com/thedogist/reel/Ct4N-2vvlW5/,https://www.instagram.com/reel/Ct4N-2vvlW5/,2026-06-19T22:19:43.544Z,96,66
1076,Ct1q-rvrfNO,p,https://www.instagram.com/thedogist/p/Ct1q-rvrfNO/,https://www.instagram.com/p/Ct1q-rvrfNO/,2026-06-19T22:19:43.545Z,96,67
1077,CtzBEsGusz-,reel,https://www.instagram.com/thedogist/reel/CtzBEsGusz-/,https://www.instagram.com/reel/CtzBEsGusz-/,2026-06-19T22:19:43.545Z,96,68
1078,Ctwe8KFLw1q,p,https://www.instagram.com/thedogist/p/Ctwe8KFLw1q/,https://www.instagram.com/p/Ctwe8KFLw1q/,2026-06-19T22:19:43.545Z,96,69
1079,Ctt4GMdvjcX,reel,https://www.instagram.com/thedogist/reel/Ctt4GMdvjcX/,https://www.instagram.com/reel/Ctt4GMdvjcX/,2026-06-19T22:19:43.545Z,96,70
1080,CtrT-D5L3z_,p,https://www.instagram.com/thedogist/p/CtrT-D5L3z_/,https://www.instagram.com/p/CtrT-D5L3z_/,2026-06-19T22:19:43.545Z,96,71
1081,CtowkqUPh0A,reel,https://www.instagram.com/thedogist/reel/CtowkqUPh0A/,https://www.instagram.com/reel/CtowkqUPh0A/,2026-06-19T22:19:46.822Z,98,62
1082,CtmGTnALg48,p,https://www.instagram.com/thedogist/p/CtmGTnALg48/,https://www.instagram.com/p/CtmGTnALg48/,2026-06-19T22:19:46.823Z,98,63
1083,Ctjp-xsvlZO,reel,https://www.instagram.com/thedogist/reel/Ctjp-xsvlZO/,https://www.instagram.com/reel/Ctjp-xsvlZO/,2026-06-19T22:19:46.823Z,98,64
1084,Ctg-oUQrXCd,p,https://www.instagram.com/thedogist/p/Ctg-oUQrXCd/,https://www.instagram.com/p/Ctg-oUQrXCd/,2026-06-19T22:19:46.824Z,98,65
1085,CtefD6Sr_Fu,reel,https://www.instagram.com/thedogist/reel/CtefD6Sr_Fu/,https://www.instagram.com/reel/CtefD6Sr_Fu/,2026-06-19T22:19:46.824Z,98,66
1086,CtcKFS-r4ZN,p,https://www.instagram.com/thedogist/p/CtcKFS-r4ZN/,https://www.instagram.com/p/CtcKFS-r4ZN/,2026-06-19T22:19:46.824Z,98,67
1087,CtZT8qOtKCi,reel,https://www.instagram.com/thedogist/reel/CtZT8qOtKCi/,https://www.instagram.com/reel/CtZT8qOtKCi/,2026-06-19T22:19:46.824Z,98,68
1088,CtWt6thrqHN,p,https://www.instagram.com/thedogist/p/CtWt6thrqHN/,https://www.instagram.com/p/CtWt6thrqHN/,2026-06-19T22:19:46.824Z,98,69
1089,CtUOasltFlf,reel,https://www.instagram.com/thedogist/reel/CtUOasltFlf/,https://www.instagram.com/reel/CtUOasltFlf/,2026-06-19T22:19:46.825Z,98,70
1090,CtRppWULEXI,p,https://www.instagram.com/thedogist/p/CtRppWULEXI/,https://www.instagram.com/p/CtRppWULEXI/,2026-06-19T22:19:46.825Z,98,71
1091,CtO9tqJuXPW,reel,https://www.instagram.com/thedogist/reel/CtO9tqJuXPW/,https://www.instagram.com/reel/CtO9tqJuXPW/,2026-06-19T22:19:46.825Z,98,72
1092,CtMY5ktLrMS,p,https://www.instagram.com/thedogist/p/CtMY5ktLrMS/,https://www.instagram.com/p/CtMY5ktLrMS/,2026-06-19T22:19:46.825Z,98,73
1093,CtJ0dd_Omiw,reel,https://www.instagram.com/thedogist/reel/CtJ0dd_Omiw/,https://www.instagram.com/reel/CtJ0dd_Omiw/,2026-06-19T22:19:46.825Z,98,74
1094,CtHPT-EraBt,p,https://www.instagram.com/thedogist/p/CtHPT-EraBt/,https://www.instagram.com/p/CtHPT-EraBt/,2026-06-19T22:19:46.826Z,98,75
1095,CtEzoeEvRXD,reel,https://www.instagram.com/thedogist/reel/CtEzoeEvRXD/,https://www.instagram.com/reel/CtEzoeEvRXD/,2026-06-19T22:19:46.826Z,98,76
1096,CtCHlmNLmos,p,https://www.instagram.com/thedogist/p/CtCHlmNLmos/,https://www.instagram.com/p/CtCHlmNLmos/,2026-06-19T22:19:46.826Z,98,77
1097,Cs_lCVLMFVN,reel,https://www.instagram.com/thedogist/reel/Cs_lCVLMFVN/,https://www.instagram.com/reel/Cs_lCVLMFVN/,2026-06-19T22:19:46.826Z,98,78
1098,Cs9Aek7LA-P,p,https://www.instagram.com/thedogist/p/Cs9Aek7LA-P/,https://www.instagram.com/p/Cs9Aek7LA-P/,2026-06-19T22:19:46.826Z,98,79
1099,Cs6WaxiLc4O,reel,https://www.instagram.com/thedogist/reel/Cs6WaxiLc4O/,https://www.instagram.com/reel/Cs6WaxiLc4O/,2026-06-19T22:19:46.826Z,98,80
1100,Cs30exptxxe,reel,https://www.instagram.com/thedogist/reel/Cs30exptxxe/,https://www.instagram.com/reel/Cs30exptxxe/,2026-06-19T22:19:46.827Z,98,81
1101,Cs1WmOBL7tW,p,https://www.instagram.com/thedogist/p/Cs1WmOBL7tW/,https://www.instagram.com/p/Cs1WmOBL7tW/,2026-06-19T22:19:46.827Z,98,82
1102,CsyqO6VuZvB,reel,https://www.instagram.com/thedogist/reel/CsyqO6VuZvB/,https://www.instagram.com/reel/CsyqO6VuZvB/,2026-06-19T22:19:46.827Z,98,83
1103,CswOgQxL4vU,p,https://www.instagram.com/thedogist/p/CswOgQxL4vU/,https://www.instagram.com/p/CswOgQxL4vU/,2026-06-19T22:19:46.827Z,98,84
1104,CstnDD1tcUV,reel,https://www.instagram.com/thedogist/reel/CstnDD1tcUV/,https://www.instagram.com/reel/CstnDD1tcUV/,2026-06-19T22:19:46.827Z,98,85
1105,Csq-cptLM0E,p,https://www.instagram.com/thedogist/p/Csq-cptLM0E/,https://www.instagram.com/p/Csq-cptLM0E/,2026-06-19T22:19:48.452Z,99,61
1106,CsoafLpP7MP,reel,https://www.instagram.com/thedogist/reel/CsoafLpP7MP/,https://www.instagram.com/reel/CsoafLpP7MP/,2026-06-19T22:19:48.452Z,99,62
1107,Csl_mZNL99B,p,https://www.instagram.com/thedogist/p/Csl_mZNL99B/,https://www.instagram.com/p/Csl_mZNL99B/,2026-06-19T22:19:48.453Z,99,63
1108,CsjNBKTN_3U,reel,https://www.instagram.com/thedogist/reel/CsjNBKTN_3U/,https://www.instagram.com/reel/CsjNBKTN_3U/,2026-06-19T22:19:48.453Z,99,64
1109,CseChN6rkVo,p,https://www.instagram.com/thedogist/p/CseChN6rkVo/,https://www.instagram.com/p/CseChN6rkVo/,2026-06-19T22:19:48.453Z,99,65
1110,Csbr1H0u_NH,reel,https://www.instagram.com/thedogist/reel/Csbr1H0u_NH/,https://www.instagram.com/reel/Csbr1H0u_NH/,2026-06-19T22:19:48.453Z,99,66
1111,CsZ5E00rsD8,p,https://www.instagram.com/thedogist/p/CsZ5E00rsD8/,https://www.instagram.com/p/CsZ5E00rsD8/,2026-06-19T22:19:48.453Z,99,67
1112,CsWlLT3r6fm,p,https://www.instagram.com/thedogist/p/CsWlLT3r6fm/,https://www.instagram.com/p/CsWlLT3r6fm/,2026-06-19T22:19:48.453Z,99,68
1113,CsTvmdpPIOe,reel,https://www.instagram.com/thedogist/reel/CsTvmdpPIOe/,https://www.instagram.com/reel/CsTvmdpPIOe/,2026-06-19T22:19:48.454Z,99,69
1114,CsRS_3crK-q,p,https://www.instagram.com/thedogist/p/CsRS_3crK-q/,https://www.instagram.com/p/CsRS_3crK-q/,2026-06-19T22:19:48.454Z,99,70
1115,CsOp2P3Ns1c,reel,https://www.instagram.com/thedogist/reel/CsOp2P3Ns1c/,https://www.instagram.com/reel/CsOp2P3Ns1c/,2026-06-19T22:19:48.454Z,99,71
1116,CsMAr7uLs_q,p,https://www.instagram.com/thedogist/p/CsMAr7uLs_q/,https://www.instagram.com/p/CsMAr7uLs_q/,2026-06-19T22:19:48.454Z,99,72
1117,CsJbmz-Jz3S,reel,https://www.instagram.com/thedogist/reel/CsJbmz-Jz3S/,https://www.instagram.com/reel/CsJbmz-Jz3S/,2026-06-19T22:19:50.127Z,100,58
1118,CsG5dp6reSZ,p,https://www.instagram.com/thedogist/p/CsG5dp6reSZ/,https://www.instagram.com/p/CsG5dp6reSZ/,2026-06-19T22:19:50.128Z,100,59
1119,CsEnzr9Ph_K,reel,https://www.instagram.com/thedogist/reel/CsEnzr9Ph_K/,https://www.instagram.com/reel/CsEnzr9Ph_K/,2026-06-19T22:19:50.128Z,100,60
1120,CsDH9wiuNpM,p,https://www.instagram.com/thedogist/p/CsDH9wiuNpM/,https://www.instagram.com/p/CsDH9wiuNpM/,2026-06-19T22:19:50.128Z,100,61
1121,CsCFvP8rYee,p,https://www.instagram.com/thedogist/p/CsCFvP8rYee/,https://www.instagram.com/p/CsCFvP8rYee/,2026-06-19T22:19:50.129Z,100,62
1122,Cr_Ok7ILFga,p,https://www.instagram.com/thedogist/p/Cr_Ok7ILFga/,https://www.instagram.com/p/Cr_Ok7ILFga/,2026-06-19T22:19:50.129Z,100,63
1123,Cr8qMGuPqEc,reel,https://www.instagram.com/thedogist/reel/Cr8qMGuPqEc/,https://www.instagram.com/reel/Cr8qMGuPqEc/,2026-06-19T22:19:50.129Z,100,64
1124,Cr5_oSrPfTv,reel,https://www.instagram.com/thedogist/reel/Cr5_oSrPfTv/,https://www.instagram.com/reel/Cr5_oSrPfTv/,2026-06-19T22:19:50.129Z,100,65
1125,Cr3bSZKruJq,p,https://www.instagram.com/thedogist/p/Cr3bSZKruJq/,https://www.instagram.com/p/Cr3bSZKruJq/,2026-06-19T22:19:50.129Z,100,66
1126,Cr01yc4Oi5w,reel,https://www.instagram.com/thedogist/reel/Cr01yc4Oi5w/,https://www.instagram.com/reel/Cr01yc4Oi5w/,2026-06-19T22:19:50.130Z,100,67
1127,CryRamntxKs,reel,https://www.instagram.com/thedogist/reel/CryRamntxKs/,https://www.instagram.com/reel/CryRamntxKs/,2026-06-19T22:19:50.130Z,100,68
1128,CrvsmyfLo2i,p,https://www.instagram.com/thedogist/p/CrvsmyfLo2i/,https://www.instagram.com/p/CrvsmyfLo2i/,2026-06-19T22:19:50.130Z,100,69
1129,CrtHK8bL9DX,reel,https://www.instagram.com/thedogist/reel/CrtHK8bL9DX/,https://www.instagram.com/reel/CrtHK8bL9DX/,2026-06-19T22:19:51.755Z,101,60
1130,CrqjJNqrZbN,p,https://www.instagram.com/thedogist/p/CrqjJNqrZbN/,https://www.instagram.com/p/CrqjJNqrZbN/,2026-06-19T22:19:51.756Z,101,61
1131,Crn9Kn8usvZ,reel,https://www.instagram.com/thedogist/reel/Crn9Kn8usvZ/,https://www.instagram.com/reel/Crn9Kn8usvZ/,2026-06-19T22:19:51.756Z,101,62
1132,CrlZCJ2rl7k,p,https://www.instagram.com/thedogist/p/CrlZCJ2rl7k/,https://www.instagram.com/p/CrlZCJ2rl7k/,2026-06-19T22:19:51.757Z,101,63
1133,Cri4meINq4v,reel,https://www.instagram.com/thedogist/reel/Cri4meINq4v/,https://www.instagram.com/reel/Cri4meINq4v/,2026-06-19T22:19:51.757Z,101,64
1134,CrgSvK2rjWL,p,https://www.instagram.com/thedogist/p/CrgSvK2rjWL/,https://www.instagram.com/p/CrgSvK2rjWL/,2026-06-19T22:19:51.757Z,101,65
1135,CrdwaLvsbyM,reel,https://www.instagram.com/thedogist/reel/CrdwaLvsbyM/,https://www.instagram.com/reel/CrdwaLvsbyM/,2026-06-19T22:19:51.757Z,101,66
1136,CrbFlddLHIy,p,https://www.instagram.com/thedogist/p/CrbFlddLHIy/,https://www.instagram.com/p/CrbFlddLHIy/,2026-06-19T22:19:51.758Z,101,67
1137,CrYljxGO5xV,reel,https://www.instagram.com/thedogist/reel/CrYljxGO5xV/,https://www.instagram.com/reel/CrYljxGO5xV/,2026-06-19T22:19:51.758Z,101,68
1138,CrV6JDurPGO,p,https://www.instagram.com/thedogist/p/CrV6JDurPGO/,https://www.instagram.com/p/CrV6JDurPGO/,2026-06-19T22:19:51.758Z,101,69
1139,CrTWpRwA9LH,reel,https://www.instagram.com/thedogist/reel/CrTWpRwA9LH/,https://www.instagram.com/reel/CrTWpRwA9LH/,2026-06-19T22:19:51.759Z,101,70
1140,CrQ3onNLxsW,p,https://www.instagram.com/thedogist/p/CrQ3onNLxsW/,https://www.instagram.com/p/CrQ3onNLxsW/,2026-06-19T22:19:51.759Z,101,71
1141,CrOXnXkpd-U,reel,https://www.instagram.com/thedogist/reel/CrOXnXkpd-U/,https://www.instagram.com/reel/CrOXnXkpd-U/,2026-06-19T22:19:53.396Z,102,62
1142,CrLqAXoLUmo,p,https://www.instagram.com/thedogist/p/CrLqAXoLUmo/,https://www.instagram.com/p/CrLqAXoLUmo/,2026-06-19T22:19:53.397Z,102,63
1143,CrJJLt2ta_C,reel,https://www.instagram.com/thedogist/reel/CrJJLt2ta_C/,https://www.instagram.com/reel/CrJJLt2ta_C/,2026-06-19T22:19:53.397Z,102,64
1144,CrGqXmPrPgi,p,https://www.instagram.com/thedogist/p/CrGqXmPrPgi/,https://www.instagram.com/p/CrGqXmPrPgi/,2026-06-19T22:19:53.397Z,102,65
1145,CrEAbxRMgXZ,reel,https://www.instagram.com/thedogist/reel/CrEAbxRMgXZ/,https://www.instagram.com/reel/CrEAbxRMgXZ/,2026-06-19T22:19:53.397Z,102,66
1146,CrBcCalrMpv,p,https://www.instagram.com/thedogist/p/CrBcCalrMpv/,https://www.instagram.com/p/CrBcCalrMpv/,2026-06-19T22:19:53.398Z,102,67
1147,Cq-wjFlJJ4J,reel,https://www.instagram.com/thedogist/reel/Cq-wjFlJJ4J/,https://www.instagram.com/reel/Cq-wjFlJJ4J/,2026-06-19T22:19:53.398Z,102,68
1148,Cq8N9byLVBl,p,https://www.instagram.com/thedogist/p/Cq8N9byLVBl/,https://www.instagram.com/p/Cq8N9byLVBl/,2026-06-19T22:19:53.398Z,102,69
1149,Cq5nVGkPvMk,reel,https://www.instagram.com/thedogist/reel/Cq5nVGkPvMk/,https://www.instagram.com/reel/Cq5nVGkPvMk/,2026-06-19T22:19:53.398Z,102,70
1150,Cq3KH21rT6V,p,https://www.instagram.com/thedogist/p/Cq3KH21rT6V/,https://www.instagram.com/p/Cq3KH21rT6V/,2026-06-19T22:19:53.398Z,102,71
1151,Cq0eq3sL7w-,reel,https://www.instagram.com/thedogist/reel/Cq0eq3sL7w-/,https://www.instagram.com/reel/Cq0eq3sL7w-/,2026-06-19T22:19:53.399Z,102,72
1152,Cqx5J-pr5Ot,p,https://www.instagram.com/thedogist/p/Cqx5J-pr5Ot/,https://www.instagram.com/p/Cqx5J-pr5Ot/,2026-06-19T22:19:53.399Z,102,73
1153,CqvWzo_rjLu,reel,https://www.instagram.com/thedogist/reel/CqvWzo_rjLu/,https://www.instagram.com/reel/CqvWzo_rjLu/,2026-06-19T22:19:55.028Z,103,59
1154,CqsycUFLoAb,p,https://www.instagram.com/thedogist/p/CqsycUFLoAb/,https://www.instagram.com/p/CqsycUFLoAb/,2026-06-19T22:19:55.029Z,103,60
1155,CqqLAX_ODWK,reel,https://www.instagram.com/thedogist/reel/CqqLAX_ODWK/,https://www.instagram.com/reel/CqqLAX_ODWK/,2026-06-19T22:19:55.029Z,103,61
1156,Cqnop9XORIl,p,https://www.instagram.com/thedogist/p/Cqnop9XORIl/,https://www.instagram.com/p/Cqnop9XORIl/,2026-06-19T22:19:55.029Z,103,62
1157,CqlQXSkP9Kr,reel,https://www.instagram.com/thedogist/reel/CqlQXSkP9Kr/,https://www.instagram.com/reel/CqlQXSkP9Kr/,2026-06-19T22:19:55.029Z,103,63
1158,CqiwixarE2V,p,https://www.instagram.com/thedogist/p/CqiwixarE2V/,https://www.instagram.com/p/CqiwixarE2V/,2026-06-19T22:19:55.029Z,103,64
1159,CqatadLLbD9,p,https://www.instagram.com/thedogist/p/CqatadLLbD9/,https://www.instagram.com/p/CqatadLLbD9/,2026-06-19T22:19:55.030Z,103,65
1160,CqYQ_nDvOHQ,reel,https://www.instagram.com/thedogist/reel/CqYQ_nDvOHQ/,https://www.instagram.com/reel/CqYQ_nDvOHQ/,2026-06-19T22:19:55.030Z,103,66
1161,CqV3bQALvzP,p,https://www.instagram.com/thedogist/p/CqV3bQALvzP/,https://www.instagram.com/p/CqV3bQALvzP/,2026-06-19T22:19:55.030Z,103,67
1162,CqS8b0lLE3c,p,https://www.instagram.com/thedogist/p/CqS8b0lLE3c/,https://www.instagram.com/p/CqS8b0lLE3c/,2026-06-19T22:19:55.030Z,103,68
1163,CqQjQFHMjQt,reel,https://www.instagram.com/thedogist/reel/CqQjQFHMjQt/,https://www.instagram.com/reel/CqQjQFHMjQt/,2026-06-19T22:19:55.030Z,103,69
1164,CqNuhBNuJ7Z,p,https://www.instagram.com/thedogist/p/CqNuhBNuJ7Z/,https://www.instagram.com/p/CqNuhBNuJ7Z/,2026-06-19T22:19:55.031Z,103,70
1165,CqLcfbnAj3U,reel,https://www.instagram.com/thedogist/reel/CqLcfbnAj3U/,https://www.instagram.com/reel/CqLcfbnAj3U/,2026-06-19T22:19:58.309Z,105,61
1166,CqIp3RzrxdO,p,https://www.instagram.com/thedogist/p/CqIp3RzrxdO/,https://www.instagram.com/p/CqIp3RzrxdO/,2026-06-19T22:19:58.309Z,105,62
1167,CqGGjx5vqLa,reel,https://www.instagram.com/thedogist/reel/CqGGjx5vqLa/,https://www.instagram.com/reel/CqGGjx5vqLa/,2026-06-19T22:19:58.310Z,105,63
1168,CqD8WRwPdmZ,p,https://www.instagram.com/thedogist/p/CqD8WRwPdmZ/,https://www.instagram.com/p/CqD8WRwPdmZ/,2026-06-19T22:19:58.310Z,105,64
1169,CqBAK_qjFAg,reel,https://www.instagram.com/thedogist/reel/CqBAK_qjFAg/,https://www.instagram.com/reel/CqBAK_qjFAg/,2026-06-19T22:19:58.311Z,105,65
1170,Cp-8re6PPHC,p,https://www.instagram.com/thedogist/p/Cp-8re6PPHC/,https://www.instagram.com/p/Cp-8re6PPHC/,2026-06-19T22:19:58.311Z,105,66
1171,Cp8PrCFAD-P,reel,https://www.instagram.com/thedogist/reel/Cp8PrCFAD-P/,https://www.instagram.com/reel/Cp8PrCFAD-P/,2026-06-19T22:19:58.312Z,105,67
1172,Cp5R7pJrgIS,p,https://www.instagram.com/thedogist/p/Cp5R7pJrgIS/,https://www.instagram.com/p/Cp5R7pJrgIS/,2026-06-19T22:19:58.312Z,105,68
1173,Cp29ynJuxjq,reel,https://www.instagram.com/thedogist/reel/Cp29ynJuxjq/,https://www.instagram.com/reel/Cp29ynJuxjq/,2026-06-19T22:19:58.312Z,105,69
1174,Cpz-FRmrYW8,p,https://www.instagram.com/thedogist/p/Cpz-FRmrYW8/,https://www.instagram.com/p/Cpz-FRmrYW8/,2026-06-19T22:19:58.313Z,105,70
1175,CpxgcyGMafN,reel,https://www.instagram.com/thedogist/reel/CpxgcyGMafN/,https://www.instagram.com/reel/CpxgcyGMafN/,2026-06-19T22:19:58.313Z,105,71
1176,CpvB74-Lp6C,p,https://www.instagram.com/thedogist/p/CpvB74-Lp6C/,https://www.instagram.com/p/CpvB74-Lp6C/,2026-06-19T22:19:58.313Z,105,72
1177,CpsnJUXuZ0W,reel,https://www.instagram.com/thedogist/reel/CpsnJUXuZ0W/,https://www.instagram.com/reel/CpsnJUXuZ0W/,2026-06-19T22:19:59.954Z,106,58
1178,Cpp-5BYraJf,p,https://www.instagram.com/thedogist/p/Cpp-5BYraJf/,https://www.instagram.com/p/Cpp-5BYraJf/,2026-06-19T22:19:59.954Z,106,59
1179,CpnQibpgyZk,reel,https://www.instagram.com/thedogist/reel/CpnQibpgyZk/,https://www.instagram.com/reel/CpnQibpgyZk/,2026-06-19T22:19:59.955Z,106,60
1180,CpkphHHLfU5,p,https://www.instagram.com/thedogist/p/CpkphHHLfU5/,https://www.instagram.com/p/CpkphHHLfU5/,2026-06-19T22:19:59.955Z,106,61
1181,CpiIM7oP640,reel,https://www.instagram.com/thedogist/reel/CpiIM7oP640/,https://www.instagram.com/reel/CpiIM7oP640/,2026-06-19T22:19:59.955Z,106,62
1182,CpfljzTLaud,p,https://www.instagram.com/thedogist/p/CpfljzTLaud/,https://www.instagram.com/p/CpfljzTLaud/,2026-06-19T22:19:59.955Z,106,63
1183,CpdcXfyPkfx,reel,https://www.instagram.com/thedogist/reel/CpdcXfyPkfx/,https://www.instagram.com/reel/CpdcXfyPkfx/,2026-06-19T22:19:59.955Z,106,64
1184,CpapZ9CLTBI,p,https://www.instagram.com/thedogist/p/CpapZ9CLTBI/,https://www.instagram.com/p/CpapZ9CLTBI/,2026-06-19T22:19:59.956Z,106,65
1185,CpX4GussqYI,reel,https://www.instagram.com/thedogist/reel/CpX4GussqYI/,https://www.instagram.com/reel/CpX4GussqYI/,2026-06-19T22:19:59.956Z,106,66
1186,CpVTkB8rloa,p,https://www.instagram.com/thedogist/p/CpVTkB8rloa/,https://www.instagram.com/p/CpVTkB8rloa/,2026-06-19T22:19:59.956Z,106,67
1187,CpSwL2urwEo,reel,https://www.instagram.com/thedogist/reel/CpSwL2urwEo/,https://www.instagram.com/reel/CpSwL2urwEo/,2026-06-19T22:19:59.956Z,106,68
1188,CpQi-GSvwQs,p,https://www.instagram.com/thedogist/p/CpQi-GSvwQs/,https://www.instagram.com/p/CpQi-GSvwQs/,2026-06-19T22:19:59.956Z,106,69
1189,CpNmSIAM0BT,reel,https://www.instagram.com/thedogist/reel/CpNmSIAM0BT/,https://www.instagram.com/reel/CpNmSIAM0BT/,2026-06-19T22:20:01.583Z,107,60
1190,CpLBBoLL7t7,p,https://www.instagram.com/thedogist/p/CpLBBoLL7t7/,https://www.instagram.com/p/CpLBBoLL7t7/,2026-06-19T22:20:01.583Z,107,61
1191,CpIoM77j8CN,reel,https://www.instagram.com/thedogist/reel/CpIoM77j8CN/,https://www.instagram.com/reel/CpIoM77j8CN/,2026-06-19T22:20:01.583Z,107,62
1192,CpGbM1tvhyk,p,https://www.instagram.com/thedogist/p/CpGbM1tvhyk/,https://www.instagram.com/p/CpGbM1tvhyk/,2026-06-19T22:20:01.583Z,107,63
1193,CpDM90qLMyT,reel,https://www.instagram.com/thedogist/reel/CpDM90qLMyT/,https://www.instagram.com/reel/CpDM90qLMyT/,2026-06-19T22:20:01.584Z,107,64
1194,CpBN77evFr2,p,https://www.instagram.com/thedogist/p/CpBN77evFr2/,https://www.instagram.com/p/CpBN77evFr2/,2026-06-19T22:20:01.584Z,107,65
1195,Co-Adc1uJ19,reel,https://www.instagram.com/thedogist/reel/Co-Adc1uJ19/,https://www.instagram.com/reel/Co-Adc1uJ19/,2026-06-19T22:20:01.584Z,107,66
1196,Co7f457L0gP,p,https://www.instagram.com/thedogist/p/Co7f457L0gP/,https://www.instagram.com/p/Co7f457L0gP/,2026-06-19T22:20:01.584Z,107,67
1197,Co48M_lvEg_,reel,https://www.instagram.com/thedogist/reel/Co48M_lvEg_/,https://www.instagram.com/reel/Co48M_lvEg_/,2026-06-19T22:20:01.584Z,107,68
1198,Co2pPjrrbZG,p,https://www.instagram.com/thedogist/p/Co2pPjrrbZG/,https://www.instagram.com/p/Co2pPjrrbZG/,2026-06-19T22:20:01.584Z,107,69
1199,Cozx3N1u_Cp,reel,https://www.instagram.com/thedogist/reel/Cozx3N1u_Cp/,https://www.instagram.com/reel/Cozx3N1u_Cp/,2026-06-19T22:20:01.585Z,107,70
1200,CoxOGY8r_9s,p,https://www.instagram.com/thedogist/p/CoxOGY8r_9s/,https://www.instagram.com/p/CoxOGY8r_9s/,2026-06-19T22:20:01.585Z,107,71
1201,Cou4Pbzua2d,reel,https://www.instagram.com/thedogist/reel/Cou4Pbzua2d/,https://www.instagram.com/reel/Cou4Pbzua2d/,2026-06-19T22:20:03.273Z,108,62
1202,CosExv3rOgs,p,https://www.instagram.com/thedogist/p/CosExv3rOgs/,https://www.instagram.com/p/CosExv3rOgs/,2026-06-19T22:20:03.273Z,108,63
1203,CopfQddP6wZ,reel,https://www.instagram.com/thedogist/reel/CopfQddP6wZ/,https://www.instagram.com/reel/CopfQddP6wZ/,2026-06-19T22:20:03.274Z,108,64
1204,Com5usKrnaN,p,https://www.instagram.com/thedogist/p/Com5usKrnaN/,https://www.instagram.com/p/Com5usKrnaN/,2026-06-19T22:20:03.274Z,108,65
1205,CokQUCbr81F,p,https://www.instagram.com/thedogist/p/CokQUCbr81F/,https://www.instagram.com/p/CokQUCbr81F/,2026-06-19T22:20:03.274Z,108,66
1206,CohwXQ3LpHK,p,https://www.instagram.com/thedogist/p/CohwXQ3LpHK/,https://www.instagram.com/p/CohwXQ3LpHK/,2026-06-19T22:20:03.275Z,108,67
1207,CofFKGcDdyd,reel,https://www.instagram.com/thedogist/reel/CofFKGcDdyd/,https://www.instagram.com/reel/CofFKGcDdyd/,2026-06-19T22:20:03.275Z,108,68
1208,CocpUlTrR-Z,p,https://www.instagram.com/thedogist/p/CocpUlTrR-Z/,https://www.instagram.com/p/CocpUlTrR-Z/,2026-06-19T22:20:03.275Z,108,69
1209,CoaA55UD8QW,reel,https://www.instagram.com/thedogist/reel/CoaA55UD8QW/,https://www.instagram.com/reel/CoaA55UD8QW/,2026-06-19T22:20:03.275Z,108,70
1210,CoXccqBLkrD,p,https://www.instagram.com/thedogist/p/CoXccqBLkrD/,https://www.instagram.com/p/CoXccqBLkrD/,2026-06-19T22:20:03.275Z,108,71
1211,CoU1g0ZrkW4,reel,https://www.instagram.com/thedogist/reel/CoU1g0ZrkW4/,https://www.instagram.com/reel/CoU1g0ZrkW4/,2026-06-19T22:20:03.275Z,108,72
1212,CoSR_xFrmuR,p,https://www.instagram.com/thedogist/p/CoSR_xFrmuR/,https://www.instagram.com/p/CoSR_xFrmuR/,2026-06-19T22:20:03.276Z,108,73
1213,CoPsrJQNyZB,reel,https://www.instagram.com/thedogist/reel/CoPsrJQNyZB/,https://www.instagram.com/reel/CoPsrJQNyZB/,2026-06-19T22:20:06.540Z,110,59
1214,CoNKS0orHUg,p,https://www.instagram.com/thedogist/p/CoNKS0orHUg/,https://www.instagram.com/p/CoNKS0orHUg/,2026-06-19T22:20:06.543Z,110,60
1215,CoKlItILscp,reel,https://www.instagram.com/thedogist/reel/CoKlItILscp/,https://www.instagram.com/reel/CoKlItILscp/,2026-06-19T22:20:06.543Z,110,61
1216,CoIKD8brtjU,p,https://www.instagram.com/thedogist/p/CoIKD8brtjU/,https://www.instagram.com/p/CoIKD8brtjU/,2026-06-19T22:20:06.544Z,110,62
1217,CoFhhSeOhER,reel,https://www.instagram.com/thedogist/reel/CoFhhSeOhER/,https://www.instagram.com/reel/CoFhhSeOhER/,2026-06-19T22:20:06.545Z,110,63
1218,CoDFu3iLklB,p,https://www.instagram.com/thedogist/p/CoDFu3iLklB/,https://www.instagram.com/p/CoDFu3iLklB/,2026-06-19T22:20:06.545Z,110,64
1219,CoArIcLLnIJ,reel,https://www.instagram.com/thedogist/reel/CoArIcLLnIJ/,https://www.instagram.com/reel/CoArIcLLnIJ/,2026-06-19T22:20:06.546Z,110,65
1220,Cn943PsrPBG,p,https://www.instagram.com/thedogist/p/Cn943PsrPBG/,https://www.instagram.com/p/Cn943PsrPBG/,2026-06-19T22:20:06.547Z,110,66
1221,Cn7TAMbOyBr,reel,https://www.instagram.com/thedogist/reel/Cn7TAMbOyBr/,https://www.instagram.com/reel/Cn7TAMbOyBr/,2026-06-19T22:20:06.547Z,110,67
1222,Cn5Xbnfr892,p,https://www.instagram.com/thedogist/p/Cn5Xbnfr892/,https://www.instagram.com/p/Cn5Xbnfr892/,2026-06-19T22:20:06.547Z,110,68
1223,Cn2Fe2zJjhq,reel,https://www.instagram.com/thedogist/reel/Cn2Fe2zJjhq/,https://www.instagram.com/reel/Cn2Fe2zJjhq/,2026-06-19T22:20:06.548Z,110,69
1224,CnzjejGrK6q,p,https://www.instagram.com/thedogist/p/CnzjejGrK6q/,https://www.instagram.com/p/CnzjejGrK6q/,2026-06-19T22:20:06.548Z,110,70
1225,CnwzxcioYOk,reel,https://www.instagram.com/thedogist/reel/CnwzxcioYOk/,https://www.instagram.com/reel/CnwzxcioYOk/,2026-06-19T22:20:08.191Z,111,61
1226,Cnuz5zKvi7x,p,https://www.instagram.com/thedogist/p/Cnuz5zKvi7x/,https://www.instagram.com/p/Cnuz5zKvi7x/,2026-06-19T22:20:08.192Z,111,62
1227,CnsHB2Xo-ry,reel,https://www.instagram.com/thedogist/reel/CnsHB2Xo-ry/,https://www.instagram.com/reel/CnsHB2Xo-ry/,2026-06-19T22:20:08.192Z,111,63
1228,CnpbkJ1LT1Q,p,https://www.instagram.com/thedogist/p/CnpbkJ1LT1Q/,https://www.instagram.com/p/CnpbkJ1LT1Q/,2026-06-19T22:20:08.193Z,111,64
1229,CnmjunNIUEb,reel,https://www.instagram.com/thedogist/reel/CnmjunNIUEb/,https://www.instagram.com/reel/CnmjunNIUEb/,2026-06-19T22:20:08.193Z,111,65
1230,CnkAKDdrFaK,p,https://www.instagram.com/thedogist/p/CnkAKDdrFaK/,https://www.instagram.com/p/CnkAKDdrFaK/,2026-06-19T22:20:08.193Z,111,66
1231,Cnhm-QmI9T9,reel,https://www.instagram.com/thedogist/reel/Cnhm-QmI9T9/,https://www.instagram.com/reel/Cnhm-QmI9T9/,2026-06-19T22:20:08.194Z,111,67
1232,CnfbQmmvSaX,p,https://www.instagram.com/thedogist/p/CnfbQmmvSaX/,https://www.instagram.com/p/CnfbQmmvSaX/,2026-06-19T22:20:08.194Z,111,68
1233,CncbuJ1KJVQ,reel,https://www.instagram.com/thedogist/reel/CncbuJ1KJVQ/,https://www.instagram.com/reel/CncbuJ1KJVQ/,2026-06-19T22:20:08.194Z,111,69
1234,CnaBm2oPPp3,p,https://www.instagram.com/thedogist/p/CnaBm2oPPp3/,https://www.instagram.com/p/CnaBm2oPPp3/,2026-06-19T22:20:08.194Z,111,70
1235,CnXL7n3IcCb,reel,https://www.instagram.com/thedogist/reel/CnXL7n3IcCb/,https://www.instagram.com/reel/CnXL7n3IcCb/,2026-06-19T22:20:08.195Z,111,71
1236,CnU0FSUrBK_,p,https://www.instagram.com/thedogist/p/CnU0FSUrBK_/,https://www.instagram.com/p/CnU0FSUrBK_/,2026-06-19T22:20:08.195Z,111,72
1237,CnSFbggogdv,reel,https://www.instagram.com/thedogist/reel/CnSFbggogdv/,https://www.instagram.com/reel/CnSFbggogdv/,2026-06-19T22:20:11.470Z,113,58
1238,CnPoKqKLBfZ,p,https://www.instagram.com/thedogist/p/CnPoKqKLBfZ/,https://www.instagram.com/p/CnPoKqKLBfZ/,2026-06-19T22:20:11.471Z,113,59
1239,CnM7yq7IPwl,reel,https://www.instagram.com/thedogist/reel/CnM7yq7IPwl/,https://www.instagram.com/reel/CnM7yq7IPwl/,2026-06-19T22:20:11.472Z,113,60
1240,CnKWyRVLRUi,p,https://www.instagram.com/thedogist/p/CnKWyRVLRUi/,https://www.instagram.com/p/CnKWyRVLRUi/,2026-06-19T22:20:11.472Z,113,61
1241,CnIEdwSoss0,reel,https://www.instagram.com/thedogist/reel/CnIEdwSoss0/,https://www.instagram.com/reel/CnIEdwSoss0/,2026-06-19T22:20:11.473Z,113,62
1242,CnFlUVWvqcU,p,https://www.instagram.com/thedogist/p/CnFlUVWvqcU/,https://www.instagram.com/p/CnFlUVWvqcU/,2026-06-19T22:20:11.473Z,113,63
1243,CnDDtkyoT3c,reel,https://www.instagram.com/thedogist/reel/CnDDtkyoT3c/,https://www.instagram.com/reel/CnDDtkyoT3c/,2026-06-19T22:20:11.473Z,113,64
1244,CnAXEyXPZxC,p,https://www.instagram.com/thedogist/p/CnAXEyXPZxC/,https://www.instagram.com/p/CnAXEyXPZxC/,2026-06-19T22:20:11.473Z,113,65
1245,Cm99Z5Uo1iT,reel,https://www.instagram.com/thedogist/reel/Cm99Z5Uo1iT/,https://www.instagram.com/reel/Cm99Z5Uo1iT/,2026-06-19T22:20:11.474Z,113,66
1246,Cm7IzGIvTCI,p,https://www.instagram.com/thedogist/p/Cm7IzGIvTCI/,https://www.instagram.com/p/Cm7IzGIvTCI/,2026-06-19T22:20:11.474Z,113,67
1247,Cm4gm0ZoXpN,reel,https://www.instagram.com/thedogist/reel/Cm4gm0ZoXpN/,https://www.instagram.com/reel/Cm4gm0ZoXpN/,2026-06-19T22:20:11.474Z,113,68
1248,Cm2LtkEvfNb,p,https://www.instagram.com/thedogist/p/Cm2LtkEvfNb/,https://www.instagram.com/p/Cm2LtkEvfNb/,2026-06-19T22:20:11.475Z,113,69
1249,Cmz0iqLI3Za,reel,https://www.instagram.com/thedogist/reel/Cmz0iqLI3Za/,https://www.instagram.com/reel/Cmz0iqLI3Za/,2026-06-19T22:20:13.112Z,114,60
1250,CmwoO75rEJZ,p,https://www.instagram.com/thedogist/p/CmwoO75rEJZ/,https://www.instagram.com/p/CmwoO75rEJZ/,2026-06-19T22:20:13.112Z,114,61
1251,Cmt9S_foyvJ,reel,https://www.instagram.com/thedogist/reel/Cmt9S_foyvJ/,https://www.instagram.com/reel/Cmt9S_foyvJ/,2026-06-19T22:20:13.113Z,114,62
1252,CmrrgopLjnr,p,https://www.instagram.com/thedogist/p/CmrrgopLjnr/,https://www.instagram.com/p/CmrrgopLjnr/,2026-06-19T22:20:13.113Z,114,63
1253,CmpAh_7ohvA,reel,https://www.instagram.com/thedogist/reel/CmpAh_7ohvA/,https://www.instagram.com/reel/CmpAh_7ohvA/,2026-06-19T22:20:13.113Z,114,64
1254,CmmBnf6LNeY,p,https://www.instagram.com/thedogist/p/CmmBnf6LNeY/,https://www.instagram.com/p/CmmBnf6LNeY/,2026-06-19T22:20:13.113Z,114,65
1255,Cmjj00pINJF,reel,https://www.instagram.com/thedogist/reel/Cmjj00pINJF/,https://www.instagram.com/reel/Cmjj00pINJF/,2026-06-19T22:20:13.113Z,114,66
1256,CmhGJtPLTi0,p,https://www.instagram.com/thedogist/p/CmhGJtPLTi0/,https://www.instagram.com/p/CmhGJtPLTi0/,2026-06-19T22:20:13.113Z,114,67
1257,CmedG0LIVBy,reel,https://www.instagram.com/thedogist/reel/CmedG0LIVBy/,https://www.instagram.com/reel/CmedG0LIVBy/,2026-06-19T22:20:13.114Z,114,68
1258,Cmb11p6r0aQ,p,https://www.instagram.com/thedogist/p/Cmb11p6r0aQ/,https://www.instagram.com/p/Cmb11p6r0aQ/,2026-06-19T22:20:13.114Z,114,69
1259,CmZY-qxJ74d,reel,https://www.instagram.com/thedogist/reel/CmZY-qxJ74d/,https://www.instagram.com/reel/CmZY-qxJ74d/,2026-06-19T22:20:13.114Z,114,70
1260,CmXIHN7PYIb,p,https://www.instagram.com/thedogist/p/CmXIHN7PYIb/,https://www.instagram.com/p/CmXIHN7PYIb/,2026-06-19T22:20:13.114Z,114,71
1261,CmUQXnvvn8c,reel,https://www.instagram.com/thedogist/reel/CmUQXnvvn8c/,https://www.instagram.com/reel/CmUQXnvvn8c/,2026-06-19T22:20:14.741Z,115,62
1262,CmRvSBkLQIn,p,https://www.instagram.com/thedogist/p/CmRvSBkLQIn/,https://www.instagram.com/p/CmRvSBkLQIn/,2026-06-19T22:20:14.741Z,115,63
1263,CmPOzJaJhUw,reel,https://www.instagram.com/thedogist/reel/CmPOzJaJhUw/,https://www.instagram.com/reel/CmPOzJaJhUw/,2026-06-19T22:20:14.741Z,115,64
1264,CmMfhecrITV,p,https://www.instagram.com/thedogist/p/CmMfhecrITV/,https://www.instagram.com/p/CmMfhecrITV/,2026-06-19T22:20:14.742Z,115,65
1265,CmJzQ7Ku-Az,reel,https://www.instagram.com/thedogist/reel/CmJzQ7Ku-Az/,https://www.instagram.com/reel/CmJzQ7Ku-Az/,2026-06-19T22:20:14.742Z,115,66
1266,CmHRb6RLpiS,p,https://www.instagram.com/thedogist/p/CmHRb6RLpiS/,https://www.instagram.com/p/CmHRb6RLpiS/,2026-06-19T22:20:14.742Z,115,67
1267,CmEstR2Lt1K,reel,https://www.instagram.com/thedogist/reel/CmEstR2Lt1K/,https://www.instagram.com/reel/CmEstR2Lt1K/,2026-06-19T22:20:14.742Z,115,68
1268,CmCnKmjv8hS,p,https://www.instagram.com/thedogist/p/CmCnKmjv8hS/,https://www.instagram.com/p/CmCnKmjv8hS/,2026-06-19T22:20:14.742Z,115,69
1269,CmAFbBLOgC3,reel,https://www.instagram.com/thedogist/reel/CmAFbBLOgC3/,https://www.instagram.com/reel/CmAFbBLOgC3/,2026-06-19T22:20:14.742Z,115,70
1270,Cl9H7zQJ6X3,p,https://www.instagram.com/thedogist/p/Cl9H7zQJ6X3/,https://www.instagram.com/p/Cl9H7zQJ6X3/,2026-06-19T22:20:14.742Z,115,71
1271,Cl6wE1UDiey,reel,https://www.instagram.com/thedogist/reel/Cl6wE1UDiey/,https://www.instagram.com/reel/Cl6wE1UDiey/,2026-06-19T22:20:14.743Z,115,72
1272,Cl4S6XpPE4Z,p,https://www.instagram.com/thedogist/p/Cl4S6XpPE4Z/,https://www.instagram.com/p/Cl4S6XpPE4Z/,2026-06-19T22:20:14.743Z,115,73
1273,Cl1LPblvbrx,reel,https://www.instagram.com/thedogist/reel/Cl1LPblvbrx/,https://www.instagram.com/reel/Cl1LPblvbrx/,2026-06-19T22:20:16.383Z,116,59
1274,Clyx-M7rJIc,p,https://www.instagram.com/thedogist/p/Clyx-M7rJIc/,https://www.instagram.com/p/Clyx-M7rJIc/,2026-06-19T22:20:16.384Z,116,60
1275,ClwZEqsMRh0,reel,https://www.instagram.com/thedogist/reel/ClwZEqsMRh0/,https://www.instagram.com/reel/ClwZEqsMRh0/,2026-06-19T22:20:16.384Z,116,61
1276,Clt79MvP0Hx,p,https://www.instagram.com/thedogist/p/Clt79MvP0Hx/,https://www.instagram.com/p/Clt79MvP0Hx/,2026-06-19T22:20:16.384Z,116,62
1277,ClrRqiUu9yV,reel,https://www.instagram.com/thedogist/reel/ClrRqiUu9yV/,https://www.instagram.com/reel/ClrRqiUu9yV/,2026-06-19T22:20:16.384Z,116,63
1278,Cloz8oVPKJf,p,https://www.instagram.com/thedogist/p/Cloz8oVPKJf/,https://www.instagram.com/p/Cloz8oVPKJf/,2026-06-19T22:20:16.385Z,116,64
1279,CllwdaxrPoo,reel,https://www.instagram.com/thedogist/reel/CllwdaxrPoo/,https://www.instagram.com/reel/CllwdaxrPoo/,2026-06-19T22:20:16.385Z,116,65
1280,CljIxzPrdL3,reel,https://www.instagram.com/thedogist/reel/CljIxzPrdL3/,https://www.instagram.com/reel/CljIxzPrdL3/,2026-06-19T22:20:16.385Z,116,66
1281,ClhApf6vrwg,p,https://www.instagram.com/thedogist/p/ClhApf6vrwg/,https://www.instagram.com/p/ClhApf6vrwg/,2026-06-19T22:20:16.385Z,116,67
1282,CleGXB2LbcK,reel,https://www.instagram.com/thedogist/reel/CleGXB2LbcK/,https://www.instagram.com/reel/CleGXB2LbcK/,2026-06-19T22:20:16.386Z,116,68
1283,Clb8J5WvNpI,p,https://www.instagram.com/thedogist/p/Clb8J5WvNpI/,https://www.instagram.com/p/Clb8J5WvNpI/,2026-06-19T22:20:16.386Z,116,69
1284,ClZF7C4O1z5,reel,https://www.instagram.com/thedogist/reel/ClZF7C4O1z5/,https://www.instagram.com/reel/ClZF7C4O1z5/,2026-06-19T22:20:16.386Z,116,70
1285,ClWU3_pLQ3Z,p,https://www.instagram.com/thedogist/p/ClWU3_pLQ3Z/,https://www.instagram.com/p/ClWU3_pLQ3Z/,2026-06-19T22:20:18.032Z,117,61
1286,ClT9nDIJHHu,reel,https://www.instagram.com/thedogist/reel/ClT9nDIJHHu/,https://www.instagram.com/reel/ClT9nDIJHHu/,2026-06-19T22:20:18.033Z,117,62
1287,ClRQNNTrM5P,p,https://www.instagram.com/thedogist/p/ClRQNNTrM5P/,https://www.instagram.com/p/ClRQNNTrM5P/,2026-06-19T22:20:18.033Z,117,63
1288,ClO19JlMxfL,reel,https://www.instagram.com/thedogist/reel/ClO19JlMxfL/,https://www.instagram.com/reel/ClO19JlMxfL/,2026-06-19T22:20:18.033Z,117,64
1289,ClMP67KrkP_,p,https://www.instagram.com/thedogist/p/ClMP67KrkP_/,https://www.instagram.com/p/ClMP67KrkP_/,2026-06-19T22:20:18.033Z,117,65
1290,ClJt2-QueE4,reel,https://www.instagram.com/thedogist/reel/ClJt2-QueE4/,https://www.instagram.com/reel/ClJt2-QueE4/,2026-06-19T22:20:18.034Z,117,66
1291,ClG_QzeLv8f,p,https://www.instagram.com/thedogist/p/ClG_QzeLv8f/,https://www.instagram.com/p/ClG_QzeLv8f/,2026-06-19T22:20:18.034Z,117,67
1292,ClEnEH_gAfn,reel,https://www.instagram.com/thedogist/reel/ClEnEH_gAfn/,https://www.instagram.com/reel/ClEnEH_gAfn/,2026-06-19T22:20:18.034Z,117,68
1293,ClB2hEQrVG_,p,https://www.instagram.com/thedogist/p/ClB2hEQrVG_/,https://www.instagram.com/p/ClB2hEQrVG_/,2026-06-19T22:20:18.034Z,117,69
1294,Ck_QAGCPpaR,reel,https://www.instagram.com/thedogist/reel/Ck_QAGCPpaR/,https://www.instagram.com/reel/Ck_QAGCPpaR/,2026-06-19T22:20:18.034Z,117,70
1295,Ck8uLdmpl-x,reel,https://www.instagram.com/thedogist/reel/Ck8uLdmpl-x/,https://www.instagram.com/reel/Ck8uLdmpl-x/,2026-06-19T22:20:18.034Z,117,71
1296,Ck6LWVCrH3k,p,https://www.instagram.com/thedogist/p/Ck6LWVCrH3k/,https://www.instagram.com/p/Ck6LWVCrH3k/,2026-06-19T22:20:18.035Z,117,72
1297,Ck3cRCTpntN,reel,https://www.instagram.com/thedogist/reel/Ck3cRCTpntN/,https://www.instagram.com/reel/Ck3cRCTpntN/,2026-06-19T22:20:19.661Z,118,58
1298,Ck1O1B3vh_z,p,https://www.instagram.com/thedogist/p/Ck1O1B3vh_z/,https://www.instagram.com/p/Ck1O1B3vh_z/,2026-06-19T22:20:19.661Z,118,59
1299,CkymiHjr02F,reel,https://www.instagram.com/thedogist/reel/CkymiHjr02F/,https://www.instagram.com/reel/CkymiHjr02F/,2026-06-19T22:20:19.662Z,118,60
1300,Ckv4vwcrmm3,p,https://www.instagram.com/thedogist/p/Ckv4vwcrmm3/,https://www.instagram.com/p/Ckv4vwcrmm3/,2026-06-19T22:20:19.662Z,118,61
1301,CktOTdEOTMo,reel,https://www.instagram.com/thedogist/reel/CktOTdEOTMo/,https://www.instagram.com/reel/CktOTdEOTMo/,2026-06-19T22:20:19.662Z,118,62
1302,CkrD6CQvCsR,p,https://www.instagram.com/thedogist/p/CkrD6CQvCsR/,https://www.instagram.com/p/CkrD6CQvCsR/,2026-06-19T22:20:19.662Z,118,63
1303,CkoQMDrA3ly,reel,https://www.instagram.com/thedogist/reel/CkoQMDrA3ly/,https://www.instagram.com/reel/CkoQMDrA3ly/,2026-06-19T22:20:19.663Z,118,64
1304,CklctcgLjRq,p,https://www.instagram.com/thedogist/p/CklctcgLjRq/,https://www.instagram.com/p/CklctcgLjRq/,2026-06-19T22:20:19.663Z,118,65
1305,CkirXf4u5x4,reel,https://www.instagram.com/thedogist/reel/CkirXf4u5x4/,https://www.instagram.com/reel/CkirXf4u5x4/,2026-06-19T22:20:19.663Z,118,66
1306,CkgeAeCri90,p,https://www.instagram.com/thedogist/p/CkgeAeCri90/,https://www.instagram.com/p/CkgeAeCri90/,2026-06-19T22:20:19.663Z,118,67
1307,Ckdrcp4Oez6,reel,https://www.instagram.com/thedogist/reel/Ckdrcp4Oez6/,https://www.instagram.com/reel/Ckdrcp4Oez6/,2026-06-19T22:20:19.663Z,118,68
1308,CkbL61BLwEW,p,https://www.instagram.com/thedogist/p/CkbL61BLwEW/,https://www.instagram.com/p/CkbL61BLwEW/,2026-06-19T22:20:19.664Z,118,69
1309,CkZCL7vvp9p,reel,https://www.instagram.com/thedogist/reel/CkZCL7vvp9p/,https://www.instagram.com/reel/CkZCL7vvp9p/,2026-06-19T22:20:22.940Z,120,60
1310,CkV-_2KLWpk,p,https://www.instagram.com/thedogist/p/CkV-_2KLWpk/,https://www.instagram.com/p/CkV-_2KLWpk/,2026-06-19T22:20:22.941Z,120,61
1311,CkT1446LUqW,reel,https://www.instagram.com/thedogist/reel/CkT1446LUqW/,https://www.instagram.com/reel/CkT1446LUqW/,2026-06-19T22:20:22.941Z,120,62
1312,CkQ_6MVLX1D,p,https://www.instagram.com/thedogist/p/CkQ_6MVLX1D/,https://www.instagram.com/p/CkQ_6MVLX1D/,2026-06-19T22:20:22.942Z,120,63
1313,CkOWCr4ApvW,reel,https://www.instagram.com/thedogist/reel/CkOWCr4ApvW/,https://www.instagram.com/reel/CkOWCr4ApvW/,2026-06-19T22:20:22.942Z,120,64
1314,CkLy_CJrIay,reel,https://www.instagram.com/thedogist/reel/CkLy_CJrIay/,https://www.instagram.com/reel/CkLy_CJrIay/,2026-06-19T22:20:22.942Z,120,65
1315,CkJK0l5rxQh,p,https://www.instagram.com/thedogist/p/CkJK0l5rxQh/,https://www.instagram.com/p/CkJK0l5rxQh/,2026-06-19T22:20:22.942Z,120,66
1316,CkGrpQOrZPG,reel,https://www.instagram.com/thedogist/reel/CkGrpQOrZPG/,https://www.instagram.com/reel/CkGrpQOrZPG/,2026-06-19T22:20:22.943Z,120,67
1317,CkEQH8PLH0h,p,https://www.instagram.com/thedogist/p/CkEQH8PLH0h/,https://www.instagram.com/p/CkEQH8PLH0h/,2026-06-19T22:20:22.943Z,120,68
1318,CkB5UyePQmJ,p,https://www.instagram.com/thedogist/p/CkB5UyePQmJ/,https://www.instagram.com/p/CkB5UyePQmJ/,2026-06-19T22:20:22.943Z,120,69
1319,Cj-uLlbvdtt,reel,https://www.instagram.com/thedogist/reel/Cj-uLlbvdtt/,https://www.instagram.com/reel/Cj-uLlbvdtt/,2026-06-19T22:20:22.943Z,120,70
1320,Cj8JcpjA7AD,p,https://www.instagram.com/thedogist/p/Cj8JcpjA7AD/,https://www.instagram.com/p/Cj8JcpjA7AD/,2026-06-19T22:20:22.943Z,120,71
1321,Cj5d4ivAcdJ,reel,https://www.instagram.com/thedogist/reel/Cj5d4ivAcdJ/,https://www.instagram.com/reel/Cj5d4ivAcdJ/,2026-06-19T22:20:22.944Z,120,72
1322,Cj3DbPrrtrE,p,https://www.instagram.com/thedogist/p/Cj3DbPrrtrE/,https://www.instagram.com/p/Cj3DbPrrtrE/,2026-06-19T22:20:22.944Z,120,73
1323,Cj0xbxpvIlj,reel,https://www.instagram.com/thedogist/reel/Cj0xbxpvIlj/,https://www.instagram.com/reel/Cj0xbxpvIlj/,2026-06-19T22:20:22.944Z,120,74
1324,CjyQoGRr3TV,p,https://www.instagram.com/thedogist/p/CjyQoGRr3TV/,https://www.instagram.com/p/CjyQoGRr3TV/,2026-06-19T22:20:22.944Z,120,75
1325,CjvRRiYjE8w,reel,https://www.instagram.com/thedogist/reel/CjvRRiYjE8w/,https://www.instagram.com/reel/CjvRRiYjE8w/,2026-06-19T22:20:22.945Z,120,76
1326,Cjs0NZgLoN3,p,https://www.instagram.com/thedogist/p/Cjs0NZgLoN3/,https://www.instagram.com/p/Cjs0NZgLoN3/,2026-06-19T22:20:22.945Z,120,77
1327,CjqSC-xuvAO,reel,https://www.instagram.com/thedogist/reel/CjqSC-xuvAO/,https://www.instagram.com/reel/CjqSC-xuvAO/,2026-06-19T22:20:22.945Z,120,78
1328,Cjn_QpWrOzv,p,https://www.instagram.com/thedogist/p/Cjn_QpWrOzv/,https://www.instagram.com/p/Cjn_QpWrOzv/,2026-06-19T22:20:22.945Z,120,79
1329,CjlGqsZLiKS,reel,https://www.instagram.com/thedogist/reel/CjlGqsZLiKS/,https://www.instagram.com/reel/CjlGqsZLiKS/,2026-06-19T22:20:22.945Z,120,80
1330,CjisFNtsgD-,reel,https://www.instagram.com/thedogist/reel/CjisFNtsgD-/,https://www.instagram.com/reel/CjisFNtsgD-/,2026-06-19T22:20:22.946Z,120,81
1331,CjgSJLmr4sN,p,https://www.instagram.com/thedogist/p/CjgSJLmr4sN/,https://www.instagram.com/p/CjgSJLmr4sN/,2026-06-19T22:20:22.946Z,120,82
1332,CjbDPxWrOor,p,https://www.instagram.com/thedogist/p/CjbDPxWrOor/,https://www.instagram.com/p/CjbDPxWrOor/,2026-06-19T22:20:22.946Z,120,83
1333,CjYaguPLPeN,reel,https://www.instagram.com/thedogist/reel/CjYaguPLPeN/,https://www.instagram.com/reel/CjYaguPLPeN/,2026-06-19T22:20:26.237Z,122,59
1334,CjVdR53r1Ap,p,https://www.instagram.com/thedogist/p/CjVdR53r1Ap/,https://www.instagram.com/p/CjVdR53r1Ap/,2026-06-19T22:20:26.241Z,122,60
1335,CjTMhA1vFkQ,reel,https://www.instagram.com/thedogist/reel/CjTMhA1vFkQ/,https://www.instagram.com/reel/CjTMhA1vFkQ/,2026-06-19T22:20:26.242Z,122,61
1336,CjQffK3rAwV,p,https://www.instagram.com/thedogist/p/CjQffK3rAwV/,https://www.instagram.com/p/CjQffK3rAwV/,2026-06-19T22:20:26.243Z,122,62
1337,CjN9-LFLEsd,reel,https://www.instagram.com/thedogist/reel/CjN9-LFLEsd/,https://www.instagram.com/reel/CjN9-LFLEsd/,2026-06-19T22:20:26.243Z,122,63
1338,CjLdybRLUMx,p,https://www.instagram.com/thedogist/p/CjLdybRLUMx/,https://www.instagram.com/p/CjLdybRLUMx/,2026-06-19T22:20:26.243Z,122,64
1339,CjI95gwLi3M,reel,https://www.instagram.com/thedogist/reel/CjI95gwLi3M/,https://www.instagram.com/reel/CjI95gwLi3M/,2026-06-19T22:20:26.244Z,122,65
1340,CjF-u9qLacP,p,https://www.instagram.com/thedogist/p/CjF-u9qLacP/,https://www.instagram.com/p/CjF-u9qLacP/,2026-06-19T22:20:26.244Z,122,66
1341,CjDr0V3LZsC,p,https://www.instagram.com/thedogist/p/CjDr0V3LZsC/,https://www.instagram.com/p/CjDr0V3LZsC/,2026-06-19T22:20:26.245Z,122,67
1342,CjA4rNCPdYj,reel,https://www.instagram.com/thedogist/reel/CjA4rNCPdYj/,https://www.instagram.com/reel/CjA4rNCPdYj/,2026-06-19T22:20:26.245Z,122,68
1343,Ci-eeC1r1NS,p,https://www.instagram.com/thedogist/p/Ci-eeC1r1NS/,https://www.instagram.com/p/Ci-eeC1r1NS/,2026-06-19T22:20:26.245Z,122,69
1344,Ci7tD_Yr95-,reel,https://www.instagram.com/thedogist/reel/Ci7tD_Yr95-/,https://www.instagram.com/reel/Ci7tD_Yr95-/,2026-06-19T22:20:26.246Z,122,70
1345,Ci5M1FprfZR,p,https://www.instagram.com/thedogist/p/Ci5M1FprfZR/,https://www.instagram.com/p/Ci5M1FprfZR/,2026-06-19T22:20:27.887Z,123,61
1346,Ci2v_rMJe1S,reel,https://www.instagram.com/thedogist/reel/Ci2v_rMJe1S/,https://www.instagram.com/reel/Ci2v_rMJe1S/,2026-06-19T22:20:27.888Z,123,62
1347,Ci0WzKbLkMh,p,https://www.instagram.com/thedogist/p/Ci0WzKbLkMh/,https://www.instagram.com/p/Ci0WzKbLkMh/,2026-06-19T22:20:27.888Z,123,63
1348,CixnjrrAVQG,reel,https://www.instagram.com/thedogist/reel/CixnjrrAVQG/,https://www.instagram.com/reel/CixnjrrAVQG/,2026-06-19T22:20:27.888Z,123,64
1349,Ciu_q8xrAq2,p,https://www.instagram.com/thedogist/p/Ciu_q8xrAq2/,https://www.instagram.com/p/Ciu_q8xrAq2/,2026-06-19T22:20:27.889Z,123,65
1350,CisjzRWpx9k,reel,https://www.instagram.com/thedogist/reel/CisjzRWpx9k/,https://www.instagram.com/reel/CisjzRWpx9k/,2026-06-19T22:20:27.889Z,123,66
1351,Cip3Gp_LfTf,p,https://www.instagram.com/thedogist/p/Cip3Gp_LfTf/,https://www.instagram.com/p/Cip3Gp_LfTf/,2026-06-19T22:20:27.889Z,123,67
1352,CinNUe2OvYe,reel,https://www.instagram.com/thedogist/reel/CinNUe2OvYe/,https://www.instagram.com/reel/CinNUe2OvYe/,2026-06-19T22:20:27.889Z,123,68
1353,CilFlkbPPCW,p,https://www.instagram.com/thedogist/p/CilFlkbPPCW/,https://www.instagram.com/p/CilFlkbPPCW/,2026-06-19T22:20:27.889Z,123,69
1354,CiiT_LGLKED,reel,https://www.instagram.com/thedogist/reel/CiiT_LGLKED/,https://www.instagram.com/reel/CiiT_LGLKED/,2026-06-19T22:20:27.890Z,123,70
1355,Cife0FcL0iI,p,https://www.instagram.com/thedogist/p/Cife0FcL0iI/,https://www.instagram.com/p/Cife0FcL0iI/,2026-06-19T22:20:27.890Z,123,71
1356,CidKuu9JKoX,reel,https://www.instagram.com/thedogist/reel/CidKuu9JKoX/,https://www.instagram.com/reel/CidKuu9JKoX/,2026-06-19T22:20:27.890Z,123,72
1357,CialzOzL1AC,p,https://www.instagram.com/thedogist/p/CialzOzL1AC/,https://www.instagram.com/p/CialzOzL1AC/,2026-06-19T22:20:29.520Z,124,58
1358,CiXquYHgU-r,reel,https://www.instagram.com/thedogist/reel/CiXquYHgU-r/,https://www.instagram.com/reel/CiXquYHgU-r/,2026-06-19T22:20:29.520Z,124,59
1359,CiVRM40rZnH,p,https://www.instagram.com/thedogist/p/CiVRM40rZnH/,https://www.instagram.com/p/CiVRM40rZnH/,2026-06-19T22:20:29.521Z,124,60
1360,CiSlM6cLukB,reel,https://www.instagram.com/thedogist/reel/CiSlM6cLukB/,https://www.instagram.com/reel/CiSlM6cLukB/,2026-06-19T22:20:29.521Z,124,61
1361,CiQY5wtJ4fY,p,https://www.instagram.com/thedogist/p/CiQY5wtJ4fY/,https://www.instagram.com/p/CiQY5wtJ4fY/,2026-06-19T22:20:29.521Z,124,62
1362,CiNdNMbgenK,reel,https://www.instagram.com/thedogist/reel/CiNdNMbgenK/,https://www.instagram.com/reel/CiNdNMbgenK/,2026-06-19T22:20:29.521Z,124,63
1363,CiLBw_Hrhd5,p,https://www.instagram.com/thedogist/p/CiLBw_Hrhd5/,https://www.instagram.com/p/CiLBw_Hrhd5/,2026-06-19T22:20:29.521Z,124,64
1364,CiIcU6esBAA,reel,https://www.instagram.com/thedogist/reel/CiIcU6esBAA/,https://www.instagram.com/reel/CiIcU6esBAA/,2026-06-19T22:20:29.521Z,124,65
1365,CiFsxQ4LyF9,p,https://www.instagram.com/thedogist/p/CiFsxQ4LyF9/,https://www.instagram.com/p/CiFsxQ4LyF9/,2026-06-19T22:20:29.522Z,124,66
1366,CiDS3tDr7Ns,p,https://www.instagram.com/thedogist/p/CiDS3tDr7Ns/,https://www.instagram.com/p/CiDS3tDr7Ns/,2026-06-19T22:20:29.522Z,124,67
1367,CiAqNFwpvb6,reel,https://www.instagram.com/thedogist/reel/CiAqNFwpvb6/,https://www.instagram.com/reel/CiAqNFwpvb6/,2026-06-19T22:20:29.522Z,124,68
1368,Ch-etjgP1af,p,https://www.instagram.com/thedogist/p/Ch-etjgP1af/,https://www.instagram.com/p/Ch-etjgP1af/,2026-06-19T22:20:29.522Z,124,69
1369,Ch7V3aLOty_,reel,https://www.instagram.com/thedogist/reel/Ch7V3aLOty_/,https://www.instagram.com/reel/Ch7V3aLOty_/,2026-06-19T22:20:31.153Z,125,60
1370,Ch5SIyxJVQM,reel,https://www.instagram.com/thedogist/reel/Ch5SIyxJVQM/,https://www.instagram.com/reel/Ch5SIyxJVQM/,2026-06-19T22:20:31.154Z,125,61
1371,Ch21EkMvmDR,p,https://www.instagram.com/thedogist/p/Ch21EkMvmDR/,https://www.instagram.com/p/Ch21EkMvmDR/,2026-06-19T22:20:31.155Z,125,62
1372,ChzlBYwLDZv,p,https://www.instagram.com/thedogist/p/ChzlBYwLDZv/,https://www.instagram.com/p/ChzlBYwLDZv/,2026-06-19T22:20:31.155Z,125,63
1373,ChxJKL4uXlO,reel,https://www.instagram.com/thedogist/reel/ChxJKL4uXlO/,https://www.instagram.com/reel/ChxJKL4uXlO/,2026-06-19T22:20:31.155Z,125,64
1374,ChuiH3MrqFA,p,https://www.instagram.com/thedogist/p/ChuiH3MrqFA/,https://www.instagram.com/p/ChuiH3MrqFA/,2026-06-19T22:20:31.156Z,125,65
1375,Chr2IPDF5ev,reel,https://www.instagram.com/thedogist/reel/Chr2IPDF5ev/,https://www.instagram.com/reel/Chr2IPDF5ev/,2026-06-19T22:20:31.156Z,125,66
1376,ChpnAlhrLJC,p,https://www.instagram.com/thedogist/p/ChpnAlhrLJC/,https://www.instagram.com/p/ChpnAlhrLJC/,2026-06-19T22:20:31.156Z,125,67
1377,Chm3lwol7Cj,reel,https://www.instagram.com/thedogist/reel/Chm3lwol7Cj/,https://www.instagram.com/reel/Chm3lwol7Cj/,2026-06-19T22:20:31.157Z,125,68
1378,ChkkvdYLmKO,p,https://www.instagram.com/thedogist/p/ChkkvdYLmKO/,https://www.instagram.com/p/ChkkvdYLmKO/,2026-06-19T22:20:31.157Z,125,69
1379,ChhpQKlFUiZ,reel,https://www.instagram.com/thedogist/reel/ChhpQKlFUiZ/,https://www.instagram.com/reel/ChhpQKlFUiZ/,2026-06-19T22:20:31.157Z,125,70
1380,ChfEBJcLuyH,p,https://www.instagram.com/thedogist/p/ChfEBJcLuyH/,https://www.instagram.com/p/ChfEBJcLuyH/,2026-06-19T22:20:31.158Z,125,71
1381,Chckle6lYZ9,reel,https://www.instagram.com/thedogist/reel/Chckle6lYZ9/,https://www.instagram.com/reel/Chckle6lYZ9/,2026-06-19T22:20:32.797Z,126,62
1382,ChaDEpigI2j,p,https://www.instagram.com/thedogist/p/ChaDEpigI2j/,https://www.instagram.com/p/ChaDEpigI2j/,2026-06-19T22:20:32.797Z,126,63
1383,ChXUaKXlNHj,reel,https://www.instagram.com/thedogist/reel/ChXUaKXlNHj/,https://www.instagram.com/reel/ChXUaKXlNHj/,2026-06-19T22:20:32.798Z,126,64
1384,ChU9a4PrKYl,p,https://www.instagram.com/thedogist/p/ChU9a4PrKYl/,https://www.instagram.com/p/ChU9a4PrKYl/,2026-06-19T22:20:32.798Z,126,65
1385,ChSMeE9FZgo,reel,https://www.instagram.com/thedogist/reel/ChSMeE9FZgo/,https://www.instagram.com/reel/ChSMeE9FZgo/,2026-06-19T22:20:32.798Z,126,66
1386,ChPvPwxrAW9,p,https://www.instagram.com/thedogist/p/ChPvPwxrAW9/,https://www.instagram.com/p/ChPvPwxrAW9/,2026-06-19T22:20:32.798Z,126,67
1387,ChM8dMplNTK,reel,https://www.instagram.com/thedogist/reel/ChM8dMplNTK/,https://www.instagram.com/reel/ChM8dMplNTK/,2026-06-19T22:20:32.798Z,126,68
1388,ChKgPVOrWr7,p,https://www.instagram.com/thedogist/p/ChKgPVOrWr7/,https://www.instagram.com/p/ChKgPVOrWr7/,2026-06-19T22:20:32.798Z,126,69
1389,ChIUbx_F_h9,reel,https://www.instagram.com/thedogist/reel/ChIUbx_F_h9/,https://www.instagram.com/reel/ChIUbx_F_h9/,2026-06-19T22:20:32.799Z,126,70
1390,ChFe3KdrkJq,p,https://www.instagram.com/thedogist/p/ChFe3KdrkJq/,https://www.instagram.com/p/ChFe3KdrkJq/,2026-06-19T22:20:32.799Z,126,71
1391,ChCpIpslADt,reel,https://www.instagram.com/thedogist/reel/ChCpIpslADt/,https://www.instagram.com/reel/ChCpIpslADt/,2026-06-19T22:20:32.799Z,126,72
1392,ChAk3pPrLoA,p,https://www.instagram.com/thedogist/p/ChAk3pPrLoA/,https://www.instagram.com/p/ChAk3pPrLoA/,2026-06-19T22:20:32.799Z,126,73
1393,Cg9nisnl7rI,reel,https://www.instagram.com/thedogist/reel/Cg9nisnl7rI/,https://www.instagram.com/reel/Cg9nisnl7rI/,2026-06-19T22:20:36.222Z,128,59
1394,Cg7X19sLMRI,p,https://www.instagram.com/thedogist/p/Cg7X19sLMRI/,https://www.instagram.com/p/Cg7X19sLMRI/,2026-06-19T22:20:36.222Z,128,60
1395,Cg4cr4XlVnu,reel,https://www.instagram.com/thedogist/reel/Cg4cr4XlVnu/,https://www.instagram.com/reel/Cg4cr4XlVnu/,2026-06-19T22:20:36.223Z,128,61
1396,Cg2IN_sLb0O,p,https://www.instagram.com/thedogist/p/Cg2IN_sLb0O/,https://www.instagram.com/p/Cg2IN_sLb0O/,2026-06-19T22:20:36.223Z,128,62
1397,CgzTjDblE3s,reel,https://www.instagram.com/thedogist/reel/CgzTjDblE3s/,https://www.instagram.com/reel/CgzTjDblE3s/,2026-06-19T22:20:36.223Z,128,63
1398,CgxCdLfrWc-,p,https://www.instagram.com/thedogist/p/CgxCdLfrWc-/,https://www.instagram.com/p/CgxCdLfrWc-/,2026-06-19T22:20:36.223Z,128,64
1399,CguWjG9FxyJ,reel,https://www.instagram.com/thedogist/reel/CguWjG9FxyJ/,https://www.instagram.com/reel/CguWjG9FxyJ/,2026-06-19T22:20:36.223Z,128,65
1400,Cgrv-EUL2tg,p,https://www.instagram.com/thedogist/p/Cgrv-EUL2tg/,https://www.instagram.com/p/Cgrv-EUL2tg/,2026-06-19T22:20:36.223Z,128,66
1401,CgpJc4MFdTS,reel,https://www.instagram.com/thedogist/reel/CgpJc4MFdTS/,https://www.instagram.com/reel/CgpJc4MFdTS/,2026-06-19T22:20:36.224Z,128,67
1402,Cgm0uMULw24,p,https://www.instagram.com/thedogist/p/Cgm0uMULw24/,https://www.instagram.com/p/Cgm0uMULw24/,2026-06-19T22:20:36.224Z,128,68
1403,Cgj5VkoFXWE,reel,https://www.instagram.com/thedogist/reel/Cgj5VkoFXWE/,https://www.instagram.com/reel/Cgj5VkoFXWE/,2026-06-19T22:20:36.224Z,128,69
1404,CghhaK3ru9V,p,https://www.instagram.com/thedogist/p/CghhaK3ru9V/,https://www.instagram.com/p/CghhaK3ru9V/,2026-06-19T22:20:36.224Z,128,70
1405,Cge1WdLlTec,reel,https://www.instagram.com/thedogist/reel/Cge1WdLlTec/,https://www.instagram.com/reel/Cge1WdLlTec/,2026-06-19T22:20:36.224Z,128,71
1406,CgciOnEr5Fj,p,https://www.instagram.com/thedogist/p/CgciOnEr5Fj/,https://www.instagram.com/p/CgciOnEr5Fj/,2026-06-19T22:20:36.224Z,128,72
1407,CgZam2GFSye,reel,https://www.instagram.com/thedogist/reel/CgZam2GFSye/,https://www.instagram.com/reel/CgZam2GFSye/,2026-06-19T22:20:36.225Z,128,73
1408,CgXNLgnrnOr,p,https://www.instagram.com/thedogist/p/CgXNLgnrnOr/,https://www.instagram.com/p/CgXNLgnrnOr/,2026-06-19T22:20:36.225Z,128,74
1409,CgUhN7ur3xq,p,https://www.instagram.com/thedogist/p/CgUhN7ur3xq/,https://www.instagram.com/p/CgUhN7ur3xq/,2026-06-19T22:20:36.225Z,128,75
1410,CgRzpYEFv6L,reel,https://www.instagram.com/thedogist/reel/CgRzpYEFv6L/,https://www.instagram.com/reel/CgRzpYEFv6L/,2026-06-19T22:20:36.225Z,128,76
1411,CgPlLVYLLpq,p,https://www.instagram.com/thedogist/p/CgPlLVYLLpq/,https://www.instagram.com/p/CgPlLVYLLpq/,2026-06-19T22:20:36.225Z,128,77
1412,CgMs1p3gymU,p,https://www.instagram.com/thedogist/p/CgMs1p3gymU/,https://www.instagram.com/p/CgMs1p3gymU/,2026-06-19T22:20:36.225Z,128,78
1413,CgKTwcClz6t,reel,https://www.instagram.com/thedogist/reel/CgKTwcClz6t/,https://www.instagram.com/reel/CgKTwcClz6t/,2026-06-19T22:20:36.226Z,128,79
1414,CgHyLapLPEE,p,https://www.instagram.com/thedogist/p/CgHyLapLPEE/,https://www.instagram.com/p/CgHyLapLPEE/,2026-06-19T22:20:36.226Z,128,80
1415,CgE57Gcro4Y,p,https://www.instagram.com/thedogist/p/CgE57Gcro4Y/,https://www.instagram.com/p/CgE57Gcro4Y/,2026-06-19T22:20:36.226Z,128,81
1416,CgCZiyfFD-2,reel,https://www.instagram.com/thedogist/reel/CgCZiyfFD-2/,https://www.instagram.com/reel/CgCZiyfFD-2/,2026-06-19T22:20:36.226Z,128,82
1417,Cf_8SPlrzFB,p,https://www.instagram.com/thedogist/p/Cf_8SPlrzFB/,https://www.instagram.com/p/Cf_8SPlrzFB/,2026-06-19T22:20:38.018Z,129,58
1418,Cf9kND5rJ-u,p,https://www.instagram.com/thedogist/p/Cf9kND5rJ-u/,https://www.instagram.com/p/Cf9kND5rJ-u/,2026-06-19T22:20:38.018Z,129,59
1419,Cf7AbLJFzcr,reel,https://www.instagram.com/thedogist/reel/Cf7AbLJFzcr/,https://www.instagram.com/reel/Cf7AbLJFzcr/,2026-06-19T22:20:38.018Z,129,60
1420,Cf4ZeYHLBXH,p,https://www.instagram.com/thedogist/p/Cf4ZeYHLBXH/,https://www.instagram.com/p/Cf4ZeYHLBXH/,2026-06-19T22:20:38.018Z,129,61
1421,Cf1gmd8LVQX,p,https://www.instagram.com/thedogist/p/Cf1gmd8LVQX/,https://www.instagram.com/p/Cf1gmd8LVQX/,2026-06-19T22:20:38.019Z,129,62
1422,CfzHreOFxLC,reel,https://www.instagram.com/thedogist/reel/CfzHreOFxLC/,https://www.instagram.com/reel/CfzHreOFxLC/,2026-06-19T22:20:38.019Z,129,63
1423,Cfwk1Z_r0m8,p,https://www.instagram.com/thedogist/p/Cfwk1Z_r0m8/,https://www.instagram.com/p/Cfwk1Z_r0m8/,2026-06-19T22:20:38.019Z,129,64
1424,CfuAjhTLnpz,p,https://www.instagram.com/thedogist/p/CfuAjhTLnpz/,https://www.instagram.com/p/CfuAjhTLnpz/,2026-06-19T22:20:38.019Z,129,65
1425,CfrG0eflvll,reel,https://www.instagram.com/thedogist/reel/CfrG0eflvll/,https://www.instagram.com/reel/CfrG0eflvll/,2026-06-19T22:20:38.020Z,129,66
1426,Cfos9qzLwr3,p,https://www.instagram.com/thedogist/p/Cfos9qzLwr3/,https://www.instagram.com/p/Cfos9qzLwr3/,2026-06-19T22:20:38.020Z,129,67
1427,CfmEby9rW_P,p,https://www.instagram.com/thedogist/p/CfmEby9rW_P/,https://www.instagram.com/p/CfmEby9rW_P/,2026-06-19T22:20:38.020Z,129,68
1428,CfjWgWElYuh,reel,https://www.instagram.com/thedogist/reel/CfjWgWElYuh/,https://www.instagram.com/reel/CfjWgWElYuh/,2026-06-19T22:20:38.020Z,129,69
1429,Cfg5p99rlWB,p,https://www.instagram.com/thedogist/p/Cfg5p99rlWB/,https://www.instagram.com/p/Cfg5p99rlWB/,2026-06-19T22:20:39.663Z,130,60
1430,CfecYakLdDM,p,https://www.instagram.com/thedogist/p/CfecYakLdDM/,https://www.instagram.com/p/CfecYakLdDM/,2026-06-19T22:20:39.664Z,130,61
1431,CfbtNV9lZ4B,reel,https://www.instagram.com/thedogist/reel/CfbtNV9lZ4B/,https://www.instagram.com/reel/CfbtNV9lZ4B/,2026-06-19T22:20:39.664Z,130,62
1432,CfZUpQsru4g,p,https://www.instagram.com/thedogist/p/CfZUpQsru4g/,https://www.instagram.com/p/CfZUpQsru4g/,2026-06-19T22:20:39.665Z,130,63
1433,CfWx-AHLoke,p,https://www.instagram.com/thedogist/p/CfWx-AHLoke/,https://www.instagram.com/p/CfWx-AHLoke/,2026-06-19T22:20:39.665Z,130,64
1434,CfUIp33lmgp,reel,https://www.instagram.com/thedogist/reel/CfUIp33lmgp/,https://www.instagram.com/reel/CfUIp33lmgp/,2026-06-19T22:20:39.665Z,130,65
1435,CfSI-DlrdcI,p,https://www.instagram.com/thedogist/p/CfSI-DlrdcI/,https://www.instagram.com/p/CfSI-DlrdcI/,2026-06-19T22:20:39.665Z,130,66
1436,CfO56CNryge,p,https://www.instagram.com/thedogist/p/CfO56CNryge/,https://www.instagram.com/p/CfO56CNryge/,2026-06-19T22:20:39.666Z,130,67
1437,CfMUsFplatQ,reel,https://www.instagram.com/thedogist/reel/CfMUsFplatQ/,https://www.instagram.com/reel/CfMUsFplatQ/,2026-06-19T22:20:39.666Z,130,68
1438,CfKTWkdv365,p,https://www.instagram.com/thedogist/p/CfKTWkdv365/,https://www.instagram.com/p/CfKTWkdv365/,2026-06-19T22:20:39.666Z,130,69
1439,CfIvBULO0gI,p,https://www.instagram.com/thedogist/p/CfIvBULO0gI/,https://www.instagram.com/p/CfIvBULO0gI/,2026-06-19T22:20:39.666Z,130,70
1440,CfHiJGRF0Mz,reel,https://www.instagram.com/thedogist/reel/CfHiJGRF0Mz/,https://www.instagram.com/reel/CfHiJGRF0Mz/,2026-06-19T22:20:39.666Z,130,71
1441,CfFHhJxvDcE,p,https://www.instagram.com/thedogist/p/CfFHhJxvDcE/,https://www.instagram.com/p/CfFHhJxvDcE/,2026-06-19T22:20:42.956Z,132,62
1442,CfCU9g9rro2,p,https://www.instagram.com/thedogist/p/CfCU9g9rro2/,https://www.instagram.com/p/CfCU9g9rro2/,2026-06-19T22:20:42.958Z,132,63
1443,Ce_eLTDlo4H,reel,https://www.instagram.com/thedogist/reel/Ce_eLTDlo4H/,https://www.instagram.com/reel/Ce_eLTDlo4H/,2026-06-19T22:20:42.959Z,132,64
1444,Ce8-yvkr6Rs,p,https://www.instagram.com/thedogist/p/Ce8-yvkr6Rs/,https://www.instagram.com/p/Ce8-yvkr6Rs/,2026-06-19T22:20:42.960Z,132,65
1445,Ce6QSqrFwu0,reel,https://www.instagram.com/thedogist/reel/Ce6QSqrFwu0/,https://www.instagram.com/reel/Ce6QSqrFwu0/,2026-06-19T22:20:42.960Z,132,66
1446,Ce38ZCDrnm0,p,https://www.instagram.com/thedogist/p/Ce38ZCDrnm0/,https://www.instagram.com/p/Ce38ZCDrnm0/,2026-06-19T22:20:42.961Z,132,67
1447,Ce1QiaPllx4,reel,https://www.instagram.com/thedogist/reel/Ce1QiaPllx4/,https://www.instagram.com/reel/Ce1QiaPllx4/,2026-06-19T22:20:42.961Z,132,68
1448,Cey-wRFpyNh,p,https://www.instagram.com/thedogist/p/Cey-wRFpyNh/,https://www.instagram.com/p/Cey-wRFpyNh/,2026-06-19T22:20:42.962Z,132,69
1449,CewTZKkrYwC,p,https://www.instagram.com/thedogist/p/CewTZKkrYwC/,https://www.instagram.com/p/CewTZKkrYwC/,2026-06-19T22:20:42.962Z,132,70
1450,CetaSvCl0xM,reel,https://www.instagram.com/thedogist/reel/CetaSvCl0xM/,https://www.instagram.com/reel/CetaSvCl0xM/,2026-06-19T22:20:42.962Z,132,71
1451,CerP1i1LQ_E,p,https://www.instagram.com/thedogist/p/CerP1i1LQ_E/,https://www.instagram.com/p/CerP1i1LQ_E/,2026-06-19T22:20:42.963Z,132,72
1452,CeocsUxrGV3,p,https://www.instagram.com/thedogist/p/CeocsUxrGV3/,https://www.instagram.com/p/CeocsUxrGV3/,2026-06-19T22:20:42.963Z,132,73
1453,CemD9EqFBcD,reel,https://www.instagram.com/thedogist/reel/CemD9EqFBcD/,https://www.instagram.com/reel/CemD9EqFBcD/,2026-06-19T22:20:44.609Z,133,59
1454,CejTSfPr0nJ,p,https://www.instagram.com/thedogist/p/CejTSfPr0nJ/,https://www.instagram.com/p/CejTSfPr0nJ/,2026-06-19T22:20:44.610Z,133,60
1455,Cegs4mYLeH0,p,https://www.instagram.com/thedogist/p/Cegs4mYLeH0/,https://www.instagram.com/p/Cegs4mYLeH0/,2026-06-19T22:20:44.610Z,133,61
1456,CeeXGhYJ-Go,reel,https://www.instagram.com/thedogist/reel/CeeXGhYJ-Go/,https://www.instagram.com/reel/CeeXGhYJ-Go/,2026-06-19T22:20:44.610Z,133,62
1457,CebxMmLrxLl,p,https://www.instagram.com/thedogist/p/CebxMmLrxLl/,https://www.instagram.com/p/CebxMmLrxLl/,2026-06-19T22:20:44.611Z,133,63
1458,CeY_9qNL8A5,p,https://www.instagram.com/thedogist/p/CeY_9qNL8A5/,https://www.instagram.com/p/CeY_9qNL8A5/,2026-06-19T22:20:44.611Z,133,64
1459,CeWXZNnFV3y,reel,https://www.instagram.com/thedogist/reel/CeWXZNnFV3y/,https://www.instagram.com/reel/CeWXZNnFV3y/,2026-06-19T22:20:44.611Z,133,65
1460,CeULYnAPaax,p,https://www.instagram.com/thedogist/p/CeULYnAPaax/,https://www.instagram.com/p/CeULYnAPaax/,2026-06-19T22:20:44.612Z,133,66
1461,CeRLgbHrMO4,p,https://www.instagram.com/thedogist/p/CeRLgbHrMO4/,https://www.instagram.com/p/CeRLgbHrMO4/,2026-06-19T22:20:44.612Z,133,67
1462,CeO003mFbyX,reel,https://www.instagram.com/thedogist/reel/CeO003mFbyX/,https://www.instagram.com/reel/CeO003mFbyX/,2026-06-19T22:20:44.612Z,133,68
1463,CeMTxM2r3Wm,p,https://www.instagram.com/thedogist/p/CeMTxM2r3Wm/,https://www.instagram.com/p/CeMTxM2r3Wm/,2026-06-19T22:20:44.613Z,133,69
1464,CeJgug6rm7I,p,https://www.instagram.com/thedogist/p/CeJgug6rm7I/,https://www.instagram.com/p/CeJgug6rm7I/,2026-06-19T22:20:44.613Z,133,70
1465,CeHCcN6Lly8,p,https://www.instagram.com/thedogist/p/CeHCcN6Lly8/,https://www.instagram.com/p/CeHCcN6Lly8/,2026-06-19T22:20:46.252Z,134,61
1466,CeEaYhHLwj4,p,https://www.instagram.com/thedogist/p/CeEaYhHLwj4/,https://www.instagram.com/p/CeEaYhHLwj4/,2026-06-19T22:20:46.253Z,134,62
1467,CeBka_uFPkV,reel,https://www.instagram.com/thedogist/reel/CeBka_uFPkV/,https://www.instagram.com/reel/CeBka_uFPkV/,2026-06-19T22:20:46.253Z,134,63
1468,Cd_LgL0rdGD,p,https://www.instagram.com/thedogist/p/Cd_LgL0rdGD/,https://www.instagram.com/p/Cd_LgL0rdGD/,2026-06-19T22:20:46.254Z,134,64
1469,Cd8jsKbrqt0,p,https://www.instagram.com/thedogist/p/Cd8jsKbrqt0/,https://www.instagram.com/p/Cd8jsKbrqt0/,2026-06-19T22:20:46.254Z,134,65
1470,Cd58WchFEdE,reel,https://www.instagram.com/thedogist/reel/Cd58WchFEdE/,https://www.instagram.com/reel/Cd58WchFEdE/,2026-06-19T22:20:46.254Z,134,66
1471,Cd3cKjlLDHS,p,https://www.instagram.com/thedogist/p/Cd3cKjlLDHS/,https://www.instagram.com/p/Cd3cKjlLDHS/,2026-06-19T22:20:46.254Z,134,67
1472,Cd0sJFDLL-R,p,https://www.instagram.com/thedogist/p/Cd0sJFDLL-R/,https://www.instagram.com/p/Cd0sJFDLL-R/,2026-06-19T22:20:46.255Z,134,68
1473,Cdyc0uDraC4,p,https://www.instagram.com/thedogist/p/Cdyc0uDraC4/,https://www.instagram.com/p/Cdyc0uDraC4/,2026-06-19T22:20:46.255Z,134,69
1474,Cdv6WuyLqKe,p,https://www.instagram.com/thedogist/p/Cdv6WuyLqKe/,https://www.instagram.com/p/Cdv6WuyLqKe/,2026-06-19T22:20:46.255Z,134,70
1475,CdtNdUwradM,p,https://www.instagram.com/thedogist/p/CdtNdUwradM/,https://www.instagram.com/p/CdtNdUwradM/,2026-06-19T22:20:46.255Z,134,71
1476,Cdqstg4r8H5,p,https://www.instagram.com/thedogist/p/Cdqstg4r8H5/,https://www.instagram.com/p/Cdqstg4r8H5/,2026-06-19T22:20:46.256Z,134,72
1477,CdoKJMfr43F,p,https://www.instagram.com/thedogist/p/CdoKJMfr43F/,https://www.instagram.com/p/CdoKJMfr43F/,2026-06-19T22:20:47.893Z,135,58
1478,CdlUDXOL1Pt,p,https://www.instagram.com/thedogist/p/CdlUDXOL1Pt/,https://www.instagram.com/p/CdlUDXOL1Pt/,2026-06-19T22:20:47.894Z,135,59
1479,Cdi6fW1rXGg,p,https://www.instagram.com/thedogist/p/Cdi6fW1rXGg/,https://www.instagram.com/p/Cdi6fW1rXGg/,2026-06-19T22:20:47.894Z,135,60
1480,CdgWP8Ylmg0,reel,https://www.instagram.com/thedogist/reel/CdgWP8Ylmg0/,https://www.instagram.com/reel/CdgWP8Ylmg0/,2026-06-19T22:20:47.894Z,135,61
1481,Cddv_YALfk7,p,https://www.instagram.com/thedogist/p/Cddv_YALfk7/,https://www.instagram.com/p/Cddv_YALfk7/,2026-06-19T22:20:47.895Z,135,62
1482,CdbL4DKrcDO,p,https://www.instagram.com/thedogist/p/CdbL4DKrcDO/,https://www.instagram.com/p/CdbL4DKrcDO/,2026-06-19T22:20:47.895Z,135,63
1483,CdZH16vrbE0,p,https://www.instagram.com/thedogist/p/CdZH16vrbE0/,https://www.instagram.com/p/CdZH16vrbE0/,2026-06-19T22:20:47.895Z,135,64
1484,CdWT__-r_3P,p,https://www.instagram.com/thedogist/p/CdWT__-r_3P/,https://www.instagram.com/p/CdWT__-r_3P/,2026-06-19T22:20:47.895Z,135,65
1485,CdT2jHlrJBQ,p,https://www.instagram.com/thedogist/p/CdT2jHlrJBQ/,https://www.instagram.com/p/CdT2jHlrJBQ/,2026-06-19T22:20:47.895Z,135,66
1486,CdQ7T_jlpcr,reel,https://www.instagram.com/thedogist/reel/CdQ7T_jlpcr/,https://www.instagram.com/reel/CdQ7T_jlpcr/,2026-06-19T22:20:47.896Z,135,67
1487,CdOUrDcLYrE,p,https://www.instagram.com/thedogist/p/CdOUrDcLYrE/,https://www.instagram.com/p/CdOUrDcLYrE/,2026-06-19T22:20:47.896Z,135,68
1488,CdLsgVrrY2F,p,https://www.instagram.com/thedogist/p/CdLsgVrrY2F/,https://www.instagram.com/p/CdLsgVrrY2F/,2026-06-19T22:20:47.896Z,135,69
1489,CdJgy4nrRK2,p,https://www.instagram.com/thedogist/p/CdJgy4nrRK2/,https://www.instagram.com/p/CdJgy4nrRK2/,2026-06-19T22:20:49.531Z,136,60
1490,CdGjRRilWig,reel,https://www.instagram.com/thedogist/reel/CdGjRRilWig/,https://www.instagram.com/reel/CdGjRRilWig/,2026-06-19T22:20:49.531Z,136,61
1491,CdEuUzerXeC,p,https://www.instagram.com/thedogist/p/CdEuUzerXeC/,https://www.instagram.com/p/CdEuUzerXeC/,2026-06-19T22:20:49.532Z,136,62
1492,CdBZL5Yrvb-,p,https://www.instagram.com/thedogist/p/CdBZL5Yrvb-/,https://www.instagram.com/p/CdBZL5Yrvb-/,2026-06-19T22:20:49.532Z,136,63
1493,Cc-6JH5Lnma,p,https://www.instagram.com/thedogist/p/Cc-6JH5Lnma/,https://www.instagram.com/p/Cc-6JH5Lnma/,2026-06-19T22:20:49.532Z,136,64
1494,Cc8Dc_OLGtK,p,https://www.instagram.com/thedogist/p/Cc8Dc_OLGtK/,https://www.instagram.com/p/Cc8Dc_OLGtK/,2026-06-19T22:20:49.532Z,136,65
1495,Cc5eCrCFG0_,reel,https://www.instagram.com/thedogist/reel/Cc5eCrCFG0_/,https://www.instagram.com/reel/Cc5eCrCFG0_/,2026-06-19T22:20:49.532Z,136,66
1496,Cc3TtBDrd8-,p,https://www.instagram.com/thedogist/p/Cc3TtBDrd8-/,https://www.instagram.com/p/Cc3TtBDrd8-/,2026-06-19T22:20:49.533Z,136,67
1497,Cc0glX3LWPu,p,https://www.instagram.com/thedogist/p/Cc0glX3LWPu/,https://www.instagram.com/p/Cc0glX3LWPu/,2026-06-19T22:20:49.533Z,136,68
1498,CcyImJ3rMF6,p,https://www.instagram.com/thedogist/p/CcyImJ3rMF6/,https://www.instagram.com/p/CcyImJ3rMF6/,2026-06-19T22:20:49.533Z,136,69
1499,CcvbIPGLdxC,p,https://www.instagram.com/thedogist/p/CcvbIPGLdxC/,https://www.instagram.com/p/CcvbIPGLdxC/,2026-06-19T22:20:49.533Z,136,70
1500,Ccs-vtoLAiJ,p,https://www.instagram.com/thedogist/p/Ccs-vtoLAiJ/,https://www.instagram.com/p/Ccs-vtoLAiJ/,2026-06-19T22:20:49.533Z,136,71
1501,CcqUug8lIAg,reel,https://www.instagram.com/thedogist/reel/CcqUug8lIAg/,https://www.instagram.com/reel/CcqUug8lIAg/,2026-06-19T22:20:51.163Z,137,62
1502,Ccnvtq2LwON,p,https://www.instagram.com/thedogist/p/Ccnvtq2LwON/,https://www.instagram.com/p/Ccnvtq2LwON/,2026-06-19T22:20:51.164Z,137,63
1503,Cck7q_FrIuA,p,https://www.instagram.com/thedogist/p/Cck7q_FrIuA/,https://www.instagram.com/p/Cck7q_FrIuA/,2026-06-19T22:20:51.165Z,137,64
1504,CcijKZKrMSM,p,https://www.instagram.com/thedogist/p/CcijKZKrMSM/,https://www.instagram.com/p/CcijKZKrMSM/,2026-06-19T22:20:51.165Z,137,65
1505,CcgJdRoLb9i,p,https://www.instagram.com/thedogist/p/CcgJdRoLb9i/,https://www.instagram.com/p/CcgJdRoLb9i/,2026-06-19T22:20:51.165Z,137,66
1506,CcdV__5roBv,p,https://www.instagram.com/thedogist/p/CcdV__5roBv/,https://www.instagram.com/p/CcdV__5roBv/,2026-06-19T22:20:51.165Z,137,67
1507,Cca7xs2LHhK,p,https://www.instagram.com/thedogist/p/Cca7xs2LHhK/,https://www.instagram.com/p/Cca7xs2LHhK/,2026-06-19T22:20:51.165Z,137,68
1508,CcYY5S0LOYn,p,https://www.instagram.com/thedogist/p/CcYY5S0LOYn/,https://www.instagram.com/p/CcYY5S0LOYn/,2026-06-19T22:20:51.166Z,137,69
1509,CcVfuYqr-XV,p,https://www.instagram.com/thedogist/p/CcVfuYqr-XV/,https://www.instagram.com/p/CcVfuYqr-XV/,2026-06-19T22:20:51.166Z,137,70
1510,CcTe4Z6PLOp,p,https://www.instagram.com/thedogist/p/CcTe4Z6PLOp/,https://www.instagram.com/p/CcTe4Z6PLOp/,2026-06-19T22:20:51.166Z,137,71
1511,CcQoDuIrlZa,p,https://www.instagram.com/thedogist/p/CcQoDuIrlZa/,https://www.instagram.com/p/CcQoDuIrlZa/,2026-06-19T22:20:51.166Z,137,72
1512,CcN4EXNLxIP,p,https://www.instagram.com/potus46archive/p/CcN4EXNLxIP/,https://www.instagram.com/p/CcN4EXNLxIP/,2026-06-19T22:20:51.166Z,137,73
1513,CcLectYr1Jw,p,https://www.instagram.com/thedogist/p/CcLectYr1Jw/,https://www.instagram.com/p/CcLectYr1Jw/,2026-06-19T22:20:52.803Z,138,59
1514,CcJKq2SrXTj,p,https://www.instagram.com/thedogist/p/CcJKq2SrXTj/,https://www.instagram.com/p/CcJKq2SrXTj/,2026-06-19T22:20:52.803Z,138,60
1515,CcGB2xmFapS,reel,https://www.instagram.com/thedogist/reel/CcGB2xmFapS/,https://www.instagram.com/reel/CcGB2xmFapS/,2026-06-19T22:20:52.804Z,138,61
1516,CcEE_JFraPj,p,https://www.instagram.com/thedogist/p/CcEE_JFraPj/,https://www.instagram.com/p/CcEE_JFraPj/,2026-06-19T22:20:52.804Z,138,62
1517,CcA4ulore6x,p,https://www.instagram.com/thedogist/p/CcA4ulore6x/,https://www.instagram.com/p/CcA4ulore6x/,2026-06-19T22:20:52.804Z,138,63
1518,Cb-wY-4riWc,p,https://www.instagram.com/thedogist/p/Cb-wY-4riWc/,https://www.instagram.com/p/Cb-wY-4riWc/,2026-06-19T22:20:52.804Z,138,64
1519,Cb8Di71LuyI,p,https://www.instagram.com/thedogist/p/Cb8Di71LuyI/,https://www.instagram.com/p/Cb8Di71LuyI/,2026-06-19T22:20:52.805Z,138,65
1520,Cb5ccUyLaTp,p,https://www.instagram.com/thedogist/p/Cb5ccUyLaTp/,https://www.instagram.com/p/Cb5ccUyLaTp/,2026-06-19T22:20:52.805Z,138,66
1521,Cb2gzLSLyNQ,p,https://www.instagram.com/thedogist/p/Cb2gzLSLyNQ/,https://www.instagram.com/p/Cb2gzLSLyNQ/,2026-06-19T22:20:52.805Z,138,67
1522,Cb0B-QsLo4o,p,https://www.instagram.com/thedogist/p/Cb0B-QsLo4o/,https://www.instagram.com/p/Cb0B-QsLo4o/,2026-06-19T22:20:52.805Z,138,68
1523,Cbxa2K2LWqo,p,https://www.instagram.com/thedogist/p/Cbxa2K2LWqo/,https://www.instagram.com/p/Cbxa2K2LWqo/,2026-06-19T22:20:52.805Z,138,69
1524,CbvXe0aLPgH,p,https://www.instagram.com/thedogist/p/CbvXe0aLPgH/,https://www.instagram.com/p/CbvXe0aLPgH/,2026-06-19T22:20:52.806Z,138,70
1525,CbscCkMLobo,p,https://www.instagram.com/thedogist/p/CbscCkMLobo/,https://www.instagram.com/p/CbscCkMLobo/,2026-06-19T22:20:54.440Z,139,61
1526,Cbp-GgerdrS,p,https://www.instagram.com/thedogist/p/Cbp-GgerdrS/,https://www.instagram.com/p/Cbp-GgerdrS/,2026-06-19T22:20:54.441Z,139,62
1527,CbnVlJfrIfX,p,https://www.instagram.com/thedogist/p/CbnVlJfrIfX/,https://www.instagram.com/p/CbnVlJfrIfX/,2026-06-19T22:20:54.441Z,139,63
1528,Cbkwo_5L8m8,p,https://www.instagram.com/thedogist/p/Cbkwo_5L8m8/,https://www.instagram.com/p/Cbkwo_5L8m8/,2026-06-19T22:20:54.441Z,139,64
1529,CbiD4cwrfS2,p,https://www.instagram.com/thedogist/p/CbiD4cwrfS2/,https://www.instagram.com/p/CbiD4cwrfS2/,2026-06-19T22:20:54.441Z,139,65
1530,CbfgRSCgYvX,p,https://www.instagram.com/thedogist/p/CbfgRSCgYvX/,https://www.instagram.com/p/CbfgRSCgYvX/,2026-06-19T22:20:54.442Z,139,66
1531,CbdRRx2LiVa,p,https://www.instagram.com/thedogist/p/CbdRRx2LiVa/,https://www.instagram.com/p/CbdRRx2LiVa/,2026-06-19T22:20:54.442Z,139,67
1532,CbamqUQrvLJ,p,https://www.instagram.com/thedogist/p/CbamqUQrvLJ/,https://www.instagram.com/p/CbamqUQrvLJ/,2026-06-19T22:20:54.442Z,139,68
1533,CbYDWNhFxPR,reel,https://www.instagram.com/thedogist/reel/CbYDWNhFxPR/,https://www.instagram.com/reel/CbYDWNhFxPR/,2026-06-19T22:20:54.442Z,139,69
1534,CbXtoEMLquH,p,https://www.instagram.com/thedogist/p/CbXtoEMLquH/,https://www.instagram.com/p/CbXtoEMLquH/,2026-06-19T22:20:54.442Z,139,70
1535,CbVi_lGrvs4,p,https://www.instagram.com/thedogist/p/CbVi_lGrvs4/,https://www.instagram.com/p/CbVi_lGrvs4/,2026-06-19T22:20:54.443Z,139,71
1536,CbTCH1BrxEj,p,https://www.instagram.com/thedogist/p/CbTCH1BrxEj/,https://www.instagram.com/p/CbTCH1BrxEj/,2026-06-19T22:20:54.443Z,139,72
1537,CbQLVPLLcal,p,https://www.instagram.com/thedogist/p/CbQLVPLLcal/,https://www.instagram.com/p/CbQLVPLLcal/,2026-06-19T22:20:56.080Z,140,58
1538,CbNiaR2LAt6,p,https://www.instagram.com/thedogist/p/CbNiaR2LAt6/,https://www.instagram.com/p/CbNiaR2LAt6/,2026-06-19T22:20:56.081Z,140,59
1539,CbLNmryrc7E,p,https://www.instagram.com/thedogist/p/CbLNmryrc7E/,https://www.instagram.com/p/CbLNmryrc7E/,2026-06-19T22:20:56.081Z,140,60
1540,CbIVctFLj0G,p,https://www.instagram.com/thedogist/p/CbIVctFLj0G/,https://www.instagram.com/p/CbIVctFLj0G/,2026-06-19T22:20:56.081Z,140,61
1541,CbF591BrrMT,p,https://www.instagram.com/thedogist/p/CbF591BrrMT/,https://www.instagram.com/p/CbF591BrrMT/,2026-06-19T22:20:56.082Z,140,62
1542,CbDdPHCLnWr,p,https://www.instagram.com/thedogist/p/CbDdPHCLnWr/,https://www.instagram.com/p/CbDdPHCLnWr/,2026-06-19T22:20:56.082Z,140,63
1543,CbBENDxPu1D,p,https://www.instagram.com/thedogist/p/CbBENDxPu1D/,https://www.instagram.com/p/CbBENDxPu1D/,2026-06-19T22:20:56.082Z,140,64
1544,Ca-m517r3z7,p,https://www.instagram.com/thedogist/p/Ca-m517r3z7/,https://www.instagram.com/p/Ca-m517r3z7/,2026-06-19T22:20:56.082Z,140,65
1545,Ca7q9A3rngS,p,https://www.instagram.com/thedogist/p/Ca7q9A3rngS/,https://www.instagram.com/p/Ca7q9A3rngS/,2026-06-19T22:20:56.082Z,140,66
1546,Ca5RQqXvNDP,p,https://www.instagram.com/thedogist/p/Ca5RQqXvNDP/,https://www.instagram.com/p/Ca5RQqXvNDP/,2026-06-19T22:20:56.082Z,140,67
1547,Ca2loohrTvn,p,https://www.instagram.com/thedogist/p/Ca2loohrTvn/,https://www.instagram.com/p/Ca2loohrTvn/,2026-06-19T22:20:56.083Z,140,68
1548,Ca0GAUFPknd,p,https://www.instagram.com/thedogist/p/Ca0GAUFPknd/,https://www.instagram.com/p/Ca0GAUFPknd/,2026-06-19T22:20:56.083Z,140,69
1549,CaxbOaWJEQu,p,https://www.instagram.com/thedogist/p/CaxbOaWJEQu/,https://www.instagram.com/p/CaxbOaWJEQu/,2026-06-19T22:20:57.718Z,141,60
1550,CavASsrPA1N,p,https://www.instagram.com/thedogist/p/CavASsrPA1N/,https://www.instagram.com/p/CavASsrPA1N/,2026-06-19T22:20:57.719Z,141,61
1551,CasHHMCr-cC,p,https://www.instagram.com/thedogist/p/CasHHMCr-cC/,https://www.instagram.com/p/CasHHMCr-cC/,2026-06-19T22:20:57.719Z,141,62
1552,CapsFzSLJCW,p,https://www.instagram.com/thedogist/p/CapsFzSLJCW/,https://www.instagram.com/p/CapsFzSLJCW/,2026-06-19T22:20:57.719Z,141,63
1553,CanSymZP4IQ,p,https://www.instagram.com/thedogist/p/CanSymZP4IQ/,https://www.instagram.com/p/CanSymZP4IQ/,2026-06-19T22:20:57.719Z,141,64
1554,CakcTKKrFnv,p,https://www.instagram.com/thedogist/p/CakcTKKrFnv/,https://www.instagram.com/p/CakcTKKrFnv/,2026-06-19T22:20:57.720Z,141,65
1555,Cah6ozDrapV,p,https://www.instagram.com/thedogist/p/Cah6ozDrapV/,https://www.instagram.com/p/Cah6ozDrapV/,2026-06-19T22:20:57.720Z,141,66
1556,CaffGeXPAk_,p,https://www.instagram.com/thedogist/p/CaffGeXPAk_/,https://www.instagram.com/p/CaffGeXPAk_/,2026-06-19T22:20:57.720Z,141,67
1557,Cac7Dj2PAoM,p,https://www.instagram.com/thedogist/p/Cac7Dj2PAoM/,https://www.instagram.com/p/Cac7Dj2PAoM/,2026-06-19T22:20:57.720Z,141,68
1558,CaaRU-Qru8r,p,https://www.instagram.com/thedogist/p/CaaRU-Qru8r/,https://www.instagram.com/p/CaaRU-Qru8r/,2026-06-19T22:20:57.721Z,141,69
1559,CaXrEe4JXqO,p,https://www.instagram.com/thedogist/p/CaXrEe4JXqO/,https://www.instagram.com/p/CaXrEe4JXqO/,2026-06-19T22:20:57.721Z,141,70
1560,CaU9iOQLjhq,p,https://www.instagram.com/thedogist/p/CaU9iOQLjhq/,https://www.instagram.com/p/CaU9iOQLjhq/,2026-06-19T22:20:57.721Z,141,71
1561,CaSfEGuLHiM,p,https://www.instagram.com/thedogist/p/CaSfEGuLHiM/,https://www.instagram.com/p/CaSfEGuLHiM/,2026-06-19T22:20:59.360Z,142,62
1562,CaQC399v11v,p,https://www.instagram.com/thedogist/p/CaQC399v11v/,https://www.instagram.com/p/CaQC399v11v/,2026-06-19T22:20:59.360Z,142,63
1563,CaNfkqBPMH-,p,https://www.instagram.com/thedogist/p/CaNfkqBPMH-/,https://www.instagram.com/p/CaNfkqBPMH-/,2026-06-19T22:20:59.360Z,142,64
1564,CaKyp5MLznc,p,https://www.instagram.com/thedogist/p/CaKyp5MLznc/,https://www.instagram.com/p/CaKyp5MLznc/,2026-06-19T22:20:59.361Z,142,65
1565,CaH50eUFreX,reel,https://www.instagram.com/thedogist/reel/CaH50eUFreX/,https://www.instagram.com/reel/CaH50eUFreX/,2026-06-19T22:20:59.361Z,142,66
1566,CaF7JwJvZ1H,p,https://www.instagram.com/thedogist/p/CaF7JwJvZ1H/,https://www.instagram.com/p/CaF7JwJvZ1H/,2026-06-19T22:20:59.361Z,142,67
1567,CaDLqdsvpTp,p,https://www.instagram.com/thedogist/p/CaDLqdsvpTp/,https://www.instagram.com/p/CaDLqdsvpTp/,2026-06-19T22:20:59.361Z,142,68
1568,CaAmWYdriwu,p,https://www.instagram.com/thedogist/p/CaAmWYdriwu/,https://www.instagram.com/p/CaAmWYdriwu/,2026-06-19T22:20:59.361Z,142,69
1569,CZ-AYjSPInF,p,https://www.instagram.com/thedogist/p/CZ-AYjSPInF/,https://www.instagram.com/p/CZ-AYjSPInF/,2026-06-19T22:20:59.361Z,142,70
1570,CZ7G_3wLEls,p,https://www.instagram.com/thedogist/p/CZ7G_3wLEls/,https://www.instagram.com/p/CZ7G_3wLEls/,2026-06-19T22:20:59.362Z,142,71
1571,CZ4tqUIrZhR,p,https://www.instagram.com/thedogist/p/CZ4tqUIrZhR/,https://www.instagram.com/p/CZ4tqUIrZhR/,2026-06-19T22:20:59.362Z,142,72
1572,CZ2RNguvY9H,p,https://www.instagram.com/thedogist/p/CZ2RNguvY9H/,https://www.instagram.com/p/CZ2RNguvY9H/,2026-06-19T22:20:59.362Z,142,73
1573,CZznb7hP4M1,p,https://www.instagram.com/thedogist/p/CZznb7hP4M1/,https://www.instagram.com/p/CZznb7hP4M1/,2026-06-19T22:21:00.998Z,143,59
1574,CZxOTHYPMVF,p,https://www.instagram.com/thedogist/p/CZxOTHYPMVF/,https://www.instagram.com/p/CZxOTHYPMVF/,2026-06-19T22:21:00.998Z,143,60
1575,CZumUpulN16,reel,https://www.instagram.com/thedogist/reel/CZumUpulN16/,https://www.instagram.com/reel/CZumUpulN16/,2026-06-19T22:21:00.999Z,143,61
1576,CZsDGCCv2-V,p,https://www.instagram.com/thedogist/p/CZsDGCCv2-V/,https://www.instagram.com/p/CZsDGCCv2-V/,2026-06-19T22:21:00.999Z,143,62
1577,CZpbvtLPSgj,p,https://www.instagram.com/thedogist/p/CZpbvtLPSgj/,https://www.instagram.com/p/CZpbvtLPSgj/,2026-06-19T22:21:00.999Z,143,63
1578,CZmn8dnr6np,p,https://www.instagram.com/thedogist/p/CZmn8dnr6np/,https://www.instagram.com/p/CZmn8dnr6np/,2026-06-19T22:21:00.999Z,143,64
1579,CZkNpatrUs8,p,https://www.instagram.com/thedogist/p/CZkNpatrUs8/,https://www.instagram.com/p/CZkNpatrUs8/,2026-06-19T22:21:01.000Z,143,65
1580,CZhswUVPcXC,p,https://www.instagram.com/thedogist/p/CZhswUVPcXC/,https://www.instagram.com/p/CZhswUVPcXC/,2026-06-19T22:21:01.000Z,143,66
1581,CZfDpz4L8C9,p,https://www.instagram.com/thedogist/p/CZfDpz4L8C9/,https://www.instagram.com/p/CZfDpz4L8C9/,2026-06-19T22:21:01.000Z,143,67
1582,CZciq4oPiCj,p,https://www.instagram.com/thedogist/p/CZciq4oPiCj/,https://www.instagram.com/p/CZciq4oPiCj/,2026-06-19T22:21:01.000Z,143,68
1583,CZaAgDSPBG9,p,https://www.instagram.com/thedogist/p/CZaAgDSPBG9/,https://www.instagram.com/p/CZaAgDSPBG9/,2026-06-19T22:21:01.001Z,143,69
1584,CZXbFdCvOAj,p,https://www.instagram.com/thedogist/p/CZXbFdCvOAj/,https://www.instagram.com/p/CZXbFdCvOAj/,2026-06-19T22:21:01.001Z,143,70
1585,CZU4sMDvDW_,p,https://www.instagram.com/thedogist/p/CZU4sMDvDW_/,https://www.instagram.com/p/CZU4sMDvDW_/,2026-06-19T22:21:02.638Z,144,61
1586,CZSC4XALyMY,p,https://www.instagram.com/thedogist/p/CZSC4XALyMY/,https://www.instagram.com/p/CZSC4XALyMY/,2026-06-19T22:21:02.639Z,144,62
1587,CZPpnFWPICO,p,https://www.instagram.com/thedogist/p/CZPpnFWPICO/,https://www.instagram.com/p/CZPpnFWPICO/,2026-06-19T22:21:02.639Z,144,63
1588,CZNE3lqPNBM,p,https://www.instagram.com/thedogist/p/CZNE3lqPNBM/,https://www.instagram.com/p/CZNE3lqPNBM/,2026-06-19T22:21:02.639Z,144,64
1589,CZKYu6HrflD,p,https://www.instagram.com/thedogist/p/CZKYu6HrflD/,https://www.instagram.com/p/CZKYu6HrflD/,2026-06-19T22:21:02.639Z,144,65
1590,CZIAdM2voUI,p,https://www.instagram.com/thedogist/p/CZIAdM2voUI/,https://www.instagram.com/p/CZIAdM2voUI/,2026-06-19T22:21:02.640Z,144,66
1591,CZFUL_wLSqD,p,https://www.instagram.com/thedogist/p/CZFUL_wLSqD/,https://www.instagram.com/p/CZFUL_wLSqD/,2026-06-19T22:21:02.640Z,144,67
1592,CZC020YLby-,p,https://www.instagram.com/thedogist/p/CZC020YLby-/,https://www.instagram.com/p/CZC020YLby-/,2026-06-19T22:21:02.640Z,144,68
1593,CZAMzBhL63L,p,https://www.instagram.com/thedogist/p/CZAMzBhL63L/,https://www.instagram.com/p/CZAMzBhL63L/,2026-06-19T22:21:02.640Z,144,69
1594,CY9oskirJPB,p,https://www.instagram.com/thedogist/p/CY9oskirJPB/,https://www.instagram.com/p/CY9oskirJPB/,2026-06-19T22:21:02.640Z,144,70
1595,CY62vGnrw-z,p,https://www.instagram.com/thedogist/p/CY62vGnrw-z/,https://www.instagram.com/p/CY62vGnrw-z/,2026-06-19T22:21:02.641Z,144,71
1596,CY4p5pzL5sS,p,https://www.instagram.com/thedogist/p/CY4p5pzL5sS/,https://www.instagram.com/p/CY4p5pzL5sS/,2026-06-19T22:21:02.641Z,144,72
1597,CY17wsErtmD,p,https://www.instagram.com/thedogist/p/CY17wsErtmD/,https://www.instagram.com/p/CY17wsErtmD/,2026-06-19T22:21:04.275Z,145,58
1598,CYzLAzsruEC,p,https://www.instagram.com/thedogist/p/CYzLAzsruEC/,https://www.instagram.com/p/CYzLAzsruEC/,2026-06-19T22:21:04.276Z,145,59
1599,CYwiJGALxCE,p,https://www.instagram.com/thedogist/p/CYwiJGALxCE/,https://www.instagram.com/p/CYwiJGALxCE/,2026-06-19T22:21:04.276Z,145,60
1600,CYuYQ6JrLPH,p,https://www.instagram.com/thedogist/p/CYuYQ6JrLPH/,https://www.instagram.com/p/CYuYQ6JrLPH/,2026-06-19T22:21:04.276Z,145,61
1601,CYrpbwpr2EG,p,https://www.instagram.com/thedogist/p/CYrpbwpr2EG/,https://www.instagram.com/p/CYrpbwpr2EG/,2026-06-19T22:21:04.276Z,145,62
1602,CYpAOFALeyE,p,https://www.instagram.com/thedogist/p/CYpAOFALeyE/,https://www.instagram.com/p/CYpAOFALeyE/,2026-06-19T22:21:04.277Z,145,63
1603,CYmPGVRrxlW,p,https://www.instagram.com/thedogist/p/CYmPGVRrxlW/,https://www.instagram.com/p/CYmPGVRrxlW/,2026-06-19T22:21:04.277Z,145,64
1604,CYjrLANrdo6,p,https://www.instagram.com/thedogist/p/CYjrLANrdo6/,https://www.instagram.com/p/CYjrLANrdo6/,2026-06-19T22:21:04.277Z,145,65
1605,CYhY80Kr7dC,p,https://www.instagram.com/thedogist/p/CYhY80Kr7dC/,https://www.instagram.com/p/CYhY80Kr7dC/,2026-06-19T22:21:04.277Z,145,66
1606,CYfHMX-L7ZL,p,https://www.instagram.com/thedogist/p/CYfHMX-L7ZL/,https://www.instagram.com/p/CYfHMX-L7ZL/,2026-06-19T22:21:04.278Z,145,67
1607,CYcDXp4Ljov,p,https://www.instagram.com/thedogist/p/CYcDXp4Ljov/,https://www.instagram.com/p/CYcDXp4Ljov/,2026-06-19T22:21:04.278Z,145,68
1608,CYZZYb6LYWd,p,https://www.instagram.com/thedogist/p/CYZZYb6LYWd/,https://www.instagram.com/p/CYZZYb6LYWd/,2026-06-19T22:21:04.278Z,145,69
1609,CYWyvXJLQQ_,p,https://www.instagram.com/thedogist/p/CYWyvXJLQQ_/,https://www.instagram.com/p/CYWyvXJLQQ_/,2026-06-19T22:21:05.913Z,146,60
1610,CYUT16qLs4z,p,https://www.instagram.com/thedogist/p/CYUT16qLs4z/,https://www.instagram.com/p/CYUT16qLs4z/,2026-06-19T22:21:05.914Z,146,61
1611,CYRykGVrE-u,p,https://www.instagram.com/thedogist/p/CYRykGVrE-u/,https://www.instagram.com/p/CYRykGVrE-u/,2026-06-19T22:21:05.914Z,146,62
1612,CYPRizIrSAf,p,https://www.instagram.com/thedogist/p/CYPRizIrSAf/,https://www.instagram.com/p/CYPRizIrSAf/,2026-06-19T22:21:05.914Z,146,63
1613,CYMlfiMrJs8,p,https://www.instagram.com/thedogist/p/CYMlfiMrJs8/,https://www.instagram.com/p/CYMlfiMrJs8/,2026-06-19T22:21:05.915Z,146,64
1614,CYKDqJJIs9X,reel,https://www.instagram.com/thedogist/reel/CYKDqJJIs9X/,https://www.instagram.com/reel/CYKDqJJIs9X/,2026-06-19T22:21:05.915Z,146,65
1615,CYHiCfNrxt5,p,https://www.instagram.com/thedogist/p/CYHiCfNrxt5/,https://www.instagram.com/p/CYHiCfNrxt5/,2026-06-19T22:21:05.915Z,146,66
1616,CYExofHLHbM,p,https://www.instagram.com/thedogist/p/CYExofHLHbM/,https://www.instagram.com/p/CYExofHLHbM/,2026-06-19T22:21:05.915Z,146,67
1617,CYCZjnyLKSg,p,https://www.instagram.com/thedogist/p/CYCZjnyLKSg/,https://www.instagram.com/p/CYCZjnyLKSg/,2026-06-19T22:21:05.916Z,146,68
1618,CX_wFHiLZHI,p,https://www.instagram.com/thedogist/p/CX_wFHiLZHI/,https://www.instagram.com/p/CX_wFHiLZHI/,2026-06-19T22:21:05.916Z,146,69
1619,CX9PWt8LA5s,p,https://www.instagram.com/thedogist/p/CX9PWt8LA5s/,https://www.instagram.com/p/CX9PWt8LA5s/,2026-06-19T22:21:05.916Z,146,70
1620,CX6rbJULObu,p,https://www.instagram.com/thedogist/p/CX6rbJULObu/,https://www.instagram.com/p/CX6rbJULObu/,2026-06-19T22:21:05.916Z,146,71
1621,CX4BcXwLn8u,p,https://www.instagram.com/thedogist/p/CX4BcXwLn8u/,https://www.instagram.com/p/CX4BcXwLn8u/,2026-06-19T22:21:07.552Z,147,62
1622,CX1VUwkLg5I,p,https://www.instagram.com/thedogist/p/CX1VUwkLg5I/,https://www.instagram.com/p/CX1VUwkLg5I/,2026-06-19T22:21:07.553Z,147,63
1623,CXywlN-LrsD,p,https://www.instagram.com/thedogist/p/CXywlN-LrsD/,https://www.instagram.com/p/CXywlN-LrsD/,2026-06-19T22:21:07.554Z,147,64
1624,CXwS50lrBNw,p,https://www.instagram.com/thedogist/p/CXwS50lrBNw/,https://www.instagram.com/p/CXwS50lrBNw/,2026-06-19T22:21:07.554Z,147,65
1625,CXtxi8XLuwm,p,https://www.instagram.com/thedogist/p/CXtxi8XLuwm/,https://www.instagram.com/p/CXtxi8XLuwm/,2026-06-19T22:21:07.554Z,147,66
1626,CXrDmYerDvB,p,https://www.instagram.com/thedogist/p/CXrDmYerDvB/,https://www.instagram.com/p/CXrDmYerDvB/,2026-06-19T22:21:07.554Z,147,67
1627,CXove7mLYKm,p,https://www.instagram.com/thedogist/p/CXove7mLYKm/,https://www.instagram.com/p/CXove7mLYKm/,2026-06-19T22:21:07.555Z,147,68
1628,CXl7w56rfrn,p,https://www.instagram.com/thedogist/p/CXl7w56rfrn/,https://www.instagram.com/p/CXl7w56rfrn/,2026-06-19T22:21:07.555Z,147,69
1629,CXjY_dwL6Yf,p,https://www.instagram.com/thedogist/p/CXjY_dwL6Yf/,https://www.instagram.com/p/CXjY_dwL6Yf/,2026-06-19T22:21:07.555Z,147,70
1630,CXg4UMirp6n,p,https://www.instagram.com/thedogist/p/CXg4UMirp6n/,https://www.instagram.com/p/CXg4UMirp6n/,2026-06-19T22:21:07.556Z,147,71
1631,CXeVnJMvruo,p,https://www.instagram.com/thedogist/p/CXeVnJMvruo/,https://www.instagram.com/p/CXeVnJMvruo/,2026-06-19T22:21:07.556Z,147,72
1632,CXb2KArvUYr,p,https://www.instagram.com/thedogist/p/CXb2KArvUYr/,https://www.instagram.com/p/CXb2KArvUYr/,2026-06-19T22:21:07.556Z,147,73
1633,CXZjgXwrmSq,p,https://www.instagram.com/thedogist/p/CXZjgXwrmSq/,https://www.instagram.com/p/CXZjgXwrmSq/,2026-06-19T22:21:09.200Z,148,59
1634,CXWUnudrCGZ,p,https://www.instagram.com/thedogist/p/CXWUnudrCGZ/,https://www.instagram.com/p/CXWUnudrCGZ/,2026-06-19T22:21:09.201Z,148,60
1635,CXUDsFqrK9w,p,https://www.instagram.com/thedogist/p/CXUDsFqrK9w/,https://www.instagram.com/p/CXUDsFqrK9w/,2026-06-19T22:21:09.201Z,148,61
1636,CXROz3QrRfJ,p,https://www.instagram.com/thedogist/p/CXROz3QrRfJ/,https://www.instagram.com/p/CXROz3QrRfJ/,2026-06-19T22:21:09.202Z,148,62
1637,CXOx_OhFsnw,p,https://www.instagram.com/thedogist/p/CXOx_OhFsnw/,https://www.instagram.com/p/CXOx_OhFsnw/,2026-06-19T22:21:09.202Z,148,63
1638,CXMHvmaLy2c,p,https://www.instagram.com/thedogist/p/CXMHvmaLy2c/,https://www.instagram.com/p/CXMHvmaLy2c/,2026-06-19T22:21:09.202Z,148,64
1639,CXJt4pPrVD9,p,https://www.instagram.com/thedogist/p/CXJt4pPrVD9/,https://www.instagram.com/p/CXJt4pPrVD9/,2026-06-19T22:21:09.202Z,148,65
1640,CXHDVdYr2wL,p,https://www.instagram.com/thedogist/p/CXHDVdYr2wL/,https://www.instagram.com/p/CXHDVdYr2wL/,2026-06-19T22:21:09.203Z,148,66
1641,CXEjwfkrUwh,p,https://www.instagram.com/thedogist/p/CXEjwfkrUwh/,https://www.instagram.com/p/CXEjwfkrUwh/,2026-06-19T22:21:09.203Z,148,67
1642,CXB7REEr95a,p,https://www.instagram.com/thedogist/p/CXB7REEr95a/,https://www.instagram.com/p/CXB7REEr95a/,2026-06-19T22:21:09.203Z,148,68
1643,CW_mY_RrLIG,p,https://www.instagram.com/thedogist/p/CW_mY_RrLIG/,https://www.instagram.com/p/CW_mY_RrLIG/,2026-06-19T22:21:09.203Z,148,69
1644,CW8qpHzrkxd,p,https://www.instagram.com/thedogist/p/CW8qpHzrkxd/,https://www.instagram.com/p/CW8qpHzrkxd/,2026-06-19T22:21:09.203Z,148,70
1645,CW520QLrajB,p,https://www.instagram.com/thedogist/p/CW520QLrajB/,https://www.instagram.com/p/CW520QLrajB/,2026-06-19T22:21:10.842Z,149,61
1646,CW31LAMLVYB,p,https://www.instagram.com/thedogist/p/CW31LAMLVYB/,https://www.instagram.com/p/CW31LAMLVYB/,2026-06-19T22:21:10.843Z,149,62
1647,CW1PnBHLBG4,p,https://www.instagram.com/thedogist/p/CW1PnBHLBG4/,https://www.instagram.com/p/CW1PnBHLBG4/,2026-06-19T22:21:10.843Z,149,63
1648,CWyxcqPL3KK,p,https://www.instagram.com/thedogist/p/CWyxcqPL3KK/,https://www.instagram.com/p/CWyxcqPL3KK/,2026-06-19T22:21:10.843Z,149,64
1649,CWvyy3GrWsm,p,https://www.instagram.com/thedogist/p/CWvyy3GrWsm/,https://www.instagram.com/p/CWvyy3GrWsm/,2026-06-19T22:21:10.843Z,149,65
1650,CWtNGGZLrTU,p,https://www.instagram.com/thedogist/p/CWtNGGZLrTU/,https://www.instagram.com/p/CWtNGGZLrTU/,2026-06-19T22:21:10.844Z,149,66
1651,CWqwkfvrzw5,p,https://www.instagram.com/thedogist/p/CWqwkfvrzw5/,https://www.instagram.com/p/CWqwkfvrzw5/,2026-06-19T22:21:10.844Z,149,67
1652,CWoNmSXoO-z,p,https://www.instagram.com/thedogist/p/CWoNmSXoO-z/,https://www.instagram.com/p/CWoNmSXoO-z/,2026-06-19T22:21:10.844Z,149,68
1653,CWlvfZErZu8,p,https://www.instagram.com/thedogist/p/CWlvfZErZu8/,https://www.instagram.com/p/CWlvfZErZu8/,2026-06-19T22:21:10.844Z,149,69
1654,CWjFjQ-r3wZ,p,https://www.instagram.com/thedogist/p/CWjFjQ-r3wZ/,https://www.instagram.com/p/CWjFjQ-r3wZ/,2026-06-19T22:21:10.844Z,149,70
1655,CWgjU2NLsw-,p,https://www.instagram.com/thedogist/p/CWgjU2NLsw-/,https://www.instagram.com/p/CWgjU2NLsw-/,2026-06-19T22:21:10.844Z,149,71
1656,CWd7J41rEut,p,https://www.instagram.com/thedogist/p/CWd7J41rEut/,https://www.instagram.com/p/CWd7J41rEut/,2026-06-19T22:21:10.845Z,149,72
1657,CWbf1ZWLEVJ,p,https://www.instagram.com/thedogist/p/CWbf1ZWLEVJ/,https://www.instagram.com/p/CWbf1ZWLEVJ/,2026-06-19T22:21:12.480Z,150,58
1658,CWYr-7vrGG6,p,https://www.instagram.com/thedogist/p/CWYr-7vrGG6/,https://www.instagram.com/p/CWYr-7vrGG6/,2026-06-19T22:21:12.480Z,150,59
1659,CWWJDHwLSVM,p,https://www.instagram.com/thedogist/p/CWWJDHwLSVM/,https://www.instagram.com/p/CWWJDHwLSVM/,2026-06-19T22:21:12.481Z,150,60
1660,CWTgLT1rpS-,p,https://www.instagram.com/thedogist/p/CWTgLT1rpS-/,https://www.instagram.com/p/CWTgLT1rpS-/,2026-06-19T22:21:12.481Z,150,61
1661,CWQ7n5ELbUF,p,https://www.instagram.com/thedogist/p/CWQ7n5ELbUF/,https://www.instagram.com/p/CWQ7n5ELbUF/,2026-06-19T22:21:12.481Z,150,62
1662,CWOOUJ9rXER,p,https://www.instagram.com/thedogist/p/CWOOUJ9rXER/,https://www.instagram.com/p/CWOOUJ9rXER/,2026-06-19T22:21:12.482Z,150,63
1663,CWLwCRTLgz3,p,https://www.instagram.com/thedogist/p/CWLwCRTLgz3/,https://www.instagram.com/p/CWLwCRTLgz3/,2026-06-19T22:21:12.482Z,150,64
1664,CWJOsHpLYkp,p,https://www.instagram.com/thedogist/p/CWJOsHpLYkp/,https://www.instagram.com/p/CWJOsHpLYkp/,2026-06-19T22:21:12.482Z,150,65
1665,CWGuMsrLhRo,p,https://www.instagram.com/thedogist/p/CWGuMsrLhRo/,https://www.instagram.com/p/CWGuMsrLhRo/,2026-06-19T22:21:12.482Z,150,66
1666,CWEINEYrt6P,p,https://www.instagram.com/thedogist/p/CWEINEYrt6P/,https://www.instagram.com/p/CWEINEYrt6P/,2026-06-19T22:21:12.483Z,150,67
1667,CWB9sBErLqm,p,https://www.instagram.com/thedogist/p/CWB9sBErLqm/,https://www.instagram.com/p/CWB9sBErLqm/,2026-06-19T22:21:12.483Z,150,68
1668,CV_JvmXrhsn,p,https://www.instagram.com/thedogist/p/CV_JvmXrhsn/,https://www.instagram.com/p/CV_JvmXrhsn/,2026-06-19T22:21:12.483Z,150,69
1669,CV8aBQEL13z,p,https://www.instagram.com/thedogist/p/CV8aBQEL13z/,https://www.instagram.com/p/CV8aBQEL13z/,2026-06-19T22:21:14.120Z,151,60
1670,CV50v9bLRyP,p,https://www.instagram.com/thedogist/p/CV50v9bLRyP/,https://www.instagram.com/p/CV50v9bLRyP/,2026-06-19T22:21:14.121Z,151,61
1671,CV3VkQirMlP,p,https://www.instagram.com/thedogist/p/CV3VkQirMlP/,https://www.instagram.com/p/CV3VkQirMlP/,2026-06-19T22:21:14.121Z,151,62
1672,CV0k4yqrbil,p,https://www.instagram.com/thedogist/p/CV0k4yqrbil/,https://www.instagram.com/p/CV0k4yqrbil/,2026-06-19T22:21:14.122Z,151,63
1673,CVyWITbLR5I,p,https://www.instagram.com/thedogist/p/CVyWITbLR5I/,https://www.instagram.com/p/CVyWITbLR5I/,2026-06-19T22:21:14.122Z,151,64
1674,CVvdDYBLyOF,p,https://www.instagram.com/thedogist/p/CVvdDYBLyOF/,https://www.instagram.com/p/CVvdDYBLyOF/,2026-06-19T22:21:14.122Z,151,65
1675,CVswReWogfl,p,https://www.instagram.com/thedogist/p/CVswReWogfl/,https://www.instagram.com/p/CVswReWogfl/,2026-06-19T22:21:14.122Z,151,66
1676,CVqbnGIrlTi,p,https://www.instagram.com/thedogist/p/CVqbnGIrlTi/,https://www.instagram.com/p/CVqbnGIrlTi/,2026-06-19T22:21:14.123Z,151,67
1677,CVn-ABHrcpj,p,https://www.instagram.com/thedogist/p/CVn-ABHrcpj/,https://www.instagram.com/p/CVn-ABHrcpj/,2026-06-19T22:21:14.123Z,151,68
1678,CVlXEBXLg21,p,https://www.instagram.com/thedogist/p/CVlXEBXLg21/,https://www.instagram.com/p/CVlXEBXLg21/,2026-06-19T22:21:14.123Z,151,69
1679,CVi2lBkLb0G,p,https://www.instagram.com/thedogist/p/CVi2lBkLb0G/,https://www.instagram.com/p/CVi2lBkLb0G/,2026-06-19T22:21:14.123Z,151,70
1680,CVf4j05r6tD,p,https://www.instagram.com/thedogist/p/CVf4j05r6tD/,https://www.instagram.com/p/CVf4j05r6tD/,2026-06-19T22:21:14.123Z,151,71
1681,CVdoUgaLgBO,p,https://www.instagram.com/thedogist/p/CVdoUgaLgBO/,https://www.instagram.com/p/CVdoUgaLgBO/,2026-06-19T22:21:15.766Z,152,62
1682,CVa6BHYL8oa,p,https://www.instagram.com/thedogist/p/CVa6BHYL8oa/,https://www.instagram.com/p/CVa6BHYL8oa/,2026-06-19T22:21:15.768Z,152,63
1683,CVYh7_NLT9s,p,https://www.instagram.com/thedogist/p/CVYh7_NLT9s/,https://www.instagram.com/p/CVYh7_NLT9s/,2026-06-19T22:21:15.769Z,152,64
1684,CVVwtl9r_5Y,p,https://www.instagram.com/thedogist/p/CVVwtl9r_5Y/,https://www.instagram.com/p/CVVwtl9r_5Y/,2026-06-19T22:21:15.769Z,152,65
1685,CVTe7Z3reNN,p,https://www.instagram.com/thedogist/p/CVTe7Z3reNN/,https://www.instagram.com/p/CVTe7Z3reNN/,2026-06-19T22:21:15.769Z,152,66
1686,CVQm5m-LhkS,p,https://www.instagram.com/thedogist/p/CVQm5m-LhkS/,https://www.instagram.com/p/CVQm5m-LhkS/,2026-06-19T22:21:15.770Z,152,67
1687,CVOU0ZgLb3E,p,https://www.instagram.com/thedogist/p/CVOU0ZgLb3E/,https://www.instagram.com/p/CVOU0ZgLb3E/,2026-06-19T22:21:15.770Z,152,68
1688,CVLUVwJLhDz,p,https://www.instagram.com/thedogist/p/CVLUVwJLhDz/,https://www.instagram.com/p/CVLUVwJLhDz/,2026-06-19T22:21:15.770Z,152,69
1689,CVI6j_NLTfP,p,https://www.instagram.com/thedogist/p/CVI6j_NLTfP/,https://www.instagram.com/p/CVI6j_NLTfP/,2026-06-19T22:21:15.771Z,152,70
1690,CVGj8gtLjC5,p,https://www.instagram.com/thedogist/p/CVGj8gtLjC5/,https://www.instagram.com/p/CVGj8gtLjC5/,2026-06-19T22:21:15.771Z,152,71
1691,CVDtcpXr1TP,p,https://www.instagram.com/thedogist/p/CVDtcpXr1TP/,https://www.instagram.com/p/CVDtcpXr1TP/,2026-06-19T22:21:15.771Z,152,72
1692,CVBG8A7LTi4,p,https://www.instagram.com/thedogist/p/CVBG8A7LTi4/,https://www.instagram.com/p/CVBG8A7LTi4/,2026-06-19T22:21:15.771Z,152,73
1693,CU-gTjprPaW,p,https://www.instagram.com/thedogist/p/CU-gTjprPaW/,https://www.instagram.com/p/CU-gTjprPaW/,2026-06-19T22:21:19.077Z,154,59
1694,CU7mG6cFh1V,reel,https://www.instagram.com/thedogist/reel/CU7mG6cFh1V/,https://www.instagram.com/reel/CU7mG6cFh1V/,2026-06-19T22:21:19.080Z,154,60
1695,CU5bJsGLV7t,p,https://www.instagram.com/thedogist/p/CU5bJsGLV7t/,https://www.instagram.com/p/CU5bJsGLV7t/,2026-06-19T22:21:19.081Z,154,61
1696,CU2pq7JL77D,p,https://www.instagram.com/thedogist/p/CU2pq7JL77D/,https://www.instagram.com/p/CU2pq7JL77D/,2026-06-19T22:21:19.081Z,154,62
1697,CU0JC_YLz4y,p,https://www.instagram.com/thedogist/p/CU0JC_YLz4y/,https://www.instagram.com/p/CU0JC_YLz4y/,2026-06-19T22:21:19.082Z,154,63
1698,CUxpXSML82u,p,https://www.instagram.com/thedogist/p/CUxpXSML82u/,https://www.instagram.com/p/CUxpXSML82u/,2026-06-19T22:21:19.082Z,154,64
1699,CUvOfKMrtyd,p,https://www.instagram.com/thedogist/p/CUvOfKMrtyd/,https://www.instagram.com/p/CUvOfKMrtyd/,2026-06-19T22:21:19.083Z,154,65
1700,CUsXCZyL5HQ,p,https://www.instagram.com/thedogist/p/CUsXCZyL5HQ/,https://www.instagram.com/p/CUsXCZyL5HQ/,2026-06-19T22:21:19.083Z,154,66
1701,CUp_oytrVv8,p,https://www.instagram.com/thedogist/p/CUp_oytrVv8/,https://www.instagram.com/p/CUp_oytrVv8/,2026-06-19T22:21:19.084Z,154,67
1702,CUn-Ej6L-CF,p,https://www.instagram.com/thedogist/p/CUn-Ej6L-CF/,https://www.instagram.com/p/CUn-Ej6L-CF/,2026-06-19T22:21:19.084Z,154,68
1703,CUlG4izLk7Y,p,https://www.instagram.com/thedogist/p/CUlG4izLk7Y/,https://www.instagram.com/p/CUlG4izLk7Y/,2026-06-19T22:21:19.084Z,154,69
1704,CUh_dyCrF2f,p,https://www.instagram.com/thedogist/p/CUh_dyCrF2f/,https://www.instagram.com/p/CUh_dyCrF2f/,2026-06-19T22:21:19.085Z,154,70
1705,CUf2pwdLKsV,p,https://www.instagram.com/thedogist/p/CUf2pwdLKsV/,https://www.instagram.com/p/CUf2pwdLKsV/,2026-06-19T22:21:20.735Z,155,61
1706,CUdNwuJr83o,p,https://www.instagram.com/thedogist/p/CUdNwuJr83o/,https://www.instagram.com/p/CUdNwuJr83o/,2026-06-19T22:21:20.736Z,155,62
1707,CUakPamr3Yo,p,https://www.instagram.com/thedogist/p/CUakPamr3Yo/,https://www.instagram.com/p/CUakPamr3Yo/,2026-06-19T22:21:20.737Z,155,63
1708,CUYG_4_r-BW,p,https://www.instagram.com/thedogist/p/CUYG_4_r-BW/,https://www.instagram.com/p/CUYG_4_r-BW/,2026-06-19T22:21:20.737Z,155,64
1709,CUVhfuSrx2I,p,https://www.instagram.com/thedogist/p/CUVhfuSrx2I/,https://www.instagram.com/p/CUVhfuSrx2I/,2026-06-19T22:21:20.737Z,155,65
1710,CUVHYchlxHT,reel,https://www.instagram.com/thedogist/reel/CUVHYchlxHT/,https://www.instagram.com/reel/CUVHYchlxHT/,2026-06-19T22:21:20.737Z,155,66
1711,CUS74RoL9Fh,p,https://www.instagram.com/thedogist/p/CUS74RoL9Fh/,https://www.instagram.com/p/CUS74RoL9Fh/,2026-06-19T22:21:20.738Z,155,67
1712,CUQIQ81olQ6,p,https://www.instagram.com/thedogist/p/CUQIQ81olQ6/,https://www.instagram.com/p/CUQIQ81olQ6/,2026-06-19T22:21:20.738Z,155,68
1713,CUNxcrpLCQb,p,https://www.instagram.com/thedogist/p/CUNxcrpLCQb/,https://www.instagram.com/p/CUNxcrpLCQb/,2026-06-19T22:21:20.738Z,155,69
1714,CULFGHQrmzr,p,https://www.instagram.com/thedogist/p/CULFGHQrmzr/,https://www.instagram.com/p/CULFGHQrmzr/,2026-06-19T22:21:20.739Z,155,70
1715,CUIVvMyLpSY,p,https://www.instagram.com/thedogist/p/CUIVvMyLpSY/,https://www.instagram.com/p/CUIVvMyLpSY/,2026-06-19T22:21:20.739Z,155,71
1716,CUF5tdDrJ8f,p,https://www.instagram.com/thedogist/p/CUF5tdDrJ8f/,https://www.instagram.com/p/CUF5tdDrJ8f/,2026-06-19T22:21:20.739Z,155,72
1717,CUDeb2MLgEy,p,https://www.instagram.com/thedogist/p/CUDeb2MLgEy/,https://www.instagram.com/p/CUDeb2MLgEy/,2026-06-19T22:21:22.412Z,156,58
1718,CUAq6akL5d-,p,https://www.instagram.com/thedogist/p/CUAq6akL5d-/,https://www.instagram.com/p/CUAq6akL5d-/,2026-06-19T22:21:22.413Z,156,59
1719,CT-aZxVrtrC,p,https://www.instagram.com/thedogist/p/CT-aZxVrtrC/,https://www.instagram.com/p/CT-aZxVrtrC/,2026-06-19T22:21:22.413Z,156,60
1720,CT7iWa5rhF0,p,https://www.instagram.com/thedogist/p/CT7iWa5rhF0/,https://www.instagram.com/p/CT7iWa5rhF0/,2026-06-19T22:21:22.413Z,156,61
1721,CT5JJgqr2K1,p,https://www.instagram.com/thedogist/p/CT5JJgqr2K1/,https://www.instagram.com/p/CT5JJgqr2K1/,2026-06-19T22:21:22.414Z,156,62
1722,CT2bVJ8riRb,p,https://www.instagram.com/thedogist/p/CT2bVJ8riRb/,https://www.instagram.com/p/CT2bVJ8riRb/,2026-06-19T22:21:22.414Z,156,63
1723,CT0FIN5r0V1,p,https://www.instagram.com/thedogist/p/CT0FIN5r0V1/,https://www.instagram.com/p/CT0FIN5r0V1/,2026-06-19T22:21:22.414Z,156,64
1724,CTxefAdr7qk,p,https://www.instagram.com/thedogist/p/CTxefAdr7qk/,https://www.instagram.com/p/CTxefAdr7qk/,2026-06-19T22:21:22.414Z,156,65
1725,CTu3azDrPZm,p,https://www.instagram.com/thedogist/p/CTu3azDrPZm/,https://www.instagram.com/p/CTu3azDrPZm/,2026-06-19T22:21:22.414Z,156,66
1726,CTsHU3DrqgA,p,https://www.instagram.com/thedogist/p/CTsHU3DrqgA/,https://www.instagram.com/p/CTsHU3DrqgA/,2026-06-19T22:21:22.415Z,156,67
1727,CTpTT8xrPsG,p,https://www.instagram.com/thedogist/p/CTpTT8xrPsG/,https://www.instagram.com/p/CTpTT8xrPsG/,2026-06-19T22:21:22.415Z,156,68
1728,CTm7-GJrolX,p,https://www.instagram.com/thedogist/p/CTm7-GJrolX/,https://www.instagram.com/p/CTm7-GJrolX/,2026-06-19T22:21:22.415Z,156,69
1729,CTki6kDr5-P,p,https://www.instagram.com/thedogist/p/CTki6kDr5-P/,https://www.instagram.com/p/CTki6kDr5-P/,2026-06-19T22:21:24.048Z,157,60
1730,CThp_BqrjpR,p,https://www.instagram.com/thedogist/p/CThp_BqrjpR/,https://www.instagram.com/p/CThp_BqrjpR/,2026-06-19T22:21:24.050Z,157,61
1731,CTfJhZ_rjCW,p,https://www.instagram.com/thedogist/p/CTfJhZ_rjCW/,https://www.instagram.com/p/CTfJhZ_rjCW/,2026-06-19T22:21:24.050Z,157,62
1732,CTciMe3rB2S,p,https://www.instagram.com/thedogist/p/CTciMe3rB2S/,https://www.instagram.com/p/CTciMe3rB2S/,2026-06-19T22:21:24.050Z,157,63
1733,CTZ7v_0LIu7,p,https://www.instagram.com/thedogist/p/CTZ7v_0LIu7/,https://www.instagram.com/p/CTZ7v_0LIu7/,2026-06-19T22:21:24.050Z,157,64
1734,CTXjKJorfG7,p,https://www.instagram.com/thedogist/p/CTXjKJorfG7/,https://www.instagram.com/p/CTXjKJorfG7/,2026-06-19T22:21:24.051Z,157,65
1735,CTVDHt5LGg_,p,https://www.instagram.com/thedogist/p/CTVDHt5LGg_/,https://www.instagram.com/p/CTVDHt5LGg_/,2026-06-19T22:21:24.051Z,157,66
1736,CTSd-8iLj2G,p,https://www.instagram.com/thedogist/p/CTSd-8iLj2G/,https://www.instagram.com/p/CTSd-8iLj2G/,2026-06-19T22:21:24.051Z,157,67
1737,CTPrlQDLjQ6,p,https://www.instagram.com/thedogist/p/CTPrlQDLjQ6/,https://www.instagram.com/p/CTPrlQDLjQ6/,2026-06-19T22:21:24.051Z,157,68
1738,CTNWJgBr_r7,p,https://www.instagram.com/thedogist/p/CTNWJgBr_r7/,https://www.instagram.com/p/CTNWJgBr_r7/,2026-06-19T22:21:24.051Z,157,69
1739,CTKcUu5LCIt,p,https://www.instagram.com/thedogist/p/CTKcUu5LCIt/,https://www.instagram.com/p/CTKcUu5LCIt/,2026-06-19T22:21:24.052Z,157,70
1740,CTITVIgr8a5,p,https://www.instagram.com/thedogist/p/CTITVIgr8a5/,https://www.instagram.com/p/CTITVIgr8a5/,2026-06-19T22:21:24.052Z,157,71
1741,CTFVz3kLPHL,p,https://www.instagram.com/thedogist/p/CTFVz3kLPHL/,https://www.instagram.com/p/CTFVz3kLPHL/,2026-06-19T22:21:25.689Z,158,62
1742,CTDEvXRr8bG,p,https://www.instagram.com/thedogist/p/CTDEvXRr8bG/,https://www.instagram.com/p/CTDEvXRr8bG/,2026-06-19T22:21:25.690Z,158,63
1743,CTAeEpzLVbt,p,https://www.instagram.com/thedogist/p/CTAeEpzLVbt/,https://www.instagram.com/p/CTAeEpzLVbt/,2026-06-19T22:21:25.690Z,158,64
1744,CS-EHUvFrO_,reel,https://www.instagram.com/thedogist/reel/CS-EHUvFrO_/,https://www.instagram.com/reel/CS-EHUvFrO_/,2026-06-19T22:21:25.691Z,158,65
1745,CS7bU0vrZiS,p,https://www.instagram.com/thedogist/p/CS7bU0vrZiS/,https://www.instagram.com/p/CS7bU0vrZiS/,2026-06-19T22:21:25.691Z,158,66
1746,CS5H33Ero9d,p,https://www.instagram.com/thedogist/p/CS5H33Ero9d/,https://www.instagram.com/p/CS5H33Ero9d/,2026-06-19T22:21:25.691Z,158,67
1747,CS2U98NLgQ9,p,https://www.instagram.com/thedogist/p/CS2U98NLgQ9/,https://www.instagram.com/p/CS2U98NLgQ9/,2026-06-19T22:21:25.691Z,158,68
1748,CSzdwwul4hG,reel,https://www.instagram.com/thedogist/reel/CSzdwwul4hG/,https://www.instagram.com/reel/CSzdwwul4hG/,2026-06-19T22:21:25.692Z,158,69
1749,CSxrrHRrEAL,p,https://www.instagram.com/thedogist/p/CSxrrHRrEAL/,https://www.instagram.com/p/CSxrrHRrEAL/,2026-06-19T22:21:25.692Z,158,70
1750,CSug8DNrwbO,p,https://www.instagram.com/thedogist/p/CSug8DNrwbO/,https://www.instagram.com/p/CSug8DNrwbO/,2026-06-19T22:21:25.692Z,158,71
1751,CSr2SG5rrXb,p,https://www.instagram.com/thedogist/p/CSr2SG5rrXb/,https://www.instagram.com/p/CSr2SG5rrXb/,2026-06-19T22:21:25.692Z,158,72
1752,CSpd2Xoraj8,p,https://www.instagram.com/thedogist/p/CSpd2Xoraj8/,https://www.instagram.com/p/CSpd2Xoraj8/,2026-06-19T22:21:25.692Z,158,73
1753,CSnNAwKrLTH,p,https://www.instagram.com/thedogist/p/CSnNAwKrLTH/,https://www.instagram.com/p/CSnNAwKrLTH/,2026-06-19T22:21:27.331Z,159,59
1754,CSkiq6Gr54z,p,https://www.instagram.com/thedogist/p/CSkiq6Gr54z/,https://www.instagram.com/p/CSkiq6Gr54z/,2026-06-19T22:21:27.332Z,159,60
1755,CShS8i7rP_v,p,https://www.instagram.com/thedogist/p/CShS8i7rP_v/,https://www.instagram.com/p/CShS8i7rP_v/,2026-06-19T22:21:27.332Z,159,61
1756,CSe5mTaLDsQ,p,https://www.instagram.com/thedogist/p/CSe5mTaLDsQ/,https://www.instagram.com/p/CSe5mTaLDsQ/,2026-06-19T22:21:27.332Z,159,62
1757,CScd8OYLcmF,p,https://www.instagram.com/thedogist/p/CScd8OYLcmF/,https://www.instagram.com/p/CScd8OYLcmF/,2026-06-19T22:21:27.333Z,159,63
1758,CSZ8H-jrzZY,p,https://www.instagram.com/thedogist/p/CSZ8H-jrzZY/,https://www.instagram.com/p/CSZ8H-jrzZY/,2026-06-19T22:21:27.333Z,159,64
1759,CSXSXDVrgew,p,https://www.instagram.com/thedogist/p/CSXSXDVrgew/,https://www.instagram.com/p/CSXSXDVrgew/,2026-06-19T22:21:27.333Z,159,65
1760,CSUpJNYLmWT,p,https://www.instagram.com/thedogist/p/CSUpJNYLmWT/,https://www.instagram.com/p/CSUpJNYLmWT/,2026-06-19T22:21:27.333Z,159,66
1761,CSSdyiPL2Kw,p,https://www.instagram.com/thedogist/p/CSSdyiPL2Kw/,https://www.instagram.com/p/CSSdyiPL2Kw/,2026-06-19T22:21:27.333Z,159,67
1762,CSPZ9uGL8C_,p,https://www.instagram.com/thedogist/p/CSPZ9uGL8C_/,https://www.instagram.com/p/CSPZ9uGL8C_/,2026-06-19T22:21:27.333Z,159,68
1763,CSM_FLerSmU,p,https://www.instagram.com/thedogist/p/CSM_FLerSmU/,https://www.instagram.com/p/CSM_FLerSmU/,2026-06-19T22:21:27.334Z,159,69
1764,CSK7FW5r5LQ,p,https://www.instagram.com/thedogist/p/CSK7FW5r5LQ/,https://www.instagram.com/p/CSK7FW5r5LQ/,2026-06-19T22:21:27.334Z,159,70
1765,CSIL9pxrDlL,p,https://www.instagram.com/thedogist/p/CSIL9pxrDlL/,https://www.instagram.com/p/CSIL9pxrDlL/,2026-06-19T22:21:28.970Z,160,61
1766,CSFKMfWHBqP,p,https://www.instagram.com/thedogist/p/CSFKMfWHBqP/,https://www.instagram.com/p/CSFKMfWHBqP/,2026-06-19T22:21:28.971Z,160,62
1767,CSCaCperVPs,p,https://www.instagram.com/thedogist/p/CSCaCperVPs/,https://www.instagram.com/p/CSCaCperVPs/,2026-06-19T22:21:28.971Z,160,63
1768,CSABP2HL7EV,p,https://www.instagram.com/thedogist/p/CSABP2HL7EV/,https://www.instagram.com/p/CSABP2HL7EV/,2026-06-19T22:21:28.972Z,160,64
1769,CR9fh1xL6SQ,p,https://www.instagram.com/thedogist/p/CR9fh1xL6SQ/,https://www.instagram.com/p/CR9fh1xL6SQ/,2026-06-19T22:21:28.972Z,160,65
1770,CR63W30rbsW,p,https://www.instagram.com/thedogist/p/CR63W30rbsW/,https://www.instagram.com/p/CR63W30rbsW/,2026-06-19T22:21:28.972Z,160,66
1771,CR4HTy5Lv5x,p,https://www.instagram.com/thedogist/p/CR4HTy5Lv5x/,https://www.instagram.com/p/CR4HTy5Lv5x/,2026-06-19T22:21:28.972Z,160,67
1772,CR1tcAGLFtR,p,https://www.instagram.com/thedogist/p/CR1tcAGLFtR/,https://www.instagram.com/p/CR1tcAGLFtR/,2026-06-19T22:21:28.972Z,160,68
1773,CRzNnPzLhuz,p,https://www.instagram.com/thedogist/p/CRzNnPzLhuz/,https://www.instagram.com/p/CRzNnPzLhuz/,2026-06-19T22:21:28.972Z,160,69
1774,CRwzrDKLF9c,p,https://www.instagram.com/thedogist/p/CRwzrDKLF9c/,https://www.instagram.com/p/CRwzrDKLF9c/,2026-06-19T22:21:28.973Z,160,70
1775,CRt7PBTLhb-,p,https://www.instagram.com/thedogist/p/CRt7PBTLhb-/,https://www.instagram.com/p/CRt7PBTLhb-/,2026-06-19T22:21:28.973Z,160,71
1776,CRrjR5ALkJ9,p,https://www.instagram.com/thedogist/p/CRrjR5ALkJ9/,https://www.instagram.com/p/CRrjR5ALkJ9/,2026-06-19T22:21:28.973Z,160,72
1777,CRo5lyArZEJ,p,https://www.instagram.com/thedogist/p/CRo5lyArZEJ/,https://www.instagram.com/p/CRo5lyArZEJ/,2026-06-19T22:21:30.611Z,161,58
1778,CRmOsEvryDT,p,https://www.instagram.com/thedogist/p/CRmOsEvryDT/,https://www.instagram.com/p/CRmOsEvryDT/,2026-06-19T22:21:30.612Z,161,59
1779,CRjym_TL-OV,p,https://www.instagram.com/thedogist/p/CRjym_TL-OV/,https://www.instagram.com/p/CRjym_TL-OV/,2026-06-19T22:21:30.612Z,161,60
1780,CRhOf5_LT0r,p,https://www.instagram.com/thedogist/p/CRhOf5_LT0r/,https://www.instagram.com/p/CRhOf5_LT0r/,2026-06-19T22:21:30.613Z,161,61
1781,CResTdPL-b1,p,https://www.instagram.com/thedogist/p/CResTdPL-b1/,https://www.instagram.com/p/CResTdPL-b1/,2026-06-19T22:21:30.613Z,161,62
1782,CRcSqK9Lent,p,https://www.instagram.com/thedogist/p/CRcSqK9Lent/,https://www.instagram.com/p/CRcSqK9Lent/,2026-06-19T22:21:30.613Z,161,63
1783,CRZo_pALAwK,p,https://www.instagram.com/thedogist/p/CRZo_pALAwK/,https://www.instagram.com/p/CRZo_pALAwK/,2026-06-19T22:21:30.613Z,161,64
1784,CRXTL4ErEe6,p,https://www.instagram.com/thedogist/p/CRXTL4ErEe6/,https://www.instagram.com/p/CRXTL4ErEe6/,2026-06-19T22:21:30.614Z,161,65
1785,CRVAwF6rrCm,p,https://www.instagram.com/thedogist/p/CRVAwF6rrCm/,https://www.instagram.com/p/CRVAwF6rrCm/,2026-06-19T22:21:30.614Z,161,66
1786,CRRvid7ru8i,p,https://www.instagram.com/thedogist/p/CRRvid7ru8i/,https://www.instagram.com/p/CRRvid7ru8i/,2026-06-19T22:21:30.614Z,161,67
1787,CRPS5GhL2CG,p,https://www.instagram.com/thedogist/p/CRPS5GhL2CG/,https://www.instagram.com/p/CRPS5GhL2CG/,2026-06-19T22:21:30.614Z,161,68
1788,CRMqnZargUt,p,https://www.instagram.com/thedogist/p/CRMqnZargUt/,https://www.instagram.com/p/CRMqnZargUt/,2026-06-19T22:21:30.614Z,161,69
1789,CRJ9NczL34j,p,https://www.instagram.com/thedogist/p/CRJ9NczL34j/,https://www.instagram.com/p/CRJ9NczL34j/,2026-06-19T22:21:32.317Z,162,60
1790,CRHfzcsrIfh,p,https://www.instagram.com/thedogist/p/CRHfzcsrIfh/,https://www.instagram.com/p/CRHfzcsrIfh/,2026-06-19T22:21:32.318Z,162,61
1791,CRE9UQPr1aA,p,https://www.instagram.com/thedogist/p/CRE9UQPr1aA/,https://www.instagram.com/p/CRE9UQPr1aA/,2026-06-19T22:21:32.318Z,162,62
1792,CRCQGHQLurA,p,https://www.instagram.com/thedogist/p/CRCQGHQLurA/,https://www.instagram.com/p/CRCQGHQLurA/,2026-06-19T22:21:32.318Z,162,63
1793,CQ_knCPLzsF,p,https://www.instagram.com/thedogist/p/CQ_knCPLzsF/,https://www.instagram.com/p/CQ_knCPLzsF/,2026-06-19T22:21:32.318Z,162,64
1794,CQ8_yRprrkh,p,https://www.instagram.com/thedogist/p/CQ8_yRprrkh/,https://www.instagram.com/p/CQ8_yRprrkh/,2026-06-19T22:21:32.318Z,162,65
1795,CQ6fzspLM8i,p,https://www.instagram.com/thedogist/p/CQ6fzspLM8i/,https://www.instagram.com/p/CQ6fzspLM8i/,2026-06-19T22:21:32.319Z,162,66
1796,CQ37wE3rNxq,p,https://www.instagram.com/thedogist/p/CQ37wE3rNxq/,https://www.instagram.com/p/CQ37wE3rNxq/,2026-06-19T22:21:32.319Z,162,67
1797,CQ1fkEQLl6j,p,https://www.instagram.com/thedogist/p/CQ1fkEQLl6j/,https://www.instagram.com/p/CQ1fkEQLl6j/,2026-06-19T22:21:32.319Z,162,68
1798,CQy5tdsrhtB,p,https://www.instagram.com/thedogist/p/CQy5tdsrhtB/,https://www.instagram.com/p/CQy5tdsrhtB/,2026-06-19T22:21:32.319Z,162,69
1799,CQwKP6JlUly,reel,https://www.instagram.com/thedogist/reel/CQwKP6JlUly/,https://www.instagram.com/reel/CQwKP6JlUly/,2026-06-19T22:21:32.319Z,162,70
1800,CQtvH6qHzFO,p,https://www.instagram.com/thedogist/p/CQtvH6qHzFO/,https://www.instagram.com/p/CQtvH6qHzFO/,2026-06-19T22:21:32.320Z,162,71
1801,CQtbW-5FNNt,reel,https://www.instagram.com/thedogist/reel/CQtbW-5FNNt/,https://www.instagram.com/reel/CQtbW-5FNNt/,2026-06-19T22:21:33.958Z,163,62
1802,CQrIiG5LRf9,p,https://www.instagram.com/thedogist/p/CQrIiG5LRf9/,https://www.instagram.com/p/CQrIiG5LRf9/,2026-06-19T22:21:33.959Z,163,63
1803,CQozYMRrv3E,p,https://www.instagram.com/thedogist/p/CQozYMRrv3E/,https://www.instagram.com/p/CQozYMRrv3E/,2026-06-19T22:21:33.959Z,163,64
1804,CQl5j9qLSE3,p,https://www.instagram.com/thedogist/p/CQl5j9qLSE3/,https://www.instagram.com/p/CQl5j9qLSE3/,2026-06-19T22:21:33.959Z,163,65
1805,CQjLKGXILRE,p,https://www.instagram.com/thedogist/p/CQjLKGXILRE/,https://www.instagram.com/p/CQjLKGXILRE/,2026-06-19T22:21:33.959Z,163,66
1806,CQgzUR8H39b,p,https://www.instagram.com/thedogist/p/CQgzUR8H39b/,https://www.instagram.com/p/CQgzUR8H39b/,2026-06-19T22:21:33.960Z,163,67
1807,CQeUEHRnKCb,p,https://www.instagram.com/thedogist/p/CQeUEHRnKCb/,https://www.instagram.com/p/CQeUEHRnKCb/,2026-06-19T22:21:33.960Z,163,68
1808,CQbtp_WHxR0,p,https://www.instagram.com/thedogist/p/CQbtp_WHxR0/,https://www.instagram.com/p/CQbtp_WHxR0/,2026-06-19T22:21:33.960Z,163,69
1809,CQZH7Jboj2m,p,https://www.instagram.com/thedogist/p/CQZH7Jboj2m/,https://www.instagram.com/p/CQZH7Jboj2m/,2026-06-19T22:21:33.960Z,163,70
1810,CQWlHEVnzan,p,https://www.instagram.com/thedogist/p/CQWlHEVnzan/,https://www.instagram.com/p/CQWlHEVnzan/,2026-06-19T22:21:33.960Z,163,71
1811,CQUBUaZHg4A,p,https://www.instagram.com/thedogist/p/CQUBUaZHg4A/,https://www.instagram.com/p/CQUBUaZHg4A/,2026-06-19T22:21:33.961Z,163,72
1812,CQRbJujHYoe,p,https://www.instagram.com/thedogist/p/CQRbJujHYoe/,https://www.instagram.com/p/CQRbJujHYoe/,2026-06-19T22:21:33.961Z,163,73
1813,CQO3Qf3nJeW,p,https://www.instagram.com/thedogist/p/CQO3Qf3nJeW/,https://www.instagram.com/p/CQO3Qf3nJeW/,2026-06-19T22:21:35.605Z,164,59
1814,CQMPYgdneCA,p,https://www.instagram.com/thedogist/p/CQMPYgdneCA/,https://www.instagram.com/p/CQMPYgdneCA/,2026-06-19T22:21:35.606Z,164,60
1815,CQJtXcunx26,p,https://www.instagram.com/thedogist/p/CQJtXcunx26/,https://www.instagram.com/p/CQJtXcunx26/,2026-06-19T22:21:35.606Z,164,61
1816,CQJVsM5H8Qs,reel,https://www.instagram.com/thedogist/reel/CQJVsM5H8Qs/,https://www.instagram.com/reel/CQJVsM5H8Qs/,2026-06-19T22:21:35.606Z,164,62
1817,CQG7wLMHDlM,p,https://www.instagram.com/thedogist/p/CQG7wLMHDlM/,https://www.instagram.com/p/CQG7wLMHDlM/,2026-06-19T22:21:35.606Z,164,63
1818,CQE07yBnLD5,p,https://www.instagram.com/thedogist/p/CQE07yBnLD5/,https://www.instagram.com/p/CQE07yBnLD5/,2026-06-19T22:21:35.606Z,164,64
1819,CQCSLm8nIpR,p,https://www.instagram.com/thedogist/p/CQCSLm8nIpR/,https://www.instagram.com/p/CQCSLm8nIpR/,2026-06-19T22:21:35.607Z,164,65
1820,CP_bA0hH9xM,p,https://www.instagram.com/thedogist/p/CP_bA0hH9xM/,https://www.instagram.com/p/CP_bA0hH9xM/,2026-06-19T22:21:35.607Z,164,66
1821,CP8u5YonR4W,p,https://www.instagram.com/thedogist/p/CP8u5YonR4W/,https://www.instagram.com/p/CP8u5YonR4W/,2026-06-19T22:21:35.607Z,164,67
1822,CP6ByP0ndHq,p,https://www.instagram.com/thedogist/p/CP6ByP0ndHq/,https://www.instagram.com/p/CP6ByP0ndHq/,2026-06-19T22:21:35.607Z,164,68
1823,CP3psu4Lqyo,p,https://www.instagram.com/thedogist/p/CP3psu4Lqyo/,https://www.instagram.com/p/CP3psu4Lqyo/,2026-06-19T22:21:35.608Z,164,69
1824,CP1I8MenxRB,p,https://www.instagram.com/thedogist/p/CP1I8MenxRB/,https://www.instagram.com/p/CP1I8MenxRB/,2026-06-19T22:21:35.608Z,164,70
1825,CPyYlzMnIEp,p,https://www.instagram.com/thedogist/p/CPyYlzMnIEp/,https://www.instagram.com/p/CPyYlzMnIEp/,2026-06-19T22:21:37.246Z,165,61
1826,CPvn_jYnuID,p,https://www.instagram.com/thedogist/p/CPvn_jYnuID/,https://www.instagram.com/p/CPvn_jYnuID/,2026-06-19T22:21:37.247Z,165,62
1827,CPtSGGrnDYh,p,https://www.instagram.com/thedogist/p/CPtSGGrnDYh/,https://www.instagram.com/p/CPtSGGrnDYh/,2026-06-19T22:21:37.247Z,165,63
1828,CPql3BwHqML,p,https://www.instagram.com/thedogist/p/CPql3BwHqML/,https://www.instagram.com/p/CPql3BwHqML/,2026-06-19T22:21:37.247Z,165,64
1829,CPoTSSTnWwl,p,https://www.instagram.com/thedogist/p/CPoTSSTnWwl/,https://www.instagram.com/p/CPoTSSTnWwl/,2026-06-19T22:21:37.248Z,165,65
1830,CPlm0npnWm1,p,https://www.instagram.com/thedogist/p/CPlm0npnWm1/,https://www.instagram.com/p/CPlm0npnWm1/,2026-06-19T22:21:37.248Z,165,66
1831,CPjNaBjHkTx,p,https://www.instagram.com/thedogist/p/CPjNaBjHkTx/,https://www.instagram.com/p/CPjNaBjHkTx/,2026-06-19T22:21:37.248Z,165,67
1832,CPib8LknHYb,p,https://www.instagram.com/thedogist/p/CPib8LknHYb/,https://www.instagram.com/p/CPib8LknHYb/,2026-06-19T22:21:37.248Z,165,68
1833,CPdxWPYHgDf,p,https://www.instagram.com/thedogist/p/CPdxWPYHgDf/,https://www.instagram.com/p/CPdxWPYHgDf/,2026-06-19T22:21:37.248Z,165,69
1834,CPbahtcHILA,p,https://www.instagram.com/thedogist/p/CPbahtcHILA/,https://www.instagram.com/p/CPbahtcHILA/,2026-06-19T22:21:37.248Z,165,70
1835,CPYeEqtHaZz,p,https://www.instagram.com/thedogist/p/CPYeEqtHaZz/,https://www.instagram.com/p/CPYeEqtHaZz/,2026-06-19T22:21:37.249Z,165,71
1836,CPWNVRrHadO,p,https://www.instagram.com/thedogist/p/CPWNVRrHadO/,https://www.instagram.com/p/CPWNVRrHadO/,2026-06-19T22:21:37.249Z,165,72
1837,CPTnJq7HVp0,p,https://www.instagram.com/thedogist/p/CPTnJq7HVp0/,https://www.instagram.com/p/CPTnJq7HVp0/,2026-06-19T22:21:38.888Z,166,58
1838,CPQ_j9WHw-G,p,https://www.instagram.com/thedogist/p/CPQ_j9WHw-G/,https://www.instagram.com/p/CPQ_j9WHw-G/,2026-06-19T22:21:38.889Z,166,59
1839,CPOrQG8nDS2,p,https://www.instagram.com/thedogist/p/CPOrQG8nDS2/,https://www.instagram.com/p/CPOrQG8nDS2/,2026-06-19T22:21:38.889Z,166,60
1840,CPLwzCxH-25,p,https://www.instagram.com/thedogist/p/CPLwzCxH-25/,https://www.instagram.com/p/CPLwzCxH-25/,2026-06-19T22:21:38.890Z,166,61
1841,CPJYV7eHk1j,p,https://www.instagram.com/thedogist/p/CPJYV7eHk1j/,https://www.instagram.com/p/CPJYV7eHk1j/,2026-06-19T22:21:38.890Z,166,62
1842,CPGy4zvH4xl,p,https://www.instagram.com/thedogist/p/CPGy4zvH4xl/,https://www.instagram.com/p/CPGy4zvH4xl/,2026-06-19T22:21:38.890Z,166,63
1843,CPEEIijH1Mo,p,https://www.instagram.com/thedogist/p/CPEEIijH1Mo/,https://www.instagram.com/p/CPEEIijH1Mo/,2026-06-19T22:21:38.890Z,166,64
1844,CPBohRIHRvu,p,https://www.instagram.com/thedogist/p/CPBohRIHRvu/,https://www.instagram.com/p/CPBohRIHRvu/,2026-06-19T22:21:38.890Z,166,65
1845,CO_DEvEnEzs,p,https://www.instagram.com/thedogist/p/CO_DEvEnEzs/,https://www.instagram.com/p/CO_DEvEnEzs/,2026-06-19T22:21:38.891Z,166,66
1846,CO8d9m0H7-z,p,https://www.instagram.com/thedogist/p/CO8d9m0H7-z/,https://www.instagram.com/p/CO8d9m0H7-z/,2026-06-19T22:21:38.891Z,166,67
1847,CO6GI9-nXSH,p,https://www.instagram.com/thedogist/p/CO6GI9-nXSH/,https://www.instagram.com/p/CO6GI9-nXSH/,2026-06-19T22:21:38.891Z,166,68
1848,CO3WGvSH1ji,p,https://www.instagram.com/thedogist/p/CO3WGvSH1ji/,https://www.instagram.com/p/CO3WGvSH1ji/,2026-06-19T22:21:38.891Z,166,69
1849,CO0vdZjn9HG,p,https://www.instagram.com/thedogist/p/CO0vdZjn9HG/,https://www.instagram.com/p/CO0vdZjn9HG/,2026-06-19T22:21:40.530Z,167,60
1850,COyGkJsn4bf,p,https://www.instagram.com/thedogist/p/COyGkJsn4bf/,https://www.instagram.com/p/COyGkJsn4bf/,2026-06-19T22:21:40.531Z,167,61
1851,COvioRNnpwd,p,https://www.instagram.com/thedogist/p/COvioRNnpwd/,https://www.instagram.com/p/COvioRNnpwd/,2026-06-19T22:21:40.531Z,167,62
1852,COs_Z-Tnp5r,p,https://www.instagram.com/thedogist/p/COs_Z-Tnp5r/,https://www.instagram.com/p/COs_Z-Tnp5r/,2026-06-19T22:21:40.531Z,167,63
1853,COqlPgqHnYb,p,https://www.instagram.com/thedogist/p/COqlPgqHnYb/,https://www.instagram.com/p/COqlPgqHnYb/,2026-06-19T22:21:40.532Z,167,64
1854,COoJBYjnCwW,p,https://www.instagram.com/thedogist/p/COoJBYjnCwW/,https://www.instagram.com/p/COoJBYjnCwW/,2026-06-19T22:21:40.532Z,167,65
1855,COlRsAlHJZ8,p,https://www.instagram.com/thedogist/p/COlRsAlHJZ8/,https://www.instagram.com/p/COlRsAlHJZ8/,2026-06-19T22:21:40.532Z,167,66
1856,COioSvlHaqL,p,https://www.instagram.com/thedogist/p/COioSvlHaqL/,https://www.instagram.com/p/COioSvlHaqL/,2026-06-19T22:21:40.533Z,167,67
1857,COgHK8WnJVy,p,https://www.instagram.com/thedogist/p/COgHK8WnJVy/,https://www.instagram.com/p/COgHK8WnJVy/,2026-06-19T22:21:40.533Z,167,68
1858,COdoCOInVlY,p,https://www.instagram.com/thedogist/p/COdoCOInVlY/,https://www.instagram.com/p/COdoCOInVlY/,2026-06-19T22:21:40.533Z,167,69
1859,CObJPbYHc1l,p,https://www.instagram.com/thedogist/p/CObJPbYHc1l/,https://www.instagram.com/p/CObJPbYHc1l/,2026-06-19T22:21:40.533Z,167,70
1860,COYSPfnnpJH,p,https://www.instagram.com/thedogist/p/COYSPfnnpJH/,https://www.instagram.com/p/COYSPfnnpJH/,2026-06-19T22:21:40.533Z,167,71
1861,COWBcb3nWOb,p,https://www.instagram.com/thedogist/p/COWBcb3nWOb/,https://www.instagram.com/p/COWBcb3nWOb/,2026-06-19T22:21:42.178Z,168,62
1862,COTUAH2n1jt,p,https://www.instagram.com/thedogist/p/COTUAH2n1jt/,https://www.instagram.com/p/COTUAH2n1jt/,2026-06-19T22:21:42.179Z,168,63
1863,COQr73jHs82,p,https://www.instagram.com/thedogist/p/COQr73jHs82/,https://www.instagram.com/p/COQr73jHs82/,2026-06-19T22:21:42.179Z,168,64
1864,COOGa_QH-74,p,https://www.instagram.com/thedogist/p/COOGa_QH-74/,https://www.instagram.com/p/COOGa_QH-74/,2026-06-19T22:21:42.180Z,168,65
1865,COLpU7Fnapy,p,https://www.instagram.com/thedogist/p/COLpU7Fnapy/,https://www.instagram.com/p/COLpU7Fnapy/,2026-06-19T22:21:42.180Z,168,66
1866,COJDHnxn9mb,p,https://www.instagram.com/thedogist/p/COJDHnxn9mb/,https://www.instagram.com/p/COJDHnxn9mb/,2026-06-19T22:21:42.180Z,168,67
1867,COGx8h8nRFK,p,https://www.instagram.com/thedogist/p/COGx8h8nRFK/,https://www.instagram.com/p/COGx8h8nRFK/,2026-06-19T22:21:42.180Z,168,68
1868,CODniDPndvT,p,https://www.instagram.com/thedogist/p/CODniDPndvT/,https://www.instagram.com/p/CODniDPndvT/,2026-06-19T22:21:42.180Z,168,69
1869,COA69vunti2,p,https://www.instagram.com/thedogist/p/COA69vunti2/,https://www.instagram.com/p/COA69vunti2/,2026-06-19T22:21:42.180Z,168,70
1870,CN-YkJKnflQ,p,https://www.instagram.com/thedogist/p/CN-YkJKnflQ/,https://www.instagram.com/p/CN-YkJKnflQ/,2026-06-19T22:21:42.181Z,168,71
1871,CN8B7R5n8Yq,p,https://www.instagram.com/thedogist/p/CN8B7R5n8Yq/,https://www.instagram.com/p/CN8B7R5n8Yq/,2026-06-19T22:21:42.181Z,168,72
1872,CN5laMnnRJ6,p,https://www.instagram.com/thedogist/p/CN5laMnnRJ6/,https://www.instagram.com/p/CN5laMnnRJ6/,2026-06-19T22:21:42.181Z,168,73
1873,CN3A04jnxgJ,p,https://www.instagram.com/thedogist/p/CN3A04jnxgJ/,https://www.instagram.com/p/CN3A04jnxgJ/,2026-06-19T22:21:43.821Z,169,59
1874,CN0XkDxn0T6,p,https://www.instagram.com/thedogist/p/CN0XkDxn0T6/,https://www.instagram.com/p/CN0XkDxn0T6/,2026-06-19T22:21:43.822Z,169,60
1875,CNyHijPHlgl,p,https://www.instagram.com/thedogist/p/CNyHijPHlgl/,https://www.instagram.com/p/CNyHijPHlgl/,2026-06-19T22:21:43.822Z,169,61
1876,CNvNYjen0wm,p,https://www.instagram.com/thedogist/p/CNvNYjen0wm/,https://www.instagram.com/p/CNvNYjen0wm/,2026-06-19T22:21:43.823Z,169,62
1877,CNspsaNntBk,p,https://www.instagram.com/thedogist/p/CNspsaNntBk/,https://www.instagram.com/p/CNspsaNntBk/,2026-06-19T22:21:43.823Z,169,63
1878,CNqHSTZH9lg,p,https://www.instagram.com/thedogist/p/CNqHSTZH9lg/,https://www.instagram.com/p/CNqHSTZH9lg/,2026-06-19T22:21:43.823Z,169,64
1879,CNngZOPn2OL,p,https://www.instagram.com/thedogist/p/CNngZOPn2OL/,https://www.instagram.com/p/CNngZOPn2OL/,2026-06-19T22:21:43.823Z,169,65
1880,CNk5YTbnPFf,p,https://www.instagram.com/thedogist/p/CNk5YTbnPFf/,https://www.instagram.com/p/CNk5YTbnPFf/,2026-06-19T22:21:43.823Z,169,66
1881,CNiOnsdHTXW,p,https://www.instagram.com/thedogist/p/CNiOnsdHTXW/,https://www.instagram.com/p/CNiOnsdHTXW/,2026-06-19T22:21:43.823Z,169,67
1882,CNfmtmGHyuS,p,https://www.instagram.com/thedogist/p/CNfmtmGHyuS/,https://www.instagram.com/p/CNfmtmGHyuS/,2026-06-19T22:21:43.824Z,169,68
1883,CNdNDKDHxBT,p,https://www.instagram.com/thedogist/p/CNdNDKDHxBT/,https://www.instagram.com/p/CNdNDKDHxBT/,2026-06-19T22:21:43.824Z,169,69
1884,CNanG9fHGtg,p,https://www.instagram.com/thedogist/p/CNanG9fHGtg/,https://www.instagram.com/p/CNanG9fHGtg/,2026-06-19T22:21:43.824Z,169,70
1885,CNX_byYn0F8,p,https://www.instagram.com/thedogist/p/CNX_byYn0F8/,https://www.instagram.com/p/CNX_byYn0F8/,2026-06-19T22:21:45.468Z,170,61
1886,CNVjXEoH8iv,p,https://www.instagram.com/thedogist/p/CNVjXEoH8iv/,https://www.instagram.com/p/CNVjXEoH8iv/,2026-06-19T22:21:45.469Z,170,62
1887,CNS6KlAHyGy,p,https://www.instagram.com/thedogist/p/CNS6KlAHyGy/,https://www.instagram.com/p/CNS6KlAHyGy/,2026-06-19T22:21:45.469Z,170,63
1888,CNQUKAWHQjf,p,https://www.instagram.com/thedogist/p/CNQUKAWHQjf/,https://www.instagram.com/p/CNQUKAWHQjf/,2026-06-19T22:21:45.469Z,170,64
1889,CNN4HZmnBFi,p,https://www.instagram.com/thedogist/p/CNN4HZmnBFi/,https://www.instagram.com/p/CNN4HZmnBFi/,2026-06-19T22:21:45.469Z,170,65
1890,CNLGBwRnmED,p,https://www.instagram.com/thedogist/p/CNLGBwRnmED/,https://www.instagram.com/p/CNLGBwRnmED/,2026-06-19T22:21:45.469Z,170,66
1891,CNIh5_WnQyp,reel,https://www.instagram.com/thedogist/reel/CNIh5_WnQyp/,https://www.instagram.com/reel/CNIh5_WnQyp/,2026-06-19T22:21:45.470Z,170,67
1892,CNIXos2HARc,p,https://www.instagram.com/thedogist/p/CNIXos2HARc/,https://www.instagram.com/p/CNIXos2HARc/,2026-06-19T22:21:45.470Z,170,68
1893,CNGF5oYnjFy,p,https://www.instagram.com/thedogist/p/CNGF5oYnjFy/,https://www.instagram.com/p/CNGF5oYnjFy/,2026-06-19T22:21:45.470Z,170,69
1894,CNDA1wCHSiE,p,https://www.instagram.com/thedogist/p/CNDA1wCHSiE/,https://www.instagram.com/p/CNDA1wCHSiE/,2026-06-19T22:21:45.470Z,170,70
1895,CNA4ICDnOxu,p,https://www.instagram.com/thedogist/p/CNA4ICDnOxu/,https://www.instagram.com/p/CNA4ICDnOxu/,2026-06-19T22:21:45.470Z,170,71
1896,CM-TBCQHEcY,p,https://www.instagram.com/thedogist/p/CM-TBCQHEcY/,https://www.instagram.com/p/CM-TBCQHEcY/,2026-06-19T22:21:45.471Z,170,72
1897,CM7-7Qbn0kt,p,https://www.instagram.com/thedogist/p/CM7-7Qbn0kt/,https://www.instagram.com/p/CM7-7Qbn0kt/,2026-06-19T22:21:47.110Z,171,58
1898,CM5EI6mH01C,p,https://www.instagram.com/thedogist/p/CM5EI6mH01C/,https://www.instagram.com/p/CM5EI6mH01C/,2026-06-19T22:21:47.111Z,171,59
1899,CM26lS9HRHC,p,https://www.instagram.com/thedogist/p/CM26lS9HRHC/,https://www.instagram.com/p/CM26lS9HRHC/,2026-06-19T22:21:47.111Z,171,60
1900,CMzw4yAnwe-,p,https://www.instagram.com/thedogist/p/CMzw4yAnwe-/,https://www.instagram.com/p/CMzw4yAnwe-/,2026-06-19T22:21:47.112Z,171,61
1901,CMxCUK2HRu2,p,https://www.instagram.com/thedogist/p/CMxCUK2HRu2/,https://www.instagram.com/p/CMxCUK2HRu2/,2026-06-19T22:21:47.112Z,171,62
1902,CMud3Irn4j7,p,https://www.instagram.com/thedogist/p/CMud3Irn4j7/,https://www.instagram.com/p/CMud3Irn4j7/,2026-06-19T22:21:47.112Z,171,63
1903,CMr2k1_nrvL,p,https://www.instagram.com/thedogist/p/CMr2k1_nrvL/,https://www.instagram.com/p/CMr2k1_nrvL/,2026-06-19T22:21:47.112Z,171,64
1904,CMpRDKRn64f,p,https://www.instagram.com/thedogist/p/CMpRDKRn64f/,https://www.instagram.com/p/CMpRDKRn64f/,2026-06-19T22:21:47.112Z,171,65
1905,CMkhLnGngUO,p,https://www.instagram.com/thedogist/p/CMkhLnGngUO/,https://www.instagram.com/p/CMkhLnGngUO/,2026-06-19T22:21:47.113Z,171,66
1906,CMj5k5WnlkK,p,https://www.instagram.com/thedogist/p/CMj5k5WnlkK/,https://www.instagram.com/p/CMj5k5WnlkK/,2026-06-19T22:21:47.113Z,171,67
1907,CMivXqunKMB,p,https://www.instagram.com/thedogist/p/CMivXqunKMB/,https://www.instagram.com/p/CMivXqunKMB/,2026-06-19T22:21:47.113Z,171,68
1908,CMf_8pjHNNA,p,https://www.instagram.com/thedogist/p/CMf_8pjHNNA/,https://www.instagram.com/p/CMf_8pjHNNA/,2026-06-19T22:21:47.113Z,171,69
1909,CMdYYVBHxw-,p,https://www.instagram.com/thedogist/p/CMdYYVBHxw-/,https://www.instagram.com/p/CMdYYVBHxw-/,2026-06-19T22:21:50.639Z,173,60
1910,CMa40FSnyT8,p,https://www.instagram.com/thedogist/p/CMa40FSnyT8/,https://www.instagram.com/p/CMa40FSnyT8/,2026-06-19T22:21:50.640Z,173,61
1911,CMXtBEqnbqc,p,https://www.instagram.com/thedogist/p/CMXtBEqnbqc/,https://www.instagram.com/p/CMXtBEqnbqc/,2026-06-19T22:21:50.640Z,173,62
1912,CMVdzqCHmXQ,p,https://www.instagram.com/thedogist/p/CMVdzqCHmXQ/,https://www.instagram.com/p/CMVdzqCHmXQ/,2026-06-19T22:21:50.640Z,173,63
1913,CMUstOAHQku,p,https://www.instagram.com/thedogist/p/CMUstOAHQku/,https://www.instagram.com/p/CMUstOAHQku/,2026-06-19T22:21:50.640Z,173,64
1914,CMTUQivneg-,p,https://www.instagram.com/thedogist/p/CMTUQivneg-/,https://www.instagram.com/p/CMTUQivneg-/,2026-06-19T22:21:50.641Z,173,65
1915,CMQwXV1HaGW,p,https://www.instagram.com/thedogist/p/CMQwXV1HaGW/,https://www.instagram.com/p/CMQwXV1HaGW/,2026-06-19T22:21:50.641Z,173,66
1916,CMNVuTZnrXC,p,https://www.instagram.com/thedogist/p/CMNVuTZnrXC/,https://www.instagram.com/p/CMNVuTZnrXC/,2026-06-19T22:21:50.641Z,173,67
1917,CMLUo4tHQ7-,p,https://www.instagram.com/thedogist/p/CMLUo4tHQ7-/,https://www.instagram.com/p/CMLUo4tHQ7-/,2026-06-19T22:21:50.641Z,173,68
1918,CMJBE1bHmzQ,p,https://www.instagram.com/thedogist/p/CMJBE1bHmzQ/,https://www.instagram.com/p/CMJBE1bHmzQ/,2026-06-19T22:21:50.641Z,173,69
1919,CMGM5yEnBT7,p,https://www.instagram.com/thedogist/p/CMGM5yEnBT7/,https://www.instagram.com/p/CMGM5yEnBT7/,2026-06-19T22:21:50.642Z,173,70
1920,CMDKLf-np_9,p,https://www.instagram.com/thedogist/p/CMDKLf-np_9/,https://www.instagram.com/p/CMDKLf-np_9/,2026-06-19T22:21:50.642Z,173,71
1921,CMCvqGonXn_,p,https://www.instagram.com/thedogist/p/CMCvqGonXn_/,https://www.instagram.com/p/CMCvqGonXn_/,2026-06-19T22:21:50.642Z,173,72
1922,CMBKxJrnHVI,p,https://www.instagram.com/thedogist/p/CMBKxJrnHVI/,https://www.instagram.com/p/CMBKxJrnHVI/,2026-06-19T22:21:50.642Z,173,73
1923,CL-VbblnElM,p,https://www.instagram.com/thedogist/p/CL-VbblnElM/,https://www.instagram.com/p/CL-VbblnElM/,2026-06-19T22:21:50.642Z,173,74
1924,CL9oL2DHUAg,p,https://www.instagram.com/thedogist/p/CL9oL2DHUAg/,https://www.instagram.com/p/CL9oL2DHUAg/,2026-06-19T22:21:50.643Z,173,75
1925,CL7-xy3Hcjt,p,https://www.instagram.com/thedogist/p/CL7-xy3Hcjt/,https://www.instagram.com/p/CL7-xy3Hcjt/,2026-06-19T22:21:50.643Z,173,76
1926,CL5DysJH7lF,reel,https://www.instagram.com/thedogist/reel/CL5DysJH7lF/,https://www.instagram.com/reel/CL5DysJH7lF/,2026-06-19T22:21:50.643Z,173,77
1927,CL42zI5nVzF,p,https://www.instagram.com/thedogist/p/CL42zI5nVzF/,https://www.instagram.com/p/CL42zI5nVzF/,2026-06-19T22:21:50.643Z,173,78
1928,CL2ZTZdHLo5,p,https://www.instagram.com/thedogist/p/CL2ZTZdHLo5/,https://www.instagram.com/p/CL2ZTZdHLo5/,2026-06-19T22:21:50.643Z,173,79
1929,CL0gxXuHvD5,p,https://www.instagram.com/thedogist/p/CL0gxXuHvD5/,https://www.instagram.com/p/CL0gxXuHvD5/,2026-06-19T22:21:50.644Z,173,80
1930,CLxk_VtHsOH,p,https://www.instagram.com/thedogist/p/CLxk_VtHsOH/,https://www.instagram.com/p/CLxk_VtHsOH/,2026-06-19T22:21:50.644Z,173,81
1931,CLwtkspnRC_,p,https://www.instagram.com/thedogist/p/CLwtkspnRC_/,https://www.instagram.com/p/CLwtkspnRC_/,2026-06-19T22:21:50.644Z,173,82
1932,CLujMfcH8VX,p,https://www.instagram.com/thedogist/p/CLujMfcH8VX/,https://www.instagram.com/p/CLujMfcH8VX/,2026-06-19T22:21:50.644Z,173,83
1933,CLsGx5QHU5w,p,https://www.instagram.com/thedogist/p/CLsGx5QHU5w/,https://www.instagram.com/p/CLsGx5QHU5w/,2026-06-19T22:21:52.282Z,174,59
1934,CLpUGM3HWTA,p,https://www.instagram.com/thedogist/p/CLpUGM3HWTA/,https://www.instagram.com/p/CLpUGM3HWTA/,2026-06-19T22:21:52.283Z,174,60
1935,CLmmmStny0r,p,https://www.instagram.com/thedogist/p/CLmmmStny0r/,https://www.instagram.com/p/CLmmmStny0r/,2026-06-19T22:21:52.283Z,174,61
1936,CLkUHcxHg4u,p,https://www.instagram.com/thedogist/p/CLkUHcxHg4u/,https://www.instagram.com/p/CLkUHcxHg4u/,2026-06-19T22:21:52.283Z,174,62
1937,CLhvIa5nfHR,p,https://www.instagram.com/thedogist/p/CLhvIa5nfHR/,https://www.instagram.com/p/CLhvIa5nfHR/,2026-06-19T22:21:52.284Z,174,63
1938,CLfRqawH5E6,p,https://www.instagram.com/thedogist/p/CLfRqawH5E6/,https://www.instagram.com/p/CLfRqawH5E6/,2026-06-19T22:21:52.284Z,174,64
1939,CLclLLgnBOz,p,https://www.instagram.com/thedogist/p/CLclLLgnBOz/,https://www.instagram.com/p/CLclLLgnBOz/,2026-06-19T22:21:52.284Z,174,65
1940,CLZ3re_HY9G,p,https://www.instagram.com/thedogist/p/CLZ3re_HY9G/,https://www.instagram.com/p/CLZ3re_HY9G/,2026-06-19T22:21:52.284Z,174,66
1941,CLZgDwXHKXz,p,https://www.instagram.com/thedogist/p/CLZgDwXHKXz/,https://www.instagram.com/p/CLZgDwXHKXz/,2026-06-19T22:21:52.284Z,174,67
1942,CLYU-CYneSI,p,https://www.instagram.com/thedogist/p/CLYU-CYneSI/,https://www.instagram.com/p/CLYU-CYneSI/,2026-06-19T22:21:52.285Z,174,68
1943,CLVfXHln5xT,p,https://www.instagram.com/thedogist/p/CLVfXHln5xT/,https://www.instagram.com/p/CLVfXHln5xT/,2026-06-19T22:21:52.285Z,174,69
1944,CLSOvSSnn6x,p,https://www.instagram.com/thedogist/p/CLSOvSSnn6x/,https://www.instagram.com/p/CLSOvSSnn6x/,2026-06-19T22:21:52.285Z,174,70
1945,CLPtN66H4f5,p,https://www.instagram.com/thedogist/p/CLPtN66H4f5/,https://www.instagram.com/p/CLPtN66H4f5/,2026-06-19T22:21:55.580Z,176,61
1946,CLNOgVonLOt,p,https://www.instagram.com/thedogist/p/CLNOgVonLOt/,https://www.instagram.com/p/CLNOgVonLOt/,2026-06-19T22:21:55.583Z,176,62
1947,CLKb_L5H9vj,p,https://www.instagram.com/thedogist/p/CLKb_L5H9vj/,https://www.instagram.com/p/CLKb_L5H9vj/,2026-06-19T22:21:55.583Z,176,63
1948,CLHyFu1nXz3,p,https://www.instagram.com/thedogist/p/CLHyFu1nXz3/,https://www.instagram.com/p/CLHyFu1nXz3/,2026-06-19T22:21:55.584Z,176,64
1949,CLF1pzUnDHW,p,https://www.instagram.com/thedogist/p/CLF1pzUnDHW/,https://www.instagram.com/p/CLF1pzUnDHW/,2026-06-19T22:21:55.584Z,176,65
1950,CLFDfGYnppi,p,https://www.instagram.com/thedogist/p/CLFDfGYnppi/,https://www.instagram.com/p/CLFDfGYnppi/,2026-06-19T22:21:55.585Z,176,66
1951,CLDJNekHhrT,p,https://www.instagram.com/thedogist/p/CLDJNekHhrT/,https://www.instagram.com/p/CLDJNekHhrT/,2026-06-19T22:21:55.585Z,176,67
1952,CLCexWcncH9,p,https://www.instagram.com/thedogist/p/CLCexWcncH9/,https://www.instagram.com/p/CLCexWcncH9/,2026-06-19T22:21:55.586Z,176,68
1953,CK_qSLNn7tj,p,https://www.instagram.com/thedogist/p/CK_qSLNn7tj/,https://www.instagram.com/p/CK_qSLNn7tj/,2026-06-19T22:21:55.586Z,176,69
1954,CK9sXMmH0Vv,reel,https://www.instagram.com/thedogist/reel/CK9sXMmH0Vv/,https://www.instagram.com/reel/CK9sXMmH0Vv/,2026-06-19T22:21:55.586Z,176,70
1955,CK6_YF3HL4c,p,https://www.instagram.com/thedogist/p/CK6_YF3HL4c/,https://www.instagram.com/p/CK6_YF3HL4c/,2026-06-19T22:21:55.587Z,176,71
1956,CK4xEPqHtEx,p,https://www.instagram.com/thedogist/p/CK4xEPqHtEx/,https://www.instagram.com/p/CK4xEPqHtEx/,2026-06-19T22:21:55.587Z,176,72
1957,CK4vBEenbBE,reel,https://www.instagram.com/thedogist/reel/CK4vBEenbBE/,https://www.instagram.com/reel/CK4vBEenbBE/,2026-06-19T22:21:58.913Z,178,58
1958,CK2MRSwn0u_,p,https://www.instagram.com/thedogist/p/CK2MRSwn0u_/,https://www.instagram.com/p/CK2MRSwn0u_/,2026-06-19T22:21:58.916Z,178,59
1959,CK1pidLnrbN,p,https://www.instagram.com/thedogist/p/CK1pidLnrbN/,https://www.instagram.com/p/CK1pidLnrbN/,2026-06-19T22:21:58.916Z,178,60
1960,CK0A3xjneuW,p,https://www.instagram.com/thedogist/p/CK0A3xjneuW/,https://www.instagram.com/p/CK0A3xjneuW/,2026-06-19T22:21:58.917Z,178,61
1961,CKzLIbbnO3i,reel,https://www.instagram.com/thedogist/reel/CKzLIbbnO3i/,https://www.instagram.com/reel/CKzLIbbnO3i/,2026-06-19T22:21:58.918Z,178,62
1962,CKzIjsDH_6N,p,https://www.instagram.com/thedogist/p/CKzIjsDH_6N/,https://www.instagram.com/p/CKzIjsDH_6N/,2026-06-19T22:21:58.918Z,178,63
1963,CKxJMown2TW,reel,https://www.instagram.com/thedogist/reel/CKxJMown2TW/,https://www.instagram.com/reel/CKxJMown2TW/,2026-06-19T22:21:58.919Z,178,64
1964,CKxGNAEnbJX,reel,https://www.instagram.com/thedogist/reel/CKxGNAEnbJX/,https://www.instagram.com/reel/CKxGNAEnbJX/,2026-06-19T22:21:58.919Z,178,65
1965,CKxDDa-nvEq,p,https://www.instagram.com/thedogist/p/CKxDDa-nvEq/,https://www.instagram.com/p/CKxDDa-nvEq/,2026-06-19T22:21:58.920Z,178,66
1966,CKufhMvHglL,p,https://www.instagram.com/thedogist/p/CKufhMvHglL/,https://www.instagram.com/p/CKufhMvHglL/,2026-06-19T22:21:58.920Z,178,67
1967,CKrMrz7nuSX,p,https://www.instagram.com/thedogist/p/CKrMrz7nuSX/,https://www.instagram.com/p/CKrMrz7nuSX/,2026-06-19T22:21:58.920Z,178,68
1968,CKpigkxHi2B,p,https://www.instagram.com/thedogist/p/CKpigkxHi2B/,https://www.instagram.com/p/CKpigkxHi2B/,2026-06-19T22:21:58.921Z,178,69
1969,CKm5nnznkZx,p,https://www.instagram.com/thedogist/p/CKm5nnznkZx/,https://www.instagram.com/p/CKm5nnznkZx/,2026-06-19T22:22:00.576Z,179,60
1970,CKkMAUPH99P,p,https://www.instagram.com/thedogist/p/CKkMAUPH99P/,https://www.instagram.com/p/CKkMAUPH99P/,2026-06-19T22:22:00.577Z,179,61
1971,CKhxOXnHGiX,p,https://www.instagram.com/thedogist/p/CKhxOXnHGiX/,https://www.instagram.com/p/CKhxOXnHGiX/,2026-06-19T22:22:00.577Z,179,62
1972,CKhSPWont_j,p,https://www.instagram.com/thedogist/p/CKhSPWont_j/,https://www.instagram.com/p/CKhSPWont_j/,2026-06-19T22:22:00.577Z,179,63
1973,CKetTkvnSvq,p,https://www.instagram.com/thedogist/p/CKetTkvnSvq/,https://www.instagram.com/p/CKetTkvnSvq/,2026-06-19T22:22:00.578Z,179,64
1974,CKckHnnHcIx,p,https://www.instagram.com/thedogist/p/CKckHnnHcIx/,https://www.instagram.com/p/CKckHnnHcIx/,2026-06-19T22:22:00.578Z,179,65
1975,CKZml9qnzDJ,p,https://www.instagram.com/thedogist/p/CKZml9qnzDJ/,https://www.instagram.com/p/CKZml9qnzDJ/,2026-06-19T22:22:00.578Z,179,66
1976,CKXigLlHs_z,p,https://www.instagram.com/thedogist/p/CKXigLlHs_z/,https://www.instagram.com/p/CKXigLlHs_z/,2026-06-19T22:22:00.578Z,179,67
1977,CKVYujRnAT9,p,https://www.instagram.com/thedogist/p/CKVYujRnAT9/,https://www.instagram.com/p/CKVYujRnAT9/,2026-06-19T22:22:00.578Z,179,68
1978,CKSg90-nd_a,p,https://www.instagram.com/thedogist/p/CKSg90-nd_a/,https://www.instagram.com/p/CKSg90-nd_a/,2026-06-19T22:22:00.579Z,179,69
1979,CKR6didHL_g,p,https://www.instagram.com/thedogist/p/CKR6didHL_g/,https://www.instagram.com/p/CKR6didHL_g/,2026-06-19T22:22:00.579Z,179,70
1980,CKPQcvwrmOd,p,https://www.instagram.com/thedogist/p/CKPQcvwrmOd/,https://www.instagram.com/p/CKPQcvwrmOd/,2026-06-19T22:22:00.579Z,179,71
1981,CKMzrR8ntlq,p,https://www.instagram.com/thedogist/p/CKMzrR8ntlq/,https://www.instagram.com/p/CKMzrR8ntlq/,2026-06-19T22:22:02.221Z,180,62
1982,CKKc6NMnz5J,p,https://www.instagram.com/thedogist/p/CKKc6NMnz5J/,https://www.instagram.com/p/CKKc6NMnz5J/,2026-06-19T22:22:02.222Z,180,63
1983,CKJ5y6kHhkk,p,https://www.instagram.com/thedogist/p/CKJ5y6kHhkk/,https://www.instagram.com/p/CKJ5y6kHhkk/,2026-06-19T22:22:02.222Z,180,64
1984,CKIL3h9H7-b,p,https://www.instagram.com/thedogist/p/CKIL3h9H7-b/,https://www.instagram.com/p/CKIL3h9H7-b/,2026-06-19T22:22:02.222Z,180,65
1985,CKEu3QVn8He,p,https://www.instagram.com/thedogist/p/CKEu3QVn8He/,https://www.instagram.com/p/CKEu3QVn8He/,2026-06-19T22:22:02.222Z,180,66
1986,CKDKXj0HvXE,p,https://www.instagram.com/thedogist/p/CKDKXj0HvXE/,https://www.instagram.com/p/CKDKXj0HvXE/,2026-06-19T22:22:02.222Z,180,67
1987,CKAGYyZnLtK,p,https://www.instagram.com/thedogist/p/CKAGYyZnLtK/,https://www.instagram.com/p/CKAGYyZnLtK/,2026-06-19T22:22:02.223Z,180,68
1988,CJ95INHn2DU,p,https://www.instagram.com/thedogist/p/CJ95INHn2DU/,https://www.instagram.com/p/CJ95INHn2DU/,2026-06-19T22:22:02.223Z,180,69
1989,CJ9GLmnnN1i,p,https://www.instagram.com/thedogist/p/CJ9GLmnnN1i/,https://www.instagram.com/p/CJ9GLmnnN1i/,2026-06-19T22:22:02.223Z,180,70
1990,CJ7rIE1nLm4,p,https://www.instagram.com/thedogist/p/CJ7rIE1nLm4/,https://www.instagram.com/p/CJ7rIE1nLm4/,2026-06-19T22:22:02.223Z,180,71
1991,CJ4gjxlHQNw,p,https://www.instagram.com/thedogist/p/CJ4gjxlHQNw/,https://www.instagram.com/p/CJ4gjxlHQNw/,2026-06-19T22:22:02.223Z,180,72
1992,CJ2Hh8HHiNm,p,https://www.instagram.com/thedogist/p/CJ2Hh8HHiNm/,https://www.instagram.com/p/CJ2Hh8HHiNm/,2026-06-19T22:22:02.223Z,180,73
1993,CJz2nzpnl9o,p,https://www.instagram.com/thedogist/p/CJz2nzpnl9o/,https://www.instagram.com/p/CJz2nzpnl9o/,2026-06-19T22:22:03.885Z,181,59
1994,CJxVF1LHJXW,p,https://www.instagram.com/thedogist/p/CJxVF1LHJXW/,https://www.instagram.com/p/CJxVF1LHJXW/,2026-06-19T22:22:03.885Z,181,60
1995,CJwFWninghS,p,https://www.instagram.com/thedogist/p/CJwFWninghS/,https://www.instagram.com/p/CJwFWninghS/,2026-06-19T22:22:03.886Z,181,61
1996,CJuHU6cnkiE,p,https://www.instagram.com/thedogist/p/CJuHU6cnkiE/,https://www.instagram.com/p/CJuHU6cnkiE/,2026-06-19T22:22:03.886Z,181,62
1997,CJroZ-IHDrc,p,https://www.instagram.com/thedogist/p/CJroZ-IHDrc/,https://www.instagram.com/p/CJroZ-IHDrc/,2026-06-19T22:22:03.886Z,181,63
1998,CJpD1LAnWvE,p,https://www.instagram.com/thedogist/p/CJpD1LAnWvE/,https://www.instagram.com/p/CJpD1LAnWvE/,2026-06-19T22:22:03.886Z,181,64
1999,CJm1FvIHJhC,p,https://www.instagram.com/thedogist/p/CJm1FvIHJhC/,https://www.instagram.com/p/CJm1FvIHJhC/,2026-06-19T22:22:03.887Z,181,65
2000,CJkHolGHUiU,p,https://www.instagram.com/thedogist/p/CJkHolGHUiU/,https://www.instagram.com/p/CJkHolGHUiU/,2026-06-19T22:22:03.887Z,181,66
2001,CJhT-QkHwFP,p,https://www.instagram.com/thedogist/p/CJhT-QkHwFP/,https://www.instagram.com/p/CJhT-QkHwFP/,2026-06-19T22:22:03.887Z,181,67
2002,CJfJIpen_ip,p,https://www.instagram.com/thedogist/p/CJfJIpen_ip/,https://www.instagram.com/p/CJfJIpen_ip/,2026-06-19T22:22:03.887Z,181,68
2003,CJd5-p8nJJt,p,https://www.instagram.com/thedogist/p/CJd5-p8nJJt/,https://www.instagram.com/p/CJd5-p8nJJt/,2026-06-19T22:22:03.888Z,181,69
2004,CJblILWnjEe,p,https://www.instagram.com/thedogist/p/CJblILWnjEe/,https://www.instagram.com/p/CJblILWnjEe/,2026-06-19T22:22:03.888Z,181,70
2005,CJZjpcjH29f,p,https://www.instagram.com/thedogist/p/CJZjpcjH29f/,https://www.instagram.com/p/CJZjpcjH29f/,2026-06-19T22:22:05.529Z,182,61
2006,CJXU02gnPS7,p,https://www.instagram.com/thedogist/p/CJXU02gnPS7/,https://www.instagram.com/p/CJXU02gnPS7/,2026-06-19T22:22:05.529Z,182,62
2007,CJWax5OH5Yo,p,https://www.instagram.com/thedogist/p/CJWax5OH5Yo/,https://www.instagram.com/p/CJWax5OH5Yo/,2026-06-19T22:22:05.530Z,182,63
2008,CJTwOTxHqzs,p,https://www.instagram.com/thedogist/p/CJTwOTxHqzs/,https://www.instagram.com/p/CJTwOTxHqzs/,2026-06-19T22:22:05.530Z,182,64
2009,CJSFJW8nI1F,p,https://www.instagram.com/thedogist/p/CJSFJW8nI1F/,https://www.instagram.com/p/CJSFJW8nI1F/,2026-06-19T22:22:05.530Z,182,65
2010,CJO4dXcnv4Q,p,https://www.instagram.com/thedogist/p/CJO4dXcnv4Q/,https://www.instagram.com/p/CJO4dXcnv4Q/,2026-06-19T22:22:05.530Z,182,66
2011,CJObn95H5Ga,p,https://www.instagram.com/thedogist/p/CJObn95H5Ga/,https://www.instagram.com/p/CJObn95H5Ga/,2026-06-19T22:22:05.531Z,182,67
2012,CJMlK_nHSV6,p,https://www.instagram.com/thedogist/p/CJMlK_nHSV6/,https://www.instagram.com/p/CJMlK_nHSV6/,2026-06-19T22:22:05.531Z,182,68
2013,CJJ3oX1H1Po,p,https://www.instagram.com/thedogist/p/CJJ3oX1H1Po/,https://www.instagram.com/p/CJJ3oX1H1Po/,2026-06-19T22:22:05.531Z,182,69
2014,CJJQfoGH2Vx,p,https://www.instagram.com/thedogist/p/CJJQfoGH2Vx/,https://www.instagram.com/p/CJJQfoGH2Vx/,2026-06-19T22:22:05.531Z,182,70
2015,CJHbqiAHHzP,p,https://www.instagram.com/thedogist/p/CJHbqiAHHzP/,https://www.instagram.com/p/CJHbqiAHHzP/,2026-06-19T22:22:05.532Z,182,71
2016,CJGxtGaH7Ju,p,https://www.instagram.com/thedogist/p/CJGxtGaH7Ju/,https://www.instagram.com/p/CJGxtGaH7Ju/,2026-06-19T22:22:05.532Z,182,72
2017,CJEe7OVnR5w,p,https://www.instagram.com/thedogist/p/CJEe7OVnR5w/,https://www.instagram.com/p/CJEe7OVnR5w/,2026-06-19T22:22:07.270Z,183,58
2018,CJCi-y4H2pW,p,https://www.instagram.com/thedogist/p/CJCi-y4H2pW/,https://www.instagram.com/p/CJCi-y4H2pW/,2026-06-19T22:22:07.271Z,183,59
2019,CJBgOJjnOK5,p,https://www.instagram.com/thedogist/p/CJBgOJjnOK5/,https://www.instagram.com/p/CJBgOJjnOK5/,2026-06-19T22:22:07.271Z,183,60
2020,CJABsjKn7mD,p,https://www.instagram.com/thedogist/p/CJABsjKn7mD/,https://www.instagram.com/p/CJABsjKn7mD/,2026-06-19T22:22:07.271Z,183,61
2021,CI_fgqIHqAf,p,https://www.instagram.com/thedogist/p/CI_fgqIHqAf/,https://www.instagram.com/p/CI_fgqIHqAf/,2026-06-19T22:22:07.272Z,183,62
2022,CI-87MEH-he,p,https://www.instagram.com/thedogist/p/CI-87MEH-he/,https://www.instagram.com/p/CI-87MEH-he/,2026-06-19T22:22:07.272Z,183,63
2023,CI9EQsznk3w,p,https://www.instagram.com/thedogist/p/CI9EQsznk3w/,https://www.instagram.com/p/CI9EQsznk3w/,2026-06-19T22:22:07.272Z,183,64
2024,CI8ehmZH2St,p,https://www.instagram.com/thedogist/p/CI8ehmZH2St/,https://www.instagram.com/p/CI8ehmZH2St/,2026-06-19T22:22:07.272Z,183,65
2025,CI6UKJDHmPv,p,https://www.instagram.com/thedogist/p/CI6UKJDHmPv/,https://www.instagram.com/p/CI6UKJDHmPv/,2026-06-19T22:22:07.272Z,183,66
2026,CI4GTRSnYFL,p,https://www.instagram.com/thedogist/p/CI4GTRSnYFL/,https://www.instagram.com/p/CI4GTRSnYFL/,2026-06-19T22:22:07.272Z,183,67
2027,CI3M0Upn8r7,p,https://www.instagram.com/thedogist/p/CI3M0Upn8r7/,https://www.instagram.com/p/CI3M0Upn8r7/,2026-06-19T22:22:07.273Z,183,68
2028,CI1fM8hnsBT,p,https://www.instagram.com/thedogist/p/CI1fM8hnsBT/,https://www.instagram.com/p/CI1fM8hnsBT/,2026-06-19T22:22:07.273Z,183,69
2029,CIzO3-zH3xT,p,https://www.instagram.com/thedogist/p/CIzO3-zH3xT/,https://www.instagram.com/p/CIzO3-zH3xT/,2026-06-19T22:22:08.914Z,184,60
2030,CIwtz3FHjI0,p,https://www.instagram.com/thedogist/p/CIwtz3FHjI0/,https://www.instagram.com/p/CIwtz3FHjI0/,2026-06-19T22:22:08.915Z,184,61
2031,CIt5_t3nCBp,p,https://www.instagram.com/thedogist/p/CIt5_t3nCBp/,https://www.instagram.com/p/CIt5_t3nCBp/,2026-06-19T22:22:08.915Z,184,62
2032,CIrpjhOHWGr,p,https://www.instagram.com/thedogist/p/CIrpjhOHWGr/,https://www.instagram.com/p/CIrpjhOHWGr/,2026-06-19T22:22:08.915Z,184,63
2033,CIomxcunQ23,p,https://www.instagram.com/thedogist/p/CIomxcunQ23/,https://www.instagram.com/p/CIomxcunQ23/,2026-06-19T22:22:08.915Z,184,64
2034,CImVgF-HExo,p,https://www.instagram.com/thedogist/p/CImVgF-HExo/,https://www.instagram.com/p/CImVgF-HExo/,2026-06-19T22:22:08.916Z,184,65
2035,CIjpKtdHhb3,p,https://www.instagram.com/thedogist/p/CIjpKtdHhb3/,https://www.instagram.com/p/CIjpKtdHhb3/,2026-06-19T22:22:08.916Z,184,66
2036,CIhCk8OHY_d,p,https://www.instagram.com/thedogist/p/CIhCk8OHY_d/,https://www.instagram.com/p/CIhCk8OHY_d/,2026-06-19T22:22:08.916Z,184,67
2037,CIgKYRynctV,p,https://www.instagram.com/thedogist/p/CIgKYRynctV/,https://www.instagram.com/p/CIgKYRynctV/,2026-06-19T22:22:08.916Z,184,68
2038,CIekkXxnGvh,p,https://www.instagram.com/thedogist/p/CIekkXxnGvh/,https://www.instagram.com/p/CIekkXxnGvh/,2026-06-19T22:22:08.916Z,184,69
2039,CIb5lbJH_U4,p,https://www.instagram.com/thedogist/p/CIb5lbJH_U4/,https://www.instagram.com/p/CIb5lbJH_U4/,2026-06-19T22:22:08.917Z,184,70
2040,CIZRgJlHEbv,p,https://www.instagram.com/thedogist/p/CIZRgJlHEbv/,https://www.instagram.com/p/CIZRgJlHEbv/,2026-06-19T22:22:08.917Z,184,71
2041,CIYY-jJHaOZ,p,https://www.instagram.com/thedogist/p/CIYY-jJHaOZ/,https://www.instagram.com/p/CIYY-jJHaOZ/,2026-06-19T22:22:10.557Z,185,62
2042,CIWlmmlnrtq,p,https://www.instagram.com/thedogist/p/CIWlmmlnrtq/,https://www.instagram.com/p/CIWlmmlnrtq/,2026-06-19T22:22:10.558Z,185,63
2043,CIV-ihhHY6Z,p,https://www.instagram.com/thedogist/p/CIV-ihhHY6Z/,https://www.instagram.com/p/CIV-ihhHY6Z/,2026-06-19T22:22:10.559Z,185,64
2044,CIUEFXNHfz5,p,https://www.instagram.com/thedogist/p/CIUEFXNHfz5/,https://www.instagram.com/p/CIUEFXNHfz5/,2026-06-19T22:22:10.559Z,185,65
2045,CITTg7Xnu7v,p,https://www.instagram.com/thedogist/p/CITTg7Xnu7v/,https://www.instagram.com/p/CITTg7Xnu7v/,2026-06-19T22:22:10.559Z,185,66
2046,CIRWBE-nkaz,p,https://www.instagram.com/thedogist/p/CIRWBE-nkaz/,https://www.instagram.com/p/CIRWBE-nkaz/,2026-06-19T22:22:10.559Z,185,67
2047,CIQkt2PnDU7,p,https://www.instagram.com/thedogist/p/CIQkt2PnDU7/,https://www.instagram.com/p/CIQkt2PnDU7/,2026-06-19T22:22:10.560Z,185,68
2048,CIOugEXHUYf,p,https://www.instagram.com/thedogist/p/CIOugEXHUYf/,https://www.instagram.com/p/CIOugEXHUYf/,2026-06-19T22:22:10.560Z,185,69
2049,CIMQ9U5HRXF,p,https://www.instagram.com/thedogist/p/CIMQ9U5HRXF/,https://www.instagram.com/p/CIMQ9U5HRXF/,2026-06-19T22:22:10.560Z,185,70
2050,CIJqzRqnSg3,p,https://www.instagram.com/thedogist/p/CIJqzRqnSg3/,https://www.instagram.com/p/CIJqzRqnSg3/,2026-06-19T22:22:10.560Z,185,71
2051,CIJLo-TnMKq,p,https://www.instagram.com/thedogist/p/CIJLo-TnMKq/,https://www.instagram.com/p/CIJLo-TnMKq/,2026-06-19T22:22:10.561Z,185,72
2052,CIHdkmjHLjF,p,https://www.instagram.com/thedogist/p/CIHdkmjHLjF/,https://www.instagram.com/p/CIHdkmjHLjF/,2026-06-19T22:22:10.561Z,185,73
2053,CIGftr_nT50,p,https://www.instagram.com/thedogist/p/CIGftr_nT50/,https://www.instagram.com/p/CIGftr_nT50/,2026-06-19T22:22:12.207Z,186,59
2054,CIElPCnno36,p,https://www.instagram.com/thedogist/p/CIElPCnno36/,https://www.instagram.com/p/CIElPCnno36/,2026-06-19T22:22:12.208Z,186,60
2055,CIBjN0mn8Su,p,https://www.instagram.com/thedogist/p/CIBjN0mn8Su/,https://www.instagram.com/p/CIBjN0mn8Su/,2026-06-19T22:22:12.208Z,186,61
2056,CH_cK1oHKr_,p,https://www.instagram.com/thedogist/p/CH_cK1oHKr_/,https://www.instagram.com/p/CH_cK1oHKr_/,2026-06-19T22:22:12.209Z,186,62
2057,CH8qHtnHPXg,p,https://www.instagram.com/thedogist/p/CH8qHtnHPXg/,https://www.instagram.com/p/CH8qHtnHPXg/,2026-06-19T22:22:12.209Z,186,63
2058,CH8d6e5Hvs6,p,https://www.instagram.com/thedogist/p/CH8d6e5Hvs6/,https://www.instagram.com/p/CH8d6e5Hvs6/,2026-06-19T22:22:12.209Z,186,64
2059,CH8NskQn89N,p,https://www.instagram.com/thedogist/p/CH8NskQn89N/,https://www.instagram.com/p/CH8NskQn89N/,2026-06-19T22:22:12.209Z,186,65
2060,CH6RUYhnbqY,p,https://www.instagram.com/thedogist/p/CH6RUYhnbqY/,https://www.instagram.com/p/CH6RUYhnbqY/,2026-06-19T22:22:12.209Z,186,66
2061,CH4AtufHtAh,p,https://www.instagram.com/thedogist/p/CH4AtufHtAh/,https://www.instagram.com/p/CH4AtufHtAh/,2026-06-19T22:22:12.210Z,186,67
2062,CH21R0bH8wU,p,https://www.instagram.com/thedogist/p/CH21R0bH8wU/,https://www.instagram.com/p/CH21R0bH8wU/,2026-06-19T22:22:12.210Z,186,68
2063,CH1JRxUnJGV,p,https://www.instagram.com/thedogist/p/CH1JRxUnJGV/,https://www.instagram.com/p/CH1JRxUnJGV/,2026-06-19T22:22:12.210Z,186,69
2064,CH0fY7YntLR,p,https://www.instagram.com/thedogist/p/CH0fY7YntLR/,https://www.instagram.com/p/CH0fY7YntLR/,2026-06-19T22:22:12.210Z,186,70
2065,CHy-Tkfn7iA,p,https://www.instagram.com/thedogist/p/CHy-Tkfn7iA/,https://www.instagram.com/p/CHy-Tkfn7iA/,2026-06-19T22:22:13.852Z,187,61
2066,CHx8NK7HC5i,reel,https://www.instagram.com/thedogist/reel/CHx8NK7HC5i/,https://www.instagram.com/reel/CHx8NK7HC5i/,2026-06-19T22:22:13.852Z,187,62
2067,CHv4FwAHdQU,p,https://www.instagram.com/thedogist/p/CHv4FwAHdQU/,https://www.instagram.com/p/CHv4FwAHdQU/,2026-06-19T22:22:13.853Z,187,63
2068,CHveQlMHIYP,p,https://www.instagram.com/thedogist/p/CHveQlMHIYP/,https://www.instagram.com/p/CHveQlMHIYP/,2026-06-19T22:22:13.853Z,187,64
2069,CHtaqPhHfdc,p,https://www.instagram.com/thedogist/p/CHtaqPhHfdc/,https://www.instagram.com/p/CHtaqPhHfdc/,2026-06-19T22:22:13.853Z,187,65
2070,CHq6TYRHl6Y,p,https://www.instagram.com/thedogist/p/CHq6TYRHl6Y/,https://www.instagram.com/p/CHq6TYRHl6Y/,2026-06-19T22:22:13.853Z,187,66
2071,CHo2mUlnBa0,p,https://www.instagram.com/thedogist/p/CHo2mUlnBa0/,https://www.instagram.com/p/CHo2mUlnBa0/,2026-06-19T22:22:13.854Z,187,67
2072,CHn89Gmn3r8,p,https://www.instagram.com/thedogist/p/CHn89Gmn3r8/,https://www.instagram.com/p/CHn89Gmn3r8/,2026-06-19T22:22:13.854Z,187,68
2073,CHjNy9GHISZ,p,https://www.instagram.com/thedogist/p/CHjNy9GHISZ/,https://www.instagram.com/p/CHjNy9GHISZ/,2026-06-19T22:22:13.854Z,187,69
2074,CHgib9FHBSB,p,https://www.instagram.com/thedogist/p/CHgib9FHBSB/,https://www.instagram.com/p/CHgib9FHBSB/,2026-06-19T22:22:13.854Z,187,70
2075,CHdn8KFn4uN,p,https://www.instagram.com/thedogist/p/CHdn8KFn4uN/,https://www.instagram.com/p/CHdn8KFn4uN/,2026-06-19T22:22:13.854Z,187,71
2076,CHbznnHHOSd,p,https://www.instagram.com/thedogist/p/CHbznnHHOSd/,https://www.instagram.com/p/CHbznnHHOSd/,2026-06-19T22:22:13.855Z,187,72
2077,CHa4MKkH-5A,p,https://www.instagram.com/thedogist/p/CHa4MKkH-5A/,https://www.instagram.com/p/CHa4MKkH-5A/,2026-06-19T22:22:15.637Z,188,58
2078,CHY_h6GH1ir,p,https://www.instagram.com/thedogist/p/CHY_h6GH1ir/,https://www.instagram.com/p/CHY_h6GH1ir/,2026-06-19T22:22:15.637Z,188,59
2079,CHWe_OYHMzk,p,https://www.instagram.com/thedogist/p/CHWe_OYHMzk/,https://www.instagram.com/p/CHWe_OYHMzk/,2026-06-19T22:22:15.638Z,188,60
2080,CHTwIQBHet_,p,https://www.instagram.com/thedogist/p/CHTwIQBHet_/,https://www.instagram.com/p/CHTwIQBHet_/,2026-06-19T22:22:15.638Z,188,61
2081,CHRFNwtHOu4,p,https://www.instagram.com/thedogist/p/CHRFNwtHOu4/,https://www.instagram.com/p/CHRFNwtHOu4/,2026-06-19T22:22:15.638Z,188,62
2082,CHQtnztHq4o,p,https://www.instagram.com/thedogist/p/CHQtnztHq4o/,https://www.instagram.com/p/CHQtnztHq4o/,2026-06-19T22:22:15.638Z,188,63
2083,CHPIABNnVEM,p,https://www.instagram.com/thedogist/p/CHPIABNnVEM/,https://www.instagram.com/p/CHPIABNnVEM/,2026-06-19T22:22:15.639Z,188,64
2084,CHMeYm0HErD,p,https://www.instagram.com/thedogist/p/CHMeYm0HErD/,https://www.instagram.com/p/CHMeYm0HErD/,2026-06-19T22:22:15.639Z,188,65
2085,CHI_zoHHSaR,p,https://www.instagram.com/thedogist/p/CHI_zoHHSaR/,https://www.instagram.com/p/CHI_zoHHSaR/,2026-06-19T22:22:15.639Z,188,66
2086,CHGSA-PHOIx,p,https://www.instagram.com/thedogist/p/CHGSA-PHOIx/,https://www.instagram.com/p/CHGSA-PHOIx/,2026-06-19T22:22:15.639Z,188,67
2087,CHDxEdWHCD0,p,https://www.instagram.com/thedogist/p/CHDxEdWHCD0/,https://www.instagram.com/p/CHDxEdWHCD0/,2026-06-19T22:22:15.639Z,188,68
2088,CHBePdTHFC4,p,https://www.instagram.com/thedogist/p/CHBePdTHFC4/,https://www.instagram.com/p/CHBePdTHFC4/,2026-06-19T22:22:15.640Z,188,69
2089,CHBMsm3nLC9,p,https://www.instagram.com/thedogist/p/CHBMsm3nLC9/,https://www.instagram.com/p/CHBMsm3nLC9/,2026-06-19T22:22:17.281Z,189,60
2090,CG-u1smncIJ,p,https://www.instagram.com/thedogist/p/CG-u1smncIJ/,https://www.instagram.com/p/CG-u1smncIJ/,2026-06-19T22:22:17.281Z,189,61
2091,CG8vyjqnQmp,p,https://www.instagram.com/thedogist/p/CG8vyjqnQmp/,https://www.instagram.com/p/CG8vyjqnQmp/,2026-06-19T22:22:17.281Z,189,62
2092,CG5aYfunQ8z,p,https://www.instagram.com/thedogist/p/CG5aYfunQ8z/,https://www.instagram.com/p/CG5aYfunQ8z/,2026-06-19T22:22:17.282Z,189,63
2093,CG3RbeHnxi-,p,https://www.instagram.com/thedogist/p/CG3RbeHnxi-/,https://www.instagram.com/p/CG3RbeHnxi-/,2026-06-19T22:22:17.282Z,189,64
2094,CG1J8ukn_3U,p,https://www.instagram.com/thedogist/p/CG1J8ukn_3U/,https://www.instagram.com/p/CG1J8ukn_3U/,2026-06-19T22:22:17.282Z,189,65
2095,CGyRAd1HOzz,p,https://www.instagram.com/thedogist/p/CGyRAd1HOzz/,https://www.instagram.com/p/CGyRAd1HOzz/,2026-06-19T22:22:17.283Z,189,66
2096,CGv5ehZHG8U,p,https://www.instagram.com/thedogist/p/CGv5ehZHG8U/,https://www.instagram.com/p/CGv5ehZHG8U/,2026-06-19T22:22:17.283Z,189,67
2097,CGtLJEZHaE4,p,https://www.instagram.com/thedogist/p/CGtLJEZHaE4/,https://www.instagram.com/p/CGtLJEZHaE4/,2026-06-19T22:22:17.283Z,189,68
2098,CGqWeuTne_I,p,https://www.instagram.com/thedogist/p/CGqWeuTne_I/,https://www.instagram.com/p/CGqWeuTne_I/,2026-06-19T22:22:17.283Z,189,69
2099,CGn3uP9Haas,p,https://www.instagram.com/thedogist/p/CGn3uP9Haas/,https://www.instagram.com/p/CGn3uP9Haas/,2026-06-19T22:22:17.283Z,189,70
2100,CGlcDlLnImR,p,https://www.instagram.com/thedogist/p/CGlcDlLnImR/,https://www.instagram.com/p/CGlcDlLnImR/,2026-06-19T22:22:17.283Z,189,71
2101,CGi3lzDnBqE,p,https://www.instagram.com/thedogist/p/CGi3lzDnBqE/,https://www.instagram.com/p/CGi3lzDnBqE/,2026-06-19T22:22:18.931Z,190,62
2102,CGiWJo4n6qV,p,https://www.instagram.com/thedogist/p/CGiWJo4n6qV/,https://www.instagram.com/p/CGiWJo4n6qV/,2026-06-19T22:22:18.932Z,190,63
2103,CGgRQmLHxqS,p,https://www.instagram.com/thedogist/p/CGgRQmLHxqS/,https://www.instagram.com/p/CGgRQmLHxqS/,2026-06-19T22:22:18.932Z,190,64
2104,CGdrG_YHPRd,p,https://www.instagram.com/thedogist/p/CGdrG_YHPRd/,https://www.instagram.com/p/CGdrG_YHPRd/,2026-06-19T22:22:18.932Z,190,65
2105,CGbHVDEnt1o,p,https://www.instagram.com/thedogist/p/CGbHVDEnt1o/,https://www.instagram.com/p/CGbHVDEnt1o/,2026-06-19T22:22:18.933Z,190,66
2106,CGaQuZNnWwe,p,https://www.instagram.com/thedogist/p/CGaQuZNnWwe/,https://www.instagram.com/p/CGaQuZNnWwe/,2026-06-19T22:22:18.933Z,190,67
2107,CGYj1kKn_mL,p,https://www.instagram.com/thedogist/p/CGYj1kKn_mL/,https://www.instagram.com/p/CGYj1kKn_mL/,2026-06-19T22:22:18.933Z,190,68
2108,CGV6QS0nFgS,p,https://www.instagram.com/thedogist/p/CGV6QS0nFgS/,https://www.instagram.com/p/CGV6QS0nFgS/,2026-06-19T22:22:18.933Z,190,69
2109,CGVHHJfnaqP,p,https://www.instagram.com/thedogist/p/CGVHHJfnaqP/,https://www.instagram.com/p/CGVHHJfnaqP/,2026-06-19T22:22:18.933Z,190,70
2110,CGTPmPVnLhL,p,https://www.instagram.com/thedogist/p/CGTPmPVnLhL/,https://www.instagram.com/p/CGTPmPVnLhL/,2026-06-19T22:22:18.934Z,190,71
2111,CGRMXHDHESl,p,https://www.instagram.com/thedogist/p/CGRMXHDHESl/,https://www.instagram.com/p/CGRMXHDHESl/,2026-06-19T22:22:18.934Z,190,72
2112,CGOSILFnLJK,p,https://www.instagram.com/thedogist/p/CGOSILFnLJK/,https://www.instagram.com/p/CGOSILFnLJK/,2026-06-19T22:22:18.934Z,190,73
2113,CGLkrGiHwak,p,https://www.instagram.com/thedogist/p/CGLkrGiHwak/,https://www.instagram.com/p/CGLkrGiHwak/,2026-06-19T22:22:20.581Z,191,59
2114,CGI1PErHUZn,p,https://www.instagram.com/thedogist/p/CGI1PErHUZn/,https://www.instagram.com/p/CGI1PErHUZn/,2026-06-19T22:22:20.582Z,191,60
2115,CGGItpendhX,p,https://www.instagram.com/thedogist/p/CGGItpendhX/,https://www.instagram.com/p/CGGItpendhX/,2026-06-19T22:22:20.582Z,191,61
2116,CGDTvxmHvz4,p,https://www.instagram.com/thedogist/p/CGDTvxmHvz4/,https://www.instagram.com/p/CGDTvxmHvz4/,2026-06-19T22:22:20.582Z,191,62
2117,CGBQS9KH00F,p,https://www.instagram.com/thedogist/p/CGBQS9KH00F/,https://www.instagram.com/p/CGBQS9KH00F/,2026-06-19T22:22:20.582Z,191,63
2118,CF_TwJlnw0Y,p,https://www.instagram.com/thedogist/p/CF_TwJlnw0Y/,https://www.instagram.com/p/CF_TwJlnw0Y/,2026-06-19T22:22:20.582Z,191,64
2119,CF7_CdNHFCb,p,https://www.instagram.com/thedogist/p/CF7_CdNHFCb/,https://www.instagram.com/p/CF7_CdNHFCb/,2026-06-19T22:22:20.583Z,191,65
2120,CF5Xt3tnMsH,p,https://www.instagram.com/thedogist/p/CF5Xt3tnMsH/,https://www.instagram.com/p/CF5Xt3tnMsH/,2026-06-19T22:22:20.583Z,191,66
2121,CF3ElpFn9oj,p,https://www.instagram.com/thedogist/p/CF3ElpFn9oj/,https://www.instagram.com/p/CF3ElpFn9oj/,2026-06-19T22:22:20.583Z,191,67
2122,CF0EfxCH-Cj,p,https://www.instagram.com/thedogist/p/CF0EfxCH-Cj/,https://www.instagram.com/p/CF0EfxCH-Cj/,2026-06-19T22:22:20.583Z,191,68
2123,CFx3ZEroU2c,p,https://www.instagram.com/thedogist/p/CFx3ZEroU2c/,https://www.instagram.com/p/CFx3ZEroU2c/,2026-06-19T22:22:20.584Z,191,69
2124,CFvOWFxHWZy,p,https://www.instagram.com/thedogist/p/CFvOWFxHWZy/,https://www.instagram.com/p/CFvOWFxHWZy/,2026-06-19T22:22:20.584Z,191,70
2125,CFs90Nho3K8,p,https://www.instagram.com/thedogist/p/CFs90Nho3K8/,https://www.instagram.com/p/CFs90Nho3K8/,2026-06-19T22:22:22.230Z,192,61
2126,CFpmJjFHcDk,p,https://www.instagram.com/thedogist/p/CFpmJjFHcDk/,https://www.instagram.com/p/CFpmJjFHcDk/,2026-06-19T22:22:22.230Z,192,62
2127,CFnwt8yHH71,p,https://www.instagram.com/thedogist/p/CFnwt8yHH71/,https://www.instagram.com/p/CFnwt8yHH71/,2026-06-19T22:22:22.231Z,192,63
2128,CFktFm1n2pK,p,https://www.instagram.com/thedogist/p/CFktFm1n2pK/,https://www.instagram.com/p/CFktFm1n2pK/,2026-06-19T22:22:22.231Z,192,64
2129,CFiY3S-nZPP,p,https://www.instagram.com/thedogist/p/CFiY3S-nZPP/,https://www.instagram.com/p/CFiY3S-nZPP/,2026-06-19T22:22:22.231Z,192,65
2130,CFfpBDDnvaB,p,https://www.instagram.com/thedogist/p/CFfpBDDnvaB/,https://www.instagram.com/p/CFfpBDDnvaB/,2026-06-19T22:22:22.231Z,192,66
2131,CFck915Hhzf,p,https://www.instagram.com/thedogist/p/CFck915Hhzf/,https://www.instagram.com/p/CFck915Hhzf/,2026-06-19T22:22:22.231Z,192,67
2132,CFbHICVHbE3,p,https://www.instagram.com/thedogist/p/CFbHICVHbE3/,https://www.instagram.com/p/CFbHICVHbE3/,2026-06-19T22:22:22.231Z,192,68
2133,CFYQqDenyCx,p,https://www.instagram.com/thedogist/p/CFYQqDenyCx/,https://www.instagram.com/p/CFYQqDenyCx/,2026-06-19T22:22:22.232Z,192,69
2134,CFVrt2lno51,p,https://www.instagram.com/thedogist/p/CFVrt2lno51/,https://www.instagram.com/p/CFVrt2lno51/,2026-06-19T22:22:22.232Z,192,70
2135,CFSUQRjnaMz,p,https://www.instagram.com/thedogist/p/CFSUQRjnaMz/,https://www.instagram.com/p/CFSUQRjnaMz/,2026-06-19T22:22:22.232Z,192,71
2136,CFQWx07HEA7,p,https://www.instagram.com/thedogist/p/CFQWx07HEA7/,https://www.instagram.com/p/CFQWx07HEA7/,2026-06-19T22:22:22.232Z,192,72
2137,CFN-_6Ynw_U,p,https://www.instagram.com/thedogist/p/CFN-_6Ynw_U/,https://www.instagram.com/p/CFN-_6Ynw_U/,2026-06-19T22:22:23.875Z,193,58
2138,CFK52H1H8r2,p,https://www.instagram.com/thedogist/p/CFK52H1H8r2/,https://www.instagram.com/p/CFK52H1H8r2/,2026-06-19T22:22:23.876Z,193,59
2139,CFIqxBdniAo,p,https://www.instagram.com/thedogist/p/CFIqxBdniAo/,https://www.instagram.com/p/CFIqxBdniAo/,2026-06-19T22:22:23.876Z,193,60
2140,CFFzWaOnr-B,p,https://www.instagram.com/thedogist/p/CFFzWaOnr-B/,https://www.instagram.com/p/CFFzWaOnr-B/,2026-06-19T22:22:23.876Z,193,61
2141,CFDpDunnhv6,p,https://www.instagram.com/thedogist/p/CFDpDunnhv6/,https://www.instagram.com/p/CFDpDunnhv6/,2026-06-19T22:22:23.876Z,193,62
2142,CFBHnyeHUWl,p,https://www.instagram.com/thedogist/p/CFBHnyeHUWl/,https://www.instagram.com/p/CFBHnyeHUWl/,2026-06-19T22:22:23.876Z,193,63
2143,CE-d4gdnSoK,p,https://www.instagram.com/thedogist/p/CE-d4gdnSoK/,https://www.instagram.com/p/CE-d4gdnSoK/,2026-06-19T22:22:23.876Z,193,64
2144,CE5dWREn2Wg,p,https://www.instagram.com/thedogist/p/CE5dWREn2Wg/,https://www.instagram.com/p/CE5dWREn2Wg/,2026-06-19T22:22:23.877Z,193,65
2145,CE21PZSndj8,p,https://www.instagram.com/thedogist/p/CE21PZSndj8/,https://www.instagram.com/p/CE21PZSndj8/,2026-06-19T22:22:23.877Z,193,66
2146,CE0us-gnHCZ,p,https://www.instagram.com/thedogist/p/CE0us-gnHCZ/,https://www.instagram.com/p/CE0us-gnHCZ/,2026-06-19T22:22:23.877Z,193,67
2147,CExb0konBp6,p,https://www.instagram.com/thedogist/p/CExb0konBp6/,https://www.instagram.com/p/CExb0konBp6/,2026-06-19T22:22:23.877Z,193,68
2148,CEujFBgnssb,p,https://www.instagram.com/thedogist/p/CEujFBgnssb/,https://www.instagram.com/p/CEujFBgnssb/,2026-06-19T22:22:23.877Z,193,69
2149,CEuHVVMnn31,p,https://www.instagram.com/thedogist/p/CEuHVVMnn31/,https://www.instagram.com/p/CEuHVVMnn31/,2026-06-19T22:22:25.521Z,194,60
2150,CEsCw4bHr_c,p,https://www.instagram.com/thedogist/p/CEsCw4bHr_c/,https://www.instagram.com/p/CEsCw4bHr_c/,2026-06-19T22:22:25.522Z,194,61
2151,CEpoYW4nu81,p,https://www.instagram.com/thedogist/p/CEpoYW4nu81/,https://www.instagram.com/p/CEpoYW4nu81/,2026-06-19T22:22:25.522Z,194,62
2152,CEmiYHpnxnq,p,https://www.instagram.com/thedogist/p/CEmiYHpnxnq/,https://www.instagram.com/p/CEmiYHpnxnq/,2026-06-19T22:22:25.522Z,194,63
2153,CEmZAqWnWfj,p,https://www.instagram.com/thedogist/p/CEmZAqWnWfj/,https://www.instagram.com/p/CEmZAqWnWfj/,2026-06-19T22:22:25.523Z,194,64
2154,CEjtTivnyLr,p,https://www.instagram.com/thedogist/p/CEjtTivnyLr/,https://www.instagram.com/p/CEjtTivnyLr/,2026-06-19T22:22:25.523Z,194,65
2155,CEiJ0u6nzz8,p,https://www.instagram.com/thedogist/p/CEiJ0u6nzz8/,https://www.instagram.com/p/CEiJ0u6nzz8/,2026-06-19T22:22:25.523Z,194,66
2156,CEfofVZHzyk,p,https://www.instagram.com/thedogist/p/CEfofVZHzyk/,https://www.instagram.com/p/CEfofVZHzyk/,2026-06-19T22:22:25.523Z,194,67
2157,CEdOtuJnwuq,p,https://www.instagram.com/thedogist/p/CEdOtuJnwuq/,https://www.instagram.com/p/CEdOtuJnwuq/,2026-06-19T22:22:25.524Z,194,68
2158,CEaG3SSnXeh,p,https://www.instagram.com/thedogist/p/CEaG3SSnXeh/,https://www.instagram.com/p/CEaG3SSnXeh/,2026-06-19T22:22:25.524Z,194,69
2159,CEYMcn5H7Wy,p,https://www.instagram.com/thedogist/p/CEYMcn5H7Wy/,https://www.instagram.com/p/CEYMcn5H7Wy/,2026-06-19T22:22:25.524Z,194,70
2160,CEVZvQ9Hvm8,p,https://www.instagram.com/thedogist/p/CEVZvQ9Hvm8/,https://www.instagram.com/p/CEVZvQ9Hvm8/,2026-06-19T22:22:25.524Z,194,71
2161,CESwd9KH3Av,p,https://www.instagram.com/thedogist/p/CESwd9KH3Av/,https://www.instagram.com/p/CESwd9KH3Av/,2026-06-19T22:22:27.174Z,195,62
2162,CEQMrj9HExt,p,https://www.instagram.com/thedogist/p/CEQMrj9HExt/,https://www.instagram.com/p/CEQMrj9HExt/,2026-06-19T22:22:27.175Z,195,63
2163,CENZL0gnlEw,p,https://www.instagram.com/thedogist/p/CENZL0gnlEw/,https://www.instagram.com/p/CENZL0gnlEw/,2026-06-19T22:22:27.175Z,195,64
2164,CEKfa51nnE0,p,https://www.instagram.com/thedogist/p/CEKfa51nnE0/,https://www.instagram.com/p/CEKfa51nnE0/,2026-06-19T22:22:27.176Z,195,65
2165,CEIBBZUne0S,p,https://www.instagram.com/thedogist/p/CEIBBZUne0S/,https://www.instagram.com/p/CEIBBZUne0S/,2026-06-19T22:22:27.176Z,195,66
2166,CEEudstHu7Z,p,https://www.instagram.com/thedogist/p/CEEudstHu7Z/,https://www.instagram.com/p/CEEudstHu7Z/,2026-06-19T22:22:27.176Z,195,67
2167,CECLxERnhZE,p,https://www.instagram.com/thedogist/p/CECLxERnhZE/,https://www.instagram.com/p/CECLxERnhZE/,2026-06-19T22:22:27.176Z,195,68
2168,CEATRvfHJ4f,p,https://www.instagram.com/thedogist/p/CEATRvfHJ4f/,https://www.instagram.com/p/CEATRvfHJ4f/,2026-06-19T22:22:27.177Z,195,69
2169,CD-YVXHHuFy,p,https://www.instagram.com/thedogist/p/CD-YVXHHuFy/,https://www.instagram.com/p/CD-YVXHHuFy/,2026-06-19T22:22:27.177Z,195,70
2170,CD7W-rmnbfH,p,https://www.instagram.com/thedogist/p/CD7W-rmnbfH/,https://www.instagram.com/p/CD7W-rmnbfH/,2026-06-19T22:22:27.177Z,195,71
2171,CD41uCtHsxo,p,https://www.instagram.com/thedogist/p/CD41uCtHsxo/,https://www.instagram.com/p/CD41uCtHsxo/,2026-06-19T22:22:27.177Z,195,72
2172,CD1vjUkHB8a,p,https://www.instagram.com/thedogist/p/CD1vjUkHB8a/,https://www.instagram.com/p/CD1vjUkHB8a/,2026-06-19T22:22:27.178Z,195,73
2173,CDzw3opnpKG,p,https://www.instagram.com/thedogist/p/CDzw3opnpKG/,https://www.instagram.com/p/CDzw3opnpKG/,2026-06-19T22:22:28.825Z,196,59
2174,CDxjBoPHPQy,p,https://www.instagram.com/thedogist/p/CDxjBoPHPQy/,https://www.instagram.com/p/CDxjBoPHPQy/,2026-06-19T22:22:28.826Z,196,60
2175,CDutp6JHoxB,p,https://www.instagram.com/thedogist/p/CDutp6JHoxB/,https://www.instagram.com/p/CDutp6JHoxB/,2026-06-19T22:22:28.826Z,196,61
2176,CDr_UuYn9Bw,p,https://www.instagram.com/thedogist/p/CDr_UuYn9Bw/,https://www.instagram.com/p/CDr_UuYn9Bw/,2026-06-19T22:22:28.826Z,196,62
2177,CDpRTyqn-xw,p,https://www.instagram.com/thedogist/p/CDpRTyqn-xw/,https://www.instagram.com/p/CDpRTyqn-xw/,2026-06-19T22:22:28.826Z,196,63
2178,CDnDXEUn_DC,p,https://www.instagram.com/thedogist/p/CDnDXEUn_DC/,https://www.instagram.com/p/CDnDXEUn_DC/,2026-06-19T22:22:28.826Z,196,64
2179,CDj2mB8HvH9,p,https://www.instagram.com/thedogist/p/CDj2mB8HvH9/,https://www.instagram.com/p/CDj2mB8HvH9/,2026-06-19T22:22:28.826Z,196,65
2180,CDhR4u2Hssw,p,https://www.instagram.com/thedogist/p/CDhR4u2Hssw/,https://www.instagram.com/p/CDhR4u2Hssw/,2026-06-19T22:22:28.827Z,196,66
2181,CDexTiEHpaK,p,https://www.instagram.com/thedogist/p/CDexTiEHpaK/,https://www.instagram.com/p/CDexTiEHpaK/,2026-06-19T22:22:28.827Z,196,67
2182,CDc1ERFnKBZ,p,https://www.instagram.com/thedogist/p/CDc1ERFnKBZ/,https://www.instagram.com/p/CDc1ERFnKBZ/,2026-06-19T22:22:28.827Z,196,68
2183,CDaG6YunCH-,p,https://www.instagram.com/thedogist/p/CDaG6YunCH-/,https://www.instagram.com/p/CDaG6YunCH-/,2026-06-19T22:22:28.827Z,196,69
2184,CDXLbiCnji_,p,https://www.instagram.com/thedogist/p/CDXLbiCnji_/,https://www.instagram.com/p/CDXLbiCnji_/,2026-06-19T22:22:28.827Z,196,70
2185,CDVO5t2nzs-,p,https://www.instagram.com/thedogist/p/CDVO5t2nzs-/,https://www.instagram.com/p/CDVO5t2nzs-/,2026-06-19T22:22:30.473Z,197,61
2186,CDR8_MbHNZP,p,https://www.instagram.com/thedogist/p/CDR8_MbHNZP/,https://www.instagram.com/p/CDR8_MbHNZP/,2026-06-19T22:22:30.474Z,197,62
2187,CDRkZ2UnMyr,p,https://www.instagram.com/thedogist/p/CDRkZ2UnMyr/,https://www.instagram.com/p/CDRkZ2UnMyr/,2026-06-19T22:22:30.474Z,197,63
2188,CDP7k9gH0ox,p,https://www.instagram.com/thedogist/p/CDP7k9gH0ox/,https://www.instagram.com/p/CDP7k9gH0ox/,2026-06-19T22:22:30.475Z,197,64
2189,CDNCblfnxpo,p,https://www.instagram.com/thedogist/p/CDNCblfnxpo/,https://www.instagram.com/p/CDNCblfnxpo/,2026-06-19T22:22:30.475Z,197,65
2190,CDKO-ZfH-l4,p,https://www.instagram.com/thedogist/p/CDKO-ZfH-l4/,https://www.instagram.com/p/CDKO-ZfH-l4/,2026-06-19T22:22:30.475Z,197,66
2191,CDHlLAEndLQ,p,https://www.instagram.com/thedogist/p/CDHlLAEndLQ/,https://www.instagram.com/p/CDHlLAEndLQ/,2026-06-19T22:22:30.476Z,197,67
2192,CDFEGN2nBtn,p,https://www.instagram.com/thedogist/p/CDFEGN2nBtn/,https://www.instagram.com/p/CDFEGN2nBtn/,2026-06-19T22:22:30.476Z,197,68
2193,CDC60Y5niXH,p,https://www.instagram.com/thedogist/p/CDC60Y5niXH/,https://www.instagram.com/p/CDC60Y5niXH/,2026-06-19T22:22:30.476Z,197,69
2194,CC_9lxrnHw4,p,https://www.instagram.com/thedogist/p/CC_9lxrnHw4/,https://www.instagram.com/p/CC_9lxrnHw4/,2026-06-19T22:22:30.476Z,197,70
2195,CC9ri5dnSpf,p,https://www.instagram.com/thedogist/p/CC9ri5dnSpf/,https://www.instagram.com/p/CC9ri5dnSpf/,2026-06-19T22:22:30.477Z,197,71
2196,CC7F5WEnZsL,p,https://www.instagram.com/thedogist/p/CC7F5WEnZsL/,https://www.instagram.com/p/CC7F5WEnZsL/,2026-06-19T22:22:30.477Z,197,72
2197,CC6NGIBnOxH,reel,https://www.instagram.com/thedogist/reel/CC6NGIBnOxH/,https://www.instagram.com/reel/CC6NGIBnOxH/,2026-06-19T22:22:32.135Z,198,58
2198,CC4SaJ6nqS-,p,https://www.instagram.com/thedogist/p/CC4SaJ6nqS-/,https://www.instagram.com/p/CC4SaJ6nqS-/,2026-06-19T22:22:32.136Z,198,59
2199,CC1z17_Hpc-,p,https://www.instagram.com/thedogist/p/CC1z17_Hpc-/,https://www.instagram.com/p/CC1z17_Hpc-/,2026-06-19T22:22:32.136Z,198,60
2200,CC1AIywnzll,p,https://www.instagram.com/thedogist/p/CC1AIywnzll/,https://www.instagram.com/p/CC1AIywnzll/,2026-06-19T22:22:32.136Z,198,61
2201,CCyxRYdHa_U,p,https://www.instagram.com/thedogist/p/CCyxRYdHa_U/,https://www.instagram.com/p/CCyxRYdHa_U/,2026-06-19T22:22:32.137Z,198,62
2202,CCwlsKEHwAH,p,https://www.instagram.com/thedogist/p/CCwlsKEHwAH/,https://www.instagram.com/p/CCwlsKEHwAH/,2026-06-19T22:22:32.137Z,198,63
2203,CCuWKF0Hkzd,p,https://www.instagram.com/thedogist/p/CCuWKF0Hkzd/,https://www.instagram.com/p/CCuWKF0Hkzd/,2026-06-19T22:22:32.137Z,198,64
2204,CCtpcO8nhgH,p,https://www.instagram.com/thedogist/p/CCtpcO8nhgH/,https://www.instagram.com/p/CCtpcO8nhgH/,2026-06-19T22:22:32.137Z,198,65
2205,CCrenOdHf1s,p,https://www.instagram.com/thedogist/p/CCrenOdHf1s/,https://www.instagram.com/p/CCrenOdHf1s/,2026-06-19T22:22:32.138Z,198,66
2206,CCorCruH10H,p,https://www.instagram.com/thedogist/p/CCorCruH10H/,https://www.instagram.com/p/CCorCruH10H/,2026-06-19T22:22:32.138Z,198,67
2207,CCmR83zHZmw,p,https://www.instagram.com/thedogist/p/CCmR83zHZmw/,https://www.instagram.com/p/CCmR83zHZmw/,2026-06-19T22:22:32.138Z,198,68
2208,CCl99Zun8aY,p,https://www.instagram.com/thedogist/p/CCl99Zun8aY/,https://www.instagram.com/p/CCl99Zun8aY/,2026-06-19T22:22:32.138Z,198,69
2209,CCj9kmEHVCg,p,https://www.instagram.com/thedogist/p/CCj9kmEHVCg/,https://www.instagram.com/p/CCj9kmEHVCg/,2026-06-19T22:22:33.785Z,199,60
2210,CChu9gsHqd8,p,https://www.instagram.com/thedogist/p/CChu9gsHqd8/,https://www.instagram.com/p/CChu9gsHqd8/,2026-06-19T22:22:33.786Z,199,61
2211,CCesX0zHy5k,p,https://www.instagram.com/thedogist/p/CCesX0zHy5k/,https://www.instagram.com/p/CCesX0zHy5k/,2026-06-19T22:22:33.786Z,199,62
2212,CCb3gr5FAHq,p,https://www.instagram.com/thedogist/p/CCb3gr5FAHq/,https://www.instagram.com/p/CCb3gr5FAHq/,2026-06-19T22:22:33.786Z,199,63
2213,CCZvfCxnp4S,p,https://www.instagram.com/thedogist/p/CCZvfCxnp4S/,https://www.instagram.com/p/CCZvfCxnp4S/,2026-06-19T22:22:33.786Z,199,64
2214,CCW5s_uHT9T,p,https://www.instagram.com/thedogist/p/CCW5s_uHT9T/,https://www.instagram.com/p/CCW5s_uHT9T/,2026-06-19T22:22:33.787Z,199,65
2215,CCUrcAMnOmY,p,https://www.instagram.com/thedogist/p/CCUrcAMnOmY/,https://www.instagram.com/p/CCUrcAMnOmY/,2026-06-19T22:22:33.787Z,199,66
2216,CCSDwcWn5xW,p,https://www.instagram.com/thedogist/p/CCSDwcWn5xW/,https://www.instagram.com/p/CCSDwcWn5xW/,2026-06-19T22:22:33.787Z,199,67
2217,CCO_vhRn8Gx,p,https://www.instagram.com/thedogist/p/CCO_vhRn8Gx/,https://www.instagram.com/p/CCO_vhRn8Gx/,2026-06-19T22:22:33.787Z,199,68
2218,CCM99LWH7kR,p,https://www.instagram.com/thedogist/p/CCM99LWH7kR/,https://www.instagram.com/p/CCM99LWH7kR/,2026-06-19T22:22:33.788Z,199,69
2219,CCJyYQ6nZVk,p,https://www.instagram.com/thedogist/p/CCJyYQ6nZVk/,https://www.instagram.com/p/CCJyYQ6nZVk/,2026-06-19T22:22:33.788Z,199,70
2220,CCG3MgKHSqy,p,https://www.instagram.com/thedogist/p/CCG3MgKHSqy/,https://www.instagram.com/p/CCG3MgKHSqy/,2026-06-19T22:22:33.788Z,199,71
2221,CCEnx8MnvoD,p,https://www.instagram.com/thedogist/p/CCEnx8MnvoD/,https://www.instagram.com/p/CCEnx8MnvoD/,2026-06-19T22:22:35.442Z,200,62
2222,CCCYhx8nwzz,p,https://www.instagram.com/thedogist/p/CCCYhx8nwzz/,https://www.instagram.com/p/CCCYhx8nwzz/,2026-06-19T22:22:35.443Z,200,63
2223,CB-8iX8nsae,p,https://www.instagram.com/thedogist/p/CB-8iX8nsae/,https://www.instagram.com/p/CB-8iX8nsae/,2026-06-19T22:22:35.443Z,200,64
2224,CB9BusnHc09,p,https://www.instagram.com/thedogist/p/CB9BusnHc09/,https://www.instagram.com/p/CB9BusnHc09/,2026-06-19T22:22:35.444Z,200,65
2225,CB6T4a_nPR6,p,https://www.instagram.com/thedogist/p/CB6T4a_nPR6/,https://www.instagram.com/p/CB6T4a_nPR6/,2026-06-19T22:22:35.444Z,200,66
2226,CB4iZn_HdeN,p,https://www.instagram.com/thedogist/p/CB4iZn_HdeN/,https://www.instagram.com/p/CB4iZn_HdeN/,2026-06-19T22:22:35.444Z,200,67
2227,CB167WwnGma,p,https://www.instagram.com/thedogist/p/CB167WwnGma/,https://www.instagram.com/p/CB167WwnGma/,2026-06-19T22:22:35.444Z,200,68
2228,CBzCyppHw3S,p,https://www.instagram.com/thedogist/p/CBzCyppHw3S/,https://www.instagram.com/p/CBzCyppHw3S/,2026-06-19T22:22:35.444Z,200,69
2229,CBwMovXHH72,p,https://www.instagram.com/thedogist/p/CBwMovXHH72/,https://www.instagram.com/p/CBwMovXHH72/,2026-06-19T22:22:35.445Z,200,70
2230,CBt0GHhnnec,p,https://www.instagram.com/thedogist/p/CBt0GHhnnec/,https://www.instagram.com/p/CBt0GHhnnec/,2026-06-19T22:22:35.445Z,200,71
2231,CBq6yahnrfs,p,https://www.instagram.com/thedogist/p/CBq6yahnrfs/,https://www.instagram.com/p/CBq6yahnrfs/,2026-06-19T22:22:35.445Z,200,72
2232,CBn1HqVnAvE,p,https://www.instagram.com/thedogist/p/CBn1HqVnAvE/,https://www.instagram.com/p/CBn1HqVnAvE/,2026-06-19T22:22:35.445Z,200,73
2233,CBlt_OoHMgw,p,https://www.instagram.com/thedogist/p/CBlt_OoHMgw/,https://www.instagram.com/p/CBlt_OoHMgw/,2026-06-19T22:22:37.097Z,201,59
2234,CBjKt1gHhA4,p,https://www.instagram.com/thedogist/p/CBjKt1gHhA4/,https://www.instagram.com/p/CBjKt1gHhA4/,2026-06-19T22:22:37.097Z,201,60
2235,CBhJFHKnQlW,p,https://www.instagram.com/thedogist/p/CBhJFHKnQlW/,https://www.instagram.com/p/CBhJFHKnQlW/,2026-06-19T22:22:37.098Z,201,61
2236,CBgGiAtDNYs,p,https://www.instagram.com/thedogist/p/CBgGiAtDNYs/,https://www.instagram.com/p/CBgGiAtDNYs/,2026-06-19T22:22:37.098Z,201,62
2237,CBetobZjws5,p,https://www.instagram.com/thedogist/p/CBetobZjws5/,https://www.instagram.com/p/CBetobZjws5/,2026-06-19T22:22:37.098Z,201,63
2238,CBdaDQUHP1W,p,https://www.instagram.com/thedogist/p/CBdaDQUHP1W/,https://www.instagram.com/p/CBdaDQUHP1W/,2026-06-19T22:22:37.099Z,201,64
2239,CBbijxQHY7t,p,https://www.instagram.com/thedogist/p/CBbijxQHY7t/,https://www.instagram.com/p/CBbijxQHY7t/,2026-06-19T22:22:37.099Z,201,65
2240,CBZJTpDHaFp,p,https://www.instagram.com/thedogist/p/CBZJTpDHaFp/,https://www.instagram.com/p/CBZJTpDHaFp/,2026-06-19T22:22:37.099Z,201,66
2241,CBV-rcgHM1l,p,https://www.instagram.com/thedogist/p/CBV-rcgHM1l/,https://www.instagram.com/p/CBV-rcgHM1l/,2026-06-19T22:22:37.100Z,201,67
2242,CBTrqYOnxzm,p,https://www.instagram.com/thedogist/p/CBTrqYOnxzm/,https://www.instagram.com/p/CBTrqYOnxzm/,2026-06-19T22:22:37.100Z,201,68
2243,CBRjpQOHJ53,p,https://www.instagram.com/thedogist/p/CBRjpQOHJ53/,https://www.instagram.com/p/CBRjpQOHJ53/,2026-06-19T22:22:37.100Z,201,69
2244,CBRB51Vn7qM,p,https://www.instagram.com/thedogist/p/CBRB51Vn7qM/,https://www.instagram.com/p/CBRB51Vn7qM/,2026-06-19T22:22:37.100Z,201,70
2245,CBPOX_IHj5S,p,https://www.instagram.com/thedogist/p/CBPOX_IHj5S/,https://www.instagram.com/p/CBPOX_IHj5S/,2026-06-19T22:22:38.749Z,202,61
2246,CBOaZ-RHjtr,p,https://www.instagram.com/thedogist/p/CBOaZ-RHjtr/,https://www.instagram.com/p/CBOaZ-RHjtr/,2026-06-19T22:22:38.750Z,202,62
2247,CBL3t_qns3Q,p,https://www.instagram.com/thedogist/p/CBL3t_qns3Q/,https://www.instagram.com/p/CBL3t_qns3Q/,2026-06-19T22:22:38.750Z,202,63
2248,CBJwrfUHr12,p,https://www.instagram.com/thedogist/p/CBJwrfUHr12/,https://www.instagram.com/p/CBJwrfUHr12/,2026-06-19T22:22:38.751Z,202,64
2249,CBHWEwznfvP,p,https://www.instagram.com/thedogist/p/CBHWEwznfvP/,https://www.instagram.com/p/CBHWEwznfvP/,2026-06-19T22:22:38.751Z,202,65
2250,CBGlfhbHOPC,p,https://www.instagram.com/thedogist/p/CBGlfhbHOPC/,https://www.instagram.com/p/CBGlfhbHOPC/,2026-06-19T22:22:38.751Z,202,66
2251,CBENTGSnT1a,p,https://www.instagram.com/thedogist/p/CBENTGSnT1a/,https://www.instagram.com/p/CBENTGSnT1a/,2026-06-19T22:22:38.751Z,202,67
2252,CBB4oPYn6ly,p,https://www.instagram.com/thedogist/p/CBB4oPYn6ly/,https://www.instagram.com/p/CBB4oPYn6ly/,2026-06-19T22:22:38.752Z,202,68
2253,CBBW8mjHhcn,p,https://www.instagram.com/thedogist/p/CBBW8mjHhcn/,https://www.instagram.com/p/CBBW8mjHhcn/,2026-06-19T22:22:38.752Z,202,69
2254,CA-sJlFHujM,p,https://www.instagram.com/thedogist/p/CA-sJlFHujM/,https://www.instagram.com/p/CA-sJlFHujM/,2026-06-19T22:22:38.752Z,202,70
2255,CA-j5knH2rF,p,https://www.instagram.com/thedogist/p/CA-j5knH2rF/,https://www.instagram.com/p/CA-j5knH2rF/,2026-06-19T22:22:38.752Z,202,71
2256,CA7pUQTHGj2,p,https://www.instagram.com/thedogist/p/CA7pUQTHGj2/,https://www.instagram.com/p/CA7pUQTHGj2/,2026-06-19T22:22:38.752Z,202,72
2257,CA6b9M1nYog,p,https://www.instagram.com/thedogist/p/CA6b9M1nYog/,https://www.instagram.com/p/CA6b9M1nYog/,2026-06-19T22:22:40.399Z,203,58
2258,CA3bQFenry8,p,https://www.instagram.com/thedogist/p/CA3bQFenry8/,https://www.instagram.com/p/CA3bQFenry8/,2026-06-19T22:22:40.399Z,203,59
2259,CA09fUpnwd6,p,https://www.instagram.com/thedogist/p/CA09fUpnwd6/,https://www.instagram.com/p/CA09fUpnwd6/,2026-06-19T22:22:40.399Z,203,60
2260,CA0XNx8Hsie,p,https://www.instagram.com/thedogist/p/CA0XNx8Hsie/,https://www.instagram.com/p/CA0XNx8Hsie/,2026-06-19T22:22:40.400Z,203,61
2261,CAyvvupH2Lm,p,https://www.instagram.com/thedogist/p/CAyvvupH2Lm/,https://www.instagram.com/p/CAyvvupH2Lm/,2026-06-19T22:22:40.400Z,203,62
2262,CAwQvH_Huek,p,https://www.instagram.com/thedogist/p/CAwQvH_Huek/,https://www.instagram.com/p/CAwQvH_Huek/,2026-06-19T22:22:40.400Z,203,63
2263,CAu7q7onOtc,p,https://www.instagram.com/thedogist/p/CAu7q7onOtc/,https://www.instagram.com/p/CAu7q7onOtc/,2026-06-19T22:22:40.400Z,203,64
2264,CAtyC1cHgjV,p,https://www.instagram.com/thedogist/p/CAtyC1cHgjV/,https://www.instagram.com/p/CAtyC1cHgjV/,2026-06-19T22:22:40.401Z,203,65
2265,CAq_QIiHkYP,p,https://www.instagram.com/thedogist/p/CAq_QIiHkYP/,https://www.instagram.com/p/CAq_QIiHkYP/,2026-06-19T22:22:40.401Z,203,66
2266,CAn1TIunBNm,p,https://www.instagram.com/thedogist/p/CAn1TIunBNm/,https://www.instagram.com/p/CAn1TIunBNm/,2026-06-19T22:22:40.401Z,203,67
2267,CAmAbmvnkcp,p,https://www.instagram.com/thedogist/p/CAmAbmvnkcp/,https://www.instagram.com/p/CAmAbmvnkcp/,2026-06-19T22:22:40.401Z,203,68
2268,CAlIwyinkbh,p,https://www.instagram.com/thedogist/p/CAlIwyinkbh/,https://www.instagram.com/p/CAlIwyinkbh/,2026-06-19T22:22:40.401Z,203,69
2269,CAih_u-n35x,p,https://www.instagram.com/thedogist/p/CAih_u-n35x/,https://www.instagram.com/p/CAih_u-n35x/,2026-06-19T22:22:42.047Z,204,60
2270,CAeLYO4n7Ka,p,https://www.instagram.com/thedogist/p/CAeLYO4n7Ka/,https://www.instagram.com/p/CAeLYO4n7Ka/,2026-06-19T22:22:42.048Z,204,61
2271,CAbSkYbnHKD,p,https://www.instagram.com/thedogist/p/CAbSkYbnHKD/,https://www.instagram.com/p/CAbSkYbnHKD/,2026-06-19T22:22:42.048Z,204,62
2272,CAY1rEkHyVi,p,https://www.instagram.com/thedogist/p/CAY1rEkHyVi/,https://www.instagram.com/p/CAY1rEkHyVi/,2026-06-19T22:22:42.048Z,204,63
2273,CATkw_OHEar,p,https://www.instagram.com/thedogist/p/CATkw_OHEar/,https://www.instagram.com/p/CATkw_OHEar/,2026-06-19T22:22:42.048Z,204,64
2274,CAOHZ2tH340,p,https://www.instagram.com/thedogist/p/CAOHZ2tH340/,https://www.instagram.com/p/CAOHZ2tH340/,2026-06-19T22:22:42.048Z,204,65
2275,CAK86I4nidv,p,https://www.instagram.com/thedogist/p/CAK86I4nidv/,https://www.instagram.com/p/CAK86I4nidv/,2026-06-19T22:22:42.049Z,204,66
2276,CAJw5lSHUTu,p,https://www.instagram.com/thedogist/p/CAJw5lSHUTu/,https://www.instagram.com/p/CAJw5lSHUTu/,2026-06-19T22:22:42.049Z,204,67
2277,CAG2rg_nbk8,p,https://www.instagram.com/thedogist/p/CAG2rg_nbk8/,https://www.instagram.com/p/CAG2rg_nbk8/,2026-06-19T22:22:42.049Z,204,68
2278,CAGM16sHMjT,p,https://www.instagram.com/thedogist/p/CAGM16sHMjT/,https://www.instagram.com/p/CAGM16sHMjT/,2026-06-19T22:22:42.049Z,204,69
2279,CAD5LMxnMat,p,https://www.instagram.com/thedogist/p/CAD5LMxnMat/,https://www.instagram.com/p/CAD5LMxnMat/,2026-06-19T22:22:42.049Z,204,70
2280,CAB9xXxHJ-s,p,https://www.instagram.com/thedogist/p/CAB9xXxHJ-s/,https://www.instagram.com/p/CAB9xXxHJ-s/,2026-06-19T22:22:42.049Z,204,71
2281,B_-y7C2n6_1,p,https://www.instagram.com/thedogist/p/B_-y7C2n6_1/,https://www.instagram.com/p/B_-y7C2n6_1/,2026-06-19T22:22:43.697Z,205,62
2282,B_6U9_9HWTO,p,https://www.instagram.com/thedogist/p/B_6U9_9HWTO/,https://www.instagram.com/p/B_6U9_9HWTO/,2026-06-19T22:22:43.698Z,205,63
2283,B_3MAndHSuY,p,https://www.instagram.com/thedogist/p/B_3MAndHSuY/,https://www.instagram.com/p/B_3MAndHSuY/,2026-06-19T22:22:43.698Z,205,64
2284,B_1MSTzHt0X,p,https://www.instagram.com/thedogist/p/B_1MSTzHt0X/,https://www.instagram.com/p/B_1MSTzHt0X/,2026-06-19T22:22:43.698Z,205,65
2285,B_ybSZVnwYf,p,https://www.instagram.com/thedogist/p/B_ybSZVnwYf/,https://www.instagram.com/p/B_ybSZVnwYf/,2026-06-19T22:22:43.699Z,205,66
2286,B_vzwPGHXEd,p,https://www.instagram.com/thedogist/p/B_vzwPGHXEd/,https://www.instagram.com/p/B_vzwPGHXEd/,2026-06-19T22:22:43.699Z,205,67
2287,B_teIyaHPFg,p,https://www.instagram.com/thedogist/p/B_teIyaHPFg/,https://www.instagram.com/p/B_teIyaHPFg/,2026-06-19T22:22:43.699Z,205,68
2288,B_qM26THKvk,p,https://www.instagram.com/thedogist/p/B_qM26THKvk/,https://www.instagram.com/p/B_qM26THKvk/,2026-06-19T22:22:43.699Z,205,69
2289,B_lQESLn-wP,p,https://www.instagram.com/thedogist/p/B_lQESLn-wP/,https://www.instagram.com/p/B_lQESLn-wP/,2026-06-19T22:22:43.699Z,205,70
2290,B_kpnyyn28A,p,https://www.instagram.com/thedogist/p/B_kpnyyn28A/,https://www.instagram.com/p/B_kpnyyn28A/,2026-06-19T22:22:43.699Z,205,71
2291,B_i7zBWnsIL,p,https://www.instagram.com/thedogist/p/B_i7zBWnsIL/,https://www.instagram.com/p/B_i7zBWnsIL/,2026-06-19T22:22:43.700Z,205,72
2292,B_gWW1qHmwD,p,https://www.instagram.com/thedogist/p/B_gWW1qHmwD/,https://www.instagram.com/p/B_gWW1qHmwD/,2026-06-19T22:22:43.700Z,205,73
2293,B_eAFIyHTvZ,p,https://www.instagram.com/thedogist/p/B_eAFIyHTvZ/,https://www.instagram.com/p/B_eAFIyHTvZ/,2026-06-19T22:22:45.349Z,206,59
2294,B_bLmYaHVli,p,https://www.instagram.com/thedogist/p/B_bLmYaHVli/,https://www.instagram.com/p/B_bLmYaHVli/,2026-06-19T22:22:45.349Z,206,60
2295,B_Y6CllnjKb,p,https://www.instagram.com/thedogist/p/B_Y6CllnjKb/,https://www.instagram.com/p/B_Y6CllnjKb/,2026-06-19T22:22:45.350Z,206,61
2296,B_WJQkKnZFy,p,https://www.instagram.com/thedogist/p/B_WJQkKnZFy/,https://www.instagram.com/p/B_WJQkKnZFy/,2026-06-19T22:22:45.350Z,206,62
2297,B_SuXNyn7Lh,p,https://www.instagram.com/thedogist/p/B_SuXNyn7Lh/,https://www.instagram.com/p/B_SuXNyn7Lh/,2026-06-19T22:22:45.350Z,206,63
2298,B_Qh2X0nRx3,p,https://www.instagram.com/thedogist/p/B_Qh2X0nRx3/,https://www.instagram.com/p/B_Qh2X0nRx3/,2026-06-19T22:22:45.350Z,206,64
2299,B_OQsinnPI1,p,https://www.instagram.com/thedogist/p/B_OQsinnPI1/,https://www.instagram.com/p/B_OQsinnPI1/,2026-06-19T22:22:45.351Z,206,65
2300,B_LzUw0n4jX,p,https://www.instagram.com/thedogist/p/B_LzUw0n4jX/,https://www.instagram.com/p/B_LzUw0n4jX/,2026-06-19T22:22:45.351Z,206,66
2301,B_JLgEhH7F4,p,https://www.instagram.com/thedogist/p/B_JLgEhH7F4/,https://www.instagram.com/p/B_JLgEhH7F4/,2026-06-19T22:22:45.351Z,206,67
2302,B_GQKawHejn,p,https://www.instagram.com/thedogist/p/B_GQKawHejn/,https://www.instagram.com/p/B_GQKawHejn/,2026-06-19T22:22:45.351Z,206,68
2303,B_DJ82BnhoB,p,https://www.instagram.com/thedogist/p/B_DJ82BnhoB/,https://www.instagram.com/p/B_DJ82BnhoB/,2026-06-19T22:22:45.351Z,206,69
2304,B_BdEEDnSAA,p,https://www.instagram.com/thedogist/p/B_BdEEDnSAA/,https://www.instagram.com/p/B_BdEEDnSAA/,2026-06-19T22:22:45.352Z,206,70
2305,B--9Z75nqP7,p,https://www.instagram.com/thedogist/p/B--9Z75nqP7/,https://www.instagram.com/p/B--9Z75nqP7/,2026-06-19T22:22:47.003Z,207,61
2306,B-8Wv0Mns8j,p,https://www.instagram.com/thedogist/p/B-8Wv0Mns8j/,https://www.instagram.com/p/B-8Wv0Mns8j/,2026-06-19T22:22:47.004Z,207,62
2307,B-5iCgrnyvs,p,https://www.instagram.com/thedogist/p/B-5iCgrnyvs/,https://www.instagram.com/p/B-5iCgrnyvs/,2026-06-19T22:22:47.004Z,207,63
2308,B-2Wgu5nlIe,p,https://www.instagram.com/thedogist/p/B-2Wgu5nlIe/,https://www.instagram.com/p/B-2Wgu5nlIe/,2026-06-19T22:22:47.004Z,207,64
2309,B-0SNoQHw7t,p,https://www.instagram.com/thedogist/p/B-0SNoQHw7t/,https://www.instagram.com/p/B-0SNoQHw7t/,2026-06-19T22:22:47.005Z,207,65
2310,B-xviWlnfbk,p,https://www.instagram.com/thedogist/p/B-xviWlnfbk/,https://www.instagram.com/p/B-xviWlnfbk/,2026-06-19T22:22:47.005Z,207,66
2311,B-vLV8IHySq,p,https://www.instagram.com/thedogist/p/B-vLV8IHySq/,https://www.instagram.com/p/B-vLV8IHySq/,2026-06-19T22:22:47.005Z,207,67
2312,B-smh-KnKXR,p,https://www.instagram.com/thedogist/p/B-smh-KnKXR/,https://www.instagram.com/p/B-smh-KnKXR/,2026-06-19T22:22:47.006Z,207,68
2313,B-sIzm4nz7C,p,https://www.instagram.com/thedogist/p/B-sIzm4nz7C/,https://www.instagram.com/p/B-sIzm4nz7C/,2026-06-19T22:22:47.006Z,207,69
2314,B-pdtY9n86A,p,https://www.instagram.com/thedogist/p/B-pdtY9n86A/,https://www.instagram.com/p/B-pdtY9n86A/,2026-06-19T22:22:47.006Z,207,70
2315,B-nNz-On_00,p,https://www.instagram.com/thedogist/p/B-nNz-On_00/,https://www.instagram.com/p/B-nNz-On_00/,2026-06-19T22:22:47.006Z,207,71
2316,B-lKjCuHnWD,p,https://www.instagram.com/thedogist/p/B-lKjCuHnWD/,https://www.instagram.com/p/B-lKjCuHnWD/,2026-06-19T22:22:47.006Z,207,72
2317,B-im79mHbOP,p,https://www.instagram.com/thedogist/p/B-im79mHbOP/,https://www.instagram.com/p/B-im79mHbOP/,2026-06-19T22:22:48.659Z,208,58
2318,B-gFPWLHG_8,p,https://www.instagram.com/thedogist/p/B-gFPWLHG_8/,https://www.instagram.com/p/B-gFPWLHG_8/,2026-06-19T22:22:48.659Z,208,59
2319,B-fJrStnniw,p,https://www.instagram.com/thedogist/p/B-fJrStnniw/,https://www.instagram.com/p/B-fJrStnniw/,2026-06-19T22:22:48.660Z,208,60
2320,B-dU12DHdIz,p,https://www.instagram.com/thedogist/p/B-dU12DHdIz/,https://www.instagram.com/p/B-dU12DHdIz/,2026-06-19T22:22:48.660Z,208,61
2321,B-cb7sDHVYS,p,https://www.instagram.com/thedogist/p/B-cb7sDHVYS/,https://www.instagram.com/p/B-cb7sDHVYS/,2026-06-19T22:22:48.660Z,208,62
2322,B-arBA7nIak,p,https://www.instagram.com/thedogist/p/B-arBA7nIak/,https://www.instagram.com/p/B-arBA7nIak/,2026-06-19T22:22:48.660Z,208,63
2323,B-aDW5GnNlU,p,https://www.instagram.com/thedogist/p/B-aDW5GnNlU/,https://www.instagram.com/p/B-aDW5GnNlU/,2026-06-19T22:22:48.661Z,208,64
2324,B-Yb3-xnfkF,p,https://www.instagram.com/thedogist/p/B-Yb3-xnfkF/,https://www.instagram.com/p/B-Yb3-xnfkF/,2026-06-19T22:22:48.661Z,208,65
2325,B-YFtKGHTcF,p,https://www.instagram.com/thedogist/p/B-YFtKGHTcF/,https://www.instagram.com/p/B-YFtKGHTcF/,2026-06-19T22:22:48.661Z,208,66
2326,B-VhcCgHxfv,p,https://www.instagram.com/thedogist/p/B-VhcCgHxfv/,https://www.instagram.com/p/B-VhcCgHxfv/,2026-06-19T22:22:48.661Z,208,67
2327,B-Shs-DnGDK,p,https://www.instagram.com/thedogist/p/B-Shs-DnGDK/,https://www.instagram.com/p/B-Shs-DnGDK/,2026-06-19T22:22:48.662Z,208,68
2328,B-QOrakn3dU,p,https://www.instagram.com/thedogist/p/B-QOrakn3dU/,https://www.instagram.com/p/B-QOrakn3dU/,2026-06-19T22:22:48.662Z,208,69
2329,B-PZu-Jn9HI,p,https://www.instagram.com/thedogist/p/B-PZu-Jn9HI/,https://www.instagram.com/p/B-PZu-Jn9HI/,2026-06-19T22:22:50.311Z,209,60
2330,B-OGScQHTQa,p,https://www.instagram.com/thedogist/p/B-OGScQHTQa/,https://www.instagram.com/p/B-OGScQHTQa/,2026-06-19T22:22:50.311Z,209,61
2331,B-NLQSuHZ21,p,https://www.instagram.com/thedogist/p/B-NLQSuHZ21/,https://www.instagram.com/p/B-NLQSuHZ21/,2026-06-19T22:22:50.312Z,209,62
2332,B-KouLlH-E1,p,https://www.instagram.com/thedogist/p/B-KouLlH-E1/,https://www.instagram.com/p/B-KouLlH-E1/,2026-06-19T22:22:50.312Z,209,63
2333,B-IuZRcH-TE,p,https://www.instagram.com/thedogist/p/B-IuZRcH-TE/,https://www.instagram.com/p/B-IuZRcH-TE/,2026-06-19T22:22:50.312Z,209,64
2334,B-FhSB9Hscy,p,https://www.instagram.com/thedogist/p/B-FhSB9Hscy/,https://www.instagram.com/p/B-FhSB9Hscy/,2026-06-19T22:22:50.313Z,209,65
2335,B-DjS18H4X7,p,https://www.instagram.com/thedogist/p/B-DjS18H4X7/,https://www.instagram.com/p/B-DjS18H4X7/,2026-06-19T22:22:50.313Z,209,66
2336,B-A3u0-H4-N,p,https://www.instagram.com/thedogist/p/B-A3u0-H4-N/,https://www.instagram.com/p/B-A3u0-H4-N/,2026-06-19T22:22:50.313Z,209,67
2337,B-AVSLQHIBs,p,https://www.instagram.com/thedogist/p/B-AVSLQHIBs/,https://www.instagram.com/p/B-AVSLQHIBs/,2026-06-19T22:22:50.313Z,209,68
2338,B99mZk7nW3w,p,https://www.instagram.com/thedogist/p/B99mZk7nW3w/,https://www.instagram.com/p/B99mZk7nW3w/,2026-06-19T22:22:50.313Z,209,69
2339,B97sOPUn59n,p,https://www.instagram.com/thedogist/p/B97sOPUn59n/,https://www.instagram.com/p/B97sOPUn59n/,2026-06-19T22:22:50.314Z,209,70
2340,B95Q8_PnX--,p,https://www.instagram.com/thedogist/p/B95Q8_PnX--/,https://www.instagram.com/p/B95Q8_PnX--/,2026-06-19T22:22:50.314Z,209,71
2341,B949vxBHL-r,p,https://www.instagram.com/thedogist/p/B949vxBHL-r/,https://www.instagram.com/p/B949vxBHL-r/,2026-06-19T22:22:52.065Z,210,62
2342,B92Ozj0nzws,p,https://www.instagram.com/thedogist/p/B92Ozj0nzws/,https://www.instagram.com/p/B92Ozj0nzws/,2026-06-19T22:22:52.066Z,210,63
2343,B915wLPHzqr,p,https://www.instagram.com/thedogist/p/B915wLPHzqr/,https://www.instagram.com/p/B915wLPHzqr/,2026-06-19T22:22:52.066Z,210,64
2344,B90A23VnCW9,p,https://www.instagram.com/thedogist/p/B90A23VnCW9/,https://www.instagram.com/p/B90A23VnCW9/,2026-06-19T22:22:52.066Z,210,65
2345,B9zaJtpH0Pm,p,https://www.instagram.com/thedogist/p/B9zaJtpH0Pm/,https://www.instagram.com/p/B9zaJtpH0Pm/,2026-06-19T22:22:52.066Z,210,66
2346,B9xmPvvnvMl,p,https://www.instagram.com/thedogist/p/B9xmPvvnvMl/,https://www.instagram.com/p/B9xmPvvnvMl/,2026-06-19T22:22:52.067Z,210,67
2347,B9w612gnYMX,p,https://www.instagram.com/thedogist/p/B9w612gnYMX/,https://www.instagram.com/p/B9w612gnYMX/,2026-06-19T22:22:52.067Z,210,68
2348,B9uyrewHhnE,p,https://www.instagram.com/thedogist/p/B9uyrewHhnE/,https://www.instagram.com/p/B9uyrewHhnE/,2026-06-19T22:22:52.067Z,210,69
2349,B9ssFmOHcFA,p,https://www.instagram.com/thedogist/p/B9ssFmOHcFA/,https://www.instagram.com/p/B9ssFmOHcFA/,2026-06-19T22:22:52.067Z,210,70
2350,B9rlzIkH-Og,p,https://www.instagram.com/thedogist/p/B9rlzIkH-Og/,https://www.instagram.com/p/B9rlzIkH-Og/,2026-06-19T22:22:52.067Z,210,71
2351,B9o744lHQFk,p,https://www.instagram.com/thedogist/p/B9o744lHQFk/,https://www.instagram.com/p/B9o744lHQFk/,2026-06-19T22:22:52.068Z,210,72
2352,B9nQsE_nPZG,p,https://www.instagram.com/thedogist/p/B9nQsE_nPZG/,https://www.instagram.com/p/B9nQsE_nPZG/,2026-06-19T22:22:52.068Z,210,73
2353,B9mvSQ5HGIP,p,https://www.instagram.com/thedogist/p/B9mvSQ5HGIP/,https://www.instagram.com/p/B9mvSQ5HGIP/,2026-06-19T22:22:53.715Z,211,59
2354,B9kf84lHHMz,p,https://www.instagram.com/thedogist/p/B9kf84lHHMz/,https://www.instagram.com/p/B9kf84lHHMz/,2026-06-19T22:22:53.716Z,211,60
2355,B9h9UdeHjHA,p,https://www.instagram.com/thedogist/p/B9h9UdeHjHA/,https://www.instagram.com/p/B9h9UdeHjHA/,2026-06-19T22:22:53.716Z,211,61
2356,B9hmxLOHIc2,p,https://www.instagram.com/thedogist/p/B9hmxLOHIc2/,https://www.instagram.com/p/B9hmxLOHIc2/,2026-06-19T22:22:53.716Z,211,62
2357,B9euCKwn3R4,p,https://www.instagram.com/thedogist/p/B9euCKwn3R4/,https://www.instagram.com/p/B9euCKwn3R4/,2026-06-19T22:22:53.716Z,211,63
2358,B9ciKGuH2S-,p,https://www.instagram.com/thedogist/p/B9ciKGuH2S-/,https://www.instagram.com/p/B9ciKGuH2S-/,2026-06-19T22:22:53.717Z,211,64
2359,B9aIet0HzcE,p,https://www.instagram.com/thedogist/p/B9aIet0HzcE/,https://www.instagram.com/p/B9aIet0HzcE/,2026-06-19T22:22:53.717Z,211,65
2360,B9ZtgTgnAlZ,p,https://www.instagram.com/thedogist/p/B9ZtgTgnAlZ/,https://www.instagram.com/p/B9ZtgTgnAlZ/,2026-06-19T22:22:53.717Z,211,66
2361,B9Xth09HjJf,p,https://www.instagram.com/thedogist/p/B9Xth09HjJf/,https://www.instagram.com/p/B9Xth09HjJf/,2026-06-19T22:22:53.717Z,211,67
2362,B9W95ysH-fc,p,https://www.instagram.com/thedogist/p/B9W95ysH-fc/,https://www.instagram.com/p/B9W95ysH-fc/,2026-06-19T22:22:53.718Z,211,68
2363,B9VJLCtnp5O,p,https://www.instagram.com/thedogist/p/B9VJLCtnp5O/,https://www.instagram.com/p/B9VJLCtnp5O/,2026-06-19T22:22:53.718Z,211,69
2364,B9UbGHDnK_3,p,https://www.instagram.com/thedogist/p/B9UbGHDnK_3/,https://www.instagram.com/p/B9UbGHDnK_3/,2026-06-19T22:22:53.718Z,211,70
2365,B9ShCm1nwwp,p,https://www.instagram.com/thedogist/p/B9ShCm1nwwp/,https://www.instagram.com/p/B9ShCm1nwwp/,2026-06-19T22:22:55.370Z,212,61
2366,B9SC5wHny5Z,p,https://www.instagram.com/thedogist/p/B9SC5wHny5Z/,https://www.instagram.com/p/B9SC5wHny5Z/,2026-06-19T22:22:55.371Z,212,62
2367,B9QXVvAH-lz,p,https://www.instagram.com/thedogist/p/B9QXVvAH-lz/,https://www.instagram.com/p/B9QXVvAH-lz/,2026-06-19T22:22:55.371Z,212,63
2368,B9QAErRHCqs,p,https://www.instagram.com/thedogist/p/B9QAErRHCqs/,https://www.instagram.com/p/B9QAErRHCqs/,2026-06-19T22:22:55.372Z,212,64
2369,B9PMMiAnhXb,p,https://www.instagram.com/thedogist/p/B9PMMiAnhXb/,https://www.instagram.com/p/B9PMMiAnhXb/,2026-06-19T22:22:55.372Z,212,65
2370,B9N6IB5ns_q,p,https://www.instagram.com/thedogist/p/B9N6IB5ns_q/,https://www.instagram.com/p/B9N6IB5ns_q/,2026-06-19T22:22:55.372Z,212,66
2371,B9M4Bkwn7oG,p,https://www.instagram.com/thedogist/p/B9M4Bkwn7oG/,https://www.instagram.com/p/B9M4Bkwn7oG/,2026-06-19T22:22:55.372Z,212,67
2372,B9MsEFLnKMC,p,https://www.instagram.com/thedogist/p/B9MsEFLnKMC/,https://www.instagram.com/p/B9MsEFLnKMC/,2026-06-19T22:22:55.372Z,212,68
2373,B9K0GnJHlUi,p,https://www.instagram.com/thedogist/p/B9K0GnJHlUi/,https://www.instagram.com/p/B9K0GnJHlUi/,2026-06-19T22:22:55.372Z,212,69
2374,B9KCVdYHkzA,p,https://www.instagram.com/thedogist/p/B9KCVdYHkzA/,https://www.instagram.com/p/B9KCVdYHkzA/,2026-06-19T22:22:55.373Z,212,70
2375,B9ITkUpnnwd,p,https://www.instagram.com/thedogist/p/B9ITkUpnnwd/,https://www.instagram.com/p/B9ITkUpnnwd/,2026-06-19T22:22:55.373Z,212,71
2376,B9GMjUWHHX3,p,https://www.instagram.com/thedogist/p/B9GMjUWHHX3/,https://www.instagram.com/p/B9GMjUWHHX3/,2026-06-19T22:22:55.373Z,212,72
2377,B9FAQbKnpBD,p,https://www.instagram.com/thedogist/p/B9FAQbKnpBD/,https://www.instagram.com/p/B9FAQbKnpBD/,2026-06-19T22:22:57.017Z,213,58
2378,B9DS3Uknbc1,p,https://www.instagram.com/thedogist/p/B9DS3Uknbc1/,https://www.instagram.com/p/B9DS3Uknbc1/,2026-06-19T22:22:57.018Z,213,59
2379,B9Auk3nnzpf,p,https://www.instagram.com/thedogist/p/B9Auk3nnzpf/,https://www.instagram.com/p/B9Auk3nnzpf/,2026-06-19T22:22:57.018Z,213,60
2380,B9ANaXfnhj2,p,https://www.instagram.com/thedogist/p/B9ANaXfnhj2/,https://www.instagram.com/p/B9ANaXfnhj2/,2026-06-19T22:22:57.019Z,213,61
2381,B8-CnzynqD9,p,https://www.instagram.com/thedogist/p/B8-CnzynqD9/,https://www.instagram.com/p/B8-CnzynqD9/,2026-06-19T22:22:57.019Z,213,62
2382,B89QvGlnSi_,p,https://www.instagram.com/thedogist/p/B89QvGlnSi_/,https://www.instagram.com/p/B89QvGlnSi_/,2026-06-19T22:22:57.019Z,213,63
2383,B87Z7hPn1N3,p,https://www.instagram.com/thedogist/p/B87Z7hPn1N3/,https://www.instagram.com/p/B87Z7hPn1N3/,2026-06-19T22:22:57.019Z,213,64
2384,B84weewn89k,p,https://www.instagram.com/thedogist/p/B84weewn89k/,https://www.instagram.com/p/B84weewn89k/,2026-06-19T22:22:57.020Z,213,65
2385,B83_xZKnbah,p,https://www.instagram.com/thedogist/p/B83_xZKnbah/,https://www.instagram.com/p/B83_xZKnbah/,2026-06-19T22:22:57.020Z,213,66
2386,B81-2U7nagg,p,https://www.instagram.com/thedogist/p/B81-2U7nagg/,https://www.instagram.com/p/B81-2U7nagg/,2026-06-19T22:22:57.020Z,213,67
2387,B8zrQpgH2ui,p,https://www.instagram.com/thedogist/p/B8zrQpgH2ui/,https://www.instagram.com/p/B8zrQpgH2ui/,2026-06-19T22:22:57.020Z,213,68
2388,B8xVQW2Hx5k,p,https://www.instagram.com/thedogist/p/B8xVQW2Hx5k/,https://www.instagram.com/p/B8xVQW2Hx5k/,2026-06-19T22:22:57.021Z,213,69
2389,B8wlv2EnJvq,p,https://www.instagram.com/thedogist/p/B8wlv2EnJvq/,https://www.instagram.com/p/B8wlv2EnJvq/,2026-06-19T22:22:58.676Z,214,60
2390,B8u0jpbH8gy,p,https://www.instagram.com/thedogist/p/B8u0jpbH8gy/,https://www.instagram.com/p/B8u0jpbH8gy/,2026-06-19T22:22:58.676Z,214,61
2391,B8uIPfrHEV6,p,https://www.instagram.com/thedogist/p/B8uIPfrHEV6/,https://www.instagram.com/p/B8uIPfrHEV6/,2026-06-19T22:22:58.677Z,214,62
2392,B8rYK1UHXKk,p,https://www.instagram.com/thedogist/p/B8rYK1UHXKk/,https://www.instagram.com/p/B8rYK1UHXKk/,2026-06-19T22:22:58.677Z,214,63
2393,B8pOPpIHvNf,p,https://www.instagram.com/thedogist/p/B8pOPpIHvNf/,https://www.instagram.com/p/B8pOPpIHvNf/,2026-06-19T22:22:58.677Z,214,64
2394,B8o83wXnfsy,p,https://www.instagram.com/thedogist/p/B8o83wXnfsy/,https://www.instagram.com/p/B8o83wXnfsy/,2026-06-19T22:22:58.677Z,214,65
2395,B8nCOKsHLtj,p,https://www.instagram.com/thedogist/p/B8nCOKsHLtj/,https://www.instagram.com/p/B8nCOKsHLtj/,2026-06-19T22:22:58.677Z,214,66
2396,B8mcH3Gnbxu,p,https://www.instagram.com/thedogist/p/B8mcH3Gnbxu/,https://www.instagram.com/p/B8mcH3Gnbxu/,2026-06-19T22:22:58.678Z,214,67
2397,B8koTwknHwJ,p,https://www.instagram.com/thedogist/p/B8koTwknHwJ/,https://www.instagram.com/p/B8koTwknHwJ/,2026-06-19T22:22:58.678Z,214,68
2398,B8kQHCcnOua,p,https://www.instagram.com/thedogist/p/B8kQHCcnOua/,https://www.instagram.com/p/B8kQHCcnOua/,2026-06-19T22:22:58.678Z,214,69
2399,B8jhS8EntW8,p,https://www.instagram.com/thedogist/p/B8jhS8EntW8/,https://www.instagram.com/p/B8jhS8EntW8/,2026-06-19T22:22:58.679Z,214,70
2400,B8iPUgeHxdP,p,https://www.instagram.com/thedogist/p/B8iPUgeHxdP/,https://www.instagram.com/p/B8iPUgeHxdP/,2026-06-19T22:22:58.679Z,214,71
2401,B8fBeJ7nAFl,p,https://www.instagram.com/thedogist/p/B8fBeJ7nAFl/,https://www.instagram.com/p/B8fBeJ7nAFl/,2026-06-19T22:23:00.327Z,215,62
2402,B8dK4t1Hi--,p,https://www.instagram.com/thedogist/p/B8dK4t1Hi--/,https://www.instagram.com/p/B8dK4t1Hi--/,2026-06-19T22:23:00.327Z,215,63
2403,B8c32G3HzKe,p,https://www.instagram.com/thedogist/p/B8c32G3HzKe/,https://www.instagram.com/p/B8c32G3HzKe/,2026-06-19T22:23:00.328Z,215,64
2404,B8ckNXEntQM,p,https://www.instagram.com/thedogist/p/B8ckNXEntQM/,https://www.instagram.com/p/B8ckNXEntQM/,2026-06-19T22:23:00.328Z,215,65
2405,B8cFEkcntEo,p,https://www.instagram.com/thedogist/p/B8cFEkcntEo/,https://www.instagram.com/p/B8cFEkcntEo/,2026-06-19T22:23:00.328Z,215,66
2406,B8aEaOon7mr,p,https://www.instagram.com/thedogist/p/B8aEaOon7mr/,https://www.instagram.com/p/B8aEaOon7mr/,2026-06-19T22:23:00.329Z,215,67
2407,B8ZrhCBnpqP,p,https://www.instagram.com/thedogist/p/B8ZrhCBnpqP/,https://www.instagram.com/p/B8ZrhCBnpqP/,2026-06-19T22:23:00.329Z,215,68
2408,B8XwSzAn9Y7,p,https://www.instagram.com/thedogist/p/B8XwSzAn9Y7/,https://www.instagram.com/p/B8XwSzAn9Y7/,2026-06-19T22:23:00.329Z,215,69
2409,B8XJTdMneYe,p,https://www.instagram.com/thedogist/p/B8XJTdMneYe/,https://www.instagram.com/p/B8XJTdMneYe/,2026-06-19T22:23:00.329Z,215,70
2410,B8UvM-enjDH,p,https://www.instagram.com/thedogist/p/B8UvM-enjDH/,https://www.instagram.com/p/B8UvM-enjDH/,2026-06-19T22:23:00.330Z,215,71
2411,B8UrlFNHag-,p,https://www.instagram.com/thedogist/p/B8UrlFNHag-/,https://www.instagram.com/p/B8UrlFNHag-/,2026-06-19T22:23:00.330Z,215,72
2412,B8SWRw6Hkn7,p,https://www.instagram.com/thedogist/p/B8SWRw6Hkn7/,https://www.instagram.com/p/B8SWRw6Hkn7/,2026-06-19T22:23:00.330Z,215,73
2413,B8PFYqGHS8K,p,https://www.instagram.com/thedogist/p/B8PFYqGHS8K/,https://www.instagram.com/p/B8PFYqGHS8K/,2026-06-19T22:23:01.987Z,216,59
2414,B8M7aGznYKt,p,https://www.instagram.com/thedogist/p/B8M7aGznYKt/,https://www.instagram.com/p/B8M7aGznYKt/,2026-06-19T22:23:01.987Z,216,60
2415,B8K-eLOnKEw,p,https://www.instagram.com/thedogist/p/B8K-eLOnKEw/,https://www.instagram.com/p/B8K-eLOnKEw/,2026-06-19T22:23:01.987Z,216,61
2416,B8KLJfkHfSd,p,https://www.instagram.com/thedogist/p/B8KLJfkHfSd/,https://www.instagram.com/p/B8KLJfkHfSd/,2026-06-19T22:23:01.988Z,216,62
2417,B8IKjG_Hrgs,p,https://www.instagram.com/thedogist/p/B8IKjG_Hrgs/,https://www.instagram.com/p/B8IKjG_Hrgs/,2026-06-19T22:23:01.988Z,216,63
2418,B8HnnGqnL24,p,https://www.instagram.com/thedogist/p/B8HnnGqnL24/,https://www.instagram.com/p/B8HnnGqnL24/,2026-06-19T22:23:01.988Z,216,64
2419,B8FDSfYHG_d,p,https://www.instagram.com/thedogist/p/B8FDSfYHG_d/,https://www.instagram.com/p/B8FDSfYHG_d/,2026-06-19T22:23:01.988Z,216,65
2420,B8EqNSAHjHu,p,https://www.instagram.com/thedogist/p/B8EqNSAHjHu/,https://www.instagram.com/p/B8EqNSAHjHu/,2026-06-19T22:23:01.989Z,216,66
2421,B8DFYzJHosE,p,https://www.instagram.com/thedogist/p/B8DFYzJHosE/,https://www.instagram.com/p/B8DFYzJHosE/,2026-06-19T22:23:01.989Z,216,67
2422,B8CUCiqnL9H,p,https://www.instagram.com/thedogist/p/B8CUCiqnL9H/,https://www.instagram.com/p/B8CUCiqnL9H/,2026-06-19T22:23:01.989Z,216,68
2423,B8AcqHcnDkv,p,https://www.instagram.com/thedogist/p/B8AcqHcnDkv/,https://www.instagram.com/p/B8AcqHcnDkv/,2026-06-19T22:23:01.989Z,216,69
2424,B79NC2_Hzko,p,https://www.instagram.com/thedogist/p/B79NC2_Hzko/,https://www.instagram.com/p/B79NC2_Hzko/,2026-06-19T22:23:01.989Z,216,70
2425,B764Bx0no7S,p,https://www.instagram.com/thedogist/p/B764Bx0no7S/,https://www.instagram.com/p/B764Bx0no7S/,2026-06-19T22:23:03.640Z,217,61
2426,B74TdpLntoZ,p,https://www.instagram.com/thedogist/p/B74TdpLntoZ/,https://www.instagram.com/p/B74TdpLntoZ/,2026-06-19T22:23:03.641Z,217,62
2427,B72If7HHvoZ,p,https://www.instagram.com/thedogist/p/B72If7HHvoZ/,https://www.instagram.com/p/B72If7HHvoZ/,2026-06-19T22:23:03.641Z,217,63
2428,B7zk1GcnLLX,p,https://www.instagram.com/thedogist/p/B7zk1GcnLLX/,https://www.instagram.com/p/B7zk1GcnLLX/,2026-06-19T22:23:03.641Z,217,64
2429,B7w3UETHUzK,p,https://www.instagram.com/thedogist/p/B7w3UETHUzK/,https://www.instagram.com/p/B7w3UETHUzK/,2026-06-19T22:23:03.641Z,217,65
2430,B7ugB2kn3yk,p,https://www.instagram.com/thedogist/p/B7ugB2kn3yk/,https://www.instagram.com/p/B7ugB2kn3yk/,2026-06-19T22:23:03.642Z,217,66
2431,B7tN24FHB8-,p,https://www.instagram.com/thedogist/p/B7tN24FHB8-/,https://www.instagram.com/p/B7tN24FHB8-/,2026-06-19T22:23:03.642Z,217,67
2432,B7rtVuCHXLg,p,https://www.instagram.com/thedogist/p/B7rtVuCHXLg/,https://www.instagram.com/p/B7rtVuCHXLg/,2026-06-19T22:23:03.642Z,217,68
2433,B7o0oGgnqAL,p,https://www.instagram.com/thedogist/p/B7o0oGgnqAL/,https://www.instagram.com/p/B7o0oGgnqAL/,2026-06-19T22:23:03.642Z,217,69
2434,B7mrvBcnuKA,p,https://www.instagram.com/thedogist/p/B7mrvBcnuKA/,https://www.instagram.com/p/B7mrvBcnuKA/,2026-06-19T22:23:03.642Z,217,70
2435,B7j5W4IHDCp,p,https://www.instagram.com/thedogist/p/B7j5W4IHDCp/,https://www.instagram.com/p/B7j5W4IHDCp/,2026-06-19T22:23:03.643Z,217,71
2436,B7ha4NpH_Pq,p,https://www.instagram.com/thedogist/p/B7ha4NpH_Pq/,https://www.instagram.com/p/B7ha4NpH_Pq/,2026-06-19T22:23:03.643Z,217,72
2437,B7eixGsnYCQ,p,https://www.instagram.com/thedogist/p/B7eixGsnYCQ/,https://www.instagram.com/p/B7eixGsnYCQ/,2026-06-19T22:23:05.295Z,218,58
2438,B7cKthFHH_A,p,https://www.instagram.com/thedogist/p/B7cKthFHH_A/,https://www.instagram.com/p/B7cKthFHH_A/,2026-06-19T22:23:05.296Z,218,59
2439,B7Zg--qndGQ,p,https://www.instagram.com/thedogist/p/B7Zg--qndGQ/,https://www.instagram.com/p/B7Zg--qndGQ/,2026-06-19T22:23:05.296Z,218,60
2440,B7W1ilnn9tC,p,https://www.instagram.com/thedogist/p/B7W1ilnn9tC/,https://www.instagram.com/p/B7W1ilnn9tC/,2026-06-19T22:23:05.297Z,218,61
2441,B7WZqCXH1c1,p,https://www.instagram.com/thedogist/p/B7WZqCXH1c1/,https://www.instagram.com/p/B7WZqCXH1c1/,2026-06-19T22:23:05.297Z,218,62
2442,B7UFRHUHdHW,p,https://www.instagram.com/thedogist/p/B7UFRHUHdHW/,https://www.instagram.com/p/B7UFRHUHdHW/,2026-06-19T22:23:05.297Z,218,63
2443,B7RyNtJHs5_,p,https://www.instagram.com/thedogist/p/B7RyNtJHs5_/,https://www.instagram.com/p/B7RyNtJHs5_/,2026-06-19T22:23:05.297Z,218,64
2444,B7PVlgXH4bt,p,https://www.instagram.com/thedogist/p/B7PVlgXH4bt/,https://www.instagram.com/p/B7PVlgXH4bt/,2026-06-19T22:23:05.298Z,218,65
2445,B7OgO23HmLj,p,https://www.instagram.com/thedogist/p/B7OgO23HmLj/,https://www.instagram.com/p/B7OgO23HmLj/,2026-06-19T22:23:05.298Z,218,66
2446,B7MO-6Ynb2V,p,https://www.instagram.com/thedogist/p/B7MO-6Ynb2V/,https://www.instagram.com/p/B7MO-6Ynb2V/,2026-06-19T22:23:05.298Z,218,67
2447,B7JoTCOnHtJ,p,https://www.instagram.com/thedogist/p/B7JoTCOnHtJ/,https://www.instagram.com/p/B7JoTCOnHtJ/,2026-06-19T22:23:05.299Z,218,68
2448,B7HcE-4nZ6N,p,https://www.instagram.com/thedogist/p/B7HcE-4nZ6N/,https://www.instagram.com/p/B7HcE-4nZ6N/,2026-06-19T22:23:05.299Z,218,69
2449,B7EV99nHcc1,p,https://www.instagram.com/thedogist/p/B7EV99nHcc1/,https://www.instagram.com/p/B7EV99nHcc1/,2026-06-19T22:23:06.950Z,219,60
2450,B7CKf0dnBLN,p,https://www.instagram.com/thedogist/p/B7CKf0dnBLN/,https://www.instagram.com/p/B7CKf0dnBLN/,2026-06-19T22:23:06.950Z,219,61
2451,B6_S8wIHftk,p,https://www.instagram.com/thedogist/p/B6_S8wIHftk/,https://www.instagram.com/p/B6_S8wIHftk/,2026-06-19T22:23:06.951Z,219,62
2452,B69RIv1nA8X,p,https://www.instagram.com/thedogist/p/B69RIv1nA8X/,https://www.instagram.com/p/B69RIv1nA8X/,2026-06-19T22:23:06.951Z,219,63
2453,B66y97Jntb7,p,https://www.instagram.com/thedogist/p/B66y97Jntb7/,https://www.instagram.com/p/B66y97Jntb7/,2026-06-19T22:23:06.951Z,219,64
2454,B66P5OwnRNd,p,https://www.instagram.com/thedogist/p/B66P5OwnRNd/,https://www.instagram.com/p/B66P5OwnRNd/,2026-06-19T22:23:06.952Z,219,65
2455,B64TCYJHekm,p,https://www.instagram.com/thedogist/p/B64TCYJHekm/,https://www.instagram.com/p/B64TCYJHekm/,2026-06-19T22:23:06.952Z,219,66
2456,B63q6F3ndit,p,https://www.instagram.com/thedogist/p/B63q6F3ndit/,https://www.instagram.com/p/B63q6F3ndit/,2026-06-19T22:23:06.952Z,219,67
2457,B61lfocHkUa,p,https://www.instagram.com/thedogist/p/B61lfocHkUa/,https://www.instagram.com/p/B61lfocHkUa/,2026-06-19T22:23:06.952Z,219,68
2458,B6zIBsqHEBU,p,https://www.instagram.com/thedogist/p/B6zIBsqHEBU/,https://www.instagram.com/p/B6zIBsqHEBU/,2026-06-19T22:23:06.953Z,219,69
2459,B6v8kThn-Tw,p,https://www.instagram.com/thedogist/p/B6v8kThn-Tw/,https://www.instagram.com/p/B6v8kThn-Tw/,2026-06-19T22:23:06.953Z,219,70
2460,B6vqzsLHLOo,p,https://www.instagram.com/thedogist/p/B6vqzsLHLOo/,https://www.instagram.com/p/B6vqzsLHLOo/,2026-06-19T22:23:06.953Z,219,71
2461,B6t6e_0HbUH,p,https://www.instagram.com/thedogist/p/B6t6e_0HbUH/,https://www.instagram.com/p/B6t6e_0HbUH/,2026-06-19T22:23:08.610Z,220,62
2462,B6tKhixHxcA,p,https://www.instagram.com/thedogist/p/B6tKhixHxcA/,https://www.instagram.com/p/B6tKhixHxcA/,2026-06-19T22:23:08.611Z,220,63
2463,B6qxCf1H6L9,p,https://www.instagram.com/thedogist/p/B6qxCf1H6L9/,https://www.instagram.com/p/B6qxCf1H6L9/,2026-06-19T22:23:08.611Z,220,64
2464,B6oxurdHuRa,p,https://www.instagram.com/thedogist/p/B6oxurdHuRa/,https://www.instagram.com/p/B6oxurdHuRa/,2026-06-19T22:23:08.612Z,220,65
2465,B6mCtnEH1oQ,p,https://www.instagram.com/thedogist/p/B6mCtnEH1oQ/,https://www.instagram.com/p/B6mCtnEH1oQ/,2026-06-19T22:23:08.612Z,220,66
2466,B6jqFkWnnvI,p,https://www.instagram.com/thedogist/p/B6jqFkWnnvI/,https://www.instagram.com/p/B6jqFkWnnvI/,2026-06-19T22:23:08.612Z,220,67
2467,B6i0hgdnPF4,p,https://www.instagram.com/thedogist/p/B6i0hgdnPF4/,https://www.instagram.com/p/B6i0hgdnPF4/,2026-06-19T22:23:08.612Z,220,68
2468,B6hE04bn2se,p,https://www.instagram.com/thedogist/p/B6hE04bn2se/,https://www.instagram.com/p/B6hE04bn2se/,2026-06-19T22:23:08.613Z,220,69
2469,B6f9qWknNgU,p,https://www.instagram.com/thedogist/p/B6f9qWknNgU/,https://www.instagram.com/p/B6f9qWknNgU/,2026-06-19T22:23:08.613Z,220,70
2470,B6evnSknQba,p,https://www.instagram.com/thedogist/p/B6evnSknQba/,https://www.instagram.com/p/B6evnSknQba/,2026-06-19T22:23:08.614Z,220,71
2471,B6eH74THtfl,p,https://www.instagram.com/thedogist/p/B6eH74THtfl/,https://www.instagram.com/p/B6eH74THtfl/,2026-06-19T22:23:08.614Z,220,72
2472,B6bx78BnDV0,p,https://www.instagram.com/thedogist/p/B6bx78BnDV0/,https://www.instagram.com/p/B6bx78BnDV0/,2026-06-19T22:23:08.614Z,220,73
2473,B6ZCPZpnFHe,p,https://www.instagram.com/thedogist/p/B6ZCPZpnFHe/,https://www.instagram.com/p/B6ZCPZpnFHe/,2026-06-19T22:23:10.267Z,221,59
2474,B6W7rXaHKNi,p,https://www.instagram.com/thedogist/p/B6W7rXaHKNi/,https://www.instagram.com/p/B6W7rXaHKNi/,2026-06-19T22:23:10.268Z,221,60
2475,B6WbN4kn_uc,p,https://www.instagram.com/thedogist/p/B6WbN4kn_uc/,https://www.instagram.com/p/B6WbN4kn_uc/,2026-06-19T22:23:10.268Z,221,61
2476,B6UHvZgnkwg,p,https://www.instagram.com/thedogist/p/B6UHvZgnkwg/,https://www.instagram.com/p/B6UHvZgnkwg/,2026-06-19T22:23:10.268Z,221,62
2477,B6TmozYHIRq,p,https://www.instagram.com/thedogist/p/B6TmozYHIRq/,https://www.instagram.com/p/B6TmozYHIRq/,2026-06-19T22:23:10.268Z,221,63
2478,B6TTQQhn09V,p,https://www.instagram.com/thedogist/p/B6TTQQhn09V/,https://www.instagram.com/p/B6TTQQhn09V/,2026-06-19T22:23:10.269Z,221,64
2479,B6RbXNjHxsA,p,https://www.instagram.com/thedogist/p/B6RbXNjHxsA/,https://www.instagram.com/p/B6RbXNjHxsA/,2026-06-19T22:23:10.269Z,221,65
2480,B6OwSnnHkoI,p,https://www.instagram.com/thedogist/p/B6OwSnnHkoI/,https://www.instagram.com/p/B6OwSnnHkoI/,2026-06-19T22:23:10.269Z,221,66
2481,B6MDeEMn_iF,p,https://www.instagram.com/thedogist/p/B6MDeEMn_iF/,https://www.instagram.com/p/B6MDeEMn_iF/,2026-06-19T22:23:10.269Z,221,67
2482,B6LmpWxHhws,p,https://www.instagram.com/thedogist/p/B6LmpWxHhws/,https://www.instagram.com/p/B6LmpWxHhws/,2026-06-19T22:23:10.269Z,221,68
2483,B6JkTlQH54H,p,https://www.instagram.com/thedogist/p/B6JkTlQH54H/,https://www.instagram.com/p/B6JkTlQH54H/,2026-06-19T22:23:10.269Z,221,69
2484,B6HID1IHbbN,p,https://www.instagram.com/thedogist/p/B6HID1IHbbN/,https://www.instagram.com/p/B6HID1IHbbN/,2026-06-19T22:23:10.270Z,221,70
2485,B6G_alfH97D,p,https://www.instagram.com/thedogist/p/B6G_alfH97D/,https://www.instagram.com/p/B6G_alfH97D/,2026-06-19T22:23:12.084Z,222,61
2486,B6EpvZcntu6,p,https://www.instagram.com/thedogist/p/B6EpvZcntu6/,https://www.instagram.com/p/B6EpvZcntu6/,2026-06-19T22:23:12.084Z,222,62
2487,B6ESTS4HOYW,p,https://www.instagram.com/thedogist/p/B6ESTS4HOYW/,https://www.instagram.com/p/B6ESTS4HOYW/,2026-06-19T22:23:12.084Z,222,63
2488,B6CR_Ajn23X,p,https://www.instagram.com/thedogist/p/B6CR_Ajn23X/,https://www.instagram.com/p/B6CR_Ajn23X/,2026-06-19T22:23:12.084Z,222,64
2489,B6BZKbNHPY3,p,https://www.instagram.com/thedogist/p/B6BZKbNHPY3/,https://www.instagram.com/p/B6BZKbNHPY3/,2026-06-19T22:23:12.084Z,222,65
2490,B6BDVvbHLbt,p,https://www.instagram.com/thedogist/p/B6BDVvbHLbt/,https://www.instagram.com/p/B6BDVvbHLbt/,2026-06-19T22:23:12.085Z,222,66
2491,B5_CsSDnabN,p,https://www.instagram.com/thedogist/p/B5_CsSDnabN/,https://www.instagram.com/p/B5_CsSDnabN/,2026-06-19T22:23:12.085Z,222,67
2492,B586RVan4cI,p,https://www.instagram.com/thedogist/p/B586RVan4cI/,https://www.instagram.com/p/B586RVan4cI/,2026-06-19T22:23:12.085Z,222,68
2493,B58ouMCHO8F,p,https://www.instagram.com/thedogist/p/B58ouMCHO8F/,https://www.instagram.com/p/B58ouMCHO8F/,2026-06-19T22:23:12.085Z,222,69
2494,B58NMwmHj6Q,p,https://www.instagram.com/thedogist/p/B58NMwmHj6Q/,https://www.instagram.com/p/B58NMwmHj6Q/,2026-06-19T22:23:12.085Z,222,70
2495,B56vKs9ndMk,p,https://www.instagram.com/thedogist/p/B56vKs9ndMk/,https://www.instagram.com/p/B56vKs9ndMk/,2026-06-19T22:23:12.085Z,222,71
2496,B556mRhnZFi,p,https://www.instagram.com/thedogist/p/B556mRhnZFi/,https://www.instagram.com/p/B556mRhnZFi/,2026-06-19T22:23:12.085Z,222,72
2497,B55o0Sun8IE,p,https://www.instagram.com/thedogist/p/B55o0Sun8IE/,https://www.instagram.com/p/B55o0Sun8IE/,2026-06-19T22:23:13.734Z,223,58
2498,B54A_jxn7LS,p,https://www.instagram.com/thedogist/p/B54A_jxn7LS/,https://www.instagram.com/p/B54A_jxn7LS/,2026-06-19T22:23:13.734Z,223,59
2499,B53TCkLHP34,p,https://www.instagram.com/thedogist/p/B53TCkLHP34/,https://www.instagram.com/p/B53TCkLHP34/,2026-06-19T22:23:13.734Z,223,60
2500,B527YQInS1W,p,https://www.instagram.com/thedogist/p/B527YQInS1W/,https://www.instagram.com/p/B527YQInS1W/,2026-06-19T22:23:13.735Z,223,61
2501,B51Nu2ZnO4M,p,https://www.instagram.com/thedogist/p/B51Nu2ZnO4M/,https://www.instagram.com/p/B51Nu2ZnO4M/,2026-06-19T22:23:13.735Z,223,62
2502,B50MynFn7vg,p,https://www.instagram.com/thedogist/p/B50MynFn7vg/,https://www.instagram.com/p/B50MynFn7vg/,2026-06-19T22:23:13.735Z,223,63
2503,B5zHPYWHF5e,p,https://www.instagram.com/thedogist/p/B5zHPYWHF5e/,https://www.instagram.com/p/B5zHPYWHF5e/,2026-06-19T22:23:13.735Z,223,64
2504,B5xjUvynEly,p,https://www.instagram.com/thedogist/p/B5xjUvynEly/,https://www.instagram.com/p/B5xjUvynEly/,2026-06-19T22:23:13.735Z,223,65
2505,B5vOH8_nGvF,p,https://www.instagram.com/thedogist/p/B5vOH8_nGvF/,https://www.instagram.com/p/B5vOH8_nGvF/,2026-06-19T22:23:13.736Z,223,66
2506,B5tCAcAnTi6,p,https://www.instagram.com/thedogist/p/B5tCAcAnTi6/,https://www.instagram.com/p/B5tCAcAnTi6/,2026-06-19T22:23:13.736Z,223,67
2507,B5qk5d0njB6,p,https://www.instagram.com/thedogist/p/B5qk5d0njB6/,https://www.instagram.com/p/B5qk5d0njB6/,2026-06-19T22:23:13.736Z,223,68
2508,B5qGukAnb2n,p,https://www.instagram.com/thedogist/p/B5qGukAnb2n/,https://www.instagram.com/p/B5qGukAnb2n/,2026-06-19T22:23:13.736Z,223,69
2509,B5oKX6tHtx9,p,https://www.instagram.com/thedogist/p/B5oKX6tHtx9/,https://www.instagram.com/p/B5oKX6tHtx9/,2026-06-19T22:23:15.404Z,224,60
2510,B5nhDuDHV8f,p,https://www.instagram.com/thedogist/p/B5nhDuDHV8f/,https://www.instagram.com/p/B5nhDuDHV8f/,2026-06-19T22:23:15.404Z,224,61
2511,B5lVl05nMqq,p,https://www.instagram.com/thedogist/p/B5lVl05nMqq/,https://www.instagram.com/p/B5lVl05nMqq/,2026-06-19T22:23:15.405Z,224,62
2512,B5iiBE-n-HD,p,https://www.instagram.com/thedogist/p/B5iiBE-n-HD/,https://www.instagram.com/p/B5iiBE-n-HD/,2026-06-19T22:23:15.405Z,224,63
2513,B5gYyqOHK9r,p,https://www.instagram.com/thedogist/p/B5gYyqOHK9r/,https://www.instagram.com/p/B5gYyqOHK9r/,2026-06-19T22:23:15.405Z,224,64
2514,B5fwYs_HGNQ,p,https://www.instagram.com/thedogist/p/B5fwYs_HGNQ/,https://www.instagram.com/p/B5fwYs_HGNQ/,2026-06-19T22:23:15.405Z,224,65
2515,B5eBpLmHeUp,p,https://www.instagram.com/thedogist/p/B5eBpLmHeUp/,https://www.instagram.com/p/B5eBpLmHeUp/,2026-06-19T22:23:15.406Z,224,66
2516,B5da-b7nvFv,p,https://www.instagram.com/thedogist/p/B5da-b7nvFv/,https://www.instagram.com/p/B5da-b7nvFv/,2026-06-19T22:23:15.406Z,224,67
2517,B5dE7p_nUXJ,p,https://www.instagram.com/thedogist/p/B5dE7p_nUXJ/,https://www.instagram.com/p/B5dE7p_nUXJ/,2026-06-19T22:23:15.406Z,224,68
2518,B5bBJitHSe0,p,https://www.instagram.com/thedogist/p/B5bBJitHSe0/,https://www.instagram.com/p/B5bBJitHSe0/,2026-06-19T22:23:15.406Z,224,69
2519,B5YwUh2HJvH,p,https://www.instagram.com/thedogist/p/B5YwUh2HJvH/,https://www.instagram.com/p/B5YwUh2HJvH/,2026-06-19T22:23:15.406Z,224,70
2520,B5YG9vsHfnL,p,https://www.instagram.com/thedogist/p/B5YG9vsHfnL/,https://www.instagram.com/p/B5YG9vsHfnL/,2026-06-19T22:23:15.407Z,224,71
2521,B5Wg3kSHvDs,p,https://www.instagram.com/thedogist/p/B5Wg3kSHvDs/,https://www.instagram.com/p/B5Wg3kSHvDs/,2026-06-19T22:23:17.268Z,225,62
2522,B5TnNc-nEvD,p,https://www.instagram.com/thedogist/p/B5TnNc-nEvD/,https://www.instagram.com/p/B5TnNc-nEvD/,2026-06-19T22:23:17.268Z,225,63
2523,B5RaNE2nZJF,p,https://www.instagram.com/thedogist/p/B5RaNE2nZJF/,https://www.instagram.com/p/B5RaNE2nZJF/,2026-06-19T22:23:17.268Z,225,64
2524,B5Ql6NFHssi,p,https://www.instagram.com/thedogist/p/B5Ql6NFHssi/,https://www.instagram.com/p/B5Ql6NFHssi/,2026-06-19T22:23:17.269Z,225,65
2525,B5O0El5HJgZ,p,https://www.instagram.com/thedogist/p/B5O0El5HJgZ/,https://www.instagram.com/p/B5O0El5HJgZ/,2026-06-19T22:23:17.269Z,225,66
2526,B5NzfPpnK42,p,https://www.instagram.com/thedogist/p/B5NzfPpnK42/,https://www.instagram.com/p/B5NzfPpnK42/,2026-06-19T22:23:17.269Z,225,67
2527,B5MFWIPH_46,p,https://www.instagram.com/thedogist/p/B5MFWIPH_46/,https://www.instagram.com/p/B5MFWIPH_46/,2026-06-19T22:23:17.269Z,225,68
2528,B5LObgMHy2Q,p,https://www.instagram.com/thedogist/p/B5LObgMHy2Q/,https://www.instagram.com/p/B5LObgMHy2Q/,2026-06-19T22:23:17.269Z,225,69
2529,B5JIQWzHVZl,p,https://www.instagram.com/thedogist/p/B5JIQWzHVZl/,https://www.instagram.com/p/B5JIQWzHVZl/,2026-06-19T22:23:17.270Z,225,70
2530,B5HVlFFHgwh,p,https://www.instagram.com/thedogist/p/B5HVlFFHgwh/,https://www.instagram.com/p/B5HVlFFHgwh/,2026-06-19T22:23:17.270Z,225,71
2531,B5GJYiBnbUh,p,https://www.instagram.com/thedogist/p/B5GJYiBnbUh/,https://www.instagram.com/p/B5GJYiBnbUh/,2026-06-19T22:23:17.270Z,225,72
2532,B5EFyBqnzqi,p,https://www.instagram.com/thedogist/p/B5EFyBqnzqi/,https://www.instagram.com/p/B5EFyBqnzqi/,2026-06-19T22:23:17.270Z,225,73
2533,B5DqYmBnG7u,p,https://www.instagram.com/thedogist/p/B5DqYmBnG7u/,https://www.instagram.com/p/B5DqYmBnG7u/,2026-06-19T22:23:18.920Z,226,59
2534,B5B2w0inAy8,p,https://www.instagram.com/thedogist/p/B5B2w0inAy8/,https://www.instagram.com/p/B5B2w0inAy8/,2026-06-19T22:23:18.920Z,226,60
2535,B5BJHwcHFJI,p,https://www.instagram.com/thedogist/p/B5BJHwcHFJI/,https://www.instagram.com/p/B5BJHwcHFJI/,2026-06-19T22:23:18.920Z,226,61
2536,B5AybgGHyQh,p,https://www.instagram.com/thedogist/p/B5AybgGHyQh/,https://www.instagram.com/p/B5AybgGHyQh/,2026-06-19T22:23:18.920Z,226,62
2537,B4-rpavnTdw,p,https://www.instagram.com/thedogist/p/B4-rpavnTdw/,https://www.instagram.com/p/B4-rpavnTdw/,2026-06-19T22:23:18.921Z,226,63
2538,B483Ps4HWsU,p,https://www.instagram.com/thedogist/p/B483Ps4HWsU/,https://www.instagram.com/p/B483Ps4HWsU/,2026-06-19T22:23:18.921Z,226,64
2539,B476I7CHr9Z,p,https://www.instagram.com/thedogist/p/B476I7CHr9Z/,https://www.instagram.com/p/B476I7CHr9Z/,2026-06-19T22:23:18.921Z,226,65
2540,B46LR6CHu3M,p,https://www.instagram.com/thedogist/p/B46LR6CHu3M/,https://www.instagram.com/p/B46LR6CHu3M/,2026-06-19T22:23:18.921Z,226,66
2541,B45hCIBnXP2,reel,https://www.instagram.com/thedogist/reel/B45hCIBnXP2/,https://www.instagram.com/reel/B45hCIBnXP2/,2026-06-19T22:23:18.921Z,226,67
2542,B431JR4nJTK,p,https://www.instagram.com/thedogist/p/B431JR4nJTK/,https://www.instagram.com/p/B431JR4nJTK/,2026-06-19T22:23:18.921Z,226,68
2543,B424ugvFUqG,p,https://www.instagram.com/thedogist/p/B424ugvFUqG/,https://www.instagram.com/p/B424ugvFUqG/,2026-06-19T22:23:18.921Z,226,69
2544,B42mWMcHhls,p,https://www.instagram.com/thedogist/p/B42mWMcHhls/,https://www.instagram.com/p/B42mWMcHhls/,2026-06-19T22:23:18.922Z,226,70
2545,B40th1InO65,p,https://www.instagram.com/thedogist/p/B40th1InO65/,https://www.instagram.com/p/B40th1InO65/,2026-06-19T22:23:20.572Z,227,61
2546,B4x_2gXnrOZ,p,https://www.instagram.com/thedogist/p/B4x_2gXnrOZ/,https://www.instagram.com/p/B4x_2gXnrOZ/,2026-06-19T22:23:20.573Z,227,62
2547,B4v3qsXHc3n,p,https://www.instagram.com/thedogist/p/B4v3qsXHc3n/,https://www.instagram.com/p/B4v3qsXHc3n/,2026-06-19T22:23:20.573Z,227,63
2548,B4u6GD-nirm,p,https://www.instagram.com/thedogist/p/B4u6GD-nirm/,https://www.instagram.com/p/B4u6GD-nirm/,2026-06-19T22:23:20.573Z,227,64
2549,B4tD2tynAn4,p,https://www.instagram.com/thedogist/p/B4tD2tynAn4/,https://www.instagram.com/p/B4tD2tynAn4/,2026-06-19T22:23:20.574Z,227,65
2550,B4saPnvH0SO,p,https://www.instagram.com/thedogist/p/B4saPnvH0SO/,https://www.instagram.com/p/B4saPnvH0SO/,2026-06-19T22:23:20.574Z,227,66
2551,B4pyJGonQGW,p,https://www.instagram.com/thedogist/p/B4pyJGonQGW/,https://www.instagram.com/p/B4pyJGonQGW/,2026-06-19T22:23:20.574Z,227,67
2552,B4oCDexntY6,p,https://www.instagram.com/thedogist/p/B4oCDexntY6/,https://www.instagram.com/p/B4oCDexntY6/,2026-06-19T22:23:20.574Z,227,68
2553,B4nXWcbnM4_,p,https://www.instagram.com/thedogist/p/B4nXWcbnM4_/,https://www.instagram.com/p/B4nXWcbnM4_/,2026-06-19T22:23:20.575Z,227,69
2554,B4lYsS_HQRB,p,https://www.instagram.com/thedogist/p/B4lYsS_HQRB/,https://www.instagram.com/p/B4lYsS_HQRB/,2026-06-19T22:23:20.575Z,227,70
2555,B4ku1qAndTw,p,https://www.instagram.com/thedogist/p/B4ku1qAndTw/,https://www.instagram.com/p/B4ku1qAndTw/,2026-06-19T22:23:20.575Z,227,71
2556,B4jQ1XOnbse,p,https://www.instagram.com/thedogist/p/B4jQ1XOnbse/,https://www.instagram.com/p/B4jQ1XOnbse/,2026-06-19T22:23:20.575Z,227,72
2557,B4gE9irn4E-,p,https://www.instagram.com/thedogist/p/B4gE9irn4E-/,https://www.instagram.com/p/B4gE9irn4E-/,2026-06-19T22:23:22.236Z,228,58
2558,B4flDtYHHvK,p,https://www.instagram.com/thedogist/p/B4flDtYHHvK/,https://www.instagram.com/p/B4flDtYHHvK/,2026-06-19T22:23:22.236Z,228,59
2559,B4dkGKKHvHd,p,https://www.instagram.com/thedogist/p/B4dkGKKHvHd/,https://www.instagram.com/p/B4dkGKKHvHd/,2026-06-19T22:23:22.236Z,228,60
2560,B4czEjgn_Lo,p,https://www.instagram.com/thedogist/p/B4czEjgn_Lo/,https://www.instagram.com/p/B4czEjgn_Lo/,2026-06-19T22:23:22.236Z,228,61
2561,B4bgMR5nJ9k,p,https://www.instagram.com/thedogist/p/B4bgMR5nJ9k/,https://www.instagram.com/p/B4bgMR5nJ9k/,2026-06-19T22:23:22.237Z,228,62
2562,B4a-_9lnx3E,p,https://www.instagram.com/thedogist/p/B4a-_9lnx3E/,https://www.instagram.com/p/B4a-_9lnx3E/,2026-06-19T22:23:22.237Z,228,63
2563,B4aP3Jkn_Af,p,https://www.instagram.com/thedogist/p/B4aP3Jkn_Af/,https://www.instagram.com/p/B4aP3Jkn_Af/,2026-06-19T22:23:22.237Z,228,64
2564,B4Xx7iZHQyi,p,https://www.instagram.com/thedogist/p/B4Xx7iZHQyi/,https://www.instagram.com/p/B4Xx7iZHQyi/,2026-06-19T22:23:22.237Z,228,65
2565,B4VPCuHn6_X,p,https://www.instagram.com/thedogist/p/B4VPCuHn6_X/,https://www.instagram.com/p/B4VPCuHn6_X/,2026-06-19T22:23:22.238Z,228,66
2566,B4TQ7c7n_1_,p,https://www.instagram.com/thedogist/p/B4TQ7c7n_1_/,https://www.instagram.com/p/B4TQ7c7n_1_/,2026-06-19T22:23:22.238Z,228,67
2567,B4SPak6ndcc,p,https://www.instagram.com/thedogist/p/B4SPak6ndcc/,https://www.instagram.com/p/B4SPak6ndcc/,2026-06-19T22:23:22.238Z,228,68
2568,B4QatnVnYvV,p,https://www.instagram.com/thedogist/p/B4QatnVnYvV/,https://www.instagram.com/p/B4QatnVnYvV/,2026-06-19T22:23:22.238Z,228,69
2569,B4ObDdDHd1F,p,https://www.instagram.com/thedogist/p/B4ObDdDHd1F/,https://www.instagram.com/p/B4ObDdDHd1F/,2026-06-19T22:23:24.143Z,229,60
2570,B4NWgQSHP19,p,https://www.instagram.com/thedogist/p/B4NWgQSHP19/,https://www.instagram.com/p/B4NWgQSHP19/,2026-06-19T22:23:24.143Z,229,61
2571,B4LunrinShd,p,https://www.instagram.com/thedogist/p/B4LunrinShd/,https://www.instagram.com/p/B4LunrinShd/,2026-06-19T22:23:24.143Z,229,62
2572,B4LSHj3Hvy1,p,https://www.instagram.com/thedogist/p/B4LSHj3Hvy1/,https://www.instagram.com/p/B4LSHj3Hvy1/,2026-06-19T22:23:24.144Z,229,63
2573,B4I_fLEnI15,p,https://www.instagram.com/thedogist/p/B4I_fLEnI15/,https://www.instagram.com/p/B4I_fLEnI15/,2026-06-19T22:23:24.144Z,229,64
2574,B4IKfSPHX_x,p,https://www.instagram.com/thedogist/p/B4IKfSPHX_x/,https://www.instagram.com/p/B4IKfSPHX_x/,2026-06-19T22:23:24.144Z,229,65
2575,B4GR4fsnVCO,p,https://www.instagram.com/thedogist/p/B4GR4fsnVCO/,https://www.instagram.com/p/B4GR4fsnVCO/,2026-06-19T22:23:24.144Z,229,66
2576,B4GFRabH_Ky,p,https://www.instagram.com/thedogist/p/B4GFRabH_Ky/,https://www.instagram.com/p/B4GFRabH_Ky/,2026-06-19T22:23:24.145Z,229,67
2577,B4DuOcsnzKZ,p,https://www.instagram.com/thedogist/p/B4DuOcsnzKZ/,https://www.instagram.com/p/B4DuOcsnzKZ/,2026-06-19T22:23:24.145Z,229,68
2578,B4DHAz2n9g_,p,https://www.instagram.com/thedogist/p/B4DHAz2n9g_/,https://www.instagram.com/p/B4DHAz2n9g_/,2026-06-19T22:23:24.145Z,229,69
2579,B4Bl3gDnobj,p,https://www.instagram.com/thedogist/p/B4Bl3gDnobj/,https://www.instagram.com/p/B4Bl3gDnobj/,2026-06-19T22:23:24.145Z,229,70
2580,B4AmYWkndGS,p,https://www.instagram.com/thedogist/p/B4AmYWkndGS/,https://www.instagram.com/p/B4AmYWkndGS/,2026-06-19T22:23:24.145Z,229,71
2581,B3-t-qoHoyo,p,https://www.instagram.com/thedogist/p/B3-t-qoHoyo/,https://www.instagram.com/p/B3-t-qoHoyo/,2026-06-19T22:23:25.796Z,230,62
2582,B3-VVP9HSuz,p,https://www.instagram.com/thedogist/p/B3-VVP9HSuz/,https://www.instagram.com/p/B3-VVP9HSuz/,2026-06-19T22:23:25.796Z,230,63
2583,B38dxkUnKRF,p,https://www.instagram.com/thedogist/p/B38dxkUnKRF/,https://www.instagram.com/p/B38dxkUnKRF/,2026-06-19T22:23:25.796Z,230,64
2584,B37_swVH9GF,p,https://www.instagram.com/thedogist/p/B37_swVH9GF/,https://www.instagram.com/p/B37_swVH9GF/,2026-06-19T22:23:25.797Z,230,65
2585,B37g-pJH85O,p,https://www.instagram.com/thedogist/p/B37g-pJH85O/,https://www.instagram.com/p/B37g-pJH85O/,2026-06-19T22:23:25.797Z,230,66
2586,B35_5CSnorN,p,https://www.instagram.com/thedogist/p/B35_5CSnorN/,https://www.instagram.com/p/B35_5CSnorN/,2026-06-19T22:23:25.797Z,230,67
2587,B35cesenDEj,p,https://www.instagram.com/thedogist/p/B35cesenDEj/,https://www.instagram.com/p/B35cesenDEj/,2026-06-19T22:23:25.797Z,230,68
2588,B34iy5XnNni,p,https://www.instagram.com/thedogist/p/B34iy5XnNni/,https://www.instagram.com/p/B34iy5XnNni/,2026-06-19T22:23:25.797Z,230,69
2589,B33C1w7HsOh,p,https://www.instagram.com/thedogist/p/B33C1w7HsOh/,https://www.instagram.com/p/B33C1w7HsOh/,2026-06-19T22:23:25.798Z,230,70
2590,B32cUtfnoQe,p,https://www.instagram.com/thedogist/p/B32cUtfnoQe/,https://www.instagram.com/p/B32cUtfnoQe/,2026-06-19T22:23:25.798Z,230,71
2591,B30GSZmnafI,p,https://www.instagram.com/thedogist/p/B30GSZmnafI/,https://www.instagram.com/p/B30GSZmnafI/,2026-06-19T22:23:25.798Z,230,72
2592,B3zpJ6NHxvq,p,https://www.instagram.com/thedogist/p/B3zpJ6NHxvq/,https://www.instagram.com/p/B3zpJ6NHxvq/,2026-06-19T22:23:25.798Z,230,73
2593,B3x-eElnXZf,p,https://www.instagram.com/thedogist/p/B3x-eElnXZf/,https://www.instagram.com/p/B3x-eElnXZf/,2026-06-19T22:23:27.448Z,231,59
2594,B3w4kUUHFID,p,https://www.instagram.com/thedogist/p/B3w4kUUHFID/,https://www.instagram.com/p/B3w4kUUHFID/,2026-06-19T22:23:27.448Z,231,60
2595,B3vOBgjnTyS,p,https://www.instagram.com/thedogist/p/B3vOBgjnTyS/,https://www.instagram.com/p/B3vOBgjnTyS/,2026-06-19T22:23:27.449Z,231,61
2596,B3uqtlzHVMh,p,https://www.instagram.com/thedogist/p/B3uqtlzHVMh/,https://www.instagram.com/p/B3uqtlzHVMh/,2026-06-19T22:23:27.449Z,231,62
2597,B3slm_vHeP2,p,https://www.instagram.com/thedogist/p/B3slm_vHeP2/,https://www.instagram.com/p/B3slm_vHeP2/,2026-06-19T22:23:27.449Z,231,63
2598,B3sZuvtHH3q,p,https://www.instagram.com/thedogist/p/B3sZuvtHH3q/,https://www.instagram.com/p/B3sZuvtHH3q/,2026-06-19T22:23:27.449Z,231,64
2599,B3qA-qfH5EO,p,https://www.instagram.com/thedogist/p/B3qA-qfH5EO/,https://www.instagram.com/p/B3qA-qfH5EO/,2026-06-19T22:23:27.449Z,231,65
2600,B3prTLSns0j,p,https://www.instagram.com/thedogist/p/B3prTLSns0j/,https://www.instagram.com/p/B3prTLSns0j/,2026-06-19T22:23:27.450Z,231,66
2601,B3pGGEJnptO,p,https://www.instagram.com/thedogist/p/B3pGGEJnptO/,https://www.instagram.com/p/B3pGGEJnptO/,2026-06-19T22:23:27.450Z,231,67
2602,B3nwzJynvZF,p,https://www.instagram.com/thedogist/p/B3nwzJynvZF/,https://www.instagram.com/p/B3nwzJynvZF/,2026-06-19T22:23:27.450Z,231,68
2603,B3mzfInnvc-,p,https://www.instagram.com/thedogist/p/B3mzfInnvc-/,https://www.instagram.com/p/B3mzfInnvc-/,2026-06-19T22:23:27.450Z,231,69
2604,B3lFLzVHdJN,p,https://www.instagram.com/thedogist/p/B3lFLzVHdJN/,https://www.instagram.com/p/B3lFLzVHdJN/,2026-06-19T22:23:27.450Z,231,70
2605,B3kW5i7nl-v,p,https://www.instagram.com/thedogist/p/B3kW5i7nl-v/,https://www.instagram.com/p/B3kW5i7nl-v/,2026-06-19T22:23:29.106Z,232,61
2606,B3iXgHIHIV0,p,https://www.instagram.com/thedogist/p/B3iXgHIHIV0/,https://www.instagram.com/p/B3iXgHIHIV0/,2026-06-19T22:23:29.106Z,232,62
2607,B3hjT9GHvpa,p,https://www.instagram.com/thedogist/p/B3hjT9GHvpa/,https://www.instagram.com/p/B3hjT9GHvpa/,2026-06-19T22:23:29.106Z,232,63
2608,B3f5tx4HbYc,p,https://www.instagram.com/thedogist/p/B3f5tx4HbYc/,https://www.instagram.com/p/B3f5tx4HbYc/,2026-06-19T22:23:29.106Z,232,64
2609,B3fV5zhn2ON,p,https://www.instagram.com/thedogist/p/B3fV5zhn2ON/,https://www.instagram.com/p/B3fV5zhn2ON/,2026-06-19T22:23:29.107Z,232,65
2610,B3dFtKzHhhC,p,https://www.instagram.com/thedogist/p/B3dFtKzHhhC/,https://www.instagram.com/p/B3dFtKzHhhC/,2026-06-19T22:23:29.107Z,232,66
2611,B3aoq8dnrBA,p,https://www.instagram.com/thedogist/p/B3aoq8dnrBA/,https://www.instagram.com/p/B3aoq8dnrBA/,2026-06-19T22:23:29.107Z,232,67
2612,B3Z_PC0n2Y8,p,https://www.instagram.com/thedogist/p/B3Z_PC0n2Y8/,https://www.instagram.com/p/B3Z_PC0n2Y8/,2026-06-19T22:23:29.107Z,232,68
2613,B3YAPjXHVEs,p,https://www.instagram.com/thedogist/p/B3YAPjXHVEs/,https://www.instagram.com/p/B3YAPjXHVEs/,2026-06-19T22:23:29.107Z,232,69
2614,B3XrkbanRze,p,https://www.instagram.com/thedogist/p/B3XrkbanRze/,https://www.instagram.com/p/B3XrkbanRze/,2026-06-19T22:23:29.108Z,232,70
2615,B3XQV1pnInQ,p,https://www.instagram.com/thedogist/p/B3XQV1pnInQ/,https://www.instagram.com/p/B3XQV1pnInQ/,2026-06-19T22:23:29.108Z,232,71
2616,B3VvxXyHz2R,p,https://www.instagram.com/thedogist/p/B3VvxXyHz2R/,https://www.instagram.com/p/B3VvxXyHz2R/,2026-06-19T22:23:29.108Z,232,72
2617,B3VRCQhHsuF,p,https://www.instagram.com/thedogist/p/B3VRCQhHsuF/,https://www.instagram.com/p/B3VRCQhHsuF/,2026-06-19T22:23:30.766Z,233,58
2618,B3TMVObnEeA,p,https://www.instagram.com/thedogist/p/B3TMVObnEeA/,https://www.instagram.com/p/B3TMVObnEeA/,2026-06-19T22:23:30.766Z,233,59
2619,B3Sc3tsns2z,p,https://www.instagram.com/thedogist/p/B3Sc3tsns2z/,https://www.instagram.com/p/B3Sc3tsns2z/,2026-06-19T22:23:30.766Z,233,60
2620,B3QS-VnnzrV,p,https://www.instagram.com/thedogist/p/B3QS-VnnzrV/,https://www.instagram.com/p/B3QS-VnnzrV/,2026-06-19T22:23:30.767Z,233,61
2621,B3Put0_HoPV,p,https://www.instagram.com/thedogist/p/B3Put0_HoPV/,https://www.instagram.com/p/B3Put0_HoPV/,2026-06-19T22:23:30.767Z,233,62
2622,B3N87sMHC2u,p,https://www.instagram.com/thedogist/p/B3N87sMHC2u/,https://www.instagram.com/p/B3N87sMHC2u/,2026-06-19T22:23:30.767Z,233,63
2623,B3NDllAnrh_,p,https://www.instagram.com/thedogist/p/B3NDllAnrh_/,https://www.instagram.com/p/B3NDllAnrh_/,2026-06-19T22:23:30.767Z,233,64
2624,B3LbXrxnB2j,p,https://www.instagram.com/thedogist/p/B3LbXrxnB2j/,https://www.instagram.com/p/B3LbXrxnB2j/,2026-06-19T22:23:30.768Z,233,65
2625,B3K2LILHN46,p,https://www.instagram.com/thedogist/p/B3K2LILHN46/,https://www.instagram.com/p/B3K2LILHN46/,2026-06-19T22:23:30.768Z,233,66
2626,B3In_37n-9n,p,https://www.instagram.com/thedogist/p/B3In_37n-9n/,https://www.instagram.com/p/B3In_37n-9n/,2026-06-19T22:23:30.768Z,233,67
2627,B3GQpvtHLwr,p,https://www.instagram.com/thedogist/p/B3GQpvtHLwr/,https://www.instagram.com/p/B3GQpvtHLwr/,2026-06-19T22:23:30.768Z,233,68
2628,B3FAagln1JX,p,https://www.instagram.com/thedogist/p/B3FAagln1JX/,https://www.instagram.com/p/B3FAagln1JX/,2026-06-19T22:23:30.768Z,233,69
2629,B3DzdEXnlwz,p,https://www.instagram.com/thedogist/p/B3DzdEXnlwz/,https://www.instagram.com/p/B3DzdEXnlwz/,2026-06-19T22:23:32.425Z,234,60
2630,B3C6K2pn1vN,p,https://www.instagram.com/thedogist/p/B3C6K2pn1vN/,https://www.instagram.com/p/B3C6K2pn1vN/,2026-06-19T22:23:32.425Z,234,61
2631,B3CnZTxHkNi,p,https://www.instagram.com/thedogist/p/B3CnZTxHkNi/,https://www.instagram.com/p/B3CnZTxHkNi/,2026-06-19T22:23:32.425Z,234,62
2632,B3BPHRansBg,p,https://www.instagram.com/thedogist/p/B3BPHRansBg/,https://www.instagram.com/p/B3BPHRansBg/,2026-06-19T22:23:32.425Z,234,63
2633,B3AEwVKnOPu,p,https://www.instagram.com/thedogist/p/B3AEwVKnOPu/,https://www.instagram.com/p/B3AEwVKnOPu/,2026-06-19T22:23:32.426Z,234,64
2634,B2-tCH5ngD4,p,https://www.instagram.com/thedogist/p/B2-tCH5ngD4/,https://www.instagram.com/p/B2-tCH5ngD4/,2026-06-19T22:23:32.426Z,234,65
2635,B294ARxnawA,p,https://www.instagram.com/thedogist/p/B294ARxnawA/,https://www.instagram.com/p/B294ARxnawA/,2026-06-19T22:23:32.426Z,234,66
2636,B29icFfnnWG,p,https://www.instagram.com/thedogist/p/B29icFfnnWG/,https://www.instagram.com/p/B29icFfnnWG/,2026-06-19T22:23:32.426Z,234,67
2637,B275RFeHZgp,p,https://www.instagram.com/thedogist/p/B275RFeHZgp/,https://www.instagram.com/p/B275RFeHZgp/,2026-06-19T22:23:32.426Z,234,68
2638,B27M2jeH_FA,p,https://www.instagram.com/thedogist/p/B27M2jeH_FA/,https://www.instagram.com/p/B27M2jeH_FA/,2026-06-19T22:23:32.427Z,234,69
2639,B26uxVvHQfy,p,https://www.instagram.com/thedogist/p/B26uxVvHQfy/,https://www.instagram.com/p/B26uxVvHQfy/,2026-06-19T22:23:32.427Z,234,70
2640,B248q9on5Lo,p,https://www.instagram.com/thedogist/p/B248q9on5Lo/,https://www.instagram.com/p/B248q9on5Lo/,2026-06-19T22:23:32.427Z,234,71
2641,B22k0WAn31G,p,https://www.instagram.com/thedogist/p/B22k0WAn31G/,https://www.instagram.com/p/B22k0WAn31G/,2026-06-19T22:23:36.068Z,236,62
2642,B22BGF8HEYL,p,https://www.instagram.com/thedogist/p/B22BGF8HEYL/,https://www.instagram.com/p/B22BGF8HEYL/,2026-06-19T22:23:36.068Z,236,63
2643,B20GOt8n5qE,p,https://www.instagram.com/thedogist/p/B20GOt8n5qE/,https://www.instagram.com/p/B20GOt8n5qE/,2026-06-19T22:23:36.068Z,236,64
2644,B2zsecxHybx,p,https://www.instagram.com/thedogist/p/B2zsecxHybx/,https://www.instagram.com/p/B2zsecxHybx/,2026-06-19T22:23:36.069Z,236,65
2645,B2xZD_7nVJG,p,https://www.instagram.com/thedogist/p/B2xZD_7nVJG/,https://www.instagram.com/p/B2xZD_7nVJG/,2026-06-19T22:23:36.069Z,236,66
2646,B2uo0sWnnMH,p,https://www.instagram.com/thedogist/p/B2uo0sWnnMH/,https://www.instagram.com/p/B2uo0sWnnMH/,2026-06-19T22:23:36.069Z,236,67
2647,B2smT-mn1dw,p,https://www.instagram.com/thedogist/p/B2smT-mn1dw/,https://www.instagram.com/p/B2smT-mn1dw/,2026-06-19T22:23:36.070Z,236,68
2648,B2p_wQ7HKKg,p,https://www.instagram.com/thedogist/p/B2p_wQ7HKKg/,https://www.instagram.com/p/B2p_wQ7HKKg/,2026-06-19T22:23:36.070Z,236,69
2649,B2pa1I-HRGs,p,https://www.instagram.com/thedogist/p/B2pa1I-HRGs/,https://www.instagram.com/p/B2pa1I-HRGs/,2026-06-19T22:23:36.070Z,236,70
2650,B2o4M6GHpCG,p,https://www.instagram.com/thedogist/p/B2o4M6GHpCG/,https://www.instagram.com/p/B2o4M6GHpCG/,2026-06-19T22:23:36.070Z,236,71
2651,B2nTSeun-cC,p,https://www.instagram.com/thedogist/p/B2nTSeun-cC/,https://www.instagram.com/p/B2nTSeun-cC/,2026-06-19T22:23:36.070Z,236,72
2652,B2mf0tWHRK0,p,https://www.instagram.com/thedogist/p/B2mf0tWHRK0/,https://www.instagram.com/p/B2mf0tWHRK0/,2026-06-19T22:23:36.071Z,236,73
2653,B2kW95aHnYR,p,https://www.instagram.com/thedogist/p/B2kW95aHnYR/,https://www.instagram.com/p/B2kW95aHnYR/,2026-06-19T22:23:36.071Z,236,74
2654,B2iEs8sHdOr,p,https://www.instagram.com/thedogist/p/B2iEs8sHdOr/,https://www.instagram.com/p/B2iEs8sHdOr/,2026-06-19T22:23:36.071Z,236,75
2655,B2hOxdvng_X,p,https://www.instagram.com/thedogist/p/B2hOxdvng_X/,https://www.instagram.com/p/B2hOxdvng_X/,2026-06-19T22:23:36.071Z,236,76
2656,B2fZ6CgnPcm,p,https://www.instagram.com/thedogist/p/B2fZ6CgnPcm/,https://www.instagram.com/p/B2fZ6CgnPcm/,2026-06-19T22:23:36.071Z,236,77
2657,B2exHS7nIpt,p,https://www.instagram.com/thedogist/p/B2exHS7nIpt/,https://www.instagram.com/p/B2exHS7nIpt/,2026-06-19T22:23:36.072Z,236,78
2658,B2cr4uQHGRt,p,https://www.instagram.com/thedogist/p/B2cr4uQHGRt/,https://www.instagram.com/p/B2cr4uQHGRt/,2026-06-19T22:23:36.072Z,236,79
2659,B2cG9yXnGLC,p,https://www.instagram.com/thedogist/p/B2cG9yXnGLC/,https://www.instagram.com/p/B2cG9yXnGLC/,2026-06-19T22:23:36.072Z,236,80
2660,B2aGi1LH3zK,p,https://www.instagram.com/thedogist/p/B2aGi1LH3zK/,https://www.instagram.com/p/B2aGi1LH3zK/,2026-06-19T22:23:36.072Z,236,81
2661,B2XMnfIHAh5,p,https://www.instagram.com/thedogist/p/B2XMnfIHAh5/,https://www.instagram.com/p/B2XMnfIHAh5/,2026-06-19T22:23:36.073Z,236,82
2662,B2WxBAlHwlo,p,https://www.instagram.com/thedogist/p/B2WxBAlHwlo/,https://www.instagram.com/p/B2WxBAlHwlo/,2026-06-19T22:23:36.073Z,236,83
2663,B2VQe8an1zr,p,https://www.instagram.com/thedogist/p/B2VQe8an1zr/,https://www.instagram.com/p/B2VQe8an1zr/,2026-06-19T22:23:36.073Z,236,84
2664,B2UCUpWHfa9,p,https://www.instagram.com/thedogist/p/B2UCUpWHfa9/,https://www.instagram.com/p/B2UCUpWHfa9/,2026-06-19T22:23:36.073Z,236,85
2665,B2SZ4qMnYod,p,https://www.instagram.com/thedogist/p/B2SZ4qMnYod/,https://www.instagram.com/p/B2SZ4qMnYod/,2026-06-19T22:23:37.733Z,237,61
2666,B2QacZIH9IE,p,https://www.instagram.com/thedogist/p/B2QacZIH9IE/,https://www.instagram.com/p/B2QacZIH9IE/,2026-06-19T22:23:37.734Z,237,62
2667,B2Pee8BHuHN,p,https://www.instagram.com/thedogist/p/B2Pee8BHuHN/,https://www.instagram.com/p/B2Pee8BHuHN/,2026-06-19T22:23:37.734Z,237,63
2668,B2NAXoMF2RW,p,https://www.instagram.com/thedogist/p/B2NAXoMF2RW/,https://www.instagram.com/p/B2NAXoMF2RW/,2026-06-19T22:23:37.734Z,237,64
2669,B2KiP4snBFg,p,https://www.instagram.com/thedogist/p/B2KiP4snBFg/,https://www.instagram.com/p/B2KiP4snBFg/,2026-06-19T22:23:37.734Z,237,65
2670,B2IfpmbHcAV,p,https://www.instagram.com/thedogist/p/B2IfpmbHcAV/,https://www.instagram.com/p/B2IfpmbHcAV/,2026-06-19T22:23:37.734Z,237,66
2671,B2IHVhvH9JY,p,https://www.instagram.com/thedogist/p/B2IHVhvH9JY/,https://www.instagram.com/p/B2IHVhvH9JY/,2026-06-19T22:23:37.735Z,237,67
2672,B2FoHsynA7J,p,https://www.instagram.com/thedogist/p/B2FoHsynA7J/,https://www.instagram.com/p/B2FoHsynA7J/,2026-06-19T22:23:37.735Z,237,68
2673,B2FDjyGHieD,p,https://www.instagram.com/thedogist/p/B2FDjyGHieD/,https://www.instagram.com/p/B2FDjyGHieD/,2026-06-19T22:23:37.735Z,237,69
2674,B2DcNZuH2S5,p,https://www.instagram.com/thedogist/p/B2DcNZuH2S5/,https://www.instagram.com/p/B2DcNZuH2S5/,2026-06-19T22:23:37.735Z,237,70
2675,B2DHHTtH18Z,p,https://www.instagram.com/thedogist/p/B2DHHTtH18Z/,https://www.instagram.com/p/B2DHHTtH18Z/,2026-06-19T22:23:37.735Z,237,71
2676,B2CSHxKHCt2,p,https://www.instagram.com/thedogist/p/B2CSHxKHCt2/,https://www.instagram.com/p/B2CSHxKHCt2/,2026-06-19T22:23:37.735Z,237,72
2677,B2AoyLpHru8,p,https://www.instagram.com/thedogist/p/B2AoyLpHru8/,https://www.instagram.com/p/B2AoyLpHru8/,2026-06-19T22:23:39.388Z,238,58
2678,B1_6OFxnJEy,p,https://www.instagram.com/thedogist/p/B1_6OFxnJEy/,https://www.instagram.com/p/B1_6OFxnJEy/,2026-06-19T22:23:39.389Z,238,59
2679,B1-HgQGHj2F,p,https://www.instagram.com/thedogist/p/B1-HgQGHj2F/,https://www.instagram.com/p/B1-HgQGHj2F/,2026-06-19T22:23:39.389Z,238,60
2680,B19M-1inAw8,p,https://www.instagram.com/thedogist/p/B19M-1inAw8/,https://www.instagram.com/p/B19M-1inAw8/,2026-06-19T22:23:39.390Z,238,61
2681,B17Rd9GnTH-,p,https://www.instagram.com/thedogist/p/B17Rd9GnTH-/,https://www.instagram.com/p/B17Rd9GnTH-/,2026-06-19T22:23:39.390Z,238,62
2682,B14KtFtHAB9,p,https://www.instagram.com/thedogist/p/B14KtFtHAB9/,https://www.instagram.com/p/B14KtFtHAB9/,2026-06-19T22:23:39.390Z,238,63
2683,B11-1cgnmJU,p,https://www.instagram.com/thedogist/p/B11-1cgnmJU/,https://www.instagram.com/p/B11-1cgnmJU/,2026-06-19T22:23:39.391Z,238,64
2684,B11zh2znJpZ,p,https://www.instagram.com/thedogist/p/B11zh2znJpZ/,https://www.instagram.com/p/B11zh2znJpZ/,2026-06-19T22:23:39.391Z,238,65
2685,B1zi84gHJGl,p,https://www.instagram.com/thedogist/p/B1zi84gHJGl/,https://www.instagram.com/p/B1zi84gHJGl/,2026-06-19T22:23:39.391Z,238,66
2686,B1yr9_YHJ_v,p,https://www.instagram.com/thedogist/p/B1yr9_YHJ_v/,https://www.instagram.com/p/B1yr9_YHJ_v/,2026-06-19T22:23:39.391Z,238,67
2687,B1xTzILnL6E,p,https://www.instagram.com/thedogist/p/B1xTzILnL6E/,https://www.instagram.com/p/B1xTzILnL6E/,2026-06-19T22:23:39.392Z,238,68
2688,B1wkqbMgnuC,p,https://www.instagram.com/thedogist/p/B1wkqbMgnuC/,https://www.instagram.com/p/B1wkqbMgnuC/,2026-06-19T22:23:39.392Z,238,69
2689,B1uTeHsnErC,p,https://www.instagram.com/thedogist/p/B1uTeHsnErC/,https://www.instagram.com/p/B1uTeHsnErC/,2026-06-19T22:23:41.052Z,239,60
2690,B1twJBJnd30,p,https://www.instagram.com/thedogist/p/B1twJBJnd30/,https://www.instagram.com/p/B1twJBJnd30/,2026-06-19T22:23:41.052Z,239,61
2691,B1rxflWH823,p,https://www.instagram.com/thedogist/p/B1rxflWH823/,https://www.instagram.com/p/B1rxflWH823/,2026-06-19T22:23:41.052Z,239,62
2692,B1rWLIAnFXG,p,https://www.instagram.com/thedogist/p/B1rWLIAnFXG/,https://www.instagram.com/p/B1rWLIAnFXG/,2026-06-19T22:23:41.053Z,239,63
2693,B1pToxbnIKL,p,https://www.instagram.com/thedogist/p/B1pToxbnIKL/,https://www.instagram.com/p/B1pToxbnIKL/,2026-06-19T22:23:41.053Z,239,64
2694,B1oydLbHXwc,p,https://www.instagram.com/thedogist/p/B1oydLbHXwc/,https://www.instagram.com/p/B1oydLbHXwc/,2026-06-19T22:23:41.053Z,239,65
2695,B1oXwlHHjjE,p,https://www.instagram.com/thedogist/p/B1oXwlHHjjE/,https://www.instagram.com/p/B1oXwlHHjjE/,2026-06-19T22:23:41.053Z,239,66
2696,B1mceKjHUEV,p,https://www.instagram.com/thedogist/p/B1mceKjHUEV/,https://www.instagram.com/p/B1mceKjHUEV/,2026-06-19T22:23:41.053Z,239,67
2697,B1kM_kNnlpq,p,https://www.instagram.com/thedogist/p/B1kM_kNnlpq/,https://www.instagram.com/p/B1kM_kNnlpq/,2026-06-19T22:23:41.054Z,239,68
2698,B1jeKnFnSm3,p,https://www.instagram.com/thedogist/p/B1jeKnFnSm3/,https://www.instagram.com/p/B1jeKnFnSm3/,2026-06-19T22:23:41.054Z,239,69
2699,B1jT7lRHRvi,p,https://www.instagram.com/thedogist/p/B1jT7lRHRvi/,https://www.instagram.com/p/B1jT7lRHRvi/,2026-06-19T22:23:41.054Z,239,70
2700,B1hrDTwHFmC,p,https://www.instagram.com/thedogist/p/B1hrDTwHFmC/,https://www.instagram.com/p/B1hrDTwHFmC/,2026-06-19T22:23:41.054Z,239,71
2701,B1hTlfvHxwG,p,https://www.instagram.com/thedogist/p/B1hTlfvHxwG/,https://www.instagram.com/p/B1hTlfvHxwG/,2026-06-19T22:23:42.711Z,240,62
2702,B1e-ZMEnMaU,p,https://www.instagram.com/thedogist/p/B1e-ZMEnMaU/,https://www.instagram.com/p/B1e-ZMEnMaU/,2026-06-19T22:23:42.712Z,240,63
2703,B1efn5oHm6C,p,https://www.instagram.com/thedogist/p/B1efn5oHm6C/,https://www.instagram.com/p/B1efn5oHm6C/,2026-06-19T22:23:42.712Z,240,64
2704,B1bkIeznh2v,p,https://www.instagram.com/thedogist/p/B1bkIeznh2v/,https://www.instagram.com/p/B1bkIeznh2v/,2026-06-19T22:23:42.712Z,240,65
2705,B1ZtGXknGc2,p,https://www.instagram.com/thedogist/p/B1ZtGXknGc2/,https://www.instagram.com/p/B1ZtGXknGc2/,2026-06-19T22:23:42.713Z,240,66
2706,B1Y9WFiH_mQ,p,https://www.instagram.com/thedogist/p/B1Y9WFiH_mQ/,https://www.instagram.com/p/B1Y9WFiH_mQ/,2026-06-19T22:23:42.713Z,240,67
2707,B1W8txrHfGP,p,https://www.instagram.com/thedogist/p/B1W8txrHfGP/,https://www.instagram.com/p/B1W8txrHfGP/,2026-06-19T22:23:42.713Z,240,68
2708,B1WWsN7nWuU,p,https://www.instagram.com/thedogist/p/B1WWsN7nWuU/,https://www.instagram.com/p/B1WWsN7nWuU/,2026-06-19T22:23:42.714Z,240,69
2709,B1VHewJnmt-,p,https://www.instagram.com/thedogist/p/B1VHewJnmt-/,https://www.instagram.com/p/B1VHewJnmt-/,2026-06-19T22:23:42.714Z,240,70
2710,B1UbIBDHodY,p,https://www.instagram.com/thedogist/p/B1UbIBDHodY/,https://www.instagram.com/p/B1UbIBDHodY/,2026-06-19T22:23:42.714Z,240,71
2711,B1SOSujHgJM,p,https://www.instagram.com/thedogist/p/B1SOSujHgJM/,https://www.instagram.com/p/B1SOSujHgJM/,2026-06-19T22:23:42.714Z,240,72
2712,B1RZgNInq0_,p,https://www.instagram.com/thedogist/p/B1RZgNInq0_/,https://www.instagram.com/p/B1RZgNInq0_/,2026-06-19T22:23:42.715Z,240,73
2713,B1O_oNOHmnY,p,https://www.instagram.com/thedogist/p/B1O_oNOHmnY/,https://www.instagram.com/p/B1O_oNOHmnY/,2026-06-19T22:23:44.374Z,241,59
2714,B1NSQfYn8eM,p,https://www.instagram.com/thedogist/p/B1NSQfYn8eM/,https://www.instagram.com/p/B1NSQfYn8eM/,2026-06-19T22:23:44.374Z,241,60
2715,B1M1RQmn_c5,p,https://www.instagram.com/thedogist/p/B1M1RQmn_c5/,https://www.instagram.com/p/B1M1RQmn_c5/,2026-06-19T22:23:44.374Z,241,61
2716,B1Kk7uln8f2,p,https://www.instagram.com/thedogist/p/B1Kk7uln8f2/,https://www.instagram.com/p/B1Kk7uln8f2/,2026-06-19T22:23:44.375Z,241,62
2717,B1KJKShHdtI,p,https://www.instagram.com/thedogist/p/B1KJKShHdtI/,https://www.instagram.com/p/B1KJKShHdtI/,2026-06-19T22:23:44.375Z,241,63
2718,B1IKfaOHXgL,p,https://www.instagram.com/thedogist/p/B1IKfaOHXgL/,https://www.instagram.com/p/B1IKfaOHXgL/,2026-06-19T22:23:44.375Z,241,64
2719,B1HImUQHhc6,p,https://www.instagram.com/thedogist/p/B1HImUQHhc6/,https://www.instagram.com/p/B1HImUQHhc6/,2026-06-19T22:23:44.375Z,241,65
2720,B1FtUtEnaPM,p,https://www.instagram.com/thedogist/p/B1FtUtEnaPM/,https://www.instagram.com/p/B1FtUtEnaPM/,2026-06-19T22:23:44.376Z,241,66
2721,B1EYQ2dHV7n,p,https://www.instagram.com/thedogist/p/B1EYQ2dHV7n/,https://www.instagram.com/p/B1EYQ2dHV7n/,2026-06-19T22:23:44.376Z,241,67
2722,B1CxWPHnbgI,p,https://www.instagram.com/thedogist/p/B1CxWPHnbgI/,https://www.instagram.com/p/B1CxWPHnbgI/,2026-06-19T22:23:44.376Z,241,68
2723,B1CJoUdng-z,p,https://www.instagram.com/thedogist/p/B1CJoUdng-z/,https://www.instagram.com/p/B1CJoUdng-z/,2026-06-19T22:23:44.376Z,241,69
2724,B0_tlFHH5Ne,p,https://www.instagram.com/thedogist/p/B0_tlFHH5Ne/,https://www.instagram.com/p/B0_tlFHH5Ne/,2026-06-19T22:23:44.377Z,241,70
2725,B09yP7OnLds,p,https://www.instagram.com/thedogist/p/B09yP7OnLds/,https://www.instagram.com/p/B09yP7OnLds/,2026-06-19T22:23:46.179Z,242,61
2726,B08uq-pnMHr,p,https://www.instagram.com/thedogist/p/B08uq-pnMHr/,https://www.instagram.com/p/B08uq-pnMHr/,2026-06-19T22:23:46.187Z,242,62
2727,B07BnJnnyID,p,https://www.instagram.com/thedogist/p/B07BnJnnyID/,https://www.instagram.com/p/B07BnJnnyID/,2026-06-19T22:23:46.187Z,242,63
2728,B06hHpWHIdX,p,https://www.instagram.com/thedogist/p/B06hHpWHIdX/,https://www.instagram.com/p/B06hHpWHIdX/,2026-06-19T22:23:46.187Z,242,64
2729,B04weoXn-9w,p,https://www.instagram.com/thedogist/p/B04weoXn-9w/,https://www.instagram.com/p/B04weoXn-9w/,2026-06-19T22:23:46.187Z,242,65
2730,B04UXG8nJOi,p,https://www.instagram.com/thedogist/p/B04UXG8nJOi/,https://www.instagram.com/p/B04UXG8nJOi/,2026-06-19T22:23:46.188Z,242,66
2731,B01-R22nJJY,p,https://www.instagram.com/thedogist/p/B01-R22nJJY/,https://www.instagram.com/p/B01-R22nJJY/,2026-06-19T22:23:46.188Z,242,67
2732,B01r-LnFDc3,p,https://www.instagram.com/thedogist/p/B01r-LnFDc3/,https://www.instagram.com/p/B01r-LnFDc3/,2026-06-19T22:23:46.188Z,242,68
2733,B01KjcpH3kx,p,https://www.instagram.com/thedogist/p/B01KjcpH3kx/,https://www.instagram.com/p/B01KjcpH3kx/,2026-06-19T22:23:46.188Z,242,69
2734,B0zSDLmHB0H,p,https://www.instagram.com/thedogist/p/B0zSDLmHB0H/,https://www.instagram.com/p/B0zSDLmHB0H/,2026-06-19T22:23:46.188Z,242,70
2735,B0yjJbdnkEK,p,https://www.instagram.com/thedogist/p/B0yjJbdnkEK/,https://www.instagram.com/p/B0yjJbdnkEK/,2026-06-19T22:23:46.189Z,242,71
2736,B0xC0GKnQyk,p,https://www.instagram.com/thedogist/p/B0xC0GKnQyk/,https://www.instagram.com/p/B0xC0GKnQyk/,2026-06-19T22:23:46.189Z,242,72
2737,B0wRA0uHHas,p,https://www.instagram.com/thedogist/p/B0wRA0uHHas/,https://www.instagram.com/p/B0wRA0uHHas/,2026-06-19T22:23:47.841Z,243,58
2738,B0uVrmoHH0r,p,https://www.instagram.com/thedogist/p/B0uVrmoHH0r/,https://www.instagram.com/p/B0uVrmoHH0r/,2026-06-19T22:23:47.841Z,243,59
2739,B0tyMASHSi6,p,https://www.instagram.com/thedogist/p/B0tyMASHSi6/,https://www.instagram.com/p/B0tyMASHSi6/,2026-06-19T22:23:47.841Z,243,60
2740,B0rl3EfHguA,p,https://www.instagram.com/thedogist/p/B0rl3EfHguA/,https://www.instagram.com/p/B0rl3EfHguA/,2026-06-19T22:23:47.841Z,243,61
2741,B0rEZv4nbtF,p,https://www.instagram.com/thedogist/p/B0rEZv4nbtF/,https://www.instagram.com/p/B0rEZv4nbtF/,2026-06-19T22:23:47.842Z,243,62
2742,B0qz4HEHONM,p,https://www.instagram.com/thedogist/p/B0qz4HEHONM/,https://www.instagram.com/p/B0qz4HEHONM/,2026-06-19T22:23:47.842Z,243,63
2743,B0pF0TJHPRI,p,https://www.instagram.com/thedogist/p/B0pF0TJHPRI/,https://www.instagram.com/p/B0pF0TJHPRI/,2026-06-19T22:23:47.842Z,243,64
2744,B0mQCRknrou,p,https://www.instagram.com/thedogist/p/B0mQCRknrou/,https://www.instagram.com/p/B0mQCRknrou/,2026-06-19T22:23:47.842Z,243,65
2745,B0lrJqrHP7w,p,https://www.instagram.com/thedogist/p/B0lrJqrHP7w/,https://www.instagram.com/p/B0lrJqrHP7w/,2026-06-19T22:23:47.842Z,243,66
2746,B0kA-pUHAMo,p,https://www.instagram.com/thedogist/p/B0kA-pUHAMo/,https://www.instagram.com/p/B0kA-pUHAMo/,2026-06-19T22:23:47.843Z,243,67
2747,B0jcZf7njTw,p,https://www.instagram.com/thedogist/p/B0jcZf7njTw/,https://www.instagram.com/p/B0jcZf7njTw/,2026-06-19T22:23:47.843Z,243,68
2748,B0giOyLngzI,p,https://www.instagram.com/thedogist/p/B0giOyLngzI/,https://www.instagram.com/p/B0giOyLngzI/,2026-06-19T22:23:47.843Z,243,69
2749,B0ecaK7n2eV,p,https://www.instagram.com/thedogist/p/B0ecaK7n2eV/,https://www.instagram.com/p/B0ecaK7n2eV/,2026-06-19T22:23:49.495Z,244,60
2750,B0d6aLFnKyw,p,https://www.instagram.com/thedogist/p/B0d6aLFnKyw/,https://www.instagram.com/p/B0d6aLFnKyw/,2026-06-19T22:23:49.496Z,244,61
2751,B0b8umgnz5m,p,https://www.instagram.com/thedogist/p/B0b8umgnz5m/,https://www.instagram.com/p/B0b8umgnz5m/,2026-06-19T22:23:49.496Z,244,62
2752,B0bTA9YnBkJ,p,https://www.instagram.com/thedogist/p/B0bTA9YnBkJ/,https://www.instagram.com/p/B0bTA9YnBkJ/,2026-06-19T22:23:49.496Z,244,63
2753,B0ZwyXyHGZ1,p,https://www.instagram.com/thedogist/p/B0ZwyXyHGZ1/,https://www.instagram.com/p/B0ZwyXyHGZ1/,2026-06-19T22:23:49.496Z,244,64
2754,B0ZJbEhHbKF,p,https://www.instagram.com/thedogist/p/B0ZJbEhHbKF/,https://www.instagram.com/p/B0ZJbEhHbKF/,2026-06-19T22:23:49.497Z,244,65
2755,B0YxRptn7i6,p,https://www.instagram.com/thedogist/p/B0YxRptn7i6/,https://www.instagram.com/p/B0YxRptn7i6/,2026-06-19T22:23:49.497Z,244,66
2756,B0WO_8lHqK6,p,https://www.instagram.com/thedogist/p/B0WO_8lHqK6/,https://www.instagram.com/p/B0WO_8lHqK6/,2026-06-19T22:23:49.497Z,244,67
2757,B0UsP8UHFIX,p,https://www.instagram.com/thedogist/p/B0UsP8UHFIX/,https://www.instagram.com/p/B0UsP8UHFIX/,2026-06-19T22:23:49.497Z,244,68
2758,B0UEzvOniS7,p,https://www.instagram.com/thedogist/p/B0UEzvOniS7/,https://www.instagram.com/p/B0UEzvOniS7/,2026-06-19T22:23:49.498Z,244,69
2759,B0R6txxHfyf,p,https://www.instagram.com/thedogist/p/B0R6txxHfyf/,https://www.instagram.com/p/B0R6txxHfyf/,2026-06-19T22:23:49.498Z,244,70
2760,B0RTZcrnKbZ,p,https://www.instagram.com/thedogist/p/B0RTZcrnKbZ/,https://www.instagram.com/p/B0RTZcrnKbZ/,2026-06-19T22:23:49.498Z,244,71
2761,B0PgGJmH1da,p,https://www.instagram.com/thedogist/p/B0PgGJmH1da/,https://www.instagram.com/p/B0PgGJmH1da/,2026-06-19T22:23:51.151Z,245,62
2762,B0OhR8QHbuE,p,https://www.instagram.com/thedogist/p/B0OhR8QHbuE/,https://www.instagram.com/p/B0OhR8QHbuE/,2026-06-19T22:23:51.151Z,245,63
2763,B0Mr21YnA8k,p,https://www.instagram.com/thedogist/p/B0Mr21YnA8k/,https://www.instagram.com/p/B0Mr21YnA8k/,2026-06-19T22:23:51.151Z,245,64
2764,B0LtNlUHPgb,p,https://www.instagram.com/thedogist/p/B0LtNlUHPgb/,https://www.instagram.com/p/B0LtNlUHPgb/,2026-06-19T22:23:51.151Z,245,65
2765,B0J4Uo-npwb,p,https://www.instagram.com/thedogist/p/B0J4Uo-npwb/,https://www.instagram.com/p/B0J4Uo-npwb/,2026-06-19T22:23:51.152Z,245,66
2766,B0JhwWGHt6_,p,https://www.instagram.com/thedogist/p/B0JhwWGHt6_/,https://www.instagram.com/p/B0JhwWGHt6_/,2026-06-19T22:23:51.152Z,245,67
2767,B0HruBTHQp8,p,https://www.instagram.com/thedogist/p/B0HruBTHQp8/,https://www.instagram.com/p/B0HruBTHQp8/,2026-06-19T22:23:51.152Z,245,68
2768,B0GqlKeHEAI,p,https://www.instagram.com/thedogist/p/B0GqlKeHEAI/,https://www.instagram.com/p/B0GqlKeHEAI/,2026-06-19T22:23:51.152Z,245,69
2769,B0FV6RrnrSf,p,https://www.instagram.com/thedogist/p/B0FV6RrnrSf/,https://www.instagram.com/p/B0FV6RrnrSf/,2026-06-19T22:23:51.153Z,245,70
2770,B0D2KPVnOE8,p,https://www.instagram.com/thedogist/p/B0D2KPVnOE8/,https://www.instagram.com/p/B0D2KPVnOE8/,2026-06-19T22:23:51.153Z,245,71
2771,B0CZFz5nZS5,p,https://www.instagram.com/thedogist/p/B0CZFz5nZS5/,https://www.instagram.com/p/B0CZFz5nZS5/,2026-06-19T22:23:51.153Z,245,72
2772,B0CAA3NHKJu,p,https://www.instagram.com/thedogist/p/B0CAA3NHKJu/,https://www.instagram.com/p/B0CAA3NHKJu/,2026-06-19T22:23:51.153Z,245,73
2773,Bz__nzJnL8h,p,https://www.instagram.com/thedogist/p/Bz__nzJnL8h/,https://www.instagram.com/p/Bz__nzJnL8h/,2026-06-19T22:23:52.808Z,246,59
2774,Bz_kCujHmYd,p,https://www.instagram.com/thedogist/p/Bz_kCujHmYd/,https://www.instagram.com/p/Bz_kCujHmYd/,2026-06-19T22:23:52.808Z,246,60
2775,Bz9ZSNwnby6,p,https://www.instagram.com/thedogist/p/Bz9ZSNwnby6/,https://www.instagram.com/p/Bz9ZSNwnby6/,2026-06-19T22:23:52.809Z,246,61
2776,Bz6bcIKHoYV,p,https://www.instagram.com/thedogist/p/Bz6bcIKHoYV/,https://www.instagram.com/p/Bz6bcIKHoYV/,2026-06-19T22:23:52.809Z,246,62
2777,Bz5eoAHHwNU,p,https://www.instagram.com/thedogist/p/Bz5eoAHHwNU/,https://www.instagram.com/p/Bz5eoAHHwNU/,2026-06-19T22:23:52.809Z,246,63
2778,Bz3gAu-H-V0,reel,https://www.instagram.com/thedogist/reel/Bz3gAu-H-V0/,https://www.instagram.com/reel/Bz3gAu-H-V0/,2026-06-19T22:23:52.809Z,246,64
2779,Bz0yQk0n6MC,p,https://www.instagram.com/thedogist/p/Bz0yQk0n6MC/,https://www.instagram.com/p/Bz0yQk0n6MC/,2026-06-19T22:23:52.809Z,246,65
2780,BzzAVe6nWVt,p,https://www.instagram.com/thedogist/p/BzzAVe6nWVt/,https://www.instagram.com/p/BzzAVe6nWVt/,2026-06-19T22:23:52.810Z,246,66
2781,BzyL9nlnfrY,p,https://www.instagram.com/thedogist/p/BzyL9nlnfrY/,https://www.instagram.com/p/BzyL9nlnfrY/,2026-06-19T22:23:52.810Z,246,67
2782,BzwUKv8HZxP,p,https://www.instagram.com/thedogist/p/BzwUKv8HZxP/,https://www.instagram.com/p/BzwUKv8HZxP/,2026-06-19T22:23:52.810Z,246,68
2783,BztG9pMHGL1,p,https://www.instagram.com/thedogist/p/BztG9pMHGL1/,https://www.instagram.com/p/BztG9pMHGL1/,2026-06-19T22:23:52.810Z,246,69
2784,BzqvNIBHM2O,p,https://www.instagram.com/thedogist/p/BzqvNIBHM2O/,https://www.instagram.com/p/BzqvNIBHM2O/,2026-06-19T22:23:52.811Z,246,70
2785,Bzn22njnuM8,p,https://www.instagram.com/thedogist/p/Bzn22njnuM8/,https://www.instagram.com/p/Bzn22njnuM8/,2026-06-19T22:23:54.472Z,247,61
2786,BzlqGQnHtVw,p,https://www.instagram.com/thedogist/p/BzlqGQnHtVw/,https://www.instagram.com/p/BzlqGQnHtVw/,2026-06-19T22:23:54.472Z,247,62
2787,BzlXavIHnBt,p,https://www.instagram.com/thedogist/p/BzlXavIHnBt/,https://www.instagram.com/p/BzlXavIHnBt/,2026-06-19T22:23:54.472Z,247,63
2788,BzjmWeHHldq,p,https://www.instagram.com/thedogist/p/BzjmWeHHldq/,https://www.instagram.com/p/BzjmWeHHldq/,2026-06-19T22:23:54.473Z,247,64
2789,BzinwqIHrNL,p,https://www.instagram.com/thedogist/p/BzinwqIHrNL/,https://www.instagram.com/p/BzinwqIHrNL/,2026-06-19T22:23:54.473Z,247,65
2790,BziehPFnVfV,p,https://www.instagram.com/thedogist/p/BziehPFnVfV/,https://www.instagram.com/p/BziehPFnVfV/,2026-06-19T22:23:54.473Z,247,66
2791,BzhUeyqHkwu,p,https://www.instagram.com/thedogist/p/BzhUeyqHkwu/,https://www.instagram.com/p/BzhUeyqHkwu/,2026-06-19T22:23:54.473Z,247,67
2792,Bzgi3xYHs1N,p,https://www.instagram.com/thedogist/p/Bzgi3xYHs1N/,https://www.instagram.com/p/Bzgi3xYHs1N/,2026-06-19T22:23:54.474Z,247,68
2793,BzepDOZH5Et,p,https://www.instagram.com/thedogist/p/BzepDOZH5Et/,https://www.instagram.com/p/BzepDOZH5Et/,2026-06-19T22:23:54.474Z,247,69
2794,BzbJyDlHH8T,p,https://www.instagram.com/thedogist/p/BzbJyDlHH8T/,https://www.instagram.com/p/BzbJyDlHH8T/,2026-06-19T22:23:54.474Z,247,70
2795,BzZXH8VHUJI,p,https://www.instagram.com/thedogist/p/BzZXH8VHUJI/,https://www.instagram.com/p/BzZXH8VHUJI/,2026-06-19T22:23:54.474Z,247,71
2796,BzWf7RyHswG,p,https://www.instagram.com/thedogist/p/BzWf7RyHswG/,https://www.instagram.com/p/BzWf7RyHswG/,2026-06-19T22:23:54.474Z,247,72
2797,BzWS33pHR0R,p,https://www.instagram.com/thedogist/p/BzWS33pHR0R/,https://www.instagram.com/p/BzWS33pHR0R/,2026-06-19T22:23:56.195Z,248,58
2798,BzWMIsYnuqv,p,https://www.instagram.com/thedogist/p/BzWMIsYnuqv/,https://www.instagram.com/p/BzWMIsYnuqv/,2026-06-19T22:23:56.195Z,248,59
2799,BzVoV3rnupV,p,https://www.instagram.com/thedogist/p/BzVoV3rnupV/,https://www.instagram.com/p/BzVoV3rnupV/,2026-06-19T22:23:56.196Z,248,60
2800,BzT1m21H2cy,p,https://www.instagram.com/thedogist/p/BzT1m21H2cy/,https://www.instagram.com/p/BzT1m21H2cy/,2026-06-19T22:23:56.196Z,248,61
2801,BzTSGODHmOZ,p,https://www.instagram.com/thedogist/p/BzTSGODHmOZ/,https://www.instagram.com/p/BzTSGODHmOZ/,2026-06-19T22:23:56.196Z,248,62
2802,BzRZqreHJ3-,p,https://www.instagram.com/thedogist/p/BzRZqreHJ3-/,https://www.instagram.com/p/BzRZqreHJ3-/,2026-06-19T22:23:56.197Z,248,63
2803,BzQpl9wn6VM,p,https://www.instagram.com/thedogist/p/BzQpl9wn6VM/,https://www.instagram.com/p/BzQpl9wn6VM/,2026-06-19T22:23:56.197Z,248,64
2804,BzO4RkNnegR,p,https://www.instagram.com/thedogist/p/BzO4RkNnegR/,https://www.instagram.com/p/BzO4RkNnegR/,2026-06-19T22:23:56.197Z,248,65
2805,BzOTHjLHWhv,p,https://www.instagram.com/thedogist/p/BzOTHjLHWhv/,https://www.instagram.com/p/BzOTHjLHWhv/,2026-06-19T22:23:56.197Z,248,66
2806,BzMjO4onnHu,p,https://www.instagram.com/thedogist/p/BzMjO4onnHu/,https://www.instagram.com/p/BzMjO4onnHu/,2026-06-19T22:23:56.197Z,248,67
2807,BzLwSCMnHNQ,p,https://www.instagram.com/thedogist/p/BzLwSCMnHNQ/,https://www.instagram.com/p/BzLwSCMnHNQ/,2026-06-19T22:23:56.198Z,248,68
2808,BzKBRQBnSe0,p,https://www.instagram.com/thedogist/p/BzKBRQBnSe0/,https://www.instagram.com/p/BzKBRQBnSe0/,2026-06-19T22:23:56.198Z,248,69
2809,BzJbRLWnPH3,p,https://www.instagram.com/thedogist/p/BzJbRLWnPH3/,https://www.instagram.com/p/BzJbRLWnPH3/,2026-06-19T22:23:59.541Z,250,60
2810,BzG8mE_H54z,p,https://www.instagram.com/thedogist/p/BzG8mE_H54z/,https://www.instagram.com/p/BzG8mE_H54z/,2026-06-19T22:23:59.543Z,250,61
2811,BzEbddonMFG,p,https://www.instagram.com/thedogist/p/BzEbddonMFG/,https://www.instagram.com/p/BzEbddonMFG/,2026-06-19T22:23:59.543Z,250,62
2812,BzBwAh_HOCl,p,https://www.instagram.com/thedogist/p/BzBwAh_HOCl/,https://www.instagram.com/p/BzBwAh_HOCl/,2026-06-19T22:23:59.544Z,250,63
2813,By_afPenxn4,p,https://www.instagram.com/thedogist/p/By_afPenxn4/,https://www.instagram.com/p/By_afPenxn4/,2026-06-19T22:23:59.544Z,250,64
2814,By-he_dn7W1,p,https://www.instagram.com/thedogist/p/By-he_dn7W1/,https://www.instagram.com/p/By-he_dn7W1/,2026-06-19T22:23:59.545Z,250,65
2815,By8fgACH-df,p,https://www.instagram.com/thedogist/p/By8fgACH-df/,https://www.instagram.com/p/By8fgACH-df/,2026-06-19T22:23:59.545Z,250,66
2816,By54my-HXNz,p,https://www.instagram.com/thedogist/p/By54my-HXNz/,https://www.instagram.com/p/By54my-HXNz/,2026-06-19T22:23:59.546Z,250,67
2817,By5bgpDno7q,p,https://www.instagram.com/thedogist/p/By5bgpDno7q/,https://www.instagram.com/p/By5bgpDno7q/,2026-06-19T22:23:59.546Z,250,68
2818,By3OMEyHxmn,p,https://www.instagram.com/thedogist/p/By3OMEyHxmn/,https://www.instagram.com/p/By3OMEyHxmn/,2026-06-19T22:23:59.547Z,250,69
2819,By1VFz3HYsi,p,https://www.instagram.com/thedogist/p/By1VFz3HYsi/,https://www.instagram.com/p/By1VFz3HYsi/,2026-06-19T22:23:59.547Z,250,70
2820,Byyi7d6nlmx,p,https://www.instagram.com/thedogist/p/Byyi7d6nlmx/,https://www.instagram.com/p/Byyi7d6nlmx/,2026-06-19T22:23:59.547Z,250,71
2821,ByxloVWHyel,p,https://www.instagram.com/thedogist/p/ByxloVWHyel/,https://www.instagram.com/p/ByxloVWHyel/,2026-06-19T22:24:01.221Z,251,62
2822,ByvxAHUH0E2,p,https://www.instagram.com/thedogist/p/ByvxAHUH0E2/,https://www.instagram.com/p/ByvxAHUH0E2/,2026-06-19T22:24:01.221Z,251,63
2823,BytZIron5ab,p,https://www.instagram.com/thedogist/p/BytZIron5ab/,https://www.instagram.com/p/BytZIron5ab/,2026-06-19T22:24:01.221Z,251,64
2824,Byqk5orns8S,p,https://www.instagram.com/thedogist/p/Byqk5orns8S/,https://www.instagram.com/p/Byqk5orns8S/,2026-06-19T22:24:01.222Z,251,65
2825,ByqEaB4nC84,p,https://www.instagram.com/thedogist/p/ByqEaB4nC84/,https://www.instagram.com/p/ByqEaB4nC84/,2026-06-19T22:24:01.222Z,251,66
2826,ByoLSRTn8Px,p,https://www.instagram.com/thedogist/p/ByoLSRTn8Px/,https://www.instagram.com/p/ByoLSRTn8Px/,2026-06-19T22:24:01.222Z,251,67
2827,BynZcBQHco5,p,https://www.instagram.com/thedogist/p/BynZcBQHco5/,https://www.instagram.com/p/BynZcBQHco5/,2026-06-19T22:24:01.222Z,251,68
2828,Byl93s8H5Og,p,https://www.instagram.com/thedogist/p/Byl93s8H5Og/,https://www.instagram.com/p/Byl93s8H5Og/,2026-06-19T22:24:01.223Z,251,69
2829,Byk_87zHkjF,p,https://www.instagram.com/thedogist/p/Byk_87zHkjF/,https://www.instagram.com/p/Byk_87zHkjF/,2026-06-19T22:24:01.223Z,251,70
2830,ByixAL7HCRf,p,https://www.instagram.com/thedogist/p/ByixAL7HCRf/,https://www.instagram.com/p/ByixAL7HCRf/,2026-06-19T22:24:01.223Z,251,71
2831,BygoB5_HlEQ,p,https://www.instagram.com/thedogist/p/BygoB5_HlEQ/,https://www.instagram.com/p/BygoB5_HlEQ/,2026-06-19T22:24:01.223Z,251,72
2832,BygDIA4nOs2,p,https://www.instagram.com/thedogist/p/BygDIA4nOs2/,https://www.instagram.com/p/BygDIA4nOs2/,2026-06-19T22:24:01.223Z,251,73
2833,ByeCMuunK6m,p,https://www.instagram.com/thedogist/p/ByeCMuunK6m/,https://www.instagram.com/p/ByeCMuunK6m/,2026-06-19T22:24:02.886Z,252,59
2834,BydZNpbnOEx,p,https://www.instagram.com/thedogist/p/BydZNpbnOEx/,https://www.instagram.com/p/BydZNpbnOEx/,2026-06-19T22:24:02.886Z,252,60
2835,Bybf8KEnhBY,p,https://www.instagram.com/thedogist/p/Bybf8KEnhBY/,https://www.instagram.com/p/Bybf8KEnhBY/,2026-06-19T22:24:02.886Z,252,61
2836,ByagQKEHPMJ,p,https://www.instagram.com/thedogist/p/ByagQKEHPMJ/,https://www.instagram.com/p/ByagQKEHPMJ/,2026-06-19T22:24:02.886Z,252,62
2837,ByZEce9nduG,p,https://www.instagram.com/thedogist/p/ByZEce9nduG/,https://www.instagram.com/p/ByZEce9nduG/,2026-06-19T22:24:02.887Z,252,63
2838,ByX81hWn8MA,p,https://www.instagram.com/thedogist/p/ByX81hWn8MA/,https://www.instagram.com/p/ByX81hWn8MA/,2026-06-19T22:24:02.887Z,252,64
2839,ByVdYWjHu06,p,https://www.instagram.com/thedogist/p/ByVdYWjHu06/,https://www.instagram.com/p/ByVdYWjHu06/,2026-06-19T22:24:02.887Z,252,65
2840,ByTlc4sHL9q,p,https://www.instagram.com/thedogist/p/ByTlc4sHL9q/,https://www.instagram.com/p/ByTlc4sHL9q/,2026-06-19T22:24:02.887Z,252,66
2841,ByTFIyYHb-k,reel,https://www.instagram.com/thedogist/reel/ByTFIyYHb-k/,https://www.instagram.com/reel/ByTFIyYHb-k/,2026-06-19T22:24:02.887Z,252,67
2842,ByRFl0QHnUO,p,https://www.instagram.com/thedogist/p/ByRFl0QHnUO/,https://www.instagram.com/p/ByRFl0QHnUO/,2026-06-19T22:24:02.887Z,252,68
2843,ByQRa9pnH5L,p,https://www.instagram.com/thedogist/p/ByQRa9pnH5L/,https://www.instagram.com/p/ByQRa9pnH5L/,2026-06-19T22:24:02.888Z,252,69
2844,ByOuv9LnTWw,p,https://www.instagram.com/thedogist/p/ByOuv9LnTWw/,https://www.instagram.com/p/ByOuv9LnTWw/,2026-06-19T22:24:02.888Z,252,70
2845,ByNqJDhnIE2,p,https://www.instagram.com/thedogist/p/ByNqJDhnIE2/,https://www.instagram.com/p/ByNqJDhnIE2/,2026-06-19T22:24:06.558Z,254,61
2846,ByK3F-ZH7SC,p,https://www.instagram.com/thedogist/p/ByK3F-ZH7SC/,https://www.instagram.com/p/ByK3F-ZH7SC/,2026-06-19T22:24:06.559Z,254,62
2847,ByJYePTn7yQ,p,https://www.instagram.com/thedogist/p/ByJYePTn7yQ/,https://www.instagram.com/p/ByJYePTn7yQ/,2026-06-19T22:24:06.560Z,254,63
2848,ByIiqFZnk_l,p,https://www.instagram.com/thedogist/p/ByIiqFZnk_l/,https://www.instagram.com/p/ByIiqFZnk_l/,2026-06-19T22:24:06.560Z,254,64
2849,ByIWkpNno5I,p,https://www.instagram.com/thedogist/p/ByIWkpNno5I/,https://www.instagram.com/p/ByIWkpNno5I/,2026-06-19T22:24:06.560Z,254,65
2850,ByGErx6n6Ti,p,https://www.instagram.com/thedogist/p/ByGErx6n6Ti/,https://www.instagram.com/p/ByGErx6n6Ti/,2026-06-19T22:24:06.561Z,254,66
2851,ByEFqn7ntQ9,p,https://www.instagram.com/thedogist/p/ByEFqn7ntQ9/,https://www.instagram.com/p/ByEFqn7ntQ9/,2026-06-19T22:24:06.561Z,254,67
2852,ByDPJ1HHqpb,p,https://www.instagram.com/thedogist/p/ByDPJ1HHqpb/,https://www.instagram.com/p/ByDPJ1HHqpb/,2026-06-19T22:24:06.561Z,254,68
2853,ByBAf7IndHZ,p,https://www.instagram.com/thedogist/p/ByBAf7IndHZ/,https://www.instagram.com/p/ByBAf7IndHZ/,2026-06-19T22:24:06.562Z,254,69
2854,Bx_SF30HfP1,p,https://www.instagram.com/thedogist/p/Bx_SF30HfP1/,https://www.instagram.com/p/Bx_SF30HfP1/,2026-06-19T22:24:06.562Z,254,70
2855,Bx-NfOLnqWw,p,https://www.instagram.com/thedogist/p/Bx-NfOLnqWw/,https://www.instagram.com/p/Bx-NfOLnqWw/,2026-06-19T22:24:06.562Z,254,71
2856,Bx8yVkSHwTZ,p,https://www.instagram.com/thedogist/p/Bx8yVkSHwTZ/,https://www.instagram.com/p/Bx8yVkSHwTZ/,2026-06-19T22:24:06.562Z,254,72
2857,Bx8DIkHHrkB,p,https://www.instagram.com/thedogist/p/Bx8DIkHHrkB/,https://www.instagram.com/p/Bx8DIkHHrkB/,2026-06-19T22:24:06.563Z,254,73
2858,Bx7p6NBnwIe,p,https://www.instagram.com/thedogist/p/Bx7p6NBnwIe/,https://www.instagram.com/p/Bx7p6NBnwIe/,2026-06-19T22:24:06.563Z,254,74
2859,Bx56y-sHW_9,p,https://www.instagram.com/thedogist/p/Bx56y-sHW_9/,https://www.instagram.com/p/Bx56y-sHW_9/,2026-06-19T22:24:06.563Z,254,75
2860,Bx5QvZVnvYH,p,https://www.instagram.com/thedogist/p/Bx5QvZVnvYH/,https://www.instagram.com/p/Bx5QvZVnvYH/,2026-06-19T22:24:06.564Z,254,76
2861,Bx2w0E2nMtM,p,https://www.instagram.com/thedogist/p/Bx2w0E2nMtM/,https://www.instagram.com/p/Bx2w0E2nMtM/,2026-06-19T22:24:06.564Z,254,77
2862,Bx0oOvvnCLv,p,https://www.instagram.com/thedogist/p/Bx0oOvvnCLv/,https://www.instagram.com/p/Bx0oOvvnCLv/,2026-06-19T22:24:06.564Z,254,78
2863,Bxz0hWXHB86,p,https://www.instagram.com/thedogist/p/Bxz0hWXHB86/,https://www.instagram.com/p/Bxz0hWXHB86/,2026-06-19T22:24:06.565Z,254,79
2864,BxyIq9oH5jE,p,https://www.instagram.com/thedogist/p/BxyIq9oH5jE/,https://www.instagram.com/p/BxyIq9oH5jE/,2026-06-19T22:24:06.565Z,254,80
2865,BxxgrGaHcFH,p,https://www.instagram.com/thedogist/p/BxxgrGaHcFH/,https://www.instagram.com/p/BxxgrGaHcFH/,2026-06-19T22:24:06.565Z,254,81
2866,BxxU0YuHjF0,p,https://www.instagram.com/thedogist/p/BxxU0YuHjF0/,https://www.instagram.com/p/BxxU0YuHjF0/,2026-06-19T22:24:06.565Z,254,82
2867,BxvQ1Zpn_y4,p,https://www.instagram.com/thedogist/p/BxvQ1Zpn_y4/,https://www.instagram.com/p/BxvQ1Zpn_y4/,2026-06-19T22:24:06.566Z,254,83
2868,Bxu8q-2HXD-,p,https://www.instagram.com/thedogist/p/Bxu8q-2HXD-/,https://www.instagram.com/p/Bxu8q-2HXD-/,2026-06-19T22:24:06.566Z,254,84
2869,BxseuXpHTEq,p,https://www.instagram.com/thedogist/p/BxseuXpHTEq/,https://www.instagram.com/p/BxseuXpHTEq/,2026-06-19T22:24:08.240Z,255,60
2870,BxsH4T-nrEd,p,https://www.instagram.com/thedogist/p/BxsH4T-nrEd/,https://www.instagram.com/p/BxsH4T-nrEd/,2026-06-19T22:24:08.241Z,255,61
2871,BxpjN9zHX2w,p,https://www.instagram.com/thedogist/p/BxpjN9zHX2w/,https://www.instagram.com/p/BxpjN9zHX2w/,2026-06-19T22:24:08.242Z,255,62
2872,BxnpImun4rU,p,https://www.instagram.com/thedogist/p/BxnpImun4rU/,https://www.instagram.com/p/BxnpImun4rU/,2026-06-19T22:24:08.242Z,255,63
2873,BxluIrhHDAD,p,https://www.instagram.com/thedogist/p/BxluIrhHDAD/,https://www.instagram.com/p/BxluIrhHDAD/,2026-06-19T22:24:08.242Z,255,64
2874,Bxks1VJnocn,p,https://www.instagram.com/thedogist/p/Bxks1VJnocn/,https://www.instagram.com/p/Bxks1VJnocn/,2026-06-19T22:24:08.243Z,255,65
2875,Bxi-mqbnyH-,p,https://www.instagram.com/thedogist/p/Bxi-mqbnyH-/,https://www.instagram.com/p/Bxi-mqbnyH-/,2026-06-19T22:24:08.243Z,255,66
2876,BxibUyyHHJa,p,https://www.instagram.com/thedogist/p/BxibUyyHHJa/,https://www.instagram.com/p/BxibUyyHHJa/,2026-06-19T22:24:08.244Z,255,67
2877,BxiDf2bnMeX,p,https://www.instagram.com/thedogist/p/BxiDf2bnMeX/,https://www.instagram.com/p/BxiDf2bnMeX/,2026-06-19T22:24:08.244Z,255,68
2878,BxgX_9PHPs9,p,https://www.instagram.com/thedogist/p/BxgX_9PHPs9/,https://www.instagram.com/p/BxgX_9PHPs9/,2026-06-19T22:24:08.244Z,255,69
2879,BxfziQqHnPI,p,https://www.instagram.com/thedogist/p/BxfziQqHnPI/,https://www.instagram.com/p/BxfziQqHnPI/,2026-06-19T22:24:08.245Z,255,70
2880,BxfawyHHUQx,p,https://www.instagram.com/thedogist/p/BxfawyHHUQx/,https://www.instagram.com/p/BxfawyHHUQx/,2026-06-19T22:24:08.245Z,255,71
2881,BxdoH9KnzLk,p,https://www.instagram.com/thedogist/p/BxdoH9KnzLk/,https://www.instagram.com/p/BxdoH9KnzLk/,2026-06-19T22:24:10.239Z,256,62
2882,Bxc2rPSnOhV,p,https://www.instagram.com/thedogist/p/Bxc2rPSnOhV/,https://www.instagram.com/p/Bxc2rPSnOhV/,2026-06-19T22:24:10.240Z,256,63
2883,Bxa7XuenXOm,p,https://www.instagram.com/thedogist/p/Bxa7XuenXOm/,https://www.instagram.com/p/Bxa7XuenXOm/,2026-06-19T22:24:10.240Z,256,64
2884,BxaDEV4HjPU,p,https://www.instagram.com/thedogist/p/BxaDEV4HjPU/,https://www.instagram.com/p/BxaDEV4HjPU/,2026-06-19T22:24:10.240Z,256,65
2885,BxYpUqlnElW,p,https://www.instagram.com/thedogist/p/BxYpUqlnElW/,https://www.instagram.com/p/BxYpUqlnElW/,2026-06-19T22:24:10.240Z,256,66
2886,BxYEeqQnfWt,p,https://www.instagram.com/thedogist/p/BxYEeqQnfWt/,https://www.instagram.com/p/BxYEeqQnfWt/,2026-06-19T22:24:10.241Z,256,67
2887,BxVwxpuHHot,p,https://www.instagram.com/thedogist/p/BxVwxpuHHot/,https://www.instagram.com/p/BxVwxpuHHot/,2026-06-19T22:24:10.241Z,256,68
2888,BxVen4XH4WZ,p,https://www.instagram.com/thedogist/p/BxVen4XH4WZ/,https://www.instagram.com/p/BxVen4XH4WZ/,2026-06-19T22:24:10.241Z,256,69
2889,BxVRjOun9OO,p,https://www.instagram.com/thedogist/p/BxVRjOun9OO/,https://www.instagram.com/p/BxVRjOun9OO/,2026-06-19T22:24:10.241Z,256,70
2890,BxTQPz3Hc1z,p,https://www.instagram.com/thedogist/p/BxTQPz3Hc1z/,https://www.instagram.com/p/BxTQPz3Hc1z/,2026-06-19T22:24:10.242Z,256,71
2891,BxQoK9Inhqv,p,https://www.instagram.com/thedogist/p/BxQoK9Inhqv/,https://www.instagram.com/p/BxQoK9Inhqv/,2026-06-19T22:24:10.242Z,256,72
2892,BxPqhC_H-4A,p,https://www.instagram.com/thedogist/p/BxPqhC_H-4A/,https://www.instagram.com/p/BxPqhC_H-4A/,2026-06-19T22:24:10.242Z,256,73
2893,BxNzSkXnqYC,p,https://www.instagram.com/thedogist/p/BxNzSkXnqYC/,https://www.instagram.com/p/BxNzSkXnqYC/,2026-06-19T22:24:11.898Z,257,59
2894,BxNIvrcnTlk,p,https://www.instagram.com/thedogist/p/BxNIvrcnTlk/,https://www.instagram.com/p/BxNIvrcnTlk/,2026-06-19T22:24:11.898Z,257,60
2895,BxLYpSvHsrT,p,https://www.instagram.com/thedogist/p/BxLYpSvHsrT/,https://www.instagram.com/p/BxLYpSvHsrT/,2026-06-19T22:24:11.898Z,257,61
2896,BxLHol7HARl,p,https://www.instagram.com/thedogist/p/BxLHol7HARl/,https://www.instagram.com/p/BxLHol7HARl/,2026-06-19T22:24:11.899Z,257,62
2897,BxJUlc0nFzN,p,https://www.instagram.com/thedogist/p/BxJUlc0nFzN/,https://www.instagram.com/p/BxJUlc0nFzN/,2026-06-19T22:24:11.899Z,257,63
2898,BxIaUgPnld1,p,https://www.instagram.com/thedogist/p/BxIaUgPnld1/,https://www.instagram.com/p/BxIaUgPnld1/,2026-06-19T22:24:11.899Z,257,64
2899,BxGdHl8HCSs,p,https://www.instagram.com/thedogist/p/BxGdHl8HCSs/,https://www.instagram.com/p/BxGdHl8HCSs/,2026-06-19T22:24:11.899Z,257,65
2900,BxDms04HBRA,p,https://www.instagram.com/thedogist/p/BxDms04HBRA/,https://www.instagram.com/p/BxDms04HBRA/,2026-06-19T22:24:11.900Z,257,66
2901,BxDHDkTH9_2,p,https://www.instagram.com/thedogist/p/BxDHDkTH9_2/,https://www.instagram.com/p/BxDHDkTH9_2/,2026-06-19T22:24:11.900Z,257,67
2902,BxBAtvjnjv9,p,https://www.instagram.com/thedogist/p/BxBAtvjnjv9/,https://www.instagram.com/p/BxBAtvjnjv9/,2026-06-19T22:24:11.900Z,257,68
2903,Bw-ZK9HnPVs,p,https://www.instagram.com/thedogist/p/Bw-ZK9HnPVs/,https://www.instagram.com/p/Bw-ZK9HnPVs/,2026-06-19T22:24:11.900Z,257,69
2904,Bw8erOWH3FR,p,https://www.instagram.com/thedogist/p/Bw8erOWH3FR/,https://www.instagram.com/p/Bw8erOWH3FR/,2026-06-19T22:24:11.900Z,257,70
2905,Bw73knYn6zv,p,https://www.instagram.com/thedogist/p/Bw73knYn6zv/,https://www.instagram.com/p/Bw73knYn6zv/,2026-06-19T22:24:13.557Z,258,61
2906,Bw5UGPEHTpc,p,https://www.instagram.com/thedogist/p/Bw5UGPEHTpc/,https://www.instagram.com/p/Bw5UGPEHTpc/,2026-06-19T22:24:13.558Z,258,62
2907,Bw4oHzengSS,p,https://www.instagram.com/thedogist/p/Bw4oHzengSS/,https://www.instagram.com/p/Bw4oHzengSS/,2026-06-19T22:24:13.558Z,258,63
2908,Bw2_fFjADzF,p,https://www.instagram.com/thedogist/p/Bw2_fFjADzF/,https://www.instagram.com/p/Bw2_fFjADzF/,2026-06-19T22:24:13.558Z,258,64
2909,Bw2SPFUg7FC,p,https://www.instagram.com/thedogist/p/Bw2SPFUg7FC/,https://www.instagram.com/p/Bw2SPFUg7FC/,2026-06-19T22:24:13.558Z,258,65
2910,Bw0Vj02Hz7G,p,https://www.instagram.com/thedogist/p/Bw0Vj02Hz7G/,https://www.instagram.com/p/Bw0Vj02Hz7G/,2026-06-19T22:24:13.559Z,258,66
2911,Bwx6__5HGL1,p,https://www.instagram.com/thedogist/p/Bwx6__5HGL1/,https://www.instagram.com/p/Bwx6__5HGL1/,2026-06-19T22:24:13.559Z,258,67
2912,BwxEZpSHTTe,p,https://www.instagram.com/thedogist/p/BwxEZpSHTTe/,https://www.instagram.com/p/BwxEZpSHTTe/,2026-06-19T22:24:13.559Z,258,68
2913,BwvWK9iH7sL,p,https://www.instagram.com/thedogist/p/BwvWK9iH7sL/,https://www.instagram.com/p/BwvWK9iH7sL/,2026-06-19T22:24:13.559Z,258,69
2914,BwukHrjnoc7,p,https://www.instagram.com/thedogist/p/BwukHrjnoc7/,https://www.instagram.com/p/BwukHrjnoc7/,2026-06-19T22:24:13.559Z,258,70
2915,BwuHMFLH2yk,p,https://www.instagram.com/thedogist/p/BwuHMFLH2yk/,https://www.instagram.com/p/BwuHMFLH2yk/,2026-06-19T22:24:13.560Z,258,71
2916,BwsziPjHGXB,p,https://www.instagram.com/thedogist/p/BwsziPjHGXB/,https://www.instagram.com/p/BwsziPjHGXB/,2026-06-19T22:24:13.560Z,258,72
2917,BwrzXP2HU8c,p,https://www.instagram.com/thedogist/p/BwrzXP2HU8c/,https://www.instagram.com/p/BwrzXP2HU8c/,2026-06-19T22:24:15.228Z,259,58
2918,BwqL2P9HRKv,p,https://www.instagram.com/thedogist/p/BwqL2P9HRKv/,https://www.instagram.com/p/BwqL2P9HRKv/,2026-06-19T22:24:15.228Z,259,59
2919,BwpgphQH1tD,p,https://www.instagram.com/thedogist/p/BwpgphQH1tD/,https://www.instagram.com/p/BwpgphQH1tD/,2026-06-19T22:24:15.229Z,259,60
2920,BwmqZSGngs0,p,https://www.instagram.com/thedogist/p/BwmqZSGngs0/,https://www.instagram.com/p/BwmqZSGngs0/,2026-06-19T22:24:15.229Z,259,61
2921,Bwk_6TVHXzP,p,https://www.instagram.com/thedogist/p/Bwk_6TVHXzP/,https://www.instagram.com/p/Bwk_6TVHXzP/,2026-06-19T22:24:15.229Z,259,62
2922,BwkfCU6nEhy,p,https://www.instagram.com/thedogist/p/BwkfCU6nEhy/,https://www.instagram.com/p/BwkfCU6nEhy/,2026-06-19T22:24:15.229Z,259,63
2923,Bwib7Z6HJRw,p,https://www.instagram.com/thedogist/p/Bwib7Z6HJRw/,https://www.instagram.com/p/Bwib7Z6HJRw/,2026-06-19T22:24:15.229Z,259,64
2924,Bwh3RLrnPrO,p,https://www.instagram.com/thedogist/p/Bwh3RLrnPrO/,https://www.instagram.com/p/Bwh3RLrnPrO/,2026-06-19T22:24:15.230Z,259,65
2925,BwgEhxbn1Ck,p,https://www.instagram.com/thedogist/p/BwgEhxbn1Ck/,https://www.instagram.com/p/BwgEhxbn1Ck/,2026-06-19T22:24:15.230Z,259,66
2926,BwfNQJDnEsF,p,https://www.instagram.com/thedogist/p/BwfNQJDnEsF/,https://www.instagram.com/p/BwfNQJDnEsF/,2026-06-19T22:24:15.230Z,259,67
2927,Bwc3FZnHT9j,p,https://www.instagram.com/thedogist/p/Bwc3FZnHT9j/,https://www.instagram.com/p/Bwc3FZnHT9j/,2026-06-19T22:24:15.230Z,259,68
2928,BwcKY5unfd8,p,https://www.instagram.com/thedogist/p/BwcKY5unfd8/,https://www.instagram.com/p/BwcKY5unfd8/,2026-06-19T22:24:15.230Z,259,69
2929,BwatsX_H34T,p,https://www.instagram.com/thedogist/p/BwatsX_H34T/,https://www.instagram.com/p/BwatsX_H34T/,2026-06-19T22:24:16.892Z,260,60
2930,BwZ7R1onlJM,p,https://www.instagram.com/thedogist/p/BwZ7R1onlJM/,https://www.instagram.com/p/BwZ7R1onlJM/,2026-06-19T22:24:16.892Z,260,61
2931,BwXtOsVnEg5,p,https://www.instagram.com/thedogist/p/BwXtOsVnEg5/,https://www.instagram.com/p/BwXtOsVnEg5/,2026-06-19T22:24:16.892Z,260,62
2932,BwVN-hanIX_,p,https://www.instagram.com/thedogist/p/BwVN-hanIX_/,https://www.instagram.com/p/BwVN-hanIX_/,2026-06-19T22:24:16.893Z,260,63
2933,BwS4pSNHll6,p,https://www.instagram.com/thedogist/p/BwS4pSNHll6/,https://www.instagram.com/p/BwS4pSNHll6/,2026-06-19T22:24:16.893Z,260,64
2934,BwSdVWTngdk,p,https://www.instagram.com/thedogist/p/BwSdVWTngdk/,https://www.instagram.com/p/BwSdVWTngdk/,2026-06-19T22:24:16.893Z,260,65
2935,BwP18cKHFhx,p,https://www.instagram.com/thedogist/p/BwP18cKHFhx/,https://www.instagram.com/p/BwP18cKHFhx/,2026-06-19T22:24:16.893Z,260,66
2936,BwM15l2newz,p,https://www.instagram.com/thedogist/p/BwM15l2newz/,https://www.instagram.com/p/BwM15l2newz/,2026-06-19T22:24:16.894Z,260,67
2937,BwLSnQCndHz,p,https://www.instagram.com/thedogist/p/BwLSnQCndHz/,https://www.instagram.com/p/BwLSnQCndHz/,2026-06-19T22:24:16.894Z,260,68
2938,BwK2PD1HsJc,p,https://www.instagram.com/thedogist/p/BwK2PD1HsJc/,https://www.instagram.com/p/BwK2PD1HsJc/,2026-06-19T22:24:16.894Z,260,69
2939,BwIxdqsnFqL,p,https://www.instagram.com/thedogist/p/BwIxdqsnFqL/,https://www.instagram.com/p/BwIxdqsnFqL/,2026-06-19T22:24:16.894Z,260,70
2940,BwF61rWggQo,p,https://www.instagram.com/thedogist/p/BwF61rWggQo/,https://www.instagram.com/p/BwF61rWggQo/,2026-06-19T22:24:16.895Z,260,71
2941,BwDiQ39HNeY,p,https://www.instagram.com/thedogist/p/BwDiQ39HNeY/,https://www.instagram.com/p/BwDiQ39HNeY/,2026-06-19T22:24:18.560Z,261,62
2942,BwAtj1qHgdt,p,https://www.instagram.com/thedogist/p/BwAtj1qHgdt/,https://www.instagram.com/p/BwAtj1qHgdt/,2026-06-19T22:24:18.560Z,261,63
2943,Bv_4ZgXnxRM,p,https://www.instagram.com/thedogist/p/Bv_4ZgXnxRM/,https://www.instagram.com/p/Bv_4ZgXnxRM/,2026-06-19T22:24:18.561Z,261,64
2944,Bv-Ydhfn_tg,p,https://www.instagram.com/thedogist/p/Bv-Ydhfn_tg/,https://www.instagram.com/p/Bv-Ydhfn_tg/,2026-06-19T22:24:18.561Z,261,65
2945,Bv9wuh-nlBT,p,https://www.instagram.com/thedogist/p/Bv9wuh-nlBT/,https://www.instagram.com/p/Bv9wuh-nlBT/,2026-06-19T22:24:18.561Z,261,66
2946,Bv8LSOVnw5I,p,https://www.instagram.com/thedogist/p/Bv8LSOVnw5I/,https://www.instagram.com/p/Bv8LSOVnw5I/,2026-06-19T22:24:18.561Z,261,67
2947,Bv6rVGInH0B,p,https://www.instagram.com/thedogist/p/Bv6rVGInH0B/,https://www.instagram.com/p/Bv6rVGInH0B/,2026-06-19T22:24:18.562Z,261,68
2948,Bv4-Q_FnZwZ,p,https://www.instagram.com/thedogist/p/Bv4-Q_FnZwZ/,https://www.instagram.com/p/Bv4-Q_FnZwZ/,2026-06-19T22:24:18.562Z,261,69
2949,Bv4HcTnHeXK,p,https://www.instagram.com/thedogist/p/Bv4HcTnHeXK/,https://www.instagram.com/p/Bv4HcTnHeXK/,2026-06-19T22:24:18.562Z,261,70
2950,Bv2YXH7HAk7,p,https://www.instagram.com/thedogist/p/Bv2YXH7HAk7/,https://www.instagram.com/p/Bv2YXH7HAk7/,2026-06-19T22:24:18.562Z,261,71
2951,Bv1qA6AHsHJ,p,https://www.instagram.com/thedogist/p/Bv1qA6AHsHJ/,https://www.instagram.com/p/Bv1qA6AHsHJ/,2026-06-19T22:24:18.562Z,261,72
2952,Bvzu9xunZD2,p,https://www.instagram.com/thedogist/p/Bvzu9xunZD2/,https://www.instagram.com/p/Bvzu9xunZD2/,2026-06-19T22:24:18.562Z,261,73
2953,BvzL6RqHfZG,p,https://www.instagram.com/thedogist/p/BvzL6RqHfZG/,https://www.instagram.com/p/BvzL6RqHfZG/,2026-06-19T22:24:20.226Z,262,59
2954,BvxY1cWnD7A,p,https://www.instagram.com/thedogist/p/BvxY1cWnD7A/,https://www.instagram.com/p/BvxY1cWnD7A/,2026-06-19T22:24:20.227Z,262,60
2955,Bvw8G6dHh_W,p,https://www.instagram.com/thedogist/p/Bvw8G6dHh_W/,https://www.instagram.com/p/Bvw8G6dHh_W/,2026-06-19T22:24:20.227Z,262,61
2956,BvunTXaHmFs,p,https://www.instagram.com/thedogist/p/BvunTXaHmFs/,https://www.instagram.com/p/BvunTXaHmFs/,2026-06-19T22:24:20.227Z,262,62
2957,Bvrtr0SHKKl,p,https://www.instagram.com/thedogist/p/Bvrtr0SHKKl/,https://www.instagram.com/p/Bvrtr0SHKKl/,2026-06-19T22:24:20.228Z,262,63
2958,Bvo_3TMngUd,p,https://www.instagram.com/thedogist/p/Bvo_3TMngUd/,https://www.instagram.com/p/Bvo_3TMngUd/,2026-06-19T22:24:20.228Z,262,64
2959,BvmSVT9HUkQ,p,https://www.instagram.com/thedogist/p/BvmSVT9HUkQ/,https://www.instagram.com/p/BvmSVT9HUkQ/,2026-06-19T22:24:20.228Z,262,65
2960,BvmIOIJHbsi,p,https://www.instagram.com/thedogist/p/BvmIOIJHbsi/,https://www.instagram.com/p/BvmIOIJHbsi/,2026-06-19T22:24:20.228Z,262,66
2961,BvknbFlHGPA,p,https://www.instagram.com/thedogist/p/BvknbFlHGPA/,https://www.instagram.com/p/BvknbFlHGPA/,2026-06-19T22:24:20.228Z,262,67
2962,BvkL5f2nb0z,p,https://www.instagram.com/thedogist/p/BvkL5f2nb0z/,https://www.instagram.com/p/BvkL5f2nb0z/,2026-06-19T22:24:20.229Z,262,68
2963,BviEIB3H1D1,p,https://www.instagram.com/thedogist/p/BviEIB3H1D1/,https://www.instagram.com/p/BviEIB3H1D1/,2026-06-19T22:24:20.229Z,262,69
2964,BvhjPW6n0rJ,p,https://www.instagram.com/thedogist/p/BvhjPW6n0rJ/,https://www.instagram.com/p/BvhjPW6n0rJ/,2026-06-19T22:24:20.229Z,262,70
2965,BvfYuNnniH9,p,https://www.instagram.com/thedogist/p/BvfYuNnniH9/,https://www.instagram.com/p/BvfYuNnniH9/,2026-06-19T22:24:23.579Z,264,61
2966,Bvecrijn_k0,p,https://www.instagram.com/thedogist/p/Bvecrijn_k0/,https://www.instagram.com/p/Bvecrijn_k0/,2026-06-19T22:24:23.581Z,264,62
2967,BvcichNH1QN,p,https://www.instagram.com/thedogist/p/BvcichNH1QN/,https://www.instagram.com/p/BvcichNH1QN/,2026-06-19T22:24:23.582Z,264,63
2968,Bvbv-ZfnVOa,p,https://www.instagram.com/thedogist/p/Bvbv-ZfnVOa/,https://www.instagram.com/p/Bvbv-ZfnVOa/,2026-06-19T22:24:23.583Z,264,64
2969,BvZhtKIHGth,p,https://www.instagram.com/thedogist/p/BvZhtKIHGth/,https://www.instagram.com/p/BvZhtKIHGth/,2026-06-19T22:24:23.583Z,264,65
2970,BvXuYbLnmch,p,https://www.instagram.com/thedogist/p/BvXuYbLnmch/,https://www.instagram.com/p/BvXuYbLnmch/,2026-06-19T22:24:23.584Z,264,66
2971,BvW5c88Hris,p,https://www.instagram.com/thedogist/p/BvW5c88Hris/,https://www.instagram.com/p/BvW5c88Hris/,2026-06-19T22:24:23.584Z,264,67
2972,BvVSKO5H2gr,p,https://www.instagram.com/thedogist/p/BvVSKO5H2gr/,https://www.instagram.com/p/BvVSKO5H2gr/,2026-06-19T22:24:23.585Z,264,68
2973,BvUTU1XHnl-,p,https://www.instagram.com/thedogist/p/BvUTU1XHnl-/,https://www.instagram.com/p/BvUTU1XHnl-/,2026-06-19T22:24:23.585Z,264,69
2974,BvSjZu-nPfg,p,https://www.instagram.com/thedogist/p/BvSjZu-nPfg/,https://www.instagram.com/p/BvSjZu-nPfg/,2026-06-19T22:24:23.586Z,264,70
2975,BvSDjPKnOx7,p,https://www.instagram.com/thedogist/p/BvSDjPKnOx7/,https://www.instagram.com/p/BvSDjPKnOx7/,2026-06-19T22:24:23.586Z,264,71
2976,BvPJu6PnEsg,p,https://www.instagram.com/thedogist/p/BvPJu6PnEsg/,https://www.instagram.com/p/BvPJu6PnEsg/,2026-06-19T22:24:23.586Z,264,72
2977,BvNW0BYnlko,p,https://www.instagram.com/thedogist/p/BvNW0BYnlko/,https://www.instagram.com/p/BvNW0BYnlko/,2026-06-19T22:24:25.263Z,265,58
2978,BvM1nbBHTFl,p,https://www.instagram.com/thedogist/p/BvM1nbBHTFl/,https://www.instagram.com/p/BvM1nbBHTFl/,2026-06-19T22:24:25.264Z,265,59
2979,BvLAMgIHGQJ,p,https://www.instagram.com/thedogist/p/BvLAMgIHGQJ/,https://www.instagram.com/p/BvLAMgIHGQJ/,2026-06-19T22:24:25.264Z,265,60
2980,BvKGdhpH8oT,p,https://www.instagram.com/thedogist/p/BvKGdhpH8oT/,https://www.instagram.com/p/BvKGdhpH8oT/,2026-06-19T22:24:25.264Z,265,61
2981,BvIL685HA5U,p,https://www.instagram.com/thedogist/p/BvIL685HA5U/,https://www.instagram.com/p/BvIL685HA5U/,2026-06-19T22:24:25.264Z,265,62
2982,BvH0ZM1nLoe,p,https://www.instagram.com/thedogist/p/BvH0ZM1nLoe/,https://www.instagram.com/p/BvH0ZM1nLoe/,2026-06-19T22:24:25.265Z,265,63
2983,BvE-mCKH74Z,p,https://www.instagram.com/thedogist/p/BvE-mCKH74Z/,https://www.instagram.com/p/BvE-mCKH74Z/,2026-06-19T22:24:25.265Z,265,64
2984,BvDRHJNH8kB,p,https://www.instagram.com/thedogist/p/BvDRHJNH8kB/,https://www.instagram.com/p/BvDRHJNH8kB/,2026-06-19T22:24:25.265Z,265,65
2985,BvC7CMsH8OJ,p,https://www.instagram.com/thedogist/p/BvC7CMsH8OJ/,https://www.instagram.com/p/BvC7CMsH8OJ/,2026-06-19T22:24:25.265Z,265,66
2986,BvCtKg3nTG9,p,https://www.instagram.com/thedogist/p/BvCtKg3nTG9/,https://www.instagram.com/p/BvCtKg3nTG9/,2026-06-19T22:24:25.265Z,265,67
2987,BvAo-rXn6gs,p,https://www.instagram.com/thedogist/p/BvAo-rXn6gs/,https://www.instagram.com/p/BvAo-rXn6gs/,2026-06-19T22:24:25.266Z,265,68
2988,Bu_cKlOnl8U,p,https://www.instagram.com/thedogist/p/Bu_cKlOnl8U/,https://www.instagram.com/p/Bu_cKlOnl8U/,2026-06-19T22:24:25.266Z,265,69
2989,Bu9AUv9nqYA,p,https://www.instagram.com/thedogist/p/Bu9AUv9nqYA/,https://www.instagram.com/p/Bu9AUv9nqYA/,2026-06-19T22:24:26.924Z,266,60
2990,Bu7RnsCAREH,p,https://www.instagram.com/thedogist/p/Bu7RnsCAREH/,https://www.instagram.com/p/Bu7RnsCAREH/,2026-06-19T22:24:26.924Z,266,61
2991,Bu6g9uIn95E,p,https://www.instagram.com/thedogist/p/Bu6g9uIn95E/,https://www.instagram.com/p/Bu6g9uIn95E/,2026-06-19T22:24:26.924Z,266,62
2992,Bu4wqxLHk5e,p,https://www.instagram.com/thedogist/p/Bu4wqxLHk5e/,https://www.instagram.com/p/Bu4wqxLHk5e/,2026-06-19T22:24:26.925Z,266,63
2993,Bu4AXBNHkX8,p,https://www.instagram.com/thedogist/p/Bu4AXBNHkX8/,https://www.instagram.com/p/Bu4AXBNHkX8/,2026-06-19T22:24:26.925Z,266,64
2994,Bu2AhsVnaTr,p,https://www.instagram.com/thedogist/p/Bu2AhsVnaTr/,https://www.instagram.com/p/Bu2AhsVnaTr/,2026-06-19T22:24:26.925Z,266,65
2995,BuzskLsHXKG,p,https://www.instagram.com/thedogist/p/BuzskLsHXKG/,https://www.instagram.com/p/BuzskLsHXKG/,2026-06-19T22:24:26.925Z,266,66
2996,Buy__vkH8KL,p,https://www.instagram.com/thedogist/p/Buy__vkH8KL/,https://www.instagram.com/p/Buy__vkH8KL/,2026-06-19T22:24:26.926Z,266,67
2997,BuxUltrH6R-,p,https://www.instagram.com/thedogist/p/BuxUltrH6R-/,https://www.instagram.com/p/BuxUltrH6R-/,2026-06-19T22:24:26.926Z,266,68
2998,BuwnJC2H-JU,p,https://www.instagram.com/thedogist/p/BuwnJC2H-JU/,https://www.instagram.com/p/BuwnJC2H-JU/,2026-06-19T22:24:26.926Z,266,69
2999,BuuCMHynZf5,p,https://www.instagram.com/thedogist/p/BuuCMHynZf5/,https://www.instagram.com/p/BuuCMHynZf5/,2026-06-19T22:24:26.926Z,266,70
3000,BurzXBSHrDJ,p,https://www.instagram.com/thedogist/p/BurzXBSHrDJ/,https://www.instagram.com/p/BurzXBSHrDJ/,2026-06-19T22:24:26.927Z,266,71
3001,BupCOZkHa6l,p,https://www.instagram.com/thedogist/p/BupCOZkHa6l/,https://www.instagram.com/p/BupCOZkHa6l/,2026-06-19T22:24:28.594Z,267,62
3002,BumSud9HsJq,p,https://www.instagram.com/thedogist/p/BumSud9HsJq/,https://www.instagram.com/p/BumSud9HsJq/,2026-06-19T22:24:28.595Z,267,63
3003,BukL6TrH7IO,p,https://www.instagram.com/thedogist/p/BukL6TrH7IO/,https://www.instagram.com/p/BukL6TrH7IO/,2026-06-19T22:24:28.595Z,267,64
3004,BujsbmpHdW8,p,https://www.instagram.com/thedogist/p/BujsbmpHdW8/,https://www.instagram.com/p/BujsbmpHdW8/,2026-06-19T22:24:28.596Z,267,65
3005,BujIec6nxNZ,p,https://www.instagram.com/thedogist/p/BujIec6nxNZ/,https://www.instagram.com/p/BujIec6nxNZ/,2026-06-19T22:24:28.596Z,267,66
3006,BuhUDDmn5iR,p,https://www.instagram.com/thedogist/p/BuhUDDmn5iR/,https://www.instagram.com/p/BuhUDDmn5iR/,2026-06-19T22:24:28.596Z,267,67
3007,BugzoKxHBwn,p,https://www.instagram.com/thedogist/p/BugzoKxHBwn/,https://www.instagram.com/p/BugzoKxHBwn/,2026-06-19T22:24:28.597Z,267,68
3008,Bue2GhVH6VU,p,https://www.instagram.com/thedogist/p/Bue2GhVH6VU/,https://www.instagram.com/p/Bue2GhVH6VU/,2026-06-19T22:24:28.597Z,267,69
3009,BuedE4eHdS0,reel,https://www.instagram.com/thedogist/reel/BuedE4eHdS0/,https://www.instagram.com/reel/BuedE4eHdS0/,2026-06-19T22:24:28.597Z,267,70
3010,BueHnWsnx_W,p,https://www.instagram.com/thedogist/p/BueHnWsnx_W/,https://www.instagram.com/p/BueHnWsnx_W/,2026-06-19T22:24:28.598Z,267,71
3011,BuccsczHKqk,p,https://www.instagram.com/thedogist/p/BuccsczHKqk/,https://www.instagram.com/p/BuccsczHKqk/,2026-06-19T22:24:28.598Z,267,72
3012,BuZ6mygHK6n,p,https://www.instagram.com/thedogist/p/BuZ6mygHK6n/,https://www.instagram.com/p/BuZ6mygHK6n/,2026-06-19T22:24:28.598Z,267,73
3013,BuXJB8bHHKn,p,https://www.instagram.com/thedogist/p/BuXJB8bHHKn/,https://www.instagram.com/p/BuXJB8bHHKn/,2026-06-19T22:24:30.567Z,268,59
3014,BuWrElfH-UY,p,https://www.instagram.com/thedogist/p/BuWrElfH-UY/,https://www.instagram.com/p/BuWrElfH-UY/,2026-06-19T22:24:30.567Z,268,60
3015,BuU6me-nHyw,p,https://www.instagram.com/thedogist/p/BuU6me-nHyw/,https://www.instagram.com/p/BuU6me-nHyw/,2026-06-19T22:24:30.568Z,268,61
3016,BuUcr1FnG9y,p,https://www.instagram.com/thedogist/p/BuUcr1FnG9y/,https://www.instagram.com/p/BuUcr1FnG9y/,2026-06-19T22:24:30.568Z,268,62
3017,BuSWu6QHg9z,p,https://www.instagram.com/thedogist/p/BuSWu6QHg9z/,https://www.instagram.com/p/BuSWu6QHg9z/,2026-06-19T22:24:30.568Z,268,63
3018,BuRg4aCHpZV,p,https://www.instagram.com/thedogist/p/BuRg4aCHpZV/,https://www.instagram.com/p/BuRg4aCHpZV/,2026-06-19T22:24:30.568Z,268,64
3019,BuPD-_7nbmh,p,https://www.instagram.com/thedogist/p/BuPD-_7nbmh/,https://www.instagram.com/p/BuPD-_7nbmh/,2026-06-19T22:24:30.568Z,268,65
3020,BuM0Q5NnUij,p,https://www.instagram.com/thedogist/p/BuM0Q5NnUij/,https://www.instagram.com/p/BuM0Q5NnUij/,2026-06-19T22:24:30.568Z,268,66
3021,BuJ-6YrnyOL,p,https://www.instagram.com/thedogist/p/BuJ-6YrnyOL/,https://www.instagram.com/p/BuJ-6YrnyOL/,2026-06-19T22:24:30.568Z,268,67
3022,BuITvnWHoyf,p,https://www.instagram.com/thedogist/p/BuITvnWHoyf/,https://www.instagram.com/p/BuITvnWHoyf/,2026-06-19T22:24:30.569Z,268,68
3023,BuHryphHavE,p,https://www.instagram.com/thedogist/p/BuHryphHavE/,https://www.instagram.com/p/BuHryphHavE/,2026-06-19T22:24:30.569Z,268,69
3024,BuFI8XonJ_Y,p,https://www.instagram.com/thedogist/p/BuFI8XonJ_Y/,https://www.instagram.com/p/BuFI8XonJ_Y/,2026-06-19T22:24:30.569Z,268,70
3025,BuE7GZEHQSz,p,https://www.instagram.com/thedogist/p/BuE7GZEHQSz/,https://www.instagram.com/p/BuE7GZEHQSz/,2026-06-19T22:24:32.384Z,269,61
3026,BuCM5jLHokV,p,https://www.instagram.com/thedogist/p/BuCM5jLHokV/,https://www.instagram.com/p/BuCM5jLHokV/,2026-06-19T22:24:32.385Z,269,62
3027,BuAOyQnnzso,p,https://www.instagram.com/thedogist/p/BuAOyQnnzso/,https://www.instagram.com/p/BuAOyQnnzso/,2026-06-19T22:24:32.385Z,269,63
3028,Bt_U3ijH4c-,p,https://www.instagram.com/thedogist/p/Bt_U3ijH4c-/,https://www.instagram.com/p/Bt_U3ijH4c-/,2026-06-19T22:24:32.385Z,269,64
3029,Bt9nLtGHd1w,p,https://www.instagram.com/thedogist/p/Bt9nLtGHd1w/,https://www.instagram.com/p/Bt9nLtGHd1w/,2026-06-19T22:24:32.385Z,269,65
3030,Bt9KODIHq4t,p,https://www.instagram.com/thedogist/p/Bt9KODIHq4t/,https://www.instagram.com/p/Bt9KODIHq4t/,2026-06-19T22:24:32.386Z,269,66
3031,Bt7CenknX7m,p,https://www.instagram.com/thedogist/p/Bt7CenknX7m/,https://www.instagram.com/p/Bt7CenknX7m/,2026-06-19T22:24:32.386Z,269,67
3032,Bt6X_zSn_nN,p,https://www.instagram.com/thedogist/p/Bt6X_zSn_nN/,https://www.instagram.com/p/Bt6X_zSn_nN/,2026-06-19T22:24:32.386Z,269,68
3033,Bt6FSJonR-d,p,https://www.instagram.com/thedogist/p/Bt6FSJonR-d/,https://www.instagram.com/p/Bt6FSJonR-d/,2026-06-19T22:24:32.386Z,269,69
3034,Bt4aqUiH57e,p,https://www.instagram.com/thedogist/p/Bt4aqUiH57e/,https://www.instagram.com/p/Bt4aqUiH57e/,2026-06-19T22:24:32.387Z,269,70
3035,Bt4NLNzHjvY,p,https://www.instagram.com/thedogist/p/Bt4NLNzHjvY/,https://www.instagram.com/p/Bt4NLNzHjvY/,2026-06-19T22:24:32.387Z,269,71
3036,Bt1M2j6H2sk,p,https://www.instagram.com/thedogist/p/Bt1M2j6H2sk/,https://www.instagram.com/p/Bt1M2j6H2sk/,2026-06-19T22:24:32.387Z,269,72
3037,Btz3RZpniwy,p,https://www.instagram.com/thedogist/p/Btz3RZpniwy/,https://www.instagram.com/p/Btz3RZpniwy/,2026-06-19T22:24:34.047Z,270,58
3038,BtzgtB2HO5F,p,https://www.instagram.com/thedogist/p/BtzgtB2HO5F/,https://www.instagram.com/p/BtzgtB2HO5F/,2026-06-19T22:24:34.047Z,270,59
3039,BtzM-1fHRuQ,p,https://www.instagram.com/thedogist/p/BtzM-1fHRuQ/,https://www.instagram.com/p/BtzM-1fHRuQ/,2026-06-19T22:24:34.047Z,270,60
3040,BtyyW7ynz49,p,https://www.instagram.com/thedogist/p/BtyyW7ynz49/,https://www.instagram.com/p/BtyyW7ynz49/,2026-06-19T22:24:34.048Z,270,61
3041,BtyhdSvHnI0,p,https://www.instagram.com/thedogist/p/BtyhdSvHnI0/,https://www.instagram.com/p/BtyhdSvHnI0/,2026-06-19T22:24:34.048Z,270,62
3042,BtxCX8-HSkS,p,https://www.instagram.com/thedogist/p/BtxCX8-HSkS/,https://www.instagram.com/p/BtxCX8-HSkS/,2026-06-19T22:24:34.048Z,270,63
3043,BtwhNARH0bM,p,https://www.instagram.com/thedogist/p/BtwhNARH0bM/,https://www.instagram.com/p/BtwhNARH0bM/,2026-06-19T22:24:34.048Z,270,64
3044,BtugLRAHnLH,p,https://www.instagram.com/thedogist/p/BtugLRAHnLH/,https://www.instagram.com/p/BtugLRAHnLH/,2026-06-19T22:24:34.049Z,270,65
3045,BtqlZIdnbcB,p,https://www.instagram.com/thedogist/p/BtqlZIdnbcB/,https://www.instagram.com/p/BtqlZIdnbcB/,2026-06-19T22:24:34.049Z,270,66
3046,BtpIi2KnT27,p,https://www.instagram.com/thedogist/p/BtpIi2KnT27/,https://www.instagram.com/p/BtpIi2KnT27/,2026-06-19T22:24:34.049Z,270,67
3047,BtoRISQnIAW,p,https://www.instagram.com/thedogist/p/BtoRISQnIAW/,https://www.instagram.com/p/BtoRISQnIAW/,2026-06-19T22:24:34.049Z,270,68
3048,Btn6rUmnMJE,p,https://www.instagram.com/thedogist/p/Btn6rUmnMJE/,https://www.instagram.com/p/Btn6rUmnMJE/,2026-06-19T22:24:34.049Z,270,69
3049,Btmmy3yHIFP,p,https://www.instagram.com/thedogist/p/Btmmy3yHIFP/,https://www.instagram.com/p/Btmmy3yHIFP/,2026-06-19T22:24:35.720Z,271,60
3050,Btl8XwgnEQi,p,https://www.instagram.com/thedogist/p/Btl8XwgnEQi/,https://www.instagram.com/p/Btl8XwgnEQi/,2026-06-19T22:24:35.721Z,271,61
3051,BtkDfp2HYzm,p,https://www.instagram.com/thedogist/p/BtkDfp2HYzm/,https://www.instagram.com/p/BtkDfp2HYzm/,2026-06-19T22:24:35.721Z,271,62
3052,BtjSH-XHViw,p,https://www.instagram.com/thedogist/p/BtjSH-XHViw/,https://www.instagram.com/p/BtjSH-XHViw/,2026-06-19T22:24:35.722Z,271,63
3053,BthrIaJHp1Q,p,https://www.instagram.com/thedogist/p/BthrIaJHp1Q/,https://www.instagram.com/p/BthrIaJHp1Q/,2026-06-19T22:24:35.722Z,271,64
3054,Btg5r68nyI9,p,https://www.instagram.com/thedogist/p/Btg5r68nyI9/,https://www.instagram.com/p/Btg5r68nyI9/,2026-06-19T22:24:35.722Z,271,65
3055,BtfEQ4FHqda,p,https://www.instagram.com/thedogist/p/BtfEQ4FHqda/,https://www.instagram.com/p/BtfEQ4FHqda/,2026-06-19T22:24:35.722Z,271,66
3056,BtekUo8HSJf,p,https://www.instagram.com/thedogist/p/BtekUo8HSJf/,https://www.instagram.com/p/BtekUo8HSJf/,2026-06-19T22:24:35.723Z,271,67
3057,BteEUReH_rV,p,https://www.instagram.com/thedogist/p/BteEUReH_rV/,https://www.instagram.com/p/BteEUReH_rV/,2026-06-19T22:24:35.723Z,271,68
3058,BtcRo7GHOc6,p,https://www.instagram.com/thedogist/p/BtcRo7GHOc6/,https://www.instagram.com/p/BtcRo7GHOc6/,2026-06-19T22:24:35.723Z,271,69
3059,BtbXqFQn9jB,p,https://www.instagram.com/thedogist/p/BtbXqFQn9jB/,https://www.instagram.com/p/BtbXqFQn9jB/,2026-06-19T22:24:35.723Z,271,70
3060,BtZnqtznfQa,p,https://www.instagram.com/thedogist/p/BtZnqtznfQa/,https://www.instagram.com/p/BtZnqtznfQa/,2026-06-19T22:24:35.724Z,271,71
3061,BtYnTLPHsIK,p,https://www.instagram.com/thedogist/p/BtYnTLPHsIK/,https://www.instagram.com/p/BtYnTLPHsIK/,2026-06-19T22:24:37.391Z,272,62
3062,BtWueh_nr5h,p,https://www.instagram.com/thedogist/p/BtWueh_nr5h/,https://www.instagram.com/p/BtWueh_nr5h/,2026-06-19T22:24:37.391Z,272,63
3063,BtV94TNHJYC,p,https://www.instagram.com/thedogist/p/BtV94TNHJYC/,https://www.instagram.com/p/BtV94TNHJYC/,2026-06-19T22:24:37.391Z,272,64
3064,BtUvaXYHtU8,p,https://www.instagram.com/thedogist/p/BtUvaXYHtU8/,https://www.instagram.com/p/BtUvaXYHtU8/,2026-06-19T22:24:37.392Z,272,65
3065,BtR3gTtnxP-,p,https://www.instagram.com/thedogist/p/BtR3gTtnxP-/,https://www.instagram.com/p/BtR3gTtnxP-/,2026-06-19T22:24:37.392Z,272,66
3066,BtRb9hIHAEm,p,https://www.instagram.com/thedogist/p/BtRb9hIHAEm/,https://www.instagram.com/p/BtRb9hIHAEm/,2026-06-19T22:24:37.392Z,272,67
3067,BtPDeT-HBMY,p,https://www.instagram.com/thedogist/p/BtPDeT-HBMY/,https://www.instagram.com/p/BtPDeT-HBMY/,2026-06-19T22:24:37.392Z,272,68
3068,BtMcCRzHT5Y,p,https://www.instagram.com/thedogist/p/BtMcCRzHT5Y/,https://www.instagram.com/p/BtMcCRzHT5Y/,2026-06-19T22:24:37.393Z,272,69
3069,BtKNznonto2,p,https://www.instagram.com/thedogist/p/BtKNznonto2/,https://www.instagram.com/p/BtKNznonto2/,2026-06-19T22:24:37.393Z,272,70
3070,BtH4zhlnAaX,p,https://www.instagram.com/thedogist/p/BtH4zhlnAaX/,https://www.instagram.com/p/BtH4zhlnAaX/,2026-06-19T22:24:37.393Z,272,71
3071,BtHJMA_nHAn,p,https://www.instagram.com/thedogist/p/BtHJMA_nHAn/,https://www.instagram.com/p/BtHJMA_nHAn/,2026-06-19T22:24:37.393Z,272,72
3072,BtEFKBpnxf5,p,https://www.instagram.com/thedogist/p/BtEFKBpnxf5/,https://www.instagram.com/p/BtEFKBpnxf5/,2026-06-19T22:24:37.394Z,272,73
3073,BtClMT_nRZo,p,https://www.instagram.com/thedogist/p/BtClMT_nRZo/,https://www.instagram.com/p/BtClMT_nRZo/,2026-06-19T22:24:39.256Z,273,59
3074,BtCI5LLHPNI,p,https://www.instagram.com/thedogist/p/BtCI5LLHPNI/,https://www.instagram.com/p/BtCI5LLHPNI/,2026-06-19T22:24:39.256Z,273,60
3075,Bs_wKk0n0za,p,https://www.instagram.com/thedogist/p/Bs_wKk0n0za/,https://www.instagram.com/p/Bs_wKk0n0za/,2026-06-19T22:24:39.256Z,273,61
3076,Bs_Bkd3Hs1b,p,https://www.instagram.com/thedogist/p/Bs_Bkd3Hs1b/,https://www.instagram.com/p/Bs_Bkd3Hs1b/,2026-06-19T22:24:39.256Z,273,62
3077,Bs9ELH8nMwu,p,https://www.instagram.com/thedogist/p/Bs9ELH8nMwu/,https://www.instagram.com/p/Bs9ELH8nMwu/,2026-06-19T22:24:39.257Z,273,63
3078,Bs6oQaOnlGC,p,https://www.instagram.com/thedogist/p/Bs6oQaOnlGC/,https://www.instagram.com/p/Bs6oQaOnlGC/,2026-06-19T22:24:39.257Z,273,64
3079,Bs6EkVFHfgg,p,https://www.instagram.com/thedogist/p/Bs6EkVFHfgg/,https://www.instagram.com/p/Bs6EkVFHfgg/,2026-06-19T22:24:39.257Z,273,65
3080,Bs4JXcbnNmP,p,https://www.instagram.com/thedogist/p/Bs4JXcbnNmP/,https://www.instagram.com/p/Bs4JXcbnNmP/,2026-06-19T22:24:39.257Z,273,66
3081,Bs3368onDyn,p,https://www.instagram.com/thedogist/p/Bs3368onDyn/,https://www.instagram.com/p/Bs3368onDyn/,2026-06-19T22:24:39.258Z,273,67
3082,Bs1e805nDxE,p,https://www.instagram.com/thedogist/p/Bs1e805nDxE/,https://www.instagram.com/p/Bs1e805nDxE/,2026-06-19T22:24:39.258Z,273,68
3083,Bs0yUFrn3l7,p,https://www.instagram.com/thedogist/p/Bs0yUFrn3l7/,https://www.instagram.com/p/Bs0yUFrn3l7/,2026-06-19T22:24:39.258Z,273,69
3084,Bsy5nUyHdrm,p,https://www.instagram.com/thedogist/p/Bsy5nUyHdrm/,https://www.instagram.com/p/Bsy5nUyHdrm/,2026-06-19T22:24:39.258Z,273,70
3085,BswQDpFny9M,p,https://www.instagram.com/thedogist/p/BswQDpFny9M/,https://www.instagram.com/p/BswQDpFny9M/,2026-06-19T22:24:41.065Z,274,61
3086,Bsv1Dw2Hul6,p,https://www.instagram.com/thedogist/p/Bsv1Dw2Hul6/,https://www.instagram.com/p/Bsv1Dw2Hul6/,2026-06-19T22:24:41.065Z,274,62
3087,BstdWGqnxk6,p,https://www.instagram.com/thedogist/p/BstdWGqnxk6/,https://www.instagram.com/p/BstdWGqnxk6/,2026-06-19T22:24:41.066Z,274,63
3088,Bsq_DXHnfZH,p,https://www.instagram.com/thedogist/p/Bsq_DXHnfZH/,https://www.instagram.com/p/Bsq_DXHnfZH/,2026-06-19T22:24:41.066Z,274,64
3089,Bsql7NnHTnQ,p,https://www.instagram.com/thedogist/p/Bsql7NnHTnQ/,https://www.instagram.com/p/Bsql7NnHTnQ/,2026-06-19T22:24:41.066Z,274,65
3090,BsowwEMHBdF,p,https://www.instagram.com/thedogist/p/BsowwEMHBdF/,https://www.instagram.com/p/BsowwEMHBdF/,2026-06-19T22:24:41.066Z,274,66
3091,BsoQ7AoHqDx,p,https://www.instagram.com/thedogist/p/BsoQ7AoHqDx/,https://www.instagram.com/p/BsoQ7AoHqDx/,2026-06-19T22:24:41.067Z,274,67
3092,BsmRZThHpkq,p,https://www.instagram.com/thedogist/p/BsmRZThHpkq/,https://www.instagram.com/p/BsmRZThHpkq/,2026-06-19T22:24:41.067Z,274,68
3093,BslpSZUHPnY,p,https://www.instagram.com/thedogist/p/BslpSZUHPnY/,https://www.instagram.com/p/BslpSZUHPnY/,2026-06-19T22:24:41.067Z,274,69
3094,BsjhF6LnZH3,p,https://www.instagram.com/thedogist/p/BsjhF6LnZH3/,https://www.instagram.com/p/BsjhF6LnZH3/,2026-06-19T22:24:41.067Z,274,70
3095,BsivOsJHUM7,p,https://www.instagram.com/thedogist/p/BsivOsJHUM7/,https://www.instagram.com/p/BsivOsJHUM7/,2026-06-19T22:24:41.068Z,274,71
3096,BsglpvqnPMf,p,https://www.instagram.com/thedogist/p/BsglpvqnPMf/,https://www.instagram.com/p/BsglpvqnPMf/,2026-06-19T22:24:41.068Z,274,72
3097,Bsf6oW0HlBP,p,https://www.instagram.com/thedogist/p/Bsf6oW0HlBP/,https://www.instagram.com/p/Bsf6oW0HlBP/,2026-06-19T22:24:42.727Z,275,58
3098,BseOl5_nc7z,p,https://www.instagram.com/thedogist/p/BseOl5_nc7z/,https://www.instagram.com/p/BseOl5_nc7z/,2026-06-19T22:24:42.728Z,275,59
3099,BsddCAgHUa_,p,https://www.instagram.com/thedogist/p/BsddCAgHUa_/,https://www.instagram.com/p/BsddCAgHUa_/,2026-06-19T22:24:42.728Z,275,60
3100,Bsby7meH3Bx,p,https://www.instagram.com/thedogist/p/Bsby7meH3Bx/,https://www.instagram.com/p/Bsby7meH3Bx/,2026-06-19T22:24:42.728Z,275,61
3101,Bsa_JDCHvXD,p,https://www.instagram.com/thedogist/p/Bsa_JDCHvXD/,https://www.instagram.com/p/Bsa_JDCHvXD/,2026-06-19T22:24:42.729Z,275,62
3102,BsYtUf0nFSL,p,https://www.instagram.com/thedogist/p/BsYtUf0nFSL/,https://www.instagram.com/p/BsYtUf0nFSL/,2026-06-19T22:24:42.729Z,275,63
3103,BsW3Y6_HkCZ,p,https://www.instagram.com/thedogist/p/BsW3Y6_HkCZ/,https://www.instagram.com/p/BsW3Y6_HkCZ/,2026-06-19T22:24:42.729Z,275,64
3104,BsV6tnlnqtU,p,https://www.instagram.com/thedogist/p/BsV6tnlnqtU/,https://www.instagram.com/p/BsV6tnlnqtU/,2026-06-19T22:24:42.729Z,275,65
3105,BsUcQMtn9WT,p,https://www.instagram.com/thedogist/p/BsUcQMtn9WT/,https://www.instagram.com/p/BsUcQMtn9WT/,2026-06-19T22:24:42.730Z,275,66
3106,BsTkiHlH7-K,p,https://www.instagram.com/thedogist/p/BsTkiHlH7-K/,https://www.instagram.com/p/BsTkiHlH7-K/,2026-06-19T22:24:42.730Z,275,67
3107,BsQ1StFHiAd,p,https://www.instagram.com/thedogist/p/BsQ1StFHiAd/,https://www.instagram.com/p/BsQ1StFHiAd/,2026-06-19T22:24:42.730Z,275,68
3108,BsOZouJHYmy,p,https://www.instagram.com/thedogist/p/BsOZouJHYmy/,https://www.instagram.com/p/BsOZouJHYmy/,2026-06-19T22:24:42.730Z,275,69
3109,BsMSOVfH1Sv,p,https://www.instagram.com/thedogist/p/BsMSOVfH1Sv/,https://www.instagram.com/p/BsMSOVfH1Sv/,2026-06-19T22:24:44.393Z,276,60
3110,BsLV9Ynn5Tc,p,https://www.instagram.com/thedogist/p/BsLV9Ynn5Tc/,https://www.instagram.com/p/BsLV9Ynn5Tc/,2026-06-19T22:24:44.393Z,276,61
3111,BsJpTOAnsec,p,https://www.instagram.com/thedogist/p/BsJpTOAnsec/,https://www.instagram.com/p/BsJpTOAnsec/,2026-06-19T22:24:44.393Z,276,62
3112,BsJBSR2nsoO,p,https://www.instagram.com/thedogist/p/BsJBSR2nsoO/,https://www.instagram.com/p/BsJBSR2nsoO/,2026-06-19T22:24:44.393Z,276,63
3113,BsGdk0kHIFS,p,https://www.instagram.com/thedogist/p/BsGdk0kHIFS/,https://www.instagram.com/p/BsGdk0kHIFS/,2026-06-19T22:24:44.394Z,276,64
3114,BsE1UMinMCc,p,https://www.instagram.com/thedogist/p/BsE1UMinMCc/,https://www.instagram.com/p/BsE1UMinMCc/,2026-06-19T22:24:44.394Z,276,65
3115,BsD4usBHwS_,p,https://www.instagram.com/thedogist/p/BsD4usBHwS_/,https://www.instagram.com/p/BsD4usBHwS_/,2026-06-19T22:24:44.394Z,276,66
3116,BsCPUOhn2xR,p,https://www.instagram.com/thedogist/p/BsCPUOhn2xR/,https://www.instagram.com/p/BsCPUOhn2xR/,2026-06-19T22:24:44.394Z,276,67
3117,BsBS9LQnFQm,p,https://www.instagram.com/thedogist/p/BsBS9LQnFQm/,https://www.instagram.com/p/BsBS9LQnFQm/,2026-06-19T22:24:44.394Z,276,68
3118,Br_cmGDHBv_,p,https://www.instagram.com/thedogist/p/Br_cmGDHBv_/,https://www.instagram.com/p/Br_cmGDHBv_/,2026-06-19T22:24:44.395Z,276,69
3119,Br_KcDnnUU9,p,https://www.instagram.com/thedogist/p/Br_KcDnnUU9/,https://www.instagram.com/p/Br_KcDnnUU9/,2026-06-19T22:24:44.395Z,276,70
3120,Br8xOpdHvSN,p,https://www.instagram.com/thedogist/p/Br8xOpdHvSN/,https://www.instagram.com/p/Br8xOpdHvSN/,2026-06-19T22:24:44.395Z,276,71
3121,Br73UgDnG7-,p,https://www.instagram.com/thedogist/p/Br73UgDnG7-/,https://www.instagram.com/p/Br73UgDnG7-/,2026-06-19T22:24:46.316Z,277,62
3122,Br5T3tlnWbg,p,https://www.instagram.com/thedogist/p/Br5T3tlnWbg/,https://www.instagram.com/p/Br5T3tlnWbg/,2026-06-19T22:24:46.316Z,277,63
3123,Br3gDU0ngdG,p,https://www.instagram.com/thedogist/p/Br3gDU0ngdG/,https://www.instagram.com/p/Br3gDU0ngdG/,2026-06-19T22:24:46.316Z,277,64
3124,Br26ZgtHzBQ,p,https://www.instagram.com/thedogist/p/Br26ZgtHzBQ/,https://www.instagram.com/p/Br26ZgtHzBQ/,2026-06-19T22:24:46.317Z,277,65
3125,Br0Oa7Bn4kc,p,https://www.instagram.com/thedogist/p/Br0Oa7Bn4kc/,https://www.instagram.com/p/Br0Oa7Bn4kc/,2026-06-19T22:24:46.317Z,277,66
3126,BryCZ9vnidU,p,https://www.instagram.com/thedogist/p/BryCZ9vnidU/,https://www.instagram.com/p/BryCZ9vnidU/,2026-06-19T22:24:46.318Z,277,67
3127,BrwAaK3HvJa,p,https://www.instagram.com/thedogist/p/BrwAaK3HvJa/,https://www.instagram.com/p/BrwAaK3HvJa/,2026-06-19T22:24:46.318Z,277,68
3128,BrvjsR5ngqR,p,https://www.instagram.com/thedogist/p/BrvjsR5ngqR/,https://www.instagram.com/p/BrvjsR5ngqR/,2026-06-19T22:24:46.318Z,277,69
3129,BrvNiIRnTxp,p,https://www.instagram.com/thedogist/p/BrvNiIRnTxp/,https://www.instagram.com/p/BrvNiIRnTxp/,2026-06-19T22:24:46.319Z,277,70
3130,BrtnxHGniRP,p,https://www.instagram.com/thedogist/p/BrtnxHGniRP/,https://www.instagram.com/p/BrtnxHGniRP/,2026-06-19T22:24:46.319Z,277,71
3131,Brs324nHgED,p,https://www.instagram.com/thedogist/p/Brs324nHgED/,https://www.instagram.com/p/Brs324nHgED/,2026-06-19T22:24:46.319Z,277,72
3132,BrsgQYpnCcX,p,https://www.instagram.com/thedogist/p/BrsgQYpnCcX/,https://www.instagram.com/p/BrsgQYpnCcX/,2026-06-19T22:24:46.320Z,277,73
3133,Brqy_EbHc7C,p,https://www.instagram.com/thedogist/p/Brqy_EbHc7C/,https://www.instagram.com/p/Brqy_EbHc7C/,2026-06-19T22:24:47.993Z,278,59
3134,BrqdTTVnCC1,p,https://www.instagram.com/thedogist/p/BrqdTTVnCC1/,https://www.instagram.com/p/BrqdTTVnCC1/,2026-06-19T22:24:47.993Z,278,60
3135,BroJTOlnMUy,reel,https://www.instagram.com/thedogist/reel/BroJTOlnMUy/,https://www.instagram.com/reel/BroJTOlnMUy/,2026-06-19T22:24:47.993Z,278,61
3136,Brngo8CH7Og,p,https://www.instagram.com/thedogist/p/Brngo8CH7Og/,https://www.instagram.com/p/Brngo8CH7Og/,2026-06-19T22:24:47.994Z,278,62
3137,BrlxLytnN9o,p,https://www.instagram.com/thedogist/p/BrlxLytnN9o/,https://www.instagram.com/p/BrlxLytnN9o/,2026-06-19T22:24:47.994Z,278,63
3138,BrlTEwFHz5D,p,https://www.instagram.com/thedogist/p/BrlTEwFHz5D/,https://www.instagram.com/p/BrlTEwFHz5D/,2026-06-19T22:24:47.994Z,278,64
3139,Brk1p-qn3Ls,p,https://www.instagram.com/thedogist/p/Brk1p-qn3Ls/,https://www.instagram.com/p/Brk1p-qn3Ls/,2026-06-19T22:24:47.994Z,278,65
3140,BrjJeScnlCU,p,https://www.instagram.com/thedogist/p/BrjJeScnlCU/,https://www.instagram.com/p/BrjJeScnlCU/,2026-06-19T22:24:47.995Z,278,66
3141,BrioHJanozY,p,https://www.instagram.com/thedogist/p/BrioHJanozY/,https://www.instagram.com/p/BrioHJanozY/,2026-06-19T22:24:47.995Z,278,67
3142,BrgUK4vH18Q,p,https://www.instagram.com/thedogist/p/BrgUK4vH18Q/,https://www.instagram.com/p/BrgUK4vH18Q/,2026-06-19T22:24:47.995Z,278,68
3143,BrfgXrun_QJ,p,https://www.instagram.com/thedogist/p/BrfgXrun_QJ/,https://www.instagram.com/p/BrfgXrun_QJ/,2026-06-19T22:24:47.995Z,278,69
3144,Brdw7k2nZQR,p,https://www.instagram.com/thedogist/p/Brdw7k2nZQR/,https://www.instagram.com/p/Brdw7k2nZQR/,2026-06-19T22:24:47.995Z,278,70
3145,BrdFg4wn-gS,p,https://www.instagram.com/thedogist/p/BrdFg4wn-gS/,https://www.instagram.com/p/BrdFg4wn-gS/,2026-06-19T22:24:49.662Z,279,61
3146,BrbTfR9n0Sy,p,https://www.instagram.com/thedogist/p/BrbTfR9n0Sy/,https://www.instagram.com/p/BrbTfR9n0Sy/,2026-06-19T22:24:49.663Z,279,62
3147,BrbB1panIWf,p,https://www.instagram.com/thedogist/p/BrbB1panIWf/,https://www.instagram.com/p/BrbB1panIWf/,2026-06-19T22:24:49.663Z,279,63
3148,BrYq4UBnxmg,p,https://www.instagram.com/thedogist/p/BrYq4UBnxmg/,https://www.instagram.com/p/BrYq4UBnxmg/,2026-06-19T22:24:49.663Z,279,64
3149,BrYV0OaHUNy,p,https://www.instagram.com/thedogist/p/BrYV0OaHUNy/,https://www.instagram.com/p/BrYV0OaHUNy/,2026-06-19T22:24:49.663Z,279,65
3150,BrX823BHDFZ,p,https://www.instagram.com/thedogist/p/BrX823BHDFZ/,https://www.instagram.com/p/BrX823BHDFZ/,2026-06-19T22:24:49.664Z,279,66
3151,BrWElBln70w,p,https://www.instagram.com/thedogist/p/BrWElBln70w/,https://www.instagram.com/p/BrWElBln70w/,2026-06-19T22:24:49.664Z,279,67
3152,BrVthceHq3m,p,https://www.instagram.com/thedogist/p/BrVthceHq3m/,https://www.instagram.com/p/BrVthceHq3m/,2026-06-19T22:24:49.664Z,279,68
3153,BrTyZD_HiXO,p,https://www.instagram.com/thedogist/p/BrTyZD_HiXO/,https://www.instagram.com/p/BrTyZD_HiXO/,2026-06-19T22:24:49.664Z,279,69
3154,BrS82bvnhDq,p,https://www.instagram.com/thedogist/p/BrS82bvnhDq/,https://www.instagram.com/p/BrS82bvnhDq/,2026-06-19T22:24:49.664Z,279,70
3155,BrRDvPwHY9p,p,https://www.instagram.com/thedogist/p/BrRDvPwHY9p/,https://www.instagram.com/p/BrRDvPwHY9p/,2026-06-19T22:24:49.665Z,279,71
3156,BrOmSiQn4Ru,p,https://www.instagram.com/thedogist/p/BrOmSiQn4Ru/,https://www.instagram.com/p/BrOmSiQn4Ru/,2026-06-19T22:24:49.665Z,279,72
3157,BrN2G3tHO_V,p,https://www.instagram.com/thedogist/p/BrN2G3tHO_V/,https://www.instagram.com/p/BrN2G3tHO_V/,2026-06-19T22:24:51.731Z,280,58
3158,BrLiLk9Hr5B,p,https://www.instagram.com/thedogist/p/BrLiLk9Hr5B/,https://www.instagram.com/p/BrLiLk9Hr5B/,2026-06-19T22:24:51.731Z,280,59
3159,BrJB5Vcnj6F,p,https://www.instagram.com/thedogist/p/BrJB5Vcnj6F/,https://www.instagram.com/p/BrJB5Vcnj6F/,2026-06-19T22:24:51.731Z,280,60
3160,BrGyQhtnLQu,p,https://www.instagram.com/thedogist/p/BrGyQhtnLQu/,https://www.instagram.com/p/BrGyQhtnLQu/,2026-06-19T22:24:51.732Z,280,61
3161,BrDhIRyHCeJ,p,https://www.instagram.com/thedogist/p/BrDhIRyHCeJ/,https://www.instagram.com/p/BrDhIRyHCeJ/,2026-06-19T22:24:51.732Z,280,62
3162,BrBz_DGHMvA,p,https://www.instagram.com/thedogist/p/BrBz_DGHMvA/,https://www.instagram.com/p/BrBz_DGHMvA/,2026-06-19T22:24:51.732Z,280,63
3163,Bq_ie9QHR8k,p,https://www.instagram.com/thedogist/p/Bq_ie9QHR8k/,https://www.instagram.com/p/Bq_ie9QHR8k/,2026-06-19T22:24:51.732Z,280,64
3164,Bq-n90GnOaF,p,https://www.instagram.com/thedogist/p/Bq-n90GnOaF/,https://www.instagram.com/p/Bq-n90GnOaF/,2026-06-19T22:24:51.733Z,280,65
3165,Bq9HbanHzXt,p,https://www.instagram.com/thedogist/p/Bq9HbanHzXt/,https://www.instagram.com/p/Bq9HbanHzXt/,2026-06-19T22:24:51.733Z,280,66
3166,Bq7g3WmHveC,p,https://www.instagram.com/thedogist/p/Bq7g3WmHveC/,https://www.instagram.com/p/Bq7g3WmHveC/,2026-06-19T22:24:51.733Z,280,67
3167,Bq55m35H0S6,p,https://www.instagram.com/thedogist/p/Bq55m35H0S6/,https://www.instagram.com/p/Bq55m35H0S6/,2026-06-19T22:24:51.733Z,280,68
3168,Bq5Jx7enwFT,p,https://www.instagram.com/thedogist/p/Bq5Jx7enwFT/,https://www.instagram.com/p/Bq5Jx7enwFT/,2026-06-19T22:24:51.734Z,280,69
3169,Bq3Zn_gnNGe,p,https://www.instagram.com/thedogist/p/Bq3Zn_gnNGe/,https://www.instagram.com/p/Bq3Zn_gnNGe/,2026-06-19T22:24:53.395Z,281,60
3170,Bq22QtJH1_7,p,https://www.instagram.com/thedogist/p/Bq22QtJH1_7/,https://www.instagram.com/p/Bq22QtJH1_7/,2026-06-19T22:24:53.396Z,281,61
3171,Bq2Uv6IHxVZ,p,https://www.instagram.com/thedogist/p/Bq2Uv6IHxVZ/,https://www.instagram.com/p/Bq2Uv6IHxVZ/,2026-06-19T22:24:53.396Z,281,62
3172,Bq00cRPHwBw,p,https://www.instagram.com/thedogist/p/Bq00cRPHwBw/,https://www.instagram.com/p/Bq00cRPHwBw/,2026-06-19T22:24:53.397Z,281,63
3173,BqzrvijnRWO,p,https://www.instagram.com/thedogist/p/BqzrvijnRWO/,https://www.instagram.com/p/BqzrvijnRWO/,2026-06-19T22:24:53.397Z,281,64
3174,Bqxc0DRncDa,p,https://www.instagram.com/thedogist/p/Bqxc0DRncDa/,https://www.instagram.com/p/Bqxc0DRncDa/,2026-06-19T22:24:53.397Z,281,65
3175,BqvSeEWncQ5,p,https://www.instagram.com/thedogist/p/BqvSeEWncQ5/,https://www.instagram.com/p/BqvSeEWncQ5/,2026-06-19T22:24:53.397Z,281,66
3176,Bqu5Wqvnqii,p,https://www.instagram.com/thedogist/p/Bqu5Wqvnqii/,https://www.instagram.com/p/Bqu5Wqvnqii/,2026-06-19T22:24:53.398Z,281,67
3177,Bqs4IhDHbPh,p,https://www.instagram.com/thedogist/p/Bqs4IhDHbPh/,https://www.instagram.com/p/Bqs4IhDHbPh/,2026-06-19T22:24:53.398Z,281,68
3178,Bqse1ZfHlVp,p,https://www.instagram.com/thedogist/p/Bqse1ZfHlVp/,https://www.instagram.com/p/Bqse1ZfHlVp/,2026-06-19T22:24:53.398Z,281,69
3179,Bqql9uRHDpP,p,https://www.instagram.com/thedogist/p/Bqql9uRHDpP/,https://www.instagram.com/p/Bqql9uRHDpP/,2026-06-19T22:24:53.399Z,281,70
3180,BqqSOc5H94k,p,https://www.instagram.com/thedogist/p/BqqSOc5H94k/,https://www.instagram.com/p/BqqSOc5H94k/,2026-06-19T22:24:53.399Z,281,71
3181,BqpoNT5n2Vq,p,https://www.instagram.com/thedogist/p/BqpoNT5n2Vq/,https://www.instagram.com/p/BqpoNT5n2Vq/,2026-06-19T22:24:55.068Z,282,62
3182,Bqnzk69H6kf,p,https://www.instagram.com/thedogist/p/Bqnzk69H6kf/,https://www.instagram.com/p/Bqnzk69H6kf/,2026-06-19T22:24:55.068Z,282,63
3183,BqlMGy1Hl5r,p,https://www.instagram.com/thedogist/p/BqlMGy1Hl5r/,https://www.instagram.com/p/BqlMGy1Hl5r/,2026-06-19T22:24:55.069Z,282,64
3184,BqiwE_xnkyr,p,https://www.instagram.com/thedogist/p/BqiwE_xnkyr/,https://www.instagram.com/p/BqiwE_xnkyr/,2026-06-19T22:24:55.069Z,282,65
3185,Bqh94O5HKwj,p,https://www.instagram.com/thedogist/p/Bqh94O5HKwj/,https://www.instagram.com/p/Bqh94O5HKwj/,2026-06-19T22:24:55.069Z,282,66
3186,BqfxvvPnn2B,p,https://www.instagram.com/thedogist/p/BqfxvvPnn2B/,https://www.instagram.com/p/BqfxvvPnn2B/,2026-06-19T22:24:55.069Z,282,67
3187,BqfgeShH_9w,p,https://www.instagram.com/thedogist/p/BqfgeShH_9w/,https://www.instagram.com/p/BqfgeShH_9w/,2026-06-19T22:24:55.070Z,282,68
3188,Bqc29Asn1UH,p,https://www.instagram.com/thedogist/p/Bqc29Asn1UH/,https://www.instagram.com/p/Bqc29Asn1UH/,2026-06-19T22:24:55.070Z,282,69
3189,BqbRNpwHz97,p,https://www.instagram.com/thedogist/p/BqbRNpwHz97/,https://www.instagram.com/p/BqbRNpwHz97/,2026-06-19T22:24:55.070Z,282,70
3190,BqaduKXn8KH,p,https://www.instagram.com/thedogist/p/BqaduKXn8KH/,https://www.instagram.com/p/BqaduKXn8KH/,2026-06-19T22:24:55.070Z,282,71
3191,BqYMQ5rHo2A,p,https://www.instagram.com/thedogist/p/BqYMQ5rHo2A/,https://www.instagram.com/p/BqYMQ5rHo2A/,2026-06-19T22:24:55.070Z,282,72
3192,BqXfJWhn5VW,p,https://www.instagram.com/thedogist/p/BqXfJWhn5VW/,https://www.instagram.com/p/BqXfJWhn5VW/,2026-06-19T22:24:55.070Z,282,73
3193,BqVlTlAnzV0,p,https://www.instagram.com/thedogist/p/BqVlTlAnzV0/,https://www.instagram.com/p/BqVlTlAnzV0/,2026-06-19T22:24:56.903Z,283,59
3194,BqVRHhOnOn-,p,https://www.instagram.com/thedogist/p/BqVRHhOnOn-/,https://www.instagram.com/p/BqVRHhOnOn-/,2026-06-19T22:24:56.904Z,283,60
3195,BqTOc1eHKz3,p,https://www.instagram.com/thedogist/p/BqTOc1eHKz3/,https://www.instagram.com/p/BqTOc1eHKz3/,2026-06-19T22:24:56.904Z,283,61
3196,BqSoKWgHF2r,p,https://www.instagram.com/thedogist/p/BqSoKWgHF2r/,https://www.instagram.com/p/BqSoKWgHF2r/,2026-06-19T22:24:56.905Z,283,62
3197,BqQ1kMZHqBv,p,https://www.instagram.com/thedogist/p/BqQ1kMZHqBv/,https://www.instagram.com/p/BqQ1kMZHqBv/,2026-06-19T22:24:56.905Z,283,63
3198,BqQZL7Qn59h,p,https://www.instagram.com/thedogist/p/BqQZL7Qn59h/,https://www.instagram.com/p/BqQZL7Qn59h/,2026-06-19T22:24:56.905Z,283,64
3199,BqQEzGing9h,p,https://www.instagram.com/thedogist/p/BqQEzGing9h/,https://www.instagram.com/p/BqQEzGing9h/,2026-06-19T22:24:56.905Z,283,65
3200,BqOR1mvHzWl,p,https://www.instagram.com/thedogist/p/BqOR1mvHzWl/,https://www.instagram.com/p/BqOR1mvHzWl/,2026-06-19T22:24:56.906Z,283,66
3201,BqN0nnVnUZl,p,https://www.instagram.com/thedogist/p/BqN0nnVnUZl/,https://www.instagram.com/p/BqN0nnVnUZl/,2026-06-19T22:24:56.906Z,283,67
3202,BqNVSyan8Rv,p,https://www.instagram.com/thedogist/p/BqNVSyan8Rv/,https://www.instagram.com/p/BqNVSyan8Rv/,2026-06-19T22:24:56.906Z,283,68
3203,BqLlEOgniy7,p,https://www.instagram.com/thedogist/p/BqLlEOgniy7/,https://www.instagram.com/p/BqLlEOgniy7/,2026-06-19T22:24:56.906Z,283,69
3204,BqJFYcEnBDr,p,https://www.instagram.com/thedogist/p/BqJFYcEnBDr/,https://www.instagram.com/p/BqJFYcEnBDr/,2026-06-19T22:24:56.906Z,283,70
3205,BqIOm2DHurD,p,https://www.instagram.com/thedogist/p/BqIOm2DHurD/,https://www.instagram.com/p/BqIOm2DHurD/,2026-06-19T22:24:58.570Z,284,61
3206,BqGYWRgHmzV,p,https://www.instagram.com/thedogist/p/BqGYWRgHmzV/,https://www.instagram.com/p/BqGYWRgHmzV/,2026-06-19T22:24:58.570Z,284,62
3207,BqFlcLfHOcG,p,https://www.instagram.com/thedogist/p/BqFlcLfHOcG/,https://www.instagram.com/p/BqFlcLfHOcG/,2026-06-19T22:24:58.571Z,284,63
3208,BqDsqo9HPE-,p,https://www.instagram.com/thedogist/p/BqDsqo9HPE-/,https://www.instagram.com/p/BqDsqo9HPE-/,2026-06-19T22:24:58.571Z,284,64
3209,BqDRppInlz0,p,https://www.instagram.com/thedogist/p/BqDRppInlz0/,https://www.instagram.com/p/BqDRppInlz0/,2026-06-19T22:24:58.571Z,284,65
3210,BqBDgZnHkYL,p,https://www.instagram.com/thedogist/p/BqBDgZnHkYL/,https://www.instagram.com/p/BqBDgZnHkYL/,2026-06-19T22:24:58.572Z,284,66
3211,BqARn0qnzui,p,https://www.instagram.com/thedogist/p/BqARn0qnzui/,https://www.instagram.com/p/BqARn0qnzui/,2026-06-19T22:24:58.572Z,284,67
3212,Bp-4s4rn2cg,p,https://www.instagram.com/thedogist/p/Bp-4s4rn2cg/,https://www.instagram.com/p/Bp-4s4rn2cg/,2026-06-19T22:24:58.572Z,284,68
3213,Bp-XhAOnuUE,p,https://www.instagram.com/thedogist/p/Bp-XhAOnuUE/,https://www.instagram.com/p/Bp-XhAOnuUE/,2026-06-19T22:24:58.573Z,284,69
3214,Bp906Lfnr5a,p,https://www.instagram.com/thedogist/p/Bp906Lfnr5a/,https://www.instagram.com/p/Bp906Lfnr5a/,2026-06-19T22:24:58.573Z,284,70
3215,Bp8B-NpnGer,p,https://www.instagram.com/thedogist/p/Bp8B-NpnGer/,https://www.instagram.com/p/Bp8B-NpnGer/,2026-06-19T22:24:58.573Z,284,71
3216,Bp7ObnTnPkm,p,https://www.instagram.com/thedogist/p/Bp7ObnTnPkm/,https://www.instagram.com/p/Bp7ObnTnPkm/,2026-06-19T22:24:58.573Z,284,72
3217,Bp5nCU7HEbQ,p,https://www.instagram.com/thedogist/p/Bp5nCU7HEbQ/,https://www.instagram.com/p/Bp5nCU7HEbQ/,2026-06-19T22:25:00.269Z,285,58
3218,Bp5FDSdHbGi,p,https://www.instagram.com/thedogist/p/Bp5FDSdHbGi/,https://www.instagram.com/p/Bp5FDSdHbGi/,2026-06-19T22:25:00.269Z,285,59
3219,Bp3RpI6nKS9,p,https://www.instagram.com/thedogist/p/Bp3RpI6nKS9/,https://www.instagram.com/p/Bp3RpI6nKS9/,2026-06-19T22:25:00.270Z,285,60
3220,Bp2xR5zHSYY,p,https://www.instagram.com/thedogist/p/Bp2xR5zHSYY/,https://www.instagram.com/p/Bp2xR5zHSYY/,2026-06-19T22:25:00.270Z,285,61
3221,Bp2h_Nvnq6p,p,https://www.instagram.com/thedogist/p/Bp2h_Nvnq6p/,https://www.instagram.com/p/Bp2h_Nvnq6p/,2026-06-19T22:25:00.270Z,285,62
3222,Bp0zDwwHN_2,p,https://www.instagram.com/thedogist/p/Bp0zDwwHN_2/,https://www.instagram.com/p/Bp0zDwwHN_2/,2026-06-19T22:25:00.270Z,285,63
3223,Bp0DvmlHGi9,p,https://www.instagram.com/thedogist/p/Bp0DvmlHGi9/,https://www.instagram.com/p/Bp0DvmlHGi9/,2026-06-19T22:25:00.271Z,285,64
3224,BpxqHx-n8Fp,p,https://www.instagram.com/thedogist/p/BpxqHx-n8Fp/,https://www.instagram.com/p/BpxqHx-n8Fp/,2026-06-19T22:25:00.271Z,285,65
3225,Bpw_8Pwnl2Y,p,https://www.instagram.com/thedogist/p/Bpw_8Pwnl2Y/,https://www.instagram.com/p/Bpw_8Pwnl2Y/,2026-06-19T22:25:00.271Z,285,66
3226,Bpu9i4Snxzk,p,https://www.instagram.com/thedogist/p/Bpu9i4Snxzk/,https://www.instagram.com/p/Bpu9i4Snxzk/,2026-06-19T22:25:00.271Z,285,67
3227,BpshY8nnhyy,p,https://www.instagram.com/thedogist/p/BpshY8nnhyy/,https://www.instagram.com/p/BpshY8nnhyy/,2026-06-19T22:25:00.271Z,285,68
3228,Bpr5J8pnivg,p,https://www.instagram.com/thedogist/p/Bpr5J8pnivg/,https://www.instagram.com/p/Bpr5J8pnivg/,2026-06-19T22:25:00.272Z,285,69
3229,BprtV_hHQ2J,p,https://www.instagram.com/thedogist/p/BprtV_hHQ2J/,https://www.instagram.com/p/BprtV_hHQ2J/,2026-06-19T22:25:01.935Z,286,60
3230,Bpp8l54nfGC,p,https://www.instagram.com/thedogist/p/Bpp8l54nfGC/,https://www.instagram.com/p/Bpp8l54nfGC/,2026-06-19T22:25:01.935Z,286,61
3231,BppkspBnwt2,p,https://www.instagram.com/thedogist/p/BppkspBnwt2/,https://www.instagram.com/p/BppkspBnwt2/,2026-06-19T22:25:01.935Z,286,62
3232,BpnO5Mzgisf,p,https://www.instagram.com/thedogist/p/BpnO5Mzgisf/,https://www.instagram.com/p/BpnO5Mzgisf/,2026-06-19T22:25:01.935Z,286,63
3233,Bpmyu_onJlt,p,https://www.instagram.com/thedogist/p/Bpmyu_onJlt/,https://www.instagram.com/p/Bpmyu_onJlt/,2026-06-19T22:25:01.936Z,286,64
3234,Bpkl5juHXxw,p,https://www.instagram.com/thedogist/p/Bpkl5juHXxw/,https://www.instagram.com/p/Bpkl5juHXxw/,2026-06-19T22:25:01.936Z,286,65
3235,BpkSrDHnnLR,p,https://www.instagram.com/thedogist/p/BpkSrDHnnLR/,https://www.instagram.com/p/BpkSrDHnnLR/,2026-06-19T22:25:01.936Z,286,66
3236,BpiIHFVHObO,p,https://www.instagram.com/thedogist/p/BpiIHFVHObO/,https://www.instagram.com/p/BpiIHFVHObO/,2026-06-19T22:25:01.937Z,286,67
3237,Bph4OWxny4P,p,https://www.instagram.com/thedogist/p/Bph4OWxny4P/,https://www.instagram.com/p/Bph4OWxny4P/,2026-06-19T22:25:01.937Z,286,68
3238,BphXwKHHP1L,p,https://www.instagram.com/thedogist/p/BphXwKHHP1L/,https://www.instagram.com/p/BphXwKHHP1L/,2026-06-19T22:25:01.937Z,286,69
3239,Bpf9BW4HchQ,p,https://www.instagram.com/thedogist/p/Bpf9BW4HchQ/,https://www.instagram.com/p/Bpf9BW4HchQ/,2026-06-19T22:25:01.937Z,286,70
3240,Bpfkk61ndYE,p,https://www.instagram.com/thedogist/p/Bpfkk61ndYE/,https://www.instagram.com/p/Bpfkk61ndYE/,2026-06-19T22:25:01.938Z,286,71
3241,BpfPq8mHaoR,p,https://www.instagram.com/thedogist/p/BpfPq8mHaoR/,https://www.instagram.com/p/BpfPq8mHaoR/,2026-06-19T22:25:03.603Z,287,62
3242,BpdIfkYnEDI,p,https://www.instagram.com/thedogist/p/BpdIfkYnEDI/,https://www.instagram.com/p/BpdIfkYnEDI/,2026-06-19T22:25:03.604Z,287,63
3243,BpcbbDynx_V,p,https://www.instagram.com/thedogist/p/BpcbbDynx_V/,https://www.instagram.com/p/BpcbbDynx_V/,2026-06-19T22:25:03.604Z,287,64
3244,Bpa3RQ3H16x,p,https://www.instagram.com/thedogist/p/Bpa3RQ3H16x/,https://www.instagram.com/p/Bpa3RQ3H16x/,2026-06-19T22:25:03.604Z,287,65
3245,BpaPx_-H1sZ,p,https://www.instagram.com/thedogist/p/BpaPx_-H1sZ/,https://www.instagram.com/p/BpaPx_-H1sZ/,2026-06-19T22:25:03.604Z,287,66
3246,BpZolQVH7eu,p,https://www.instagram.com/thedogist/p/BpZolQVH7eu/,https://www.instagram.com/p/BpZolQVH7eu/,2026-06-19T22:25:03.605Z,287,67
3247,BpX9xV0nhvt,p,https://www.instagram.com/thedogist/p/BpX9xV0nhvt/,https://www.instagram.com/p/BpX9xV0nhvt/,2026-06-19T22:25:03.605Z,287,68
3248,BpXjHIwH_DY,p,https://www.instagram.com/thedogist/p/BpXjHIwH_DY/,https://www.instagram.com/p/BpXjHIwH_DY/,2026-06-19T22:25:03.605Z,287,69
3249,BpUyMuGngPf,p,https://www.instagram.com/thedogist/p/BpUyMuGngPf/,https://www.instagram.com/p/BpUyMuGngPf/,2026-06-19T22:25:03.605Z,287,70
3250,BpS_ZBGHyKz,p,https://www.instagram.com/thedogist/p/BpS_ZBGHyKz/,https://www.instagram.com/p/BpS_ZBGHyKz/,2026-06-19T22:25:03.606Z,287,71
3251,BpSESJenoN_,p,https://www.instagram.com/thedogist/p/BpSESJenoN_/,https://www.instagram.com/p/BpSESJenoN_/,2026-06-19T22:25:03.606Z,287,72
3252,BpQtldtnW7h,p,https://www.instagram.com/thedogist/p/BpQtldtnW7h/,https://www.instagram.com/p/BpQtldtnW7h/,2026-06-19T22:25:03.606Z,287,73
3253,BpQDPzOHdCx,p,https://www.instagram.com/thedogist/p/BpQDPzOHdCx/,https://www.instagram.com/p/BpQDPzOHdCx/,2026-06-19T22:25:05.276Z,288,59
3254,BpPuQekHpAb,p,https://www.instagram.com/thedogist/p/BpPuQekHpAb/,https://www.instagram.com/p/BpPuQekHpAb/,2026-06-19T22:25:05.278Z,288,60
3255,BpNtvMUH5h4,p,https://www.instagram.com/thedogist/p/BpNtvMUH5h4/,https://www.instagram.com/p/BpNtvMUH5h4/,2026-06-19T22:25:05.278Z,288,61
3256,BpNZvvFH9j1,p,https://www.instagram.com/thedogist/p/BpNZvvFH9j1/,https://www.instagram.com/p/BpNZvvFH9j1/,2026-06-19T22:25:05.279Z,288,62
3257,BpLG3ZUnnYQ,p,https://www.instagram.com/thedogist/p/BpLG3ZUnnYQ/,https://www.instagram.com/p/BpLG3ZUnnYQ/,2026-06-19T22:25:05.279Z,288,63
3258,BpK4wBVHDwk,p,https://www.instagram.com/thedogist/p/BpK4wBVHDwk/,https://www.instagram.com/p/BpK4wBVHDwk/,2026-06-19T22:25:05.279Z,288,64
3259,BpKMafaHgiA,p,https://www.instagram.com/thedogist/p/BpKMafaHgiA/,https://www.instagram.com/p/BpKMafaHgiA/,2026-06-19T22:25:05.280Z,288,65
3260,BpIQfVdn6Jc,p,https://www.instagram.com/thedogist/p/BpIQfVdn6Jc/,https://www.instagram.com/p/BpIQfVdn6Jc/,2026-06-19T22:25:05.281Z,288,66
3261,BpGVaRXHy8G,p,https://www.instagram.com/thedogist/p/BpGVaRXHy8G/,https://www.instagram.com/p/BpGVaRXHy8G/,2026-06-19T22:25:05.281Z,288,67
3262,BpE5hWinfI7,p,https://www.instagram.com/thedogist/p/BpE5hWinfI7/,https://www.instagram.com/p/BpE5hWinfI7/,2026-06-19T22:25:05.281Z,288,68
3263,BpDiXVgnEjS,p,https://www.instagram.com/thedogist/p/BpDiXVgnEjS/,https://www.instagram.com/p/BpDiXVgnEjS/,2026-06-19T22:25:05.282Z,288,69
3264,BpCyP17nN6h,p,https://www.instagram.com/thedogist/p/BpCyP17nN6h/,https://www.instagram.com/p/BpCyP17nN6h/,2026-06-19T22:25:05.282Z,288,70
3265,BpBGXt-nlGx,p,https://www.instagram.com/thedogist/p/BpBGXt-nlGx/,https://www.instagram.com/p/BpBGXt-nlGx/,2026-06-19T22:25:06.965Z,289,61
3266,Bo_-FRygFiO,p,https://www.instagram.com/thedogist/p/Bo_-FRygFiO/,https://www.instagram.com/p/Bo_-FRygFiO/,2026-06-19T22:25:06.966Z,289,62
3267,Bo-aMZUgqy_,p,https://www.instagram.com/thedogist/p/Bo-aMZUgqy_/,https://www.instagram.com/p/Bo-aMZUgqy_/,2026-06-19T22:25:06.966Z,289,63
3268,Bo9ppwQAF5b,p,https://www.instagram.com/thedogist/p/Bo9ppwQAF5b/,https://www.instagram.com/p/Bo9ppwQAF5b/,2026-06-19T22:25:06.966Z,289,64
3269,Bo601rZAKOq,p,https://www.instagram.com/thedogist/p/Bo601rZAKOq/,https://www.instagram.com/p/Bo601rZAKOq/,2026-06-19T22:25:06.967Z,289,65
3270,Bo4iheIARYN,p,https://www.instagram.com/thedogist/p/Bo4iheIARYN/,https://www.instagram.com/p/Bo4iheIARYN/,2026-06-19T22:25:06.967Z,289,66
3271,Bo2ood3ASB1,p,https://www.instagram.com/thedogist/p/Bo2ood3ASB1/,https://www.instagram.com/p/Bo2ood3ASB1/,2026-06-19T22:25:06.967Z,289,67
3272,Bo2QhWXAhsF,p,https://www.instagram.com/thedogist/p/Bo2QhWXAhsF/,https://www.instagram.com/p/Bo2QhWXAhsF/,2026-06-19T22:25:06.967Z,289,68
3273,Bo0JC7Cg-dp,p,https://www.instagram.com/thedogist/p/Bo0JC7Cg-dp/,https://www.instagram.com/p/Bo0JC7Cg-dp/,2026-06-19T22:25:06.968Z,289,69
3274,BozjG00A6dn,p,https://www.instagram.com/thedogist/p/BozjG00A6dn/,https://www.instagram.com/p/BozjG00A6dn/,2026-06-19T22:25:06.968Z,289,70
3275,Boxfs8WgxOq,p,https://www.instagram.com/thedogist/p/Boxfs8WgxOq/,https://www.instagram.com/p/Boxfs8WgxOq/,2026-06-19T22:25:06.968Z,289,71
3276,Bowg--FAGts,p,https://www.instagram.com/thedogist/p/Bowg--FAGts/,https://www.instagram.com/p/Bowg--FAGts/,2026-06-19T22:25:06.968Z,289,72
3277,BouIithglCm,p,https://www.instagram.com/thedogist/p/BouIithglCm/,https://www.instagram.com/p/BouIithglCm/,2026-06-19T22:25:08.811Z,290,58
3278,Bosml1agZIt,p,https://www.instagram.com/thedogist/p/Bosml1agZIt/,https://www.instagram.com/p/Bosml1agZIt/,2026-06-19T22:25:08.811Z,290,59
3279,Bor1lEIAozF,p,https://www.instagram.com/thedogist/p/Bor1lEIAozF/,https://www.instagram.com/p/Bor1lEIAozF/,2026-06-19T22:25:08.812Z,290,60
3280,BoprYNmgy7-,p,https://www.instagram.com/thedogist/p/BoprYNmgy7-/,https://www.instagram.com/p/BoprYNmgy7-/,2026-06-19T22:25:08.812Z,290,61
3281,BoowIDMAWME,p,https://www.instagram.com/thedogist/p/BoowIDMAWME/,https://www.instagram.com/p/BoowIDMAWME/,2026-06-19T22:25:08.812Z,290,62
3282,BomwR5JguqW,p,https://www.instagram.com/thedogist/p/BomwR5JguqW/,https://www.instagram.com/p/BomwR5JguqW/,2026-06-19T22:25:08.812Z,290,63
3283,Bokc1puAZXG,p,https://www.instagram.com/thedogist/p/Bokc1puAZXG/,https://www.instagram.com/p/Bokc1puAZXG/,2026-06-19T22:25:08.812Z,290,64
3284,Boj3WM7A-qG,p,https://www.instagram.com/thedogist/p/Boj3WM7A-qG/,https://www.instagram.com/p/Boj3WM7A-qG/,2026-06-19T22:25:08.813Z,290,65
3285,Boh1U27AjP2,p,https://www.instagram.com/thedogist/p/Boh1U27AjP2/,https://www.instagram.com/p/Boh1U27AjP2/,2026-06-19T22:25:08.813Z,290,66
3286,BohRamTAE_q,p,https://www.instagram.com/thedogist/p/BohRamTAE_q/,https://www.instagram.com/p/BohRamTAE_q/,2026-06-19T22:25:08.813Z,290,67
3287,BofYuOFD2L7,p,https://www.instagram.com/thedogist/p/BofYuOFD2L7/,https://www.instagram.com/p/BofYuOFD2L7/,2026-06-19T22:25:08.813Z,290,68
3288,BoekNpQAk3j,p,https://www.instagram.com/thedogist/p/BoekNpQAk3j/,https://www.instagram.com/p/BoekNpQAk3j/,2026-06-19T22:25:08.814Z,290,69
3289,BocstY4A3Kj,p,https://www.instagram.com/thedogist/p/BocstY4A3Kj/,https://www.instagram.com/p/BocstY4A3Kj/,2026-06-19T22:25:10.491Z,291,60
3290,BocB1LKAl61,p,https://www.instagram.com/thedogist/p/BocB1LKAl61/,https://www.instagram.com/p/BocB1LKAl61/,2026-06-19T22:25:10.491Z,291,61
3291,BoZ0-BXgL20,p,https://www.instagram.com/thedogist/p/BoZ0-BXgL20/,https://www.instagram.com/p/BoZ0-BXgL20/,2026-06-19T22:25:10.491Z,291,62
3292,BoZUJSRAZD6,p,https://www.instagram.com/thedogist/p/BoZUJSRAZD6/,https://www.instagram.com/p/BoZUJSRAZD6/,2026-06-19T22:25:10.492Z,291,63
3293,BoX20IwAfh4,p,https://www.instagram.com/thedogist/p/BoX20IwAfh4/,https://www.instagram.com/p/BoX20IwAfh4/,2026-06-19T22:25:10.492Z,291,64
3294,BoXZga7g1rU,p,https://www.instagram.com/thedogist/p/BoXZga7g1rU/,https://www.instagram.com/p/BoXZga7g1rU/,2026-06-19T22:25:10.492Z,291,65
3295,BoUtFj7AVNa,p,https://www.instagram.com/thedogist/p/BoUtFj7AVNa/,https://www.instagram.com/p/BoUtFj7AVNa/,2026-06-19T22:25:10.492Z,291,66
3296,BoSfHE0AjHa,p,https://www.instagram.com/thedogist/p/BoSfHE0AjHa/,https://www.instagram.com/p/BoSfHE0AjHa/,2026-06-19T22:25:10.493Z,291,67
3297,BoRj8H3gp1O,p,https://www.instagram.com/thedogist/p/BoRj8H3gp1O/,https://www.instagram.com/p/BoRj8H3gp1O/,2026-06-19T22:25:10.493Z,291,68
3298,BoQLii6AMj-,p,https://www.instagram.com/thedogist/p/BoQLii6AMj-/,https://www.instagram.com/p/BoQLii6AMj-/,2026-06-19T22:25:10.493Z,291,69
3299,BoO_GMdAdoD,p,https://www.instagram.com/thedogist/p/BoO_GMdAdoD/,https://www.instagram.com/p/BoO_GMdAdoD/,2026-06-19T22:25:10.493Z,291,70
3300,BoM43OVghP0,p,https://www.instagram.com/thedogist/p/BoM43OVghP0/,https://www.instagram.com/p/BoM43OVghP0/,2026-06-19T22:25:10.494Z,291,71
3301,BoKrBvwgSG1,p,https://www.instagram.com/thedogist/p/BoKrBvwgSG1/,https://www.instagram.com/p/BoKrBvwgSG1/,2026-06-19T22:25:12.160Z,292,62
3302,BoHRymwAYHq,p,https://www.instagram.com/thedogist/p/BoHRymwAYHq/,https://www.instagram.com/p/BoHRymwAYHq/,2026-06-19T22:25:12.161Z,292,63
3303,BoFTzdQAQNE,p,https://www.instagram.com/thedogist/p/BoFTzdQAQNE/,https://www.instagram.com/p/BoFTzdQAQNE/,2026-06-19T22:25:12.161Z,292,64
3304,BoEt31FAf5z,p,https://www.instagram.com/thedogist/p/BoEt31FAf5z/,https://www.instagram.com/p/BoEt31FAf5z/,2026-06-19T22:25:12.161Z,292,65
3305,BoCKz1eAohY,p,https://www.instagram.com/thedogist/p/BoCKz1eAohY/,https://www.instagram.com/p/BoCKz1eAohY/,2026-06-19T22:25:12.161Z,292,66
3306,BoAYL3vgmCh,p,https://www.instagram.com/thedogist/p/BoAYL3vgmCh/,https://www.instagram.com/p/BoAYL3vgmCh/,2026-06-19T22:25:12.162Z,292,67
3307,Bn-HSrpA7ZG,p,https://www.instagram.com/thedogist/p/Bn-HSrpA7ZG/,https://www.instagram.com/p/Bn-HSrpA7ZG/,2026-06-19T22:25:12.162Z,292,68
3308,Bn9Q6LGgBZs,p,https://www.instagram.com/thedogist/p/Bn9Q6LGgBZs/,https://www.instagram.com/p/Bn9Q6LGgBZs/,2026-06-19T22:25:12.162Z,292,69
3309,Bn7hJwNAR7L,p,https://www.instagram.com/thedogist/p/Bn7hJwNAR7L/,https://www.instagram.com/p/Bn7hJwNAR7L/,2026-06-19T22:25:12.162Z,292,70
3310,Bn7SKuPgKRQ,p,https://www.instagram.com/thedogist/p/Bn7SKuPgKRQ/,https://www.instagram.com/p/Bn7SKuPgKRQ/,2026-06-19T22:25:12.162Z,292,71
3311,Bn4jLIJAxa3,p,https://www.instagram.com/thedogist/p/Bn4jLIJAxa3/,https://www.instagram.com/p/Bn4jLIJAxa3/,2026-06-19T22:25:12.163Z,292,72
3312,Bn2QfV0nw-Y,p,https://www.instagram.com/thedogist/p/Bn2QfV0nw-Y/,https://www.instagram.com/p/Bn2QfV0nw-Y/,2026-06-19T22:25:12.163Z,292,73
3313,BnzS7znDvfX,p,https://www.instagram.com/thedogist/p/BnzS7znDvfX/,https://www.instagram.com/p/BnzS7znDvfX/,2026-06-19T22:25:13.914Z,293,59
3314,BnxF8BNjMse,p,https://www.instagram.com/thedogist/p/BnxF8BNjMse/,https://www.instagram.com/p/BnxF8BNjMse/,2026-06-19T22:25:13.914Z,293,60
3315,Bnwv3qEDEya,p,https://www.instagram.com/thedogist/p/Bnwv3qEDEya/,https://www.instagram.com/p/Bnwv3qEDEya/,2026-06-19T22:25:13.915Z,293,61
3316,BnuzZzGjDp4,p,https://www.instagram.com/thedogist/p/BnuzZzGjDp4/,https://www.instagram.com/p/BnuzZzGjDp4/,2026-06-19T22:25:13.915Z,293,62
3317,Bnt6GFsD1b2,p,https://www.instagram.com/thedogist/p/Bnt6GFsD1b2/,https://www.instagram.com/p/Bnt6GFsD1b2/,2026-06-19T22:25:13.915Z,293,63
3318,Bnrq9g3nvgg,p,https://www.instagram.com/thedogist/p/Bnrq9g3nvgg/,https://www.instagram.com/p/Bnrq9g3nvgg/,2026-06-19T22:25:13.915Z,293,64
3319,Bnq_RKyHzJR,p,https://www.instagram.com/thedogist/p/Bnq_RKyHzJR/,https://www.instagram.com/p/Bnq_RKyHzJR/,2026-06-19T22:25:13.916Z,293,65
3320,Bnpgy-2ngpG,p,https://www.instagram.com/thedogist/p/Bnpgy-2ngpG/,https://www.instagram.com/p/Bnpgy-2ngpG/,2026-06-19T22:25:13.916Z,293,66
3321,BnozlttA0Mj,p,https://www.instagram.com/thedogist/p/BnozlttA0Mj/,https://www.instagram.com/p/BnozlttA0Mj/,2026-06-19T22:25:13.916Z,293,67
3322,Bnogc5kjRv1,p,https://www.instagram.com/thedogist/p/Bnogc5kjRv1/,https://www.instagram.com/p/Bnogc5kjRv1/,2026-06-19T22:25:13.916Z,293,68
3323,BnmlozygISz,p,https://www.instagram.com/thedogist/p/BnmlozygISz/,https://www.instagram.com/p/BnmlozygISz/,2026-06-19T22:25:13.916Z,293,69
3324,BnkcwtJgAyw,p,https://www.instagram.com/thedogist/p/BnkcwtJgAyw/,https://www.instagram.com/p/BnkcwtJgAyw/,2026-06-19T22:25:13.917Z,293,70
3325,Bnj60jWAG2e,p,https://www.instagram.com/thedogist/p/Bnj60jWAG2e/,https://www.instagram.com/p/Bnj60jWAG2e/,2026-06-19T22:25:15.580Z,294,61
3326,BnjSSfTg2P2,p,https://www.instagram.com/thedogist/p/BnjSSfTg2P2/,https://www.instagram.com/p/BnjSSfTg2P2/,2026-06-19T22:25:15.581Z,294,62
3327,BnhMudFAwIM,p,https://www.instagram.com/thedogist/p/BnhMudFAwIM/,https://www.instagram.com/p/BnhMudFAwIM/,2026-06-19T22:25:15.581Z,294,63
3328,BneptVjA82Y,p,https://www.instagram.com/thedogist/p/BneptVjA82Y/,https://www.instagram.com/p/BneptVjA82Y/,2026-06-19T22:25:15.582Z,294,64
3329,BneDWGUAW_r,p,https://www.instagram.com/thedogist/p/BneDWGUAW_r/,https://www.instagram.com/p/BneDWGUAW_r/,2026-06-19T22:25:15.582Z,294,65
3330,BncLeZDAFbx,p,https://www.instagram.com/thedogist/p/BncLeZDAFbx/,https://www.instagram.com/p/BncLeZDAFbx/,2026-06-19T22:25:15.582Z,294,66
3331,BnbtdXRAULo,p,https://www.instagram.com/thedogist/p/BnbtdXRAULo/,https://www.instagram.com/p/BnbtdXRAULo/,2026-06-19T22:25:15.582Z,294,67
3332,BnZoljqg4H9,p,https://www.instagram.com/thedogist/p/BnZoljqg4H9/,https://www.instagram.com/p/BnZoljqg4H9/,2026-06-19T22:25:15.583Z,294,68
3333,BnXIrjxA4QL,p,https://www.instagram.com/thedogist/p/BnXIrjxA4QL/,https://www.instagram.com/p/BnXIrjxA4QL/,2026-06-19T22:25:15.583Z,294,69
3334,BnUW-ItACbx,p,https://www.instagram.com/thedogist/p/BnUW-ItACbx/,https://www.instagram.com/p/BnUW-ItACbx/,2026-06-19T22:25:15.583Z,294,70
3335,BnSJHk_A5ZL,p,https://www.instagram.com/thedogist/p/BnSJHk_A5ZL/,https://www.instagram.com/p/BnSJHk_A5ZL/,2026-06-19T22:25:15.583Z,294,71
3336,BnO35_igZbf,p,https://www.instagram.com/thedogist/p/BnO35_igZbf/,https://www.instagram.com/p/BnO35_igZbf/,2026-06-19T22:25:15.584Z,294,72
3337,BnM-6x-gQOf,p,https://www.instagram.com/thedogist/p/BnM-6x-gQOf/,https://www.instagram.com/p/BnM-6x-gQOf/,2026-06-19T22:25:17.260Z,295,58
3338,BnMYQ36ACHy,p,https://www.instagram.com/thedogist/p/BnMYQ36ACHy/,https://www.instagram.com/p/BnMYQ36ACHy/,2026-06-19T22:25:17.260Z,295,59
3339,BnKR78TAc4e,p,https://www.instagram.com/thedogist/p/BnKR78TAc4e/,https://www.instagram.com/p/BnKR78TAc4e/,2026-06-19T22:25:17.260Z,295,60
3340,BnH38yoAtbk,p,https://www.instagram.com/thedogist/p/BnH38yoAtbk/,https://www.instagram.com/p/BnH38yoAtbk/,2026-06-19T22:25:17.260Z,295,61
3341,BnHR3AKAJ19,p,https://www.instagram.com/thedogist/p/BnHR3AKAJ19/,https://www.instagram.com/p/BnHR3AKAJ19/,2026-06-19T22:25:17.261Z,295,62
3342,BnFKb6ugY9u,p,https://www.instagram.com/thedogist/p/BnFKb6ugY9u/,https://www.instagram.com/p/BnFKb6ugY9u/,2026-06-19T22:25:17.261Z,295,63
3343,BnEt6S7gngm,p,https://www.instagram.com/thedogist/p/BnEt6S7gngm/,https://www.instagram.com/p/BnEt6S7gngm/,2026-06-19T22:25:17.261Z,295,64
3344,BnCvWchgCAS,p,https://www.instagram.com/thedogist/p/BnCvWchgCAS/,https://www.instagram.com/p/BnCvWchgCAS/,2026-06-19T22:25:17.261Z,295,65
3345,BnCCBRMgEEZ,p,https://www.instagram.com/thedogist/p/BnCCBRMgEEZ/,https://www.instagram.com/p/BnCCBRMgEEZ/,2026-06-19T22:25:17.261Z,295,66
3346,BnATxwAAl5a,p,https://www.instagram.com/thedogist/p/BnATxwAAl5a/,https://www.instagram.com/p/BnATxwAAl5a/,2026-06-19T22:25:17.262Z,295,67
3347,Bm_kmUggEf5,p,https://www.instagram.com/thedogist/p/Bm_kmUggEf5/,https://www.instagram.com/p/Bm_kmUggEf5/,2026-06-19T22:25:17.262Z,295,68
3348,Bm9uQcRAtwU,p,https://www.instagram.com/thedogist/p/Bm9uQcRAtwU/,https://www.instagram.com/p/Bm9uQcRAtwU/,2026-06-19T22:25:17.262Z,295,69
3349,Bm8-zxYAV_G,p,https://www.instagram.com/thedogist/p/Bm8-zxYAV_G/,https://www.instagram.com/p/Bm8-zxYAV_G/,2026-06-19T22:25:18.969Z,296,60
3350,Bm6dteWg1i0,p,https://www.instagram.com/thedogist/p/Bm6dteWg1i0/,https://www.instagram.com/p/Bm6dteWg1i0/,2026-06-19T22:25:18.970Z,296,61
3351,Bm4YaMpgkhv,p,https://www.instagram.com/thedogist/p/Bm4YaMpgkhv/,https://www.instagram.com/p/Bm4YaMpgkhv/,2026-06-19T22:25:18.970Z,296,62
3352,Bm4SS0agVo5,p,https://www.instagram.com/thedogist/p/Bm4SS0agVo5/,https://www.instagram.com/p/Bm4SS0agVo5/,2026-06-19T22:25:18.970Z,296,63
3353,Bm1ShhQg5mU,p,https://www.instagram.com/thedogist/p/Bm1ShhQg5mU/,https://www.instagram.com/p/Bm1ShhQg5mU/,2026-06-19T22:25:18.971Z,296,64
3354,BmzhgX5AIvJ,p,https://www.instagram.com/thedogist/p/BmzhgX5AIvJ/,https://www.instagram.com/p/BmzhgX5AIvJ/,2026-06-19T22:25:18.971Z,296,65
3355,BmypyCPgeOT,p,https://www.instagram.com/thedogist/p/BmypyCPgeOT/,https://www.instagram.com/p/BmypyCPgeOT/,2026-06-19T22:25:18.971Z,296,66
3356,BmxKvcCgQpc,p,https://www.instagram.com/thedogist/p/BmxKvcCgQpc/,https://www.instagram.com/p/BmxKvcCgQpc/,2026-06-19T22:25:18.971Z,296,67
3357,BmwTKWsgxsf,p,https://www.instagram.com/thedogist/p/BmwTKWsgxsf/,https://www.instagram.com/p/BmwTKWsgxsf/,2026-06-19T22:25:18.972Z,296,68
3358,BmuFAmWgQdP,p,https://www.instagram.com/thedogist/p/BmuFAmWgQdP/,https://www.instagram.com/p/BmuFAmWgQdP/,2026-06-19T22:25:18.972Z,296,69
3359,Bmtm8v2A3J1,p,https://www.instagram.com/thedogist/p/Bmtm8v2A3J1/,https://www.instagram.com/p/Bmtm8v2A3J1/,2026-06-19T22:25:18.972Z,296,70
3360,BmrbDVmAv8n,p,https://www.instagram.com/thedogist/p/BmrbDVmAv8n/,https://www.instagram.com/p/BmrbDVmAv8n/,2026-06-19T22:25:18.972Z,296,71
3361,BmpNDR1gjqN,p,https://www.instagram.com/thedogist/p/BmpNDR1gjqN/,https://www.instagram.com/p/BmpNDR1gjqN/,2026-06-19T22:25:20.637Z,297,62
3362,BmoHpIIgC7Z,p,https://www.instagram.com/thedogist/p/BmoHpIIgC7Z/,https://www.instagram.com/p/BmoHpIIgC7Z/,2026-06-19T22:25:20.638Z,297,63
3363,Bml_qDegIRh,p,https://www.instagram.com/thedogist/p/Bml_qDegIRh/,https://www.instagram.com/p/Bml_qDegIRh/,2026-06-19T22:25:20.638Z,297,64
3364,Bmj7U7Ng1dy,p,https://www.instagram.com/thedogist/p/Bmj7U7Ng1dy/,https://www.instagram.com/p/Bmj7U7Ng1dy/,2026-06-19T22:25:20.638Z,297,65
3365,BmjZS-AAOQp,p,https://www.instagram.com/thedogist/p/BmjZS-AAOQp/,https://www.instagram.com/p/BmjZS-AAOQp/,2026-06-19T22:25:20.639Z,297,66
3366,BmhLABHA0gZ,p,https://www.instagram.com/thedogist/p/BmhLABHA0gZ/,https://www.instagram.com/p/BmhLABHA0gZ/,2026-06-19T22:25:20.639Z,297,67
3367,BmgwmG9Asyw,p,https://www.instagram.com/thedogist/p/BmgwmG9Asyw/,https://www.instagram.com/p/BmgwmG9Asyw/,2026-06-19T22:25:20.640Z,297,68
3368,Bme8sDpg3Pw,p,https://www.instagram.com/thedogist/p/Bme8sDpg3Pw/,https://www.instagram.com/p/Bme8sDpg3Pw/,2026-06-19T22:25:20.640Z,297,69
3369,Bmd0Igng4oj,p,https://www.instagram.com/thedogist/p/Bmd0Igng4oj/,https://www.instagram.com/p/Bmd0Igng4oj/,2026-06-19T22:25:20.641Z,297,70
3370,BmbSh5Yg0FO,p,https://www.instagram.com/thedogist/p/BmbSh5Yg0FO/,https://www.instagram.com/p/BmbSh5Yg0FO/,2026-06-19T22:25:20.641Z,297,71
3371,BmY7zttAee4,p,https://www.instagram.com/thedogist/p/BmY7zttAee4/,https://www.instagram.com/p/BmY7zttAee4/,2026-06-19T22:25:20.641Z,297,72
3372,BmXFjUtAxmE,p,https://www.instagram.com/thedogist/p/BmXFjUtAxmE/,https://www.instagram.com/p/BmXFjUtAxmE/,2026-06-19T22:25:20.641Z,297,73
3373,BmWDJdeAkCW,p,https://www.instagram.com/thedogist/p/BmWDJdeAkCW/,https://www.instagram.com/p/BmWDJdeAkCW/,2026-06-19T22:25:22.317Z,298,59
3374,BmUcj3xAlLQ,p,https://www.instagram.com/thedogist/p/BmUcj3xAlLQ/,https://www.instagram.com/p/BmUcj3xAlLQ/,2026-06-19T22:25:22.317Z,298,60
3375,BmTT0uhABPz,p,https://www.instagram.com/thedogist/p/BmTT0uhABPz/,https://www.instagram.com/p/BmTT0uhABPz/,2026-06-19T22:25:22.318Z,298,61
3376,BmRV-qjAwwV,p,https://www.instagram.com/thedogist/p/BmRV-qjAwwV/,https://www.instagram.com/p/BmRV-qjAwwV/,2026-06-19T22:25:22.318Z,298,62
3377,BmPS4FwAnY5,p,https://www.instagram.com/thedogist/p/BmPS4FwAnY5/,https://www.instagram.com/p/BmPS4FwAnY5/,2026-06-19T22:25:22.318Z,298,63
3378,BmOO_5rgkj1,p,https://www.instagram.com/thedogist/p/BmOO_5rgkj1/,https://www.instagram.com/p/BmOO_5rgkj1/,2026-06-19T22:25:22.318Z,298,64
3379,BmL74LNA3Y2,p,https://www.instagram.com/thedogist/p/BmL74LNA3Y2/,https://www.instagram.com/p/BmL74LNA3Y2/,2026-06-19T22:25:22.319Z,298,65
3380,BmKKGlYA3rv,p,https://www.instagram.com/thedogist/p/BmKKGlYA3rv/,https://www.instagram.com/p/BmKKGlYA3rv/,2026-06-19T22:25:22.319Z,298,66
3381,BmJohUOAFmT,p,https://www.instagram.com/thedogist/p/BmJohUOAFmT/,https://www.instagram.com/p/BmJohUOAFmT/,2026-06-19T22:25:22.319Z,298,67
3382,BmHk-YcgIrx,p,https://www.instagram.com/thedogist/p/BmHk-YcgIrx/,https://www.instagram.com/p/BmHk-YcgIrx/,2026-06-19T22:25:22.319Z,298,68
3383,BmGsY_pAMf8,p,https://www.instagram.com/thedogist/p/BmGsY_pAMf8/,https://www.instagram.com/p/BmGsY_pAMf8/,2026-06-19T22:25:22.320Z,298,69
3384,BmEo44mAK3x,p,https://www.instagram.com/thedogist/p/BmEo44mAK3x/,https://www.instagram.com/p/BmEo44mAK3x/,2026-06-19T22:25:22.320Z,298,70
3385,BmEOhL9A-2q,p,https://www.instagram.com/thedogist/p/BmEOhL9A-2q/,https://www.instagram.com/p/BmEOhL9A-2q/,2026-06-19T22:25:24.000Z,299,61
3386,BmCVrheAL9F,p,https://www.instagram.com/thedogist/p/BmCVrheAL9F/,https://www.instagram.com/p/BmCVrheAL9F/,2026-06-19T22:25:24.000Z,299,62
3387,BmBU8sbAJ-K,p,https://www.instagram.com/thedogist/p/BmBU8sbAJ-K/,https://www.instagram.com/p/BmBU8sbAJ-K/,2026-06-19T22:25:24.000Z,299,63
3388,Bl_jmPhAMhZ,p,https://www.instagram.com/thedogist/p/Bl_jmPhAMhZ/,https://www.instagram.com/p/Bl_jmPhAMhZ/,2026-06-19T22:25:24.001Z,299,64
3389,Bl-53mlAqYK,p,https://www.instagram.com/thedogist/p/Bl-53mlAqYK/,https://www.instagram.com/p/Bl-53mlAqYK/,2026-06-19T22:25:24.001Z,299,65
3390,Bl8-2Z1gl1J,p,https://www.instagram.com/thedogist/p/Bl8-2Z1gl1J/,https://www.instagram.com/p/Bl8-2Z1gl1J/,2026-06-19T22:25:24.001Z,299,66
3391,Bl6gkPTgtwD,p,https://www.instagram.com/thedogist/p/Bl6gkPTgtwD/,https://www.instagram.com/p/Bl6gkPTgtwD/,2026-06-19T22:25:24.001Z,299,67
3392,Bl6NJS5AXHL,p,https://www.instagram.com/thedogist/p/Bl6NJS5AXHL/,https://www.instagram.com/p/Bl6NJS5AXHL/,2026-06-19T22:25:24.002Z,299,68
3393,Bl5vP9oApFT,p,https://www.instagram.com/thedogist/p/Bl5vP9oApFT/,https://www.instagram.com/p/Bl5vP9oApFT/,2026-06-19T22:25:24.002Z,299,69
3394,Bl38OW9AH4D,p,https://www.instagram.com/thedogist/p/Bl38OW9AH4D/,https://www.instagram.com/p/Bl38OW9AH4D/,2026-06-19T22:25:24.002Z,299,70
3395,Bl3My-tAFt8,p,https://www.instagram.com/thedogist/p/Bl3My-tAFt8/,https://www.instagram.com/p/Bl3My-tAFt8/,2026-06-19T22:25:24.002Z,299,71
3396,Bl1Kwzwg-Fm,p,https://www.instagram.com/thedogist/p/Bl1Kwzwg-Fm/,https://www.instagram.com/p/Bl1Kwzwg-Fm/,2026-06-19T22:25:24.003Z,299,72
3397,BlzSG2jgP2K,p,https://www.instagram.com/thedogist/p/BlzSG2jgP2K/,https://www.instagram.com/p/BlzSG2jgP2K/,2026-06-19T22:25:25.675Z,300,58
3398,Blxw1ykAAMN,p,https://www.instagram.com/thedogist/p/Blxw1ykAAMN/,https://www.instagram.com/p/Blxw1ykAAMN/,2026-06-19T22:25:25.676Z,300,59
3399,Blv9zWYAivA,p,https://www.instagram.com/thedogist/p/Blv9zWYAivA/,https://www.instagram.com/p/Blv9zWYAivA/,2026-06-19T22:25:25.676Z,300,60
3400,BlvVlqaAB2B,p,https://www.instagram.com/thedogist/p/BlvVlqaAB2B/,https://www.instagram.com/p/BlvVlqaAB2B/,2026-06-19T22:25:25.676Z,300,61
3401,Bltbw-QAWoC,p,https://www.instagram.com/thedogist/p/Bltbw-QAWoC/,https://www.instagram.com/p/Bltbw-QAWoC/,2026-06-19T22:25:25.677Z,300,62
3402,BlszNfVAMym,p,https://www.instagram.com/thedogist/p/BlszNfVAMym/,https://www.instagram.com/p/BlszNfVAMym/,2026-06-19T22:25:25.677Z,300,63
3403,BlqypTVgdgD,p,https://www.instagram.com/thedogist/p/BlqypTVgdgD/,https://www.instagram.com/p/BlqypTVgdgD/,2026-06-19T22:25:25.677Z,300,64
3404,Blob3ARgZuU,p,https://www.instagram.com/thedogist/p/Blob3ARgZuU/,https://www.instagram.com/p/Blob3ARgZuU/,2026-06-19T22:25:25.677Z,300,65
3405,Blnx_n8AP25,p,https://www.instagram.com/thedogist/p/Blnx_n8AP25/,https://www.instagram.com/p/Blnx_n8AP25/,2026-06-19T22:25:25.678Z,300,66
3406,BllulgUAjSB,p,https://www.instagram.com/thedogist/p/BllulgUAjSB/,https://www.instagram.com/p/BllulgUAjSB/,2026-06-19T22:25:25.678Z,300,67
3407,BllROdrAenO,p,https://www.instagram.com/thedogist/p/BllROdrAenO/,https://www.instagram.com/p/BllROdrAenO/,2026-06-19T22:25:25.678Z,300,68
3408,BljA2OcAL0r,p,https://www.instagram.com/thedogist/p/BljA2OcAL0r/,https://www.instagram.com/p/BljA2OcAL0r/,2026-06-19T22:25:25.678Z,300,69
3409,Blice58AP7H,p,https://www.instagram.com/thedogist/p/Blice58AP7H/,https://www.instagram.com/p/Blice58AP7H/,2026-06-19T22:25:29.616Z,302,60
3410,BlgihsAAeXI,p,https://www.instagram.com/thedogist/p/BlgihsAAeXI/,https://www.instagram.com/p/BlgihsAAeXI/,2026-06-19T22:25:29.617Z,302,61
3411,Blf8ggBA8dO,p,https://www.instagram.com/thedogist/p/Blf8ggBA8dO/,https://www.instagram.com/p/Blf8ggBA8dO/,2026-06-19T22:25:29.617Z,302,62
3412,BleJd6ogo0e,p,https://www.instagram.com/thedogist/p/BleJd6ogo0e/,https://www.instagram.com/p/BleJd6ogo0e/,2026-06-19T22:25:29.617Z,302,63
3413,BldWAR7gE3j,p,https://www.instagram.com/thedogist/p/BldWAR7gE3j/,https://www.instagram.com/p/BldWAR7gE3j/,2026-06-19T22:25:29.618Z,302,64
3414,Blbr9nDAuAD,p,https://www.instagram.com/thedogist/p/Blbr9nDAuAD/,https://www.instagram.com/p/Blbr9nDAuAD/,2026-06-19T22:25:29.618Z,302,65
3415,BlbNBf3ARO6,p,https://www.instagram.com/thedogist/p/BlbNBf3ARO6/,https://www.instagram.com/p/BlbNBf3ARO6/,2026-06-19T22:25:29.618Z,302,66
3416,BlZAx0Eg-58,p,https://www.instagram.com/thedogist/p/BlZAx0Eg-58/,https://www.instagram.com/p/BlZAx0Eg-58/,2026-06-19T22:25:29.618Z,302,67
3417,BlYT_vIgh6N,p,https://www.instagram.com/thedogist/p/BlYT_vIgh6N/,https://www.instagram.com/p/BlYT_vIgh6N/,2026-06-19T22:25:29.619Z,302,68
3418,BlWIcAXgh-N,p,https://www.instagram.com/thedogist/p/BlWIcAXgh-N/,https://www.instagram.com/p/BlWIcAXgh-N/,2026-06-19T22:25:29.619Z,302,69
3419,BlT54FjAhYn,p,https://www.instagram.com/thedogist/p/BlT54FjAhYn/,https://www.instagram.com/p/BlT54FjAhYn/,2026-06-19T22:25:29.619Z,302,70
3420,BlTSHongFlY,p,https://www.instagram.com/thedogist/p/BlTSHongFlY/,https://www.instagram.com/p/BlTSHongFlY/,2026-06-19T22:25:29.619Z,302,71
3421,BlRW7kyg2Mi,p,https://www.instagram.com/thedogist/p/BlRW7kyg2Mi/,https://www.instagram.com/p/BlRW7kyg2Mi/,2026-06-19T22:25:29.619Z,302,72
3422,BlQjgGZgjKb,p,https://www.instagram.com/thedogist/p/BlQjgGZgjKb/,https://www.instagram.com/p/BlQjgGZgjKb/,2026-06-19T22:25:29.620Z,302,73
3423,BlOUjpNAfVh,p,https://www.instagram.com/thedogist/p/BlOUjpNAfVh/,https://www.instagram.com/p/BlOUjpNAfVh/,2026-06-19T22:25:29.620Z,302,74
3424,BlMkgRzg29x,p,https://www.instagram.com/thedogist/p/BlMkgRzg29x/,https://www.instagram.com/p/BlMkgRzg29x/,2026-06-19T22:25:29.620Z,302,75
3425,BlLS-6tA-Zf,p,https://www.instagram.com/thedogist/p/BlLS-6tA-Zf/,https://www.instagram.com/p/BlLS-6tA-Zf/,2026-06-19T22:25:29.620Z,302,76
3426,BlJWiWOA-xd,p,https://www.instagram.com/thedogist/p/BlJWiWOA-xd/,https://www.instagram.com/p/BlJWiWOA-xd/,2026-06-19T22:25:29.620Z,302,77
3427,BlG2PTXgAoa,p,https://www.instagram.com/thedogist/p/BlG2PTXgAoa/,https://www.instagram.com/p/BlG2PTXgAoa/,2026-06-19T22:25:29.621Z,302,78
3428,BlGi9MJgHAD,p,https://www.instagram.com/thedogist/p/BlGi9MJgHAD/,https://www.instagram.com/p/BlGi9MJgHAD/,2026-06-19T22:25:29.621Z,302,79
3429,BlEUsN0gXJ8,p,https://www.instagram.com/thedogist/p/BlEUsN0gXJ8/,https://www.instagram.com/p/BlEUsN0gXJ8/,2026-06-19T22:25:29.621Z,302,80
3430,BlDZmnGA38A,p,https://www.instagram.com/thedogist/p/BlDZmnGA38A/,https://www.instagram.com/p/BlDZmnGA38A/,2026-06-19T22:25:29.621Z,302,81
3431,BlB-O9EAmtV,p,https://www.instagram.com/thedogist/p/BlB-O9EAmtV/,https://www.instagram.com/p/BlB-O9EAmtV/,2026-06-19T22:25:29.621Z,302,82
3432,BlBbACrApIA,p,https://www.instagram.com/thedogist/p/BlBbACrApIA/,https://www.instagram.com/p/BlBbACrApIA/,2026-06-19T22:25:29.622Z,302,83
3433,Bk_W7jxAG-7,p,https://www.instagram.com/thedogist/p/Bk_W7jxAG-7/,https://www.instagram.com/p/Bk_W7jxAG-7/,2026-06-19T22:25:31.288Z,303,59
3434,Bk-ukY-ALBl,p,https://www.instagram.com/thedogist/p/Bk-ukY-ALBl/,https://www.instagram.com/p/Bk-ukY-ALBl/,2026-06-19T22:25:31.289Z,303,60
3435,Bk8depdg3vs,p,https://www.instagram.com/thedogist/p/Bk8depdg3vs/,https://www.instagram.com/p/Bk8depdg3vs/,2026-06-19T22:25:31.289Z,303,61
3436,Bk71pLzABPo,p,https://www.instagram.com/thedogist/p/Bk71pLzABPo/,https://www.instagram.com/p/Bk71pLzABPo/,2026-06-19T22:25:31.289Z,303,62
3437,Bk6K1eMAVKw,p,https://www.instagram.com/thedogist/p/Bk6K1eMAVKw/,https://www.instagram.com/p/Bk6K1eMAVKw/,2026-06-19T22:25:31.289Z,303,63
3438,Bk5ZqrKAaxZ,p,https://www.instagram.com/thedogist/p/Bk5ZqrKAaxZ/,https://www.instagram.com/p/Bk5ZqrKAaxZ/,2026-06-19T22:25:31.290Z,303,64
3439,Bk37ihwAJpo,p,https://www.instagram.com/thedogist/p/Bk37ihwAJpo/,https://www.instagram.com/p/Bk37ihwAJpo/,2026-06-19T22:25:31.290Z,303,65
3440,Bk3OwMoAKct,p,https://www.instagram.com/thedogist/p/Bk3OwMoAKct/,https://www.instagram.com/p/Bk3OwMoAKct/,2026-06-19T22:25:31.290Z,303,66
3441,Bk1O2T8gNpn,p,https://www.instagram.com/thedogist/p/Bk1O2T8gNpn/,https://www.instagram.com/p/Bk1O2T8gNpn/,2026-06-19T22:25:31.290Z,303,67
3442,Bk0-FXOgMdM,p,https://www.instagram.com/thedogist/p/Bk0-FXOgMdM/,https://www.instagram.com/p/Bk0-FXOgMdM/,2026-06-19T22:25:31.290Z,303,68
3443,Bk0eL_SAmaz,p,https://www.instagram.com/thedogist/p/Bk0eL_SAmaz/,https://www.instagram.com/p/Bk0eL_SAmaz/,2026-06-19T22:25:31.290Z,303,69
3444,BkyikQ4gq3j,p,https://www.instagram.com/thedogist/p/BkyikQ4gq3j/,https://www.instagram.com/p/BkyikQ4gq3j/,2026-06-19T22:25:31.291Z,303,70
3445,BkyDGa8AdLA,p,https://www.instagram.com/thedogist/p/BkyDGa8AdLA/,https://www.instagram.com/p/BkyDGa8AdLA/,2026-06-19T22:25:32.962Z,304,61
3446,Bkvw1yDAeBF,p,https://www.instagram.com/thedogist/p/Bkvw1yDAeBF/,https://www.instagram.com/p/Bkvw1yDAeBF/,2026-06-19T22:25:32.963Z,304,62
3447,BkvHUO4Dii2,p,https://www.instagram.com/thedogist/p/BkvHUO4Dii2/,https://www.instagram.com/p/BkvHUO4Dii2/,2026-06-19T22:25:32.963Z,304,63
3448,BktbRwJgHwz,p,https://www.instagram.com/thedogist/p/BktbRwJgHwz/,https://www.instagram.com/p/BktbRwJgHwz/,2026-06-19T22:25:32.963Z,304,64
3449,Bksbhbglyj-,p,https://www.instagram.com/thedogist/p/Bksbhbglyj-/,https://www.instagram.com/p/Bksbhbglyj-/,2026-06-19T22:25:32.964Z,304,65
3450,Bkq7w_gA5Su,p,https://www.instagram.com/thedogist/p/Bkq7w_gA5Su/,https://www.instagram.com/p/Bkq7w_gA5Su/,2026-06-19T22:25:32.964Z,304,66
3451,BkoBJwNj1Vz,p,https://www.instagram.com/thedogist/p/BkoBJwNj1Vz/,https://www.instagram.com/p/BkoBJwNj1Vz/,2026-06-19T22:25:32.964Z,304,67
3452,Bkl0GXDDoJi,p,https://www.instagram.com/thedogist/p/Bkl0GXDDoJi/,https://www.instagram.com/p/Bkl0GXDDoJi/,2026-06-19T22:25:32.964Z,304,68
3453,Bkk3brjFnWs,p,https://www.instagram.com/thedogist/p/Bkk3brjFnWs/,https://www.instagram.com/p/Bkk3brjFnWs/,2026-06-19T22:25:32.965Z,304,69
3454,BkiU_NylDWJ,p,https://www.instagram.com/thedogist/p/BkiU_NylDWJ/,https://www.instagram.com/p/BkiU_NylDWJ/,2026-06-19T22:25:32.965Z,304,70
3455,Bkg1mgsATWy,p,https://www.instagram.com/thedogist/p/Bkg1mgsATWy/,https://www.instagram.com/p/Bkg1mgsATWy/,2026-06-19T22:25:32.965Z,304,71
3456,Bkf2s6WFOd9,p,https://www.instagram.com/thedogist/p/Bkf2s6WFOd9/,https://www.instagram.com/p/Bkf2s6WFOd9/,2026-06-19T22:25:32.965Z,304,72
3457,Bkdr1VeF8xD,p,https://www.instagram.com/thedogist/p/Bkdr1VeF8xD/,https://www.instagram.com/p/Bkdr1VeF8xD/,2026-06-19T22:25:34.718Z,305,58
3458,Bkcv4Kil4cr,p,https://www.instagram.com/thedogist/p/Bkcv4Kil4cr/,https://www.instagram.com/p/Bkcv4Kil4cr/,2026-06-19T22:25:34.718Z,305,59
3459,Bkbb-H0jHFo,p,https://www.instagram.com/thedogist/p/Bkbb-H0jHFo/,https://www.instagram.com/p/Bkbb-H0jHFo/,2026-06-19T22:25:34.719Z,305,60
3460,BkaasRolpbV,p,https://www.instagram.com/thedogist/p/BkaasRolpbV/,https://www.instagram.com/p/BkaasRolpbV/,2026-06-19T22:25:34.719Z,305,61
3461,BkX8kvglAvX,p,https://www.instagram.com/thedogist/p/BkX8kvglAvX/,https://www.instagram.com/p/BkX8kvglAvX/,2026-06-19T22:25:34.719Z,305,62
3462,BkWTfNujaA7,p,https://www.instagram.com/thedogist/p/BkWTfNujaA7/,https://www.instagram.com/p/BkWTfNujaA7/,2026-06-19T22:25:34.722Z,305,63
3463,BkV4RB0F4WN,p,https://www.instagram.com/thedogist/p/BkV4RB0F4WN/,https://www.instagram.com/p/BkV4RB0F4WN/,2026-06-19T22:25:34.722Z,305,64
3464,BkTmY9Tgjaq,p,https://www.instagram.com/thedogist/p/BkTmY9Tgjaq/,https://www.instagram.com/p/BkTmY9Tgjaq/,2026-06-19T22:25:34.722Z,305,65
3465,BkTVnSfFAzB,p,https://www.instagram.com/thedogist/p/BkTVnSfFAzB/,https://www.instagram.com/p/BkTVnSfFAzB/,2026-06-19T22:25:34.722Z,305,66
3466,BkQ4vORFGKD,p,https://www.instagram.com/thedogist/p/BkQ4vORFGKD/,https://www.instagram.com/p/BkQ4vORFGKD/,2026-06-19T22:25:34.723Z,305,67
3467,BkQUKhWllo-,p,https://www.instagram.com/thedogist/p/BkQUKhWllo-/,https://www.instagram.com/p/BkQUKhWllo-/,2026-06-19T22:25:34.723Z,305,68
3468,BkOjMTxlKMx,p,https://www.instagram.com/thedogist/p/BkOjMTxlKMx/,https://www.instagram.com/p/BkOjMTxlKMx/,2026-06-19T22:25:34.723Z,305,69
3469,BkN_hzIFS6E,p,https://www.instagram.com/thedogist/p/BkN_hzIFS6E/,https://www.instagram.com/p/BkN_hzIFS6E/,2026-06-19T22:25:36.438Z,306,60
3470,BkNq4MrAzdW,p,https://www.instagram.com/thedogist/p/BkNq4MrAzdW/,https://www.instagram.com/p/BkNq4MrAzdW/,2026-06-19T22:25:36.439Z,306,61
3471,BkL-kXoAeON,p,https://www.instagram.com/thedogist/p/BkL-kXoAeON/,https://www.instagram.com/p/BkL-kXoAeON/,2026-06-19T22:25:36.439Z,306,62
3472,BkLhiDdFggf,p,https://www.instagram.com/thedogist/p/BkLhiDdFggf/,https://www.instagram.com/p/BkLhiDdFggf/,2026-06-19T22:25:36.439Z,306,63
3473,BkJjhAxA20c,p,https://www.instagram.com/thedogist/p/BkJjhAxA20c/,https://www.instagram.com/p/BkJjhAxA20c/,2026-06-19T22:25:36.440Z,306,64
3474,BkIzn7EFUPb,p,https://www.instagram.com/thedogist/p/BkIzn7EFUPb/,https://www.instagram.com/p/BkIzn7EFUPb/,2026-06-19T22:25:36.440Z,306,65
3475,BkGZKLNl6k2,p,https://www.instagram.com/thedogist/p/BkGZKLNl6k2/,https://www.instagram.com/p/BkGZKLNl6k2/,2026-06-19T22:25:36.440Z,306,66
3476,BkGEBRTFyXw,p,https://www.instagram.com/thedogist/p/BkGEBRTFyXw/,https://www.instagram.com/p/BkGEBRTFyXw/,2026-06-19T22:25:36.440Z,306,67
3477,BkESV4eAdvo,p,https://www.instagram.com/thedogist/p/BkESV4eAdvo/,https://www.instagram.com/p/BkESV4eAdvo/,2026-06-19T22:25:36.440Z,306,68
3478,BkDclmDlRzX,p,https://www.instagram.com/thedogist/p/BkDclmDlRzX/,https://www.instagram.com/p/BkDclmDlRzX/,2026-06-19T22:25:36.441Z,306,69
3479,BkB1LJKALKY,p,https://www.instagram.com/thedogist/p/BkB1LJKALKY/,https://www.instagram.com/p/BkB1LJKALKY/,2026-06-19T22:25:36.441Z,306,70
3480,BkBQLpSlwan,p,https://www.instagram.com/thedogist/p/BkBQLpSlwan/,https://www.instagram.com/p/BkBQLpSlwan/,2026-06-19T22:25:36.441Z,306,71
3481,Bj-3jgllof7,p,https://www.instagram.com/thedogist/p/Bj-3jgllof7/,https://www.instagram.com/p/Bj-3jgllof7/,2026-06-19T22:25:38.110Z,307,62
3482,Bj-leUnl26L,p,https://www.instagram.com/thedogist/p/Bj-leUnl26L/,https://www.instagram.com/p/Bj-leUnl26L/,2026-06-19T22:25:38.110Z,307,63
3483,Bj8qmBZgLUU,p,https://www.instagram.com/thedogist/p/Bj8qmBZgLUU/,https://www.instagram.com/p/Bj8qmBZgLUU/,2026-06-19T22:25:38.111Z,307,64
3484,Bj785rPlH9O,p,https://www.instagram.com/thedogist/p/Bj785rPlH9O/,https://www.instagram.com/p/Bj785rPlH9O/,2026-06-19T22:25:38.111Z,307,65
3485,Bj7gUccFMPF,p,https://www.instagram.com/thedogist/p/Bj7gUccFMPF/,https://www.instagram.com/p/Bj7gUccFMPF/,2026-06-19T22:25:38.111Z,307,66
3486,Bj51Y6jlV63,p,https://www.instagram.com/thedogist/p/Bj51Y6jlV63/,https://www.instagram.com/p/Bj51Y6jlV63/,2026-06-19T22:25:38.111Z,307,67
3487,Bj5cTKal8Nm,p,https://www.instagram.com/thedogist/p/Bj5cTKal8Nm/,https://www.instagram.com/p/Bj5cTKal8Nm/,2026-06-19T22:25:38.112Z,307,68
3488,Bj3QRZIgixR,p,https://www.instagram.com/thedogist/p/Bj3QRZIgixR/,https://www.instagram.com/p/Bj3QRZIgixR/,2026-06-19T22:25:38.112Z,307,69
3489,Bj2s83SlNMu,p,https://www.instagram.com/thedogist/p/Bj2s83SlNMu/,https://www.instagram.com/p/Bj2s83SlNMu/,2026-06-19T22:25:38.112Z,307,70
3490,Bj0kdfFAxOO,p,https://www.instagram.com/thedogist/p/Bj0kdfFAxOO/,https://www.instagram.com/p/Bj0kdfFAxOO/,2026-06-19T22:25:38.112Z,307,71
3491,BjzzkecFmRx,p,https://www.instagram.com/thedogist/p/BjzzkecFmRx/,https://www.instagram.com/p/BjzzkecFmRx/,2026-06-19T22:25:38.112Z,307,72
3492,BjyZNNLg9pA,p,https://www.instagram.com/thedogist/p/BjyZNNLg9pA/,https://www.instagram.com/p/BjyZNNLg9pA/,2026-06-19T22:25:38.113Z,307,73
3493,BjxzccSlDGe,p,https://www.instagram.com/thedogist/p/BjxzccSlDGe/,https://www.instagram.com/p/BjxzccSlDGe/,2026-06-19T22:25:39.783Z,308,59
3494,Bjvu8_cAaJE,p,https://www.instagram.com/thedogist/p/Bjvu8_cAaJE/,https://www.instagram.com/p/Bjvu8_cAaJE/,2026-06-19T22:25:39.783Z,308,60
3495,Bjs8aopgV0s,p,https://www.instagram.com/thedogist/p/Bjs8aopgV0s/,https://www.instagram.com/p/Bjs8aopgV0s/,2026-06-19T22:25:39.784Z,308,61
3496,BjsextCAKGs,p,https://www.instagram.com/thedogist/p/BjsextCAKGs/,https://www.instagram.com/p/BjsextCAKGs/,2026-06-19T22:25:39.784Z,308,62
3497,BjqqlrQAI-u,p,https://www.instagram.com/thedogist/p/BjqqlrQAI-u/,https://www.instagram.com/p/BjqqlrQAI-u/,2026-06-19T22:25:39.784Z,308,63
3498,BjqBtwLgqd0,p,https://www.instagram.com/thedogist/p/BjqBtwLgqd0/,https://www.instagram.com/p/BjqBtwLgqd0/,2026-06-19T22:25:39.784Z,308,64
3499,Bjnrttngsrq,p,https://www.instagram.com/thedogist/p/Bjnrttngsrq/,https://www.instagram.com/p/Bjnrttngsrq/,2026-06-19T22:25:39.784Z,308,65
3500,BjnQtbggO90,p,https://www.instagram.com/thedogist/p/BjnQtbggO90/,https://www.instagram.com/p/BjnQtbggO90/,2026-06-19T22:25:39.785Z,308,66
3501,Bjlu38JFHbP,p,https://www.instagram.com/thedogist/p/Bjlu38JFHbP/,https://www.instagram.com/p/Bjlu38JFHbP/,2026-06-19T22:25:39.785Z,308,67
3502,BjlHuS5DAC-,p,https://www.instagram.com/thedogist/p/BjlHuS5DAC-/,https://www.instagram.com/p/BjlHuS5DAC-/,2026-06-19T22:25:39.785Z,308,68
3503,Bjkv-mbjRgH,p,https://www.instagram.com/thedogist/p/Bjkv-mbjRgH/,https://www.instagram.com/p/Bjkv-mbjRgH/,2026-06-19T22:25:39.785Z,308,69
3504,BjijRfLjbYm,p,https://www.instagram.com/thedogist/p/BjijRfLjbYm/,https://www.instagram.com/p/BjijRfLjbYm/,2026-06-19T22:25:39.785Z,308,70
3505,BjiIFC7jx9U,p,https://www.instagram.com/thedogist/p/BjiIFC7jx9U/,https://www.instagram.com/p/BjiIFC7jx9U/,2026-06-19T22:25:41.479Z,309,61
3506,BjgArBDjKKg,p,https://www.instagram.com/thedogist/p/BjgArBDjKKg/,https://www.instagram.com/p/BjgArBDjKKg/,2026-06-19T22:25:41.480Z,309,62
3507,Bje_9UoDJ_N,p,https://www.instagram.com/thedogist/p/Bje_9UoDJ_N/,https://www.instagram.com/p/Bje_9UoDJ_N/,2026-06-19T22:25:41.480Z,309,63
3508,BjdncppjOYS,p,https://www.instagram.com/thedogist/p/BjdncppjOYS/,https://www.instagram.com/p/BjdncppjOYS/,2026-06-19T22:25:41.480Z,309,64
3509,BjchjeSA_wE,p,https://www.instagram.com/thedogist/p/BjchjeSA_wE/,https://www.instagram.com/p/BjchjeSA_wE/,2026-06-19T22:25:41.480Z,309,65
3510,BjasHbnDnYD,p,https://www.instagram.com/thedogist/p/BjasHbnDnYD/,https://www.instagram.com/p/BjasHbnDnYD/,2026-06-19T22:25:41.481Z,309,66
3511,BjYBHA0jZ1J,p,https://www.instagram.com/thedogist/p/BjYBHA0jZ1J/,https://www.instagram.com/p/BjYBHA0jZ1J/,2026-06-19T22:25:41.481Z,309,67
3512,BjV9c6Rj3Ka,p,https://www.instagram.com/thedogist/p/BjV9c6Rj3Ka/,https://www.instagram.com/p/BjV9c6Rj3Ka/,2026-06-19T22:25:41.481Z,309,68
3513,BjVgFsNDiLA,p,https://www.instagram.com/thedogist/p/BjVgFsNDiLA/,https://www.instagram.com/p/BjVgFsNDiLA/,2026-06-19T22:25:41.481Z,309,69
3514,BjSlmY-jzAs,p,https://www.instagram.com/thedogist/p/BjSlmY-jzAs/,https://www.instagram.com/p/BjSlmY-jzAs/,2026-06-19T22:25:41.482Z,309,70
3515,BjQxIkODGWi,p,https://www.instagram.com/thedogist/p/BjQxIkODGWi/,https://www.instagram.com/p/BjQxIkODGWi/,2026-06-19T22:25:41.482Z,309,71
3516,BjP6ROpjkdL,p,https://www.instagram.com/thedogist/p/BjP6ROpjkdL/,https://www.instagram.com/p/BjP6ROpjkdL/,2026-06-19T22:25:41.482Z,309,72
3517,BjOHpBBgjsA,p,https://www.instagram.com/thedogist/p/BjOHpBBgjsA/,https://www.instagram.com/p/BjOHpBBgjsA/,2026-06-19T22:25:43.153Z,310,58
3518,BjNHVIXjAyB,p,https://www.instagram.com/thedogist/p/BjNHVIXjAyB/,https://www.instagram.com/p/BjNHVIXjAyB/,2026-06-19T22:25:43.153Z,310,59
3519,BjLlYOfAyfq,p,https://www.instagram.com/thedogist/p/BjLlYOfAyfq/,https://www.instagram.com/p/BjLlYOfAyfq/,2026-06-19T22:25:43.153Z,310,60
3520,BjK-YJuj8EV,p,https://www.instagram.com/thedogist/p/BjK-YJuj8EV/,https://www.instagram.com/p/BjK-YJuj8EV/,2026-06-19T22:25:43.154Z,310,61
3521,BjIeN-XDY6o,p,https://www.instagram.com/thedogist/p/BjIeN-XDY6o/,https://www.instagram.com/p/BjIeN-XDY6o/,2026-06-19T22:25:43.154Z,310,62
3522,BjGAZPjjbnx,p,https://www.instagram.com/thedogist/p/BjGAZPjjbnx/,https://www.instagram.com/p/BjGAZPjjbnx/,2026-06-19T22:25:43.154Z,310,63
3523,BjD4FErjwPD,p,https://www.instagram.com/thedogist/p/BjD4FErjwPD/,https://www.instagram.com/p/BjD4FErjwPD/,2026-06-19T22:25:43.154Z,310,64
3524,BjDGbsEjufz,p,https://www.instagram.com/thedogist/p/BjDGbsEjufz/,https://www.instagram.com/p/BjDGbsEjufz/,2026-06-19T22:25:43.154Z,310,65
3525,BjA5P6kjjaA,p,https://www.instagram.com/thedogist/p/BjA5P6kjjaA/,https://www.instagram.com/p/BjA5P6kjjaA/,2026-06-19T22:25:43.155Z,310,66
3526,Bi9vL8LjytU,p,https://www.instagram.com/thedogist/p/Bi9vL8LjytU/,https://www.instagram.com/p/Bi9vL8LjytU/,2026-06-19T22:25:43.155Z,310,67
3527,Bi7RgCmDWkN,p,https://www.instagram.com/thedogist/p/Bi7RgCmDWkN/,https://www.instagram.com/p/Bi7RgCmDWkN/,2026-06-19T22:25:43.155Z,310,68
3528,Bi5yzBIDdtQ,p,https://www.instagram.com/thedogist/p/Bi5yzBIDdtQ/,https://www.instagram.com/p/Bi5yzBIDdtQ/,2026-06-19T22:25:43.155Z,310,69
3529,Bi4ps49D1ku,p,https://www.instagram.com/thedogist/p/Bi4ps49D1ku/,https://www.instagram.com/p/Bi4ps49D1ku/,2026-06-19T22:25:44.824Z,311,60
3530,Bi3Mf4Sj7f7,p,https://www.instagram.com/thedogist/p/Bi3Mf4Sj7f7/,https://www.instagram.com/p/Bi3Mf4Sj7f7/,2026-06-19T22:25:44.825Z,311,61
3531,Bi2nCv6j8Ob,p,https://www.instagram.com/thedogist/p/Bi2nCv6j8Ob/,https://www.instagram.com/p/Bi2nCv6j8Ob/,2026-06-19T22:25:44.825Z,311,62
3532,Bi0SVRtH2yX,p,https://www.instagram.com/thedogist/p/Bi0SVRtH2yX/,https://www.instagram.com/p/Bi0SVRtH2yX/,2026-06-19T22:25:44.825Z,311,63
3533,BizgCOEDciX,p,https://www.instagram.com/thedogist/p/BizgCOEDciX/,https://www.instagram.com/p/BizgCOEDciX/,2026-06-19T22:25:44.826Z,311,64
3534,Bixw_usAYzm,p,https://www.instagram.com/thedogist/p/Bixw_usAYzm/,https://www.instagram.com/p/Bixw_usAYzm/,2026-06-19T22:25:44.826Z,311,65
3535,Biwub0ygoxO,p,https://www.instagram.com/thedogist/p/Biwub0ygoxO/,https://www.instagram.com/p/Biwub0ygoxO/,2026-06-19T22:25:44.826Z,311,66
3536,BivF6_XA7xA,p,https://www.instagram.com/thedogist/p/BivF6_XA7xA/,https://www.instagram.com/p/BivF6_XA7xA/,2026-06-19T22:25:44.827Z,311,67
3537,BiuYhqIAUVt,p,https://www.instagram.com/thedogist/p/BiuYhqIAUVt/,https://www.instagram.com/p/BiuYhqIAUVt/,2026-06-19T22:25:44.841Z,311,68
3538,BisqD6bABGL,p,https://www.instagram.com/thedogist/p/BisqD6bABGL/,https://www.instagram.com/p/BisqD6bABGL/,2026-06-19T22:25:44.846Z,311,69
3539,Birp-j8g59f,p,https://www.instagram.com/thedogist/p/Birp-j8g59f/,https://www.instagram.com/p/Birp-j8g59f/,2026-06-19T22:25:44.846Z,311,70
3540,BipkxJSg7oW,p,https://www.instagram.com/thedogist/p/BipkxJSg7oW/,https://www.instagram.com/p/BipkxJSg7oW/,2026-06-19T22:25:44.846Z,311,71
3541,Bins3V1AJ0l,p,https://www.instagram.com/thedogist/p/Bins3V1AJ0l/,https://www.instagram.com/p/Bins3V1AJ0l/,2026-06-19T22:25:46.518Z,312,62
3542,Bim1cbpghv0,p,https://www.instagram.com/thedogist/p/Bim1cbpghv0/,https://www.instagram.com/p/Bim1cbpghv0/,2026-06-19T22:25:46.519Z,312,63
3543,BikRBUoAlQI,p,https://www.instagram.com/thedogist/p/BikRBUoAlQI/,https://www.instagram.com/p/BikRBUoAlQI/,2026-06-19T22:25:46.519Z,312,64
3544,BiilzQ1Aylh,p,https://www.instagram.com/thedogist/p/BiilzQ1Aylh/,https://www.instagram.com/p/BiilzQ1Aylh/,2026-06-19T22:25:46.519Z,312,65
3545,Bihi07tAUjq,p,https://www.instagram.com/thedogist/p/Bihi07tAUjq/,https://www.instagram.com/p/Bihi07tAUjq/,2026-06-19T22:25:46.519Z,312,66
3546,Bif8pK_Auo7,p,https://www.instagram.com/thedogist/p/Bif8pK_Auo7/,https://www.instagram.com/p/Bif8pK_Auo7/,2026-06-19T22:25:46.520Z,312,67
3547,BifOYIagzBD,p,https://www.instagram.com/thedogist/p/BifOYIagzBD/,https://www.instagram.com/p/BifOYIagzBD/,2026-06-19T22:25:46.520Z,312,68
3548,BidPEl1AMIG,p,https://www.instagram.com/thedogist/p/BidPEl1AMIG/,https://www.instagram.com/p/BidPEl1AMIG/,2026-06-19T22:25:46.520Z,312,69
3549,BicGG66g9kz,p,https://www.instagram.com/thedogist/p/BicGG66g9kz/,https://www.instagram.com/p/BicGG66g9kz/,2026-06-19T22:25:46.520Z,312,70
3550,BiZvllTADu_,p,https://www.instagram.com/thedogist/p/BiZvllTADu_/,https://www.instagram.com/p/BiZvllTADu_/,2026-06-19T22:25:46.521Z,312,71
3551,BiYBRiyATRB,p,https://www.instagram.com/thedogist/p/BiYBRiyATRB/,https://www.instagram.com/p/BiYBRiyATRB/,2026-06-19T22:25:46.521Z,312,72
3552,BiXbKFHg3BZ,p,https://www.instagram.com/thedogist/p/BiXbKFHg3BZ/,https://www.instagram.com/p/BiXbKFHg3BZ/,2026-06-19T22:25:46.521Z,312,73
3553,BiVP9B1AsIo,p,https://www.instagram.com/thedogist/p/BiVP9B1AsIo/,https://www.instagram.com/p/BiVP9B1AsIo/,2026-06-19T22:25:48.201Z,313,59
3554,BiUjzP1AqMY,p,https://www.instagram.com/thedogist/p/BiUjzP1AqMY/,https://www.instagram.com/p/BiUjzP1AqMY/,2026-06-19T22:25:48.201Z,313,60
3555,BiS2GsRgoJs,p,https://www.instagram.com/thedogist/p/BiS2GsRgoJs/,https://www.instagram.com/p/BiS2GsRgoJs/,2026-06-19T22:25:48.201Z,313,61
3556,BiSBiwlAr_a,p,https://www.instagram.com/thedogist/p/BiSBiwlAr_a/,https://www.instagram.com/p/BiSBiwlAr_a/,2026-06-19T22:25:48.202Z,313,62
3557,BiP96ybgqwO,p,https://www.instagram.com/thedogist/p/BiP96ybgqwO/,https://www.instagram.com/p/BiP96ybgqwO/,2026-06-19T22:25:48.202Z,313,63
3558,BiN27Mbg8ec,p,https://www.instagram.com/thedogist/p/BiN27Mbg8ec/,https://www.instagram.com/p/BiN27Mbg8ec/,2026-06-19T22:25:48.202Z,313,64
3559,BiNnJ4_gmZ2,p,https://www.instagram.com/thedogist/p/BiNnJ4_gmZ2/,https://www.instagram.com/p/BiNnJ4_gmZ2/,2026-06-19T22:25:48.202Z,313,65
3560,BiMzVvFgL66,p,https://www.instagram.com/thedogist/p/BiMzVvFgL66/,https://www.instagram.com/p/BiMzVvFgL66/,2026-06-19T22:25:48.203Z,313,66
3561,BiLRboCgucx,p,https://www.instagram.com/thedogist/p/BiLRboCgucx/,https://www.instagram.com/p/BiLRboCgucx/,2026-06-19T22:25:48.203Z,313,67
3562,BiKjQg1A8cx,p,https://www.instagram.com/thedogist/p/BiKjQg1A8cx/,https://www.instagram.com/p/BiKjQg1A8cx/,2026-06-19T22:25:48.203Z,313,68
3563,BiIOCQMgmLg,p,https://www.instagram.com/thedogist/p/BiIOCQMgmLg/,https://www.instagram.com/p/BiIOCQMgmLg/,2026-06-19T22:25:48.203Z,313,69
3564,BiHrmNfAjSZ,p,https://www.instagram.com/thedogist/p/BiHrmNfAjSZ/,https://www.instagram.com/p/BiHrmNfAjSZ/,2026-06-19T22:25:48.204Z,313,70
3565,BiF5Pb0gvcG,p,https://www.instagram.com/thedogist/p/BiF5Pb0gvcG/,https://www.instagram.com/p/BiF5Pb0gvcG/,2026-06-19T22:25:49.879Z,314,61
3566,BiFIUrCAGW8,p,https://www.instagram.com/thedogist/p/BiFIUrCAGW8/,https://www.instagram.com/p/BiFIUrCAGW8/,2026-06-19T22:25:49.879Z,314,62
3567,BiDKDWNgNvb,p,https://www.instagram.com/thedogist/p/BiDKDWNgNvb/,https://www.instagram.com/p/BiDKDWNgNvb/,2026-06-19T22:25:49.880Z,314,63
3568,BiChLLxgdwy,p,https://www.instagram.com/thedogist/p/BiChLLxgdwy/,https://www.instagram.com/p/BiChLLxgdwy/,2026-06-19T22:25:49.880Z,314,64
3569,BiA3mb5gCH2,p,https://www.instagram.com/thedogist/p/BiA3mb5gCH2/,https://www.instagram.com/p/BiA3mb5gCH2/,2026-06-19T22:25:49.880Z,314,65
3570,BiAPe9jgAWf,p,https://www.instagram.com/thedogist/p/BiAPe9jgAWf/,https://www.instagram.com/p/BiAPe9jgAWf/,2026-06-19T22:25:49.880Z,314,66
3571,Bh-fUYWg0sV,p,https://www.instagram.com/thedogist/p/Bh-fUYWg0sV/,https://www.instagram.com/p/Bh-fUYWg0sV/,2026-06-19T22:25:49.880Z,314,67
3572,Bh9ps-bANxg,p,https://www.instagram.com/thedogist/p/Bh9ps-bANxg/,https://www.instagram.com/p/Bh9ps-bANxg/,2026-06-19T22:25:49.881Z,314,68
3573,Bh7w0vBAMlm,p,https://www.instagram.com/thedogist/p/Bh7w0vBAMlm/,https://www.instagram.com/p/Bh7w0vBAMlm/,2026-06-19T22:25:49.881Z,314,69
3574,Bh7VrJhg2rc,p,https://www.instagram.com/thedogist/p/Bh7VrJhg2rc/,https://www.instagram.com/p/Bh7VrJhg2rc/,2026-06-19T22:25:49.881Z,314,70
3575,Bh65AhZgz72,p,https://www.instagram.com/thedogist/p/Bh65AhZgz72/,https://www.instagram.com/p/Bh65AhZgz72/,2026-06-19T22:25:49.881Z,314,71
3576,Bh5EFC9A_fi,p,https://www.instagram.com/thedogist/p/Bh5EFC9A_fi/,https://www.instagram.com/p/Bh5EFC9A_fi/,2026-06-19T22:25:49.882Z,314,72
3577,Bh4Ta36AfrX,p,https://www.instagram.com/thedogist/p/Bh4Ta36AfrX/,https://www.instagram.com/p/Bh4Ta36AfrX/,2026-06-19T22:25:51.555Z,315,58
3578,Bh2coeogzx4,p,https://www.instagram.com/thedogist/p/Bh2coeogzx4/,https://www.instagram.com/p/Bh2coeogzx4/,2026-06-19T22:25:51.556Z,315,59
3579,Bh1xHzVAudC,p,https://www.instagram.com/thedogist/p/Bh1xHzVAudC/,https://www.instagram.com/p/Bh1xHzVAudC/,2026-06-19T22:25:51.556Z,315,60
3580,BhzvkwoAZqh,p,https://www.instagram.com/thedogist/p/BhzvkwoAZqh/,https://www.instagram.com/p/BhzvkwoAZqh/,2026-06-19T22:25:51.556Z,315,61
3581,Bhy6l9wAP0g,p,https://www.instagram.com/thedogist/p/Bhy6l9wAP0g/,https://www.instagram.com/p/Bhy6l9wAP0g/,2026-06-19T22:25:51.557Z,315,62
3582,BhxPZxFgBlD,p,https://www.instagram.com/thedogist/p/BhxPZxFgBlD/,https://www.instagram.com/p/BhxPZxFgBlD/,2026-06-19T22:25:51.557Z,315,63
3583,Bhu3ECKgtol,p,https://www.instagram.com/thedogist/p/Bhu3ECKgtol/,https://www.instagram.com/p/Bhu3ECKgtol/,2026-06-19T22:25:51.557Z,315,64
3584,BhuafxUAOZe,p,https://www.instagram.com/thedogist/p/BhuafxUAOZe/,https://www.instagram.com/p/BhuafxUAOZe/,2026-06-19T22:25:51.557Z,315,65
3585,BhsDZxWgMQ0,p,https://www.instagram.com/thedogist/p/BhsDZxWgMQ0/,https://www.instagram.com/p/BhsDZxWgMQ0/,2026-06-19T22:25:51.558Z,315,66
3586,BhrMvwKgfEN,p,https://www.instagram.com/thedogist/p/BhrMvwKgfEN/,https://www.instagram.com/p/BhrMvwKgfEN/,2026-06-19T22:25:51.558Z,315,67
3587,Bhp30fEgA57,p,https://www.instagram.com/thedogist/p/Bhp30fEgA57/,https://www.instagram.com/p/Bhp30fEgA57/,2026-06-19T22:25:51.558Z,315,68
3588,Bho9CgaAEpy,p,https://www.instagram.com/thedogist/p/Bho9CgaAEpy/,https://www.instagram.com/p/Bho9CgaAEpy/,2026-06-19T22:25:51.558Z,315,69
3589,BhojNWRgTdU,p,https://www.instagram.com/thedogist/p/BhojNWRgTdU/,https://www.instagram.com/p/BhojNWRgTdU/,2026-06-19T22:25:53.388Z,316,60
3590,BhnDftzgeV3,p,https://www.instagram.com/thedogist/p/BhnDftzgeV3/,https://www.instagram.com/p/BhnDftzgeV3/,2026-06-19T22:25:53.389Z,316,61
3591,BhmIOKQAV61,p,https://www.instagram.com/thedogist/p/BhmIOKQAV61/,https://www.instagram.com/p/BhmIOKQAV61/,2026-06-19T22:25:53.389Z,316,62
3592,BhkVCaGABjt,p,https://www.instagram.com/thedogist/p/BhkVCaGABjt/,https://www.instagram.com/p/BhkVCaGABjt/,2026-06-19T22:25:53.389Z,316,63
3593,BhjY0vYA-X0,p,https://www.instagram.com/thedogist/p/BhjY0vYA-X0/,https://www.instagram.com/p/BhjY0vYA-X0/,2026-06-19T22:25:53.389Z,316,64
3594,BhiHgCDgB5K,p,https://www.instagram.com/thedogist/p/BhiHgCDgB5K/,https://www.instagram.com/p/BhiHgCDgB5K/,2026-06-19T22:25:53.390Z,316,65
3595,BhhFQv7A3QD,p,https://www.instagram.com/thedogist/p/BhhFQv7A3QD/,https://www.instagram.com/p/BhhFQv7A3QD/,2026-06-19T22:25:53.390Z,316,66
3596,Bhfn2zEA3KF,p,https://www.instagram.com/thedogist/p/Bhfn2zEA3KF/,https://www.instagram.com/p/Bhfn2zEA3KF/,2026-06-19T22:25:53.390Z,316,67
3597,Bhejeomgpi1,p,https://www.instagram.com/thedogist/p/Bhejeomgpi1/,https://www.instagram.com/p/Bhejeomgpi1/,2026-06-19T22:25:53.390Z,316,68
3598,Bhcp_vpgMzX,p,https://www.instagram.com/thedogist/p/Bhcp_vpgMzX/,https://www.instagram.com/p/Bhcp_vpgMzX/,2026-06-19T22:25:53.391Z,316,69
3599,Bhb_8zug8Dk,p,https://www.instagram.com/thedogist/p/Bhb_8zug8Dk/,https://www.instagram.com/p/Bhb_8zug8Dk/,2026-06-19T22:25:53.391Z,316,70
3600,BhaUsYcAk6R,p,https://www.instagram.com/thedogist/p/BhaUsYcAk6R/,https://www.instagram.com/p/BhaUsYcAk6R/,2026-06-19T22:25:53.391Z,316,71
3601,BhZwb6AgbOg,p,https://www.instagram.com/thedogist/p/BhZwb6AgbOg/,https://www.instagram.com/p/BhZwb6AgbOg/,2026-06-19T22:25:55.065Z,317,62
3602,BhXutLHgzD_,p,https://www.instagram.com/thedogist/p/BhXutLHgzD_/,https://www.instagram.com/p/BhXutLHgzD_/,2026-06-19T22:25:55.066Z,317,63
3603,BhXSg_CgyAs,p,https://www.instagram.com/thedogist/p/BhXSg_CgyAs/,https://www.instagram.com/p/BhXSg_CgyAs/,2026-06-19T22:25:55.066Z,317,64
3604,BhWoqqog8ou,p,https://www.instagram.com/thedogist/p/BhWoqqog8ou/,https://www.instagram.com/p/BhWoqqog8ou/,2026-06-19T22:25:55.066Z,317,65
3605,BhVZvPMAHQ3,p,https://www.instagram.com/thedogist/p/BhVZvPMAHQ3/,https://www.instagram.com/p/BhVZvPMAHQ3/,2026-06-19T22:25:55.066Z,317,66
3606,BhUmjRAA6gG,p,https://www.instagram.com/thedogist/p/BhUmjRAA6gG/,https://www.instagram.com/p/BhUmjRAA6gG/,2026-06-19T22:25:55.067Z,317,67
3607,BhUFlQRAP2_,p,https://www.instagram.com/thedogist/p/BhUFlQRAP2_/,https://www.instagram.com/p/BhUFlQRAP2_/,2026-06-19T22:25:55.067Z,317,68
3608,BhSx70NApM4,p,https://www.instagram.com/thedogist/p/BhSx70NApM4/,https://www.instagram.com/p/BhSx70NApM4/,2026-06-19T22:25:55.067Z,317,69
3609,BhR4NrhgFAp,p,https://www.instagram.com/thedogist/p/BhR4NrhgFAp/,https://www.instagram.com/p/BhR4NrhgFAp/,2026-06-19T22:25:55.067Z,317,70
3610,BhQNipFgwdJ,p,https://www.instagram.com/thedogist/p/BhQNipFgwdJ/,https://www.instagram.com/p/BhQNipFgwdJ/,2026-06-19T22:25:55.068Z,317,71
3611,BhPm0y0AH6n,p,https://www.instagram.com/thedogist/p/BhPm0y0AH6n/,https://www.instagram.com/p/BhPm0y0AH6n/,2026-06-19T22:25:55.068Z,317,72
3612,BhNO8W2g7Ny,p,https://www.instagram.com/thedogist/p/BhNO8W2g7Ny/,https://www.instagram.com/p/BhNO8W2g7Ny/,2026-06-19T22:25:55.068Z,317,73
3613,BhM8JCMgm5S,p,https://www.instagram.com/thedogist/p/BhM8JCMgm5S/,https://www.instagram.com/p/BhM8JCMgm5S/,2026-06-19T22:25:56.749Z,318,59
3614,BhKgALXg0CM,p,https://www.instagram.com/thedogist/p/BhKgALXg0CM/,https://www.instagram.com/p/BhKgALXg0CM/,2026-06-19T22:25:56.750Z,318,60
3615,BhJwrwNA6iX,p,https://www.instagram.com/thedogist/p/BhJwrwNA6iX/,https://www.instagram.com/p/BhJwrwNA6iX/,2026-06-19T22:25:56.751Z,318,61
3616,BhIQFVNAHel,p,https://www.instagram.com/thedogist/p/BhIQFVNAHel/,https://www.instagram.com/p/BhIQFVNAHel/,2026-06-19T22:25:56.751Z,318,62
3617,BhH5DHsAB_8,p,https://www.instagram.com/thedogist/p/BhH5DHsAB_8/,https://www.instagram.com/p/BhH5DHsAB_8/,2026-06-19T22:25:56.751Z,318,63
3618,BhFYq5MgEDc,p,https://www.instagram.com/thedogist/p/BhFYq5MgEDc/,https://www.instagram.com/p/BhFYq5MgEDc/,2026-06-19T22:25:56.751Z,318,64
3619,BhEt6BZg3mZ,p,https://www.instagram.com/thedogist/p/BhEt6BZg3mZ/,https://www.instagram.com/p/BhEt6BZg3mZ/,2026-06-19T22:25:56.752Z,318,65
3620,BhCsQ0vAkcQ,p,https://www.instagram.com/thedogist/p/BhCsQ0vAkcQ/,https://www.instagram.com/p/BhCsQ0vAkcQ/,2026-06-19T22:25:56.752Z,318,66
3621,BhB_u-jAXAZ,p,https://www.instagram.com/thedogist/p/BhB_u-jAXAZ/,https://www.instagram.com/p/BhB_u-jAXAZ/,2026-06-19T22:25:56.752Z,318,67
3622,BhAUSqXACV5,p,https://www.instagram.com/thedogist/p/BhAUSqXACV5/,https://www.instagram.com/p/BhAUSqXACV5/,2026-06-19T22:25:56.753Z,318,68
3623,Bg_eyXigJwV,p,https://www.instagram.com/thedogist/p/Bg_eyXigJwV/,https://www.instagram.com/p/Bg_eyXigJwV/,2026-06-19T22:25:56.753Z,318,69
3624,Bg-MgIZgFkH,p,https://www.instagram.com/thedogist/p/Bg-MgIZgFkH/,https://www.instagram.com/p/Bg-MgIZgFkH/,2026-06-19T22:25:56.753Z,318,70
3625,Bg9OCxlA0ME,p,https://www.instagram.com/thedogist/p/Bg9OCxlA0ME/,https://www.instagram.com/p/Bg9OCxlA0ME/,2026-06-19T22:25:58.438Z,319,61
3626,Bg7Ddb6D6fR,p,https://www.instagram.com/thedogist/p/Bg7Ddb6D6fR/,https://www.instagram.com/p/Bg7Ddb6D6fR/,2026-06-19T22:25:58.439Z,319,62
3627,Bg6g0xyjxUl,p,https://www.instagram.com/thedogist/p/Bg6g0xyjxUl/,https://www.instagram.com/p/Bg6g0xyjxUl/,2026-06-19T22:25:58.439Z,319,63
3628,Bg4qFNwAdlR,p,https://www.instagram.com/thedogist/p/Bg4qFNwAdlR/,https://www.instagram.com/p/Bg4qFNwAdlR/,2026-06-19T22:25:58.439Z,319,64
3629,Bg31RfRgwA4,p,https://www.instagram.com/thedogist/p/Bg31RfRgwA4/,https://www.instagram.com/p/Bg31RfRgwA4/,2026-06-19T22:25:58.439Z,319,65
3630,Bg2lYR4gQSj,p,https://www.instagram.com/thedogist/p/Bg2lYR4gQSj/,https://www.instagram.com/p/Bg2lYR4gQSj/,2026-06-19T22:25:58.440Z,319,66
3631,Bg2BkbSASdR,p,https://www.instagram.com/thedogist/p/Bg2BkbSASdR/,https://www.instagram.com/p/Bg2BkbSASdR/,2026-06-19T22:25:58.440Z,319,67
3632,Bg1O9ESAb-f,p,https://www.instagram.com/thedogist/p/Bg1O9ESAb-f/,https://www.instagram.com/p/Bg1O9ESAb-f/,2026-06-19T22:25:58.440Z,319,68
3633,BgzvUTHguhw,p,https://www.instagram.com/thedogist/p/BgzvUTHguhw/,https://www.instagram.com/p/BgzvUTHguhw/,2026-06-19T22:25:58.440Z,319,69
3634,BgyxR2RAdLi,p,https://www.instagram.com/thedogist/p/BgyxR2RAdLi/,https://www.instagram.com/p/BgyxR2RAdLi/,2026-06-19T22:25:58.441Z,319,70
3635,BgxJKW6AZMu,p,https://www.instagram.com/thedogist/p/BgxJKW6AZMu/,https://www.instagram.com/p/BgxJKW6AZMu/,2026-06-19T22:25:58.441Z,319,71
3636,BgwGpsvAv4j,p,https://www.instagram.com/thedogist/p/BgwGpsvAv4j/,https://www.instagram.com/p/BgwGpsvAv4j/,2026-06-19T22:25:58.441Z,319,72
3637,BguXzYcgs9W,p,https://www.instagram.com/thedogist/p/BguXzYcgs9W/,https://www.instagram.com/p/BguXzYcgs9W/,2026-06-19T22:26:00.119Z,320,58
3638,BgtlR3LAmVK,p,https://www.instagram.com/thedogist/p/BgtlR3LAmVK/,https://www.instagram.com/p/BgtlR3LAmVK/,2026-06-19T22:26:00.120Z,320,59
3639,Bgr2BjbgJqr,p,https://www.instagram.com/thedogist/p/Bgr2BjbgJqr/,https://www.instagram.com/p/Bgr2BjbgJqr/,2026-06-19T22:26:00.120Z,320,60
3640,Bgq77GXA_6s,p,https://www.instagram.com/thedogist/p/Bgq77GXA_6s/,https://www.instagram.com/p/Bgq77GXA_6s/,2026-06-19T22:26:00.120Z,320,61
3641,BgpAC4iA3LT,p,https://www.instagram.com/thedogist/p/BgpAC4iA3LT/,https://www.instagram.com/p/BgpAC4iA3LT/,2026-06-19T22:26:00.121Z,320,62
3642,BgoWwv9A28k,p,https://www.instagram.com/thedogist/p/BgoWwv9A28k/,https://www.instagram.com/p/BgoWwv9A28k/,2026-06-19T22:26:00.121Z,320,63
3643,Bgmo5TpgwmX,p,https://www.instagram.com/thedogist/p/Bgmo5TpgwmX/,https://www.instagram.com/p/Bgmo5TpgwmX/,2026-06-19T22:26:00.121Z,320,64
3644,BgmHU8agKW3,p,https://www.instagram.com/thedogist/p/BgmHU8agKW3/,https://www.instagram.com/p/BgmHU8agKW3/,2026-06-19T22:26:00.122Z,320,65
3645,BgkTfmiAo9e,p,https://www.instagram.com/thedogist/p/BgkTfmiAo9e/,https://www.instagram.com/p/BgkTfmiAo9e/,2026-06-19T22:26:00.122Z,320,66
3646,BgjI6K1gBez,p,https://www.instagram.com/thedogist/p/BgjI6K1gBez/,https://www.instagram.com/p/BgjI6K1gBez/,2026-06-19T22:26:00.122Z,320,67
3647,Bghi2SwAMuq,p,https://www.instagram.com/thedogist/p/Bghi2SwAMuq/,https://www.instagram.com/p/Bghi2SwAMuq/,2026-06-19T22:26:00.122Z,320,68
3648,BggvIy5gINV,p,https://www.instagram.com/thedogist/p/BggvIy5gINV/,https://www.instagram.com/p/BggvIy5gINV/,2026-06-19T22:26:00.123Z,320,69
3649,Bgewk4HgKbi,p,https://www.instagram.com/thedogist/p/Bgewk4HgKbi/,https://www.instagram.com/p/Bgewk4HgKbi/,2026-06-19T22:26:01.803Z,321,60
3650,BgeABo3A1I4,p,https://www.instagram.com/thedogist/p/BgeABo3A1I4/,https://www.instagram.com/p/BgeABo3A1I4/,2026-06-19T22:26:01.803Z,321,61
3651,BgcY0WxgplA,p,https://www.instagram.com/thedogist/p/BgcY0WxgplA/,https://www.instagram.com/p/BgcY0WxgplA/,2026-06-19T22:26:01.803Z,321,62
3652,Bgbv63wAhic,p,https://www.instagram.com/thedogist/p/Bgbv63wAhic/,https://www.instagram.com/p/Bgbv63wAhic/,2026-06-19T22:26:01.804Z,321,63
3653,BgZpXwDASCZ,p,https://www.instagram.com/thedogist/p/BgZpXwDASCZ/,https://www.instagram.com/p/BgZpXwDASCZ/,2026-06-19T22:26:01.804Z,321,64
3654,BgY2LQ2AR7-,p,https://www.instagram.com/thedogist/p/BgY2LQ2AR7-/,https://www.instagram.com/p/BgY2LQ2AR7-/,2026-06-19T22:26:01.804Z,321,65
3655,BgXaMt7gfEI,p,https://www.instagram.com/thedogist/p/BgXaMt7gfEI/,https://www.instagram.com/p/BgXaMt7gfEI/,2026-06-19T22:26:01.804Z,321,66
3656,BgWkStBgYHm,p,https://www.instagram.com/thedogist/p/BgWkStBgYHm/,https://www.instagram.com/p/BgWkStBgYHm/,2026-06-19T22:26:01.805Z,321,67
3657,BgUbkfbgMgJ,p,https://www.instagram.com/thedogist/p/BgUbkfbgMgJ/,https://www.instagram.com/p/BgUbkfbgMgJ/,2026-06-19T22:26:01.805Z,321,68
3658,BgT4U1pgao7,p,https://www.instagram.com/thedogist/p/BgT4U1pgao7/,https://www.instagram.com/p/BgT4U1pgao7/,2026-06-19T22:26:01.805Z,321,69
3659,BgSBYrOgliN,p,https://www.instagram.com/thedogist/p/BgSBYrOgliN/,https://www.instagram.com/p/BgSBYrOgliN/,2026-06-19T22:26:01.805Z,321,70
3660,BgRkWLSAGeW,p,https://www.instagram.com/thedogist/p/BgRkWLSAGeW/,https://www.instagram.com/p/BgRkWLSAGeW/,2026-06-19T22:26:01.805Z,321,71
3661,BgPTwjkgMWK,p,https://www.instagram.com/thedogist/p/BgPTwjkgMWK/,https://www.instagram.com/p/BgPTwjkgMWK/,2026-06-19T22:26:03.478Z,322,62
3662,BgO4je6AjPm,p,https://www.instagram.com/thedogist/p/BgO4je6AjPm/,https://www.instagram.com/p/BgO4je6AjPm/,2026-06-19T22:26:03.479Z,322,63
3663,BgNJl14AVKC,p,https://www.instagram.com/thedogist/p/BgNJl14AVKC/,https://www.instagram.com/p/BgNJl14AVKC/,2026-06-19T22:26:03.479Z,322,64
3664,BgM_3Twg_Wl,p,https://www.instagram.com/thedogist/p/BgM_3Twg_Wl/,https://www.instagram.com/p/BgM_3Twg_Wl/,2026-06-19T22:26:03.480Z,322,65
3665,BgMHDeIAxOe,p,https://www.instagram.com/thedogist/p/BgMHDeIAxOe/,https://www.instagram.com/p/BgMHDeIAxOe/,2026-06-19T22:26:03.480Z,322,66
3666,BgKcf0EAiO6,p,https://www.instagram.com/thedogist/p/BgKcf0EAiO6/,https://www.instagram.com/p/BgKcf0EAiO6/,2026-06-19T22:26:03.480Z,322,67
3667,BgJ8xqygGDs,p,https://www.instagram.com/thedogist/p/BgJ8xqygGDs/,https://www.instagram.com/p/BgJ8xqygGDs/,2026-06-19T22:26:03.481Z,322,68
3668,BgHzsQngWMt,p,https://www.instagram.com/thedogist/p/BgHzsQngWMt/,https://www.instagram.com/p/BgHzsQngWMt/,2026-06-19T22:26:03.481Z,322,69
3669,BgHKOIMgUKD,p,https://www.instagram.com/thedogist/p/BgHKOIMgUKD/,https://www.instagram.com/p/BgHKOIMgUKD/,2026-06-19T22:26:03.481Z,322,70
3670,BgFN7pUgt66,p,https://www.instagram.com/thedogist/p/BgFN7pUgt66/,https://www.instagram.com/p/BgFN7pUgt66/,2026-06-19T22:26:03.481Z,322,71
3671,BgEk6SaAxca,p,https://www.instagram.com/thedogist/p/BgEk6SaAxca/,https://www.instagram.com/p/BgEk6SaAxca/,2026-06-19T22:26:03.481Z,322,72
3672,BgDHnoHA_7a,p,https://www.instagram.com/thedogist/p/BgDHnoHA_7a/,https://www.instagram.com/p/BgDHnoHA_7a/,2026-06-19T22:26:03.482Z,322,73
3673,BgCm2CrguVj,p,https://www.instagram.com/thedogist/p/BgCm2CrguVj/,https://www.instagram.com/p/BgCm2CrguVj/,2026-06-19T22:26:05.164Z,323,59
3674,Bf_QGzCgkNo,p,https://www.instagram.com/thedogist/p/Bf_QGzCgkNo/,https://www.instagram.com/p/Bf_QGzCgkNo/,2026-06-19T22:26:05.165Z,323,60
3675,Bf9z_uTAdyQ,p,https://www.instagram.com/thedogist/p/Bf9z_uTAdyQ/,https://www.instagram.com/p/Bf9z_uTAdyQ/,2026-06-19T22:26:05.165Z,323,61
3676,Bf82I9nACF1,p,https://www.instagram.com/thedogist/p/Bf82I9nACF1/,https://www.instagram.com/p/Bf82I9nACF1/,2026-06-19T22:26:05.165Z,323,62
3677,Bf7E69UAw7u,p,https://www.instagram.com/thedogist/p/Bf7E69UAw7u/,https://www.instagram.com/p/Bf7E69UAw7u/,2026-06-19T22:26:05.166Z,323,63
3678,Bf6Gfl8A9ji,p,https://www.instagram.com/thedogist/p/Bf6Gfl8A9ji/,https://www.instagram.com/p/Bf6Gfl8A9ji/,2026-06-19T22:26:05.166Z,323,64
3679,Bf4ccjMAAMJ,p,https://www.instagram.com/thedogist/p/Bf4ccjMAAMJ/,https://www.instagram.com/p/Bf4ccjMAAMJ/,2026-06-19T22:26:05.166Z,323,65
3680,Bf3jLmpg6EO,p,https://www.instagram.com/thedogist/p/Bf3jLmpg6EO/,https://www.instagram.com/p/Bf3jLmpg6EO/,2026-06-19T22:26:05.166Z,323,66
3681,Bf12dkWgjel,p,https://www.instagram.com/thedogist/p/Bf12dkWgjel/,https://www.instagram.com/p/Bf12dkWgjel/,2026-06-19T22:26:05.167Z,323,67
3682,Bf08UGxAlQY,p,https://www.instagram.com/thedogist/p/Bf08UGxAlQY/,https://www.instagram.com/p/Bf08UGxAlQY/,2026-06-19T22:26:05.167Z,323,68
3683,Bfzn4NuAp_0,p,https://www.instagram.com/thedogist/p/Bfzn4NuAp_0/,https://www.instagram.com/p/Bfzn4NuAp_0/,2026-06-19T22:26:05.167Z,323,69
3684,Bfy73ZAgDKk,p,https://www.instagram.com/thedogist/p/Bfy73ZAgDKk/,https://www.instagram.com/p/Bfy73ZAgDKk/,2026-06-19T22:26:05.167Z,323,70
3685,BfyVU8kgMAz,p,https://www.instagram.com/thedogist/p/BfyVU8kgMAz/,https://www.instagram.com/p/BfyVU8kgMAz/,2026-06-19T22:26:06.843Z,324,61
3686,BfwofZ2D_Le,p,https://www.instagram.com/thedogist/p/BfwofZ2D_Le/,https://www.instagram.com/p/BfwofZ2D_Le/,2026-06-19T22:26:06.843Z,324,62
3687,BfvqLmfg9wA,p,https://www.instagram.com/thedogist/p/BfvqLmfg9wA/,https://www.instagram.com/p/BfvqLmfg9wA/,2026-06-19T22:26:06.844Z,324,63
3688,Bft1itAgaVO,p,https://www.instagram.com/thedogist/p/Bft1itAgaVO/,https://www.instagram.com/p/Bft1itAgaVO/,2026-06-19T22:26:06.844Z,324,64
3689,BftNGpRghY7,p,https://www.instagram.com/thedogist/p/BftNGpRghY7/,https://www.instagram.com/p/BftNGpRghY7/,2026-06-19T22:26:06.844Z,324,65
3690,Bfrgb9zgG06,p,https://www.instagram.com/thedogist/p/Bfrgb9zgG06/,https://www.instagram.com/p/Bfrgb9zgG06/,2026-06-19T22:26:06.845Z,324,66
3691,Bfq1jPzAWjJ,p,https://www.instagram.com/thedogist/p/Bfq1jPzAWjJ/,https://www.instagram.com/p/Bfq1jPzAWjJ/,2026-06-19T22:26:06.845Z,324,67
3692,Bfo6UkPgjJr,p,https://www.instagram.com/thedogist/p/Bfo6UkPgjJr/,https://www.instagram.com/p/Bfo6UkPgjJr/,2026-06-19T22:26:06.845Z,324,68
3693,BfoWEBPgJlH,p,https://www.instagram.com/thedogist/p/BfoWEBPgJlH/,https://www.instagram.com/p/BfoWEBPgJlH/,2026-06-19T22:26:06.846Z,324,69
3694,Bfmcqs_gmNT,p,https://www.instagram.com/thedogist/p/Bfmcqs_gmNT/,https://www.instagram.com/p/Bfmcqs_gmNT/,2026-06-19T22:26:06.846Z,324,70
3695,Bfl3qgUAr3j,p,https://www.instagram.com/thedogist/p/Bfl3qgUAr3j/,https://www.instagram.com/p/Bfl3qgUAr3j/,2026-06-19T22:26:06.846Z,324,71
3696,BfjvhnYA4us,p,https://www.instagram.com/thedogist/p/BfjvhnYA4us/,https://www.instagram.com/p/BfjvhnYA4us/,2026-06-19T22:26:06.847Z,324,72
3697,Bfi9pKkgNLb,p,https://www.instagram.com/thedogist/p/Bfi9pKkgNLb/,https://www.instagram.com/p/Bfi9pKkgNLb/,2026-06-19T22:26:08.532Z,325,58
3698,BfhGkCgAFsK,p,https://www.instagram.com/thedogist/p/BfhGkCgAFsK/,https://www.instagram.com/p/BfhGkCgAFsK/,2026-06-19T22:26:08.532Z,325,59
3699,BfgVPt-Aby7,p,https://www.instagram.com/thedogist/p/BfgVPt-Aby7/,https://www.instagram.com/p/BfgVPt-Aby7/,2026-06-19T22:26:08.532Z,325,60
3700,BfepDNuAZ2r,p,https://www.instagram.com/thedogist/p/BfepDNuAZ2r/,https://www.instagram.com/p/BfepDNuAZ2r/,2026-06-19T22:26:08.533Z,325,61
3701,Bfd7SKnAxTI,p,https://www.instagram.com/thedogist/p/Bfd7SKnAxTI/,https://www.instagram.com/p/Bfd7SKnAxTI/,2026-06-19T22:26:08.533Z,325,62
3702,Bfb2QV8gYtT,p,https://www.instagram.com/thedogist/p/Bfb2QV8gYtT/,https://www.instagram.com/p/Bfb2QV8gYtT/,2026-06-19T22:26:08.533Z,325,63
3703,BfZYbyrAEsE,p,https://www.instagram.com/thedogist/p/BfZYbyrAEsE/,https://www.instagram.com/p/BfZYbyrAEsE/,2026-06-19T22:26:08.533Z,325,64
3704,BfYno15AMVA,p,https://www.instagram.com/thedogist/p/BfYno15AMVA/,https://www.instagram.com/p/BfYno15AMVA/,2026-06-19T22:26:08.534Z,325,65
3705,BfWqVbWAcqc,p,https://www.instagram.com/thedogist/p/BfWqVbWAcqc/,https://www.instagram.com/p/BfWqVbWAcqc/,2026-06-19T22:26:08.534Z,325,66
3706,BfWBEUOg6kq,p,https://www.instagram.com/thedogist/p/BfWBEUOg6kq/,https://www.instagram.com/p/BfWBEUOg6kq/,2026-06-19T22:26:08.534Z,325,67
3707,BfUKFqWgzdE,p,https://www.instagram.com/thedogist/p/BfUKFqWgzdE/,https://www.instagram.com/p/BfUKFqWgzdE/,2026-06-19T22:26:08.534Z,325,68
3708,BfTgjshAhtk,p,https://www.instagram.com/thedogist/p/BfTgjshAhtk/,https://www.instagram.com/p/BfTgjshAhtk/,2026-06-19T22:26:08.535Z,325,69
3709,BfRp_uFgtvB,p,https://www.instagram.com/thedogist/p/BfRp_uFgtvB/,https://www.instagram.com/p/BfRp_uFgtvB/,2026-06-19T22:26:10.205Z,326,60
3710,BfRIPPZg4Ka,p,https://www.instagram.com/thedogist/p/BfRIPPZg4Ka/,https://www.instagram.com/p/BfRIPPZg4Ka/,2026-06-19T22:26:10.205Z,326,61
3711,BfPSB5_ANha,p,https://www.instagram.com/thedogist/p/BfPSB5_ANha/,https://www.instagram.com/p/BfPSB5_ANha/,2026-06-19T22:26:10.205Z,326,62
3712,BfOPNBHAK2K,p,https://www.instagram.com/thedogist/p/BfOPNBHAK2K/,https://www.instagram.com/p/BfOPNBHAK2K/,2026-06-19T22:26:10.206Z,326,63
3713,BfMjDhcAjDZ,p,https://www.instagram.com/thedogist/p/BfMjDhcAjDZ/,https://www.instagram.com/p/BfMjDhcAjDZ/,2026-06-19T22:26:10.206Z,326,64
3714,BfMHStvgsPN,p,https://www.instagram.com/thedogist/p/BfMHStvgsPN/,https://www.instagram.com/p/BfMHStvgsPN/,2026-06-19T22:26:10.206Z,326,65
3715,BfKovXTg1iz,p,https://www.instagram.com/thedogist/p/BfKovXTg1iz/,https://www.instagram.com/p/BfKovXTg1iz/,2026-06-19T22:26:10.206Z,326,66
3716,BfKONi9gtlV,p,https://www.instagram.com/thedogist/p/BfKONi9gtlV/,https://www.instagram.com/p/BfKONi9gtlV/,2026-06-19T22:26:10.206Z,326,67
3717,BfJ22uQg1Mg,p,https://www.instagram.com/thedogist/p/BfJ22uQg1Mg/,https://www.instagram.com/p/BfJ22uQg1Mg/,2026-06-19T22:26:10.206Z,326,68
3718,BfJO0_xgxCh,p,https://www.instagram.com/thedogist/p/BfJO0_xgxCh/,https://www.instagram.com/p/BfJO0_xgxCh/,2026-06-19T22:26:10.207Z,326,69
3719,BfHmStHAbXx,p,https://www.instagram.com/thedogist/p/BfHmStHAbXx/,https://www.instagram.com/p/BfHmStHAbXx/,2026-06-19T22:26:10.207Z,326,70
3720,BfHCYFUAhbQ,p,https://www.instagram.com/thedogist/p/BfHCYFUAhbQ/,https://www.instagram.com/p/BfHCYFUAhbQ/,2026-06-19T22:26:10.207Z,326,71
3721,BfE1QOng4XY,p,https://www.instagram.com/thedogist/p/BfE1QOng4XY/,https://www.instagram.com/p/BfE1QOng4XY/,2026-06-19T22:26:11.885Z,327,62
3722,BfEdhQRAvqY,p,https://www.instagram.com/thedogist/p/BfEdhQRAvqY/,https://www.instagram.com/p/BfEdhQRAvqY/,2026-06-19T22:26:11.886Z,327,63
3723,BfCoBROgCPf,p,https://www.instagram.com/thedogist/p/BfCoBROgCPf/,https://www.instagram.com/p/BfCoBROgCPf/,2026-06-19T22:26:11.886Z,327,64
3724,BfCCBCRAvYn,p,https://www.instagram.com/thedogist/p/BfCCBCRAvYn/,https://www.instagram.com/p/BfCCBCRAvYn/,2026-06-19T22:26:11.886Z,327,65
3725,BfBeThdg3YY,p,https://www.instagram.com/thedogist/p/BfBeThdg3YY/,https://www.instagram.com/p/BfBeThdg3YY/,2026-06-19T22:26:11.886Z,327,66
3726,Be_OsbOglAe,p,https://www.instagram.com/thedogist/p/Be_OsbOglAe/,https://www.instagram.com/p/Be_OsbOglAe/,2026-06-19T22:26:11.887Z,327,67
3727,Be9C3_TA499,p,https://www.instagram.com/thedogist/p/Be9C3_TA499/,https://www.instagram.com/p/Be9C3_TA499/,2026-06-19T22:26:11.887Z,327,68
3728,Be8Ls45AgKP,p,https://www.instagram.com/thedogist/p/Be8Ls45AgKP/,https://www.instagram.com/p/Be8Ls45AgKP/,2026-06-19T22:26:11.887Z,327,69
3729,Be6k83BgWC5,p,https://www.instagram.com/thedogist/p/Be6k83BgWC5/,https://www.instagram.com/p/Be6k83BgWC5/,2026-06-19T22:26:11.887Z,327,70
3730,Be52Qpwgyba,p,https://www.instagram.com/thedogist/p/Be52Qpwgyba/,https://www.instagram.com/p/Be52Qpwgyba/,2026-06-19T22:26:11.887Z,327,71
3731,Be32eQkA7il,p,https://www.instagram.com/thedogist/p/Be32eQkA7il/,https://www.instagram.com/p/Be32eQkA7il/,2026-06-19T22:26:11.888Z,327,72
3732,Be3YIDDAPCg,p,https://www.instagram.com/thedogist/p/Be3YIDDAPCg/,https://www.instagram.com/p/Be3YIDDAPCg/,2026-06-19T22:26:11.888Z,327,73
3733,Be1NSGSDnUR,p,https://www.instagram.com/thedogist/p/Be1NSGSDnUR/,https://www.instagram.com/p/Be1NSGSDnUR/,2026-06-19T22:26:13.848Z,328,59
3734,Beytb92DRyu,p,https://www.instagram.com/thedogist/p/Beytb92DRyu/,https://www.instagram.com/p/Beytb92DRyu/,2026-06-19T22:26:13.849Z,328,60
3735,Bevgkvgjt4D,p,https://www.instagram.com/thedogist/p/Bevgkvgjt4D/,https://www.instagram.com/p/Bevgkvgjt4D/,2026-06-19T22:26:13.849Z,328,61
3736,Bes-0yBjgGJ,p,https://www.instagram.com/thedogist/p/Bes-0yBjgGJ/,https://www.instagram.com/p/Bes-0yBjgGJ/,2026-06-19T22:26:13.849Z,328,62
3737,Beq7N6gj-vf,p,https://www.instagram.com/thedogist/p/Beq7N6gj-vf/,https://www.instagram.com/p/Beq7N6gj-vf/,2026-06-19T22:26:13.850Z,328,63
3738,Beqgq_6jxMB,p,https://www.instagram.com/thedogist/p/Beqgq_6jxMB/,https://www.instagram.com/p/Beqgq_6jxMB/,2026-06-19T22:26:13.850Z,328,64
3739,BeoGFEDDGda,p,https://www.instagram.com/thedogist/p/BeoGFEDDGda/,https://www.instagram.com/p/BeoGFEDDGda/,2026-06-19T22:26:13.850Z,328,65
3740,Belqv0iDdXz,p,https://www.instagram.com/thedogist/p/Belqv0iDdXz/,https://www.instagram.com/p/Belqv0iDdXz/,2026-06-19T22:26:13.850Z,328,66
3741,BejSTwODG3r,p,https://www.instagram.com/thedogist/p/BejSTwODG3r/,https://www.instagram.com/p/BejSTwODG3r/,2026-06-19T22:26:13.851Z,328,67
3742,BeigcnADw-9,p,https://www.instagram.com/thedogist/p/BeigcnADw-9/,https://www.instagram.com/p/BeigcnADw-9/,2026-06-19T22:26:13.851Z,328,68
3743,BegVyxWjGI9,p,https://www.instagram.com/thedogist/p/BegVyxWjGI9/,https://www.instagram.com/p/BegVyxWjGI9/,2026-06-19T22:26:13.851Z,328,69
3744,BeeBCd7jXuB,p,https://www.instagram.com/thedogist/p/BeeBCd7jXuB/,https://www.instagram.com/p/BeeBCd7jXuB/,2026-06-19T22:26:13.851Z,328,70
3745,BedWvGYjZL9,p,https://www.instagram.com/thedogist/p/BedWvGYjZL9/,https://www.instagram.com/p/BedWvGYjZL9/,2026-06-19T22:26:15.596Z,329,61
3746,BebdDPgj6-O,p,https://www.instagram.com/thedogist/p/BebdDPgj6-O/,https://www.instagram.com/p/BebdDPgj6-O/,2026-06-19T22:26:15.597Z,329,62
3747,BeZGC-MDZ2y,p,https://www.instagram.com/thedogist/p/BeZGC-MDZ2y/,https://www.instagram.com/p/BeZGC-MDZ2y/,2026-06-19T22:26:15.597Z,329,63
3748,BeYUt19DPfl,p,https://www.instagram.com/thedogist/p/BeYUt19DPfl/,https://www.instagram.com/p/BeYUt19DPfl/,2026-06-19T22:26:15.597Z,329,64
3749,BeWjGMWDJ37,p,https://www.instagram.com/thedogist/p/BeWjGMWDJ37/,https://www.instagram.com/p/BeWjGMWDJ37/,2026-06-19T22:26:15.597Z,329,65
3750,BeV4a8DDIC0,p,https://www.instagram.com/thedogist/p/BeV4a8DDIC0/,https://www.instagram.com/p/BeV4a8DDIC0/,2026-06-19T22:26:15.598Z,329,66
3751,BeTyq8LDKxC,p,https://www.instagram.com/thedogist/p/BeTyq8LDKxC/,https://www.instagram.com/p/BeTyq8LDKxC/,2026-06-19T22:26:15.598Z,329,67
3752,BeTUOmIDq0q,p,https://www.instagram.com/thedogist/p/BeTUOmIDq0q/,https://www.instagram.com/p/BeTUOmIDq0q/,2026-06-19T22:26:15.598Z,329,68
3753,BeRWO2ejN7t,p,https://www.instagram.com/thedogist/p/BeRWO2ejN7t/,https://www.instagram.com/p/BeRWO2ejN7t/,2026-06-19T22:26:15.598Z,329,69
3754,BeQ6bEqjEKs,p,https://www.instagram.com/thedogist/p/BeQ6bEqjEKs/,https://www.instagram.com/p/BeQ6bEqjEKs/,2026-06-19T22:26:15.599Z,329,70
3755,BeO8rk5D9kN,p,https://www.instagram.com/thedogist/p/BeO8rk5D9kN/,https://www.instagram.com/p/BeO8rk5D9kN/,2026-06-19T22:26:15.599Z,329,71
3756,BeOhx47D6c2,p,https://www.instagram.com/thedogist/p/BeOhx47D6c2/,https://www.instagram.com/p/BeOhx47D6c2/,2026-06-19T22:26:15.599Z,329,72
3757,BeMV5zUDH_9,p,https://www.instagram.com/thedogist/p/BeMV5zUDH_9/,https://www.instagram.com/p/BeMV5zUDH_9/,2026-06-19T22:26:17.274Z,330,58
3758,BeLnXHmDudX,p,https://www.instagram.com/thedogist/p/BeLnXHmDudX/,https://www.instagram.com/p/BeLnXHmDudX/,2026-06-19T22:26:17.275Z,330,59
3759,BeJoowLjOI4,p,https://www.instagram.com/thedogist/p/BeJoowLjOI4/,https://www.instagram.com/p/BeJoowLjOI4/,2026-06-19T22:26:17.275Z,330,60
3760,BeI_bXojYCt,p,https://www.instagram.com/thedogist/p/BeI_bXojYCt/,https://www.instagram.com/p/BeI_bXojYCt/,2026-06-19T22:26:17.275Z,330,61
3761,BeG5yxzDxPh,p,https://www.instagram.com/thedogist/p/BeG5yxzDxPh/,https://www.instagram.com/p/BeG5yxzDxPh/,2026-06-19T22:26:17.276Z,330,62
3762,BeGNHDPD9Pr,p,https://www.instagram.com/thedogist/p/BeGNHDPD9Pr/,https://www.instagram.com/p/BeGNHDPD9Pr/,2026-06-19T22:26:17.276Z,330,63
3763,BeEeiC_Dpdd,p,https://www.instagram.com/thedogist/p/BeEeiC_Dpdd/,https://www.instagram.com/p/BeEeiC_Dpdd/,2026-06-19T22:26:17.276Z,330,64
3764,BeD_OeLjEh2,p,https://www.instagram.com/thedogist/p/BeD_OeLjEh2/,https://www.instagram.com/p/BeD_OeLjEh2/,2026-06-19T22:26:17.277Z,330,65
3765,BeCHhaXj8Zu,p,https://www.instagram.com/thedogist/p/BeCHhaXj8Zu/,https://www.instagram.com/p/BeCHhaXj8Zu/,2026-06-19T22:26:17.277Z,330,66
3766,BeBwgTYDUs2,p,https://www.instagram.com/thedogist/p/BeBwgTYDUs2/,https://www.instagram.com/p/BeBwgTYDUs2/,2026-06-19T22:26:17.277Z,330,67
3767,Bd_NqMPj7Yf,p,https://www.instagram.com/thedogist/p/Bd_NqMPj7Yf/,https://www.instagram.com/p/Bd_NqMPj7Yf/,2026-06-19T22:26:17.277Z,330,68
3768,Bd-eBXAj0aS,p,https://www.instagram.com/thedogist/p/Bd-eBXAj0aS/,https://www.instagram.com/p/Bd-eBXAj0aS/,2026-06-19T22:26:17.278Z,330,69
3769,Bd89QItDPcw,p,https://www.instagram.com/thedogist/p/Bd89QItDPcw/,https://www.instagram.com/p/Bd89QItDPcw/,2026-06-19T22:26:19.185Z,331,60
3770,Bd8AubnD0ZP,p,https://www.instagram.com/thedogist/p/Bd8AubnD0ZP/,https://www.instagram.com/p/Bd8AubnD0ZP/,2026-06-19T22:26:19.186Z,331,61
3771,Bd6EjhJDlK6,p,https://www.instagram.com/thedogist/p/Bd6EjhJDlK6/,https://www.instagram.com/p/Bd6EjhJDlK6/,2026-06-19T22:26:19.186Z,331,62
3772,Bd5m1kzjYNc,p,https://www.instagram.com/thedogist/p/Bd5m1kzjYNc/,https://www.instagram.com/p/Bd5m1kzjYNc/,2026-06-19T22:26:19.186Z,331,63
3773,Bd3uQweDuBQ,p,https://www.instagram.com/thedogist/p/Bd3uQweDuBQ/,https://www.instagram.com/p/Bd3uQweDuBQ/,2026-06-19T22:26:19.186Z,331,64
3774,Bd3GdM6jfui,p,https://www.instagram.com/thedogist/p/Bd3GdM6jfui/,https://www.instagram.com/p/Bd3GdM6jfui/,2026-06-19T22:26:19.187Z,331,65
3775,Bd1MycRDFNt,p,https://www.instagram.com/thedogist/p/Bd1MycRDFNt/,https://www.instagram.com/p/Bd1MycRDFNt/,2026-06-19T22:26:19.187Z,331,66
3776,Bd0nTwUD2xY,p,https://www.instagram.com/thedogist/p/Bd0nTwUD2xY/,https://www.instagram.com/p/Bd0nTwUD2xY/,2026-06-19T22:26:19.187Z,331,67
3777,BdyPVIaDTdW,p,https://www.instagram.com/thedogist/p/BdyPVIaDTdW/,https://www.instagram.com/p/BdyPVIaDTdW/,2026-06-19T22:26:19.187Z,331,68
3778,BdxoI-8jkEq,p,https://www.instagram.com/thedogist/p/BdxoI-8jkEq/,https://www.instagram.com/p/BdxoI-8jkEq/,2026-06-19T22:26:19.188Z,331,69
3779,Bdv8zj5DCh9,p,https://www.instagram.com/thedogist/p/Bdv8zj5DCh9/,https://www.instagram.com/p/Bdv8zj5DCh9/,2026-06-19T22:26:19.188Z,331,70
3780,BdvIuvRjGas,p,https://www.instagram.com/thedogist/p/BdvIuvRjGas/,https://www.instagram.com/p/BdvIuvRjGas/,2026-06-19T22:26:19.188Z,331,71
3781,BdtMfHNDbNJ,p,https://www.instagram.com/thedogist/p/BdtMfHNDbNJ/,https://www.instagram.com/p/BdtMfHNDbNJ/,2026-06-19T22:26:20.864Z,332,62
3782,BdsvnpjjjN_,p,https://www.instagram.com/thedogist/p/BdsvnpjjjN_/,https://www.instagram.com/p/BdsvnpjjjN_/,2026-06-19T22:26:20.864Z,332,63
3783,BdqLhI-DrDS,p,https://www.instagram.com/thedogist/p/BdqLhI-DrDS/,https://www.instagram.com/p/BdqLhI-DrDS/,2026-06-19T22:26:20.864Z,332,64
3784,BdoUdbXjfOy,p,https://www.instagram.com/thedogist/p/BdoUdbXjfOy/,https://www.instagram.com/p/BdoUdbXjfOy/,2026-06-19T22:26:20.865Z,332,65
3785,BdnzuyQD2W6,p,https://www.instagram.com/thedogist/p/BdnzuyQD2W6/,https://www.instagram.com/p/BdnzuyQD2W6/,2026-06-19T22:26:20.865Z,332,66
3786,BdloTs0DNKX,p,https://www.instagram.com/thedogist/p/BdloTs0DNKX/,https://www.instagram.com/p/BdloTs0DNKX/,2026-06-19T22:26:20.865Z,332,67
3787,BdlAGKrDITm,p,https://www.instagram.com/thedogist/p/BdlAGKrDITm/,https://www.instagram.com/p/BdlAGKrDITm/,2026-06-19T22:26:20.865Z,332,68
3788,BdjCUL5D7kZ,p,https://www.instagram.com/thedogist/p/BdjCUL5D7kZ/,https://www.instagram.com/p/BdjCUL5D7kZ/,2026-06-19T22:26:20.866Z,332,69
3789,BdiZ2-Aj-93,p,https://www.instagram.com/thedogist/p/BdiZ2-Aj-93/,https://www.instagram.com/p/BdiZ2-Aj-93/,2026-06-19T22:26:20.866Z,332,70
3790,Bdgwaa-jqEs,p,https://www.instagram.com/thedogist/p/Bdgwaa-jqEs/,https://www.instagram.com/p/Bdgwaa-jqEs/,2026-06-19T22:26:20.866Z,332,71
3791,BdgVPt6jl-D,p,https://www.instagram.com/thedogist/p/BdgVPt6jl-D/,https://www.instagram.com/p/BdgVPt6jl-D/,2026-06-19T22:26:20.866Z,332,72
3792,Bdf_VALDgNq,p,https://www.instagram.com/thedogist/p/Bdf_VALDgNq/,https://www.instagram.com/p/Bdf_VALDgNq/,2026-06-19T22:26:20.867Z,332,73
3793,BddwKi5DHvn,p,https://www.instagram.com/thedogist/p/BddwKi5DHvn/,https://www.instagram.com/p/BddwKi5DHvn/,2026-06-19T22:26:22.633Z,333,59
3794,Bdc6zs1jfsB,p,https://www.instagram.com/thedogist/p/Bdc6zs1jfsB/,https://www.instagram.com/p/Bdc6zs1jfsB/,2026-06-19T22:26:22.633Z,333,60
3795,BdbONgSDB6s,p,https://www.instagram.com/thedogist/p/BdbONgSDB6s/,https://www.instagram.com/p/BdbONgSDB6s/,2026-06-19T22:26:22.633Z,333,61
3796,BdauVYDDvgP,p,https://www.instagram.com/thedogist/p/BdauVYDDvgP/,https://www.instagram.com/p/BdauVYDDvgP/,2026-06-19T22:26:22.634Z,333,62
3797,BdZKczbDJ_q,p,https://www.instagram.com/thedogist/p/BdZKczbDJ_q/,https://www.instagram.com/p/BdZKczbDJ_q/,2026-06-19T22:26:22.634Z,333,63
3798,BdYMBNeDcGN,p,https://www.instagram.com/thedogist/p/BdYMBNeDcGN/,https://www.instagram.com/p/BdYMBNeDcGN/,2026-06-19T22:26:22.634Z,333,64
3799,BdWM7LiDOx7,p,https://www.instagram.com/thedogist/p/BdWM7LiDOx7/,https://www.instagram.com/p/BdWM7LiDOx7/,2026-06-19T22:26:22.635Z,333,65
3800,BdVRQxHjdTe,p,https://www.instagram.com/thedogist/p/BdVRQxHjdTe/,https://www.instagram.com/p/BdVRQxHjdTe/,2026-06-19T22:26:22.635Z,333,66
3801,BdTx5FsjrDV,p,https://www.instagram.com/thedogist/p/BdTx5FsjrDV/,https://www.instagram.com/p/BdTx5FsjrDV/,2026-06-19T22:26:22.635Z,333,67
3802,BdTHjOLDEqw,p,https://www.instagram.com/thedogist/p/BdTHjOLDEqw/,https://www.instagram.com/p/BdTHjOLDEqw/,2026-06-19T22:26:22.635Z,333,68
3803,BdQ5V6TDP-4,p,https://www.instagram.com/thedogist/p/BdQ5V6TDP-4/,https://www.instagram.com/p/BdQ5V6TDP-4/,2026-06-19T22:26:22.636Z,333,69
3804,BdQJwteDvHt,p,https://www.instagram.com/thedogist/p/BdQJwteDvHt/,https://www.instagram.com/p/BdQJwteDvHt/,2026-06-19T22:26:22.636Z,333,70
3805,BdOrqboDq52,p,https://www.instagram.com/thedogist/p/BdOrqboDq52/,https://www.instagram.com/p/BdOrqboDq52/,2026-06-19T22:26:24.618Z,334,61
3806,BdN_f2UDwOi,p,https://www.instagram.com/thedogist/p/BdN_f2UDwOi/,https://www.instagram.com/p/BdN_f2UDwOi/,2026-06-19T22:26:24.618Z,334,62
3807,BdNqidyj3b-,p,https://www.instagram.com/thedogist/p/BdNqidyj3b-/,https://www.instagram.com/p/BdNqidyj3b-/,2026-06-19T22:26:24.619Z,334,63
3808,BdLoOAbDokw,p,https://www.instagram.com/thedogist/p/BdLoOAbDokw/,https://www.instagram.com/p/BdLoOAbDokw/,2026-06-19T22:26:24.619Z,334,64
3809,BdLGSnPDVKu,p,https://www.instagram.com/thedogist/p/BdLGSnPDVKu/,https://www.instagram.com/p/BdLGSnPDVKu/,2026-06-19T22:26:24.619Z,334,65
3810,BdJbta1jRYG,p,https://www.instagram.com/thedogist/p/BdJbta1jRYG/,https://www.instagram.com/p/BdJbta1jRYG/,2026-06-19T22:26:24.619Z,334,66
3811,BdI0yVYjo26,p,https://www.instagram.com/thedogist/p/BdI0yVYjo26/,https://www.instagram.com/p/BdI0yVYjo26/,2026-06-19T22:26:24.620Z,334,67
3812,BdIaRgljNbN,p,https://www.instagram.com/thedogist/p/BdIaRgljNbN/,https://www.instagram.com/p/BdIaRgljNbN/,2026-06-19T22:26:24.620Z,334,68
3813,BdG-aybDTup,p,https://www.instagram.com/thedogist/p/BdG-aybDTup/,https://www.instagram.com/p/BdG-aybDTup/,2026-06-19T22:26:24.620Z,334,69
3814,BdGDjuajhG2,p,https://www.instagram.com/thedogist/p/BdGDjuajhG2/,https://www.instagram.com/p/BdGDjuajhG2/,2026-06-19T22:26:24.620Z,334,70
3815,BdECaX5jNkQ,p,https://www.instagram.com/thedogist/p/BdECaX5jNkQ/,https://www.instagram.com/p/BdECaX5jNkQ/,2026-06-19T22:26:24.621Z,334,71
3816,BdDdoCmDNMr,p,https://www.instagram.com/thedogist/p/BdDdoCmDNMr/,https://www.instagram.com/p/BdDdoCmDNMr/,2026-06-19T22:26:24.621Z,334,72
3817,BdBnLo5jLqT,p,https://www.instagram.com/thedogist/p/BdBnLo5jLqT/,https://www.instagram.com/p/BdBnLo5jLqT/,2026-06-19T22:26:26.298Z,335,58
3818,BdA2E5jjRba,p,https://www.instagram.com/thedogist/p/BdA2E5jjRba/,https://www.instagram.com/p/BdA2E5jjRba/,2026-06-19T22:26:26.299Z,335,59
3819,Bc-vbMCjp53,p,https://www.instagram.com/thedogist/p/Bc-vbMCjp53/,https://www.instagram.com/p/Bc-vbMCjp53/,2026-06-19T22:26:26.299Z,335,60
3820,Bc-Sr6EDHrw,p,https://www.instagram.com/thedogist/p/Bc-Sr6EDHrw/,https://www.instagram.com/p/Bc-Sr6EDHrw/,2026-06-19T22:26:26.300Z,335,61
3821,Bc8ptm3jGLh,p,https://www.instagram.com/thedogist/p/Bc8ptm3jGLh/,https://www.instagram.com/p/Bc8ptm3jGLh/,2026-06-19T22:26:26.300Z,335,62
3822,Bc7vQsXjdUQ,p,https://www.instagram.com/thedogist/p/Bc7vQsXjdUQ/,https://www.instagram.com/p/Bc7vQsXjdUQ/,2026-06-19T22:26:26.300Z,335,63
3823,Bc6CndKj5qL,p,https://www.instagram.com/thedogist/p/Bc6CndKj5qL/,https://www.instagram.com/p/Bc6CndKj5qL/,2026-06-19T22:26:26.300Z,335,64
3824,Bc5UkOnD8iV,p,https://www.instagram.com/thedogist/p/Bc5UkOnD8iV/,https://www.instagram.com/p/Bc5UkOnD8iV/,2026-06-19T22:26:26.300Z,335,65
3825,Bc42ttZjNwq,p,https://www.instagram.com/thedogist/p/Bc42ttZjNwq/,https://www.instagram.com/p/Bc42ttZjNwq/,2026-06-19T22:26:26.301Z,335,66
3826,Bc3cv9wDwT4,p,https://www.instagram.com/thedogist/p/Bc3cv9wDwT4/,https://www.instagram.com/p/Bc3cv9wDwT4/,2026-06-19T22:26:26.301Z,335,67
3827,Bc27B6vDboz,p,https://www.instagram.com/thedogist/p/Bc27B6vDboz/,https://www.instagram.com/p/Bc27B6vDboz/,2026-06-19T22:26:26.301Z,335,68
3828,Bc2cj3KDLvu,p,https://www.instagram.com/thedogist/p/Bc2cj3KDLvu/,https://www.instagram.com/p/Bc2cj3KDLvu/,2026-06-19T22:26:26.301Z,335,69
3829,Bc0rXtJj4Ae,p,https://www.instagram.com/thedogist/p/Bc0rXtJj4Ae/,https://www.instagram.com/p/Bc0rXtJj4Ae/,2026-06-19T22:26:27.989Z,336,60
3830,Bc0VgsxDkmx,p,https://www.instagram.com/thedogist/p/Bc0VgsxDkmx/,https://www.instagram.com/p/Bc0VgsxDkmx/,2026-06-19T22:26:27.990Z,336,61
3831,Bcz8xCSj-Rk,p,https://www.instagram.com/thedogist/p/Bcz8xCSj-Rk/,https://www.instagram.com/p/Bcz8xCSj-Rk/,2026-06-19T22:26:27.990Z,336,62
3832,BcyWDeCjJPc,p,https://www.instagram.com/thedogist/p/BcyWDeCjJPc/,https://www.instagram.com/p/BcyWDeCjJPc/,2026-06-19T22:26:27.990Z,336,63
3833,BcxtWVvjGhR,p,https://www.instagram.com/thedogist/p/BcxtWVvjGhR/,https://www.instagram.com/p/BcxtWVvjGhR/,2026-06-19T22:26:27.991Z,336,64
3834,BcxTW2snYWs,p,https://www.instagram.com/thedogist/p/BcxTW2snYWs/,https://www.instagram.com/p/BcxTW2snYWs/,2026-06-19T22:26:27.991Z,336,65
3835,BcvnNGgjJNg,p,https://www.instagram.com/thedogist/p/BcvnNGgjJNg/,https://www.instagram.com/p/BcvnNGgjJNg/,2026-06-19T22:26:27.991Z,336,66
3836,BcvM2Q0j5UU,p,https://www.instagram.com/thedogist/p/BcvM2Q0j5UU/,https://www.instagram.com/p/BcvM2Q0j5UU/,2026-06-19T22:26:27.991Z,336,67
3837,BcusGIVDzoM,p,https://www.instagram.com/thedogist/p/BcusGIVDzoM/,https://www.instagram.com/p/BcusGIVDzoM/,2026-06-19T22:26:27.992Z,336,68
3838,Bcs8mLWDZBD,p,https://www.instagram.com/thedogist/p/Bcs8mLWDZBD/,https://www.instagram.com/p/Bcs8mLWDZBD/,2026-06-19T22:26:27.992Z,336,69
3839,BcspS20D-SO,p,https://www.instagram.com/thedogist/p/BcspS20D-SO/,https://www.instagram.com/p/BcspS20D-SO/,2026-06-19T22:26:27.992Z,336,70
3840,BcsHvKxDsxI,p,https://www.instagram.com/thedogist/p/BcsHvKxDsxI/,https://www.instagram.com/p/BcsHvKxDsxI/,2026-06-19T22:26:27.993Z,336,71
3841,BcqKzk0HzeB,p,https://www.instagram.com/thedogist/p/BcqKzk0HzeB/,https://www.instagram.com/p/BcqKzk0HzeB/,2026-06-19T22:26:29.676Z,337,62
3842,BcpeBQPjlL5,p,https://www.instagram.com/thedogist/p/BcpeBQPjlL5/,https://www.instagram.com/p/BcpeBQPjlL5/,2026-06-19T22:26:29.677Z,337,63
3843,BcnyrUjjcQ-,p,https://www.instagram.com/thedogist/p/BcnyrUjjcQ-/,https://www.instagram.com/p/BcnyrUjjcQ-/,2026-06-19T22:26:29.677Z,337,64
3844,BcnH5J7D6VT,p,https://www.instagram.com/thedogist/p/BcnH5J7D6VT/,https://www.instagram.com/p/BcnH5J7D6VT/,2026-06-19T22:26:29.677Z,337,65
3845,BclbnwIj3vC,p,https://www.instagram.com/thedogist/p/BclbnwIj3vC/,https://www.instagram.com/p/BclbnwIj3vC/,2026-06-19T22:26:29.677Z,337,66
3846,BckvutyDsFC,p,https://www.instagram.com/thedogist/p/BckvutyDsFC/,https://www.instagram.com/p/BckvutyDsFC/,2026-06-19T22:26:29.678Z,337,67
3847,BcisIg_jw9E,p,https://www.instagram.com/thedogist/p/BcisIg_jw9E/,https://www.instagram.com/p/BcisIg_jw9E/,2026-06-19T22:26:29.678Z,337,68
3848,BciA7FWj94c,p,https://www.instagram.com/thedogist/p/BciA7FWj94c/,https://www.instagram.com/p/BciA7FWj94c/,2026-06-19T22:26:29.678Z,337,69
3849,BcgI6MJDDH0,p,https://www.instagram.com/thedogist/p/BcgI6MJDDH0/,https://www.instagram.com/p/BcgI6MJDDH0/,2026-06-19T22:26:29.678Z,337,70
3850,BcfoK0ljo2g,p,https://www.instagram.com/thedogist/p/BcfoK0ljo2g/,https://www.instagram.com/p/BcfoK0ljo2g/,2026-06-19T22:26:29.678Z,337,71
3851,BcfX8hPjU31,p,https://www.instagram.com/thedogist/p/BcfX8hPjU31/,https://www.instagram.com/p/BcfX8hPjU31/,2026-06-19T22:26:29.679Z,337,72
3852,BcdY6LCjo9O,p,https://www.instagram.com/thedogist/p/BcdY6LCjo9O/,https://www.instagram.com/p/BcdY6LCjo9O/,2026-06-19T22:26:29.679Z,337,73
3853,Bcc4sa4DzHM,p,https://www.instagram.com/thedogist/p/Bcc4sa4DzHM/,https://www.instagram.com/p/Bcc4sa4DzHM/,2026-06-19T22:26:31.360Z,338,59
3854,BcbC8EkjxIU,p,https://www.instagram.com/thedogist/p/BcbC8EkjxIU/,https://www.instagram.com/p/BcbC8EkjxIU/,2026-06-19T22:26:31.361Z,338,60
3855,BcaXBtbjVru,p,https://www.instagram.com/thedogist/p/BcaXBtbjVru/,https://www.instagram.com/p/BcaXBtbjVru/,2026-06-19T22:26:31.361Z,338,61
3856,BcYp1wVD1RN,p,https://www.instagram.com/thedogist/p/BcYp1wVD1RN/,https://www.instagram.com/p/BcYp1wVD1RN/,2026-06-19T22:26:31.361Z,338,62
3857,BcYKU6Gj0YC,p,https://www.instagram.com/thedogist/p/BcYKU6Gj0YC/,https://www.instagram.com/p/BcYKU6Gj0YC/,2026-06-19T22:26:31.362Z,338,63
3858,BcXmdc_jN2P,p,https://www.instagram.com/thedogist/p/BcXmdc_jN2P/,https://www.instagram.com/p/BcXmdc_jN2P/,2026-06-19T22:26:31.362Z,338,64
3859,BcWNzeoDZSS,p,https://www.instagram.com/thedogist/p/BcWNzeoDZSS/,https://www.instagram.com/p/BcWNzeoDZSS/,2026-06-19T22:26:31.362Z,338,65
3860,BcVv-8SDyh-,p,https://www.instagram.com/thedogist/p/BcVv-8SDyh-/,https://www.instagram.com/p/BcVv-8SDyh-/,2026-06-19T22:26:31.362Z,338,66
3861,BcVI1KJj7e0,p,https://www.instagram.com/thedogist/p/BcVI1KJj7e0/,https://www.instagram.com/p/BcVI1KJj7e0/,2026-06-19T22:26:31.362Z,338,67
3862,BcThZPgDnKl,p,https://www.instagram.com/thedogist/p/BcThZPgDnKl/,https://www.instagram.com/p/BcThZPgDnKl/,2026-06-19T22:26:31.363Z,338,68
3863,BcS6CIEj6qd,p,https://www.instagram.com/thedogist/p/BcS6CIEj6qd/,https://www.instagram.com/p/BcS6CIEj6qd/,2026-06-19T22:26:31.363Z,338,69
3864,BcSdD5uDQ3L,p,https://www.instagram.com/thedogist/p/BcSdD5uDQ3L/,https://www.instagram.com/p/BcSdD5uDQ3L/,2026-06-19T22:26:31.363Z,338,70
3865,BcQfBxqD0oo,p,https://www.instagram.com/thedogist/p/BcQfBxqD0oo/,https://www.instagram.com/p/BcQfBxqD0oo/,2026-06-19T22:26:33.039Z,339,61
3866,BcP0j4Ajmf-,p,https://www.instagram.com/thedogist/p/BcP0j4Ajmf-/,https://www.instagram.com/p/BcP0j4Ajmf-/,2026-06-19T22:26:33.039Z,339,62
3867,BcOLOYODPam,p,https://www.instagram.com/thedogist/p/BcOLOYODPam/,https://www.instagram.com/p/BcOLOYODPam/,2026-06-19T22:26:33.040Z,339,63
3868,BcNmUHJjyda,p,https://www.instagram.com/thedogist/p/BcNmUHJjyda/,https://www.instagram.com/p/BcNmUHJjyda/,2026-06-19T22:26:33.040Z,339,64
3869,BcNOIzDjyUz,p,https://www.instagram.com/thedogist/p/BcNOIzDjyUz/,https://www.instagram.com/p/BcNOIzDjyUz/,2026-06-19T22:26:33.040Z,339,65
3870,BcLSUz-j_To,p,https://www.instagram.com/thedogist/p/BcLSUz-j_To/,https://www.instagram.com/p/BcLSUz-j_To/,2026-06-19T22:26:33.040Z,339,66
3871,BcKotnlDqsQ,p,https://www.instagram.com/thedogist/p/BcKotnlDqsQ/,https://www.instagram.com/p/BcKotnlDqsQ/,2026-06-19T22:26:33.041Z,339,67
3872,BcIuxsQjEG-,p,https://www.instagram.com/thedogist/p/BcIuxsQjEG-/,https://www.instagram.com/p/BcIuxsQjEG-/,2026-06-19T22:26:33.041Z,339,68
3873,BcH6qXqjNdz,p,https://www.instagram.com/thedogist/p/BcH6qXqjNdz/,https://www.instagram.com/p/BcH6qXqjNdz/,2026-06-19T22:26:33.041Z,339,69
3874,BcGI7nMnqGz,p,https://www.instagram.com/thedogist/p/BcGI7nMnqGz/,https://www.instagram.com/p/BcGI7nMnqGz/,2026-06-19T22:26:33.041Z,339,70
3875,BcFkHteHNHa,p,https://www.instagram.com/thedogist/p/BcFkHteHNHa/,https://www.instagram.com/p/BcFkHteHNHa/,2026-06-19T22:26:33.041Z,339,71
3876,BcEA7i6jgSI,p,https://www.instagram.com/thedogist/p/BcEA7i6jgSI/,https://www.instagram.com/p/BcEA7i6jgSI/,2026-06-19T22:26:33.042Z,339,72
3877,BcDU0tXDQlc,p,https://www.instagram.com/thedogist/p/BcDU0tXDQlc/,https://www.instagram.com/p/BcDU0tXDQlc/,2026-06-19T22:26:34.720Z,340,58
3878,BcCxvQOjcOZ,p,https://www.instagram.com/thedogist/p/BcCxvQOjcOZ/,https://www.instagram.com/p/BcCxvQOjcOZ/,2026-06-19T22:26:34.721Z,340,59
3879,BcBZaHLDEaX,p,https://www.instagram.com/thedogist/p/BcBZaHLDEaX/,https://www.instagram.com/p/BcBZaHLDEaX/,2026-06-19T22:26:34.721Z,340,60
3880,BcA4GSTDy5A,p,https://www.instagram.com/thedogist/p/BcA4GSTDy5A/,https://www.instagram.com/p/BcA4GSTDy5A/,2026-06-19T22:26:34.721Z,340,61
3881,BcAOv3Qj63X,p,https://www.instagram.com/thedogist/p/BcAOv3Qj63X/,https://www.instagram.com/p/BcAOv3Qj63X/,2026-06-19T22:26:34.722Z,340,62
3882,Bb--pxAjvUb,p,https://www.instagram.com/thedogist/p/Bb--pxAjvUb/,https://www.instagram.com/p/Bb--pxAjvUb/,2026-06-19T22:26:34.722Z,340,63
3883,Bb-TpMoD0P6,p,https://www.instagram.com/thedogist/p/Bb-TpMoD0P6/,https://www.instagram.com/p/Bb-TpMoD0P6/,2026-06-19T22:26:34.722Z,340,64
3884,Bb911dGDnyS,p,https://www.instagram.com/thedogist/p/Bb911dGDnyS/,https://www.instagram.com/p/Bb911dGDnyS/,2026-06-19T22:26:34.722Z,340,65
3885,Bb8F3-yDVAw,p,https://www.instagram.com/thedogist/p/Bb8F3-yDVAw/,https://www.instagram.com/p/Bb8F3-yDVAw/,2026-06-19T22:26:34.723Z,340,66
3886,Bb7j0sojubN,p,https://www.instagram.com/thedogist/p/Bb7j0sojubN/,https://www.instagram.com/p/Bb7j0sojubN/,2026-06-19T22:26:34.723Z,340,67
3887,Bb5hDyxDoIL,p,https://www.instagram.com/thedogist/p/Bb5hDyxDoIL/,https://www.instagram.com/p/Bb5hDyxDoIL/,2026-06-19T22:26:34.723Z,340,68
3888,Bb5JsiCjdPo,p,https://www.instagram.com/thedogist/p/Bb5JsiCjdPo/,https://www.instagram.com/p/Bb5JsiCjdPo/,2026-06-19T22:26:34.724Z,340,69
3889,Bb4wtbYjDYn,p,https://www.instagram.com/thedogist/p/Bb4wtbYjDYn/,https://www.instagram.com/p/Bb4wtbYjDYn/,2026-06-19T22:26:36.407Z,341,60
3890,Bb3Cvy8jA9L,p,https://www.instagram.com/thedogist/p/Bb3Cvy8jA9L/,https://www.instagram.com/p/Bb3Cvy8jA9L/,2026-06-19T22:26:36.408Z,341,61
3891,Bb2wQqJjkTl,p,https://www.instagram.com/thedogist/p/Bb2wQqJjkTl/,https://www.instagram.com/p/Bb2wQqJjkTl/,2026-06-19T22:26:36.408Z,341,62
3892,Bb2VvDHjMfw,p,https://www.instagram.com/thedogist/p/Bb2VvDHjMfw/,https://www.instagram.com/p/Bb2VvDHjMfw/,2026-06-19T22:26:36.408Z,341,63
3893,Bb0f9bqjdoC,p,https://www.instagram.com/thedogist/p/Bb0f9bqjdoC/,https://www.instagram.com/p/Bb0f9bqjdoC/,2026-06-19T22:26:36.409Z,341,64
3894,Bb0BA44j3Er,p,https://www.instagram.com/thedogist/p/Bb0BA44j3Er/,https://www.instagram.com/p/Bb0BA44j3Er/,2026-06-19T22:26:36.409Z,341,65
3895,BbzXpyZjYdn,p,https://www.instagram.com/thedogist/p/BbzXpyZjYdn/,https://www.instagram.com/p/BbzXpyZjYdn/,2026-06-19T22:26:36.409Z,341,66
3896,Bbx07EJj7BC,p,https://www.instagram.com/thedogist/p/Bbx07EJj7BC/,https://www.instagram.com/p/Bbx07EJj7BC/,2026-06-19T22:26:36.409Z,341,67
3897,BbxVudnjPyH,p,https://www.instagram.com/thedogist/p/BbxVudnjPyH/,https://www.instagram.com/p/BbxVudnjPyH/,2026-06-19T22:26:36.410Z,341,68
3898,Bbw6DxBje7w,p,https://www.instagram.com/thedogist/p/Bbw6DxBje7w/,https://www.instagram.com/p/Bbw6DxBje7w/,2026-06-19T22:26:36.410Z,341,69
3899,Bbu8Ax2jwdW,p,https://www.instagram.com/thedogist/p/Bbu8Ax2jwdW/,https://www.instagram.com/p/Bbu8Ax2jwdW/,2026-06-19T22:26:36.410Z,341,70
3900,BbuUeRujDPU,p,https://www.instagram.com/thedogist/p/BbuUeRujDPU/,https://www.instagram.com/p/BbuUeRujDPU/,2026-06-19T22:26:36.410Z,341,71
3901,BbsX4SqD83t,p,https://www.instagram.com/thedogist/p/BbsX4SqD83t/,https://www.instagram.com/p/BbsX4SqD83t/,2026-06-19T22:26:38.093Z,342,62
3902,BbsF0CRDNsi,p,https://www.instagram.com/thedogist/p/BbsF0CRDNsi/,https://www.instagram.com/p/BbsF0CRDNsi/,2026-06-19T22:26:38.093Z,342,63
3903,Bbp7g-Tjviq,p,https://www.instagram.com/thedogist/p/Bbp7g-Tjviq/,https://www.instagram.com/p/Bbp7g-Tjviq/,2026-06-19T22:26:38.094Z,342,64
3904,BbppNtjDvXR,p,https://www.instagram.com/thedogist/p/BbppNtjDvXR/,https://www.instagram.com/p/BbppNtjDvXR/,2026-06-19T22:26:38.094Z,342,65
3905,BbnM0mIjfkG,p,https://www.instagram.com/thedogist/p/BbnM0mIjfkG/,https://www.instagram.com/p/BbnM0mIjfkG/,2026-06-19T22:26:38.094Z,342,66
3906,BbmtstfjanD,p,https://www.instagram.com/thedogist/p/BbmtstfjanD/,https://www.instagram.com/p/BbmtstfjanD/,2026-06-19T22:26:38.094Z,342,67
3907,Bbkh_UJDYbq,p,https://www.instagram.com/thedogist/p/Bbkh_UJDYbq/,https://www.instagram.com/p/Bbkh_UJDYbq/,2026-06-19T22:26:38.095Z,342,68
3908,Bbj-fyyDEpa,p,https://www.instagram.com/thedogist/p/Bbj-fyyDEpa/,https://www.instagram.com/p/Bbj-fyyDEpa/,2026-06-19T22:26:38.095Z,342,69
3909,Bbh-k00jE9m,p,https://www.instagram.com/thedogist/p/Bbh-k00jE9m/,https://www.instagram.com/p/Bbh-k00jE9m/,2026-06-19T22:26:38.095Z,342,70
3910,BbhXN86jDSx,p,https://www.instagram.com/thedogist/p/BbhXN86jDSx/,https://www.instagram.com/p/BbhXN86jDSx/,2026-06-19T22:26:38.096Z,342,71
3911,Bbfe5VsD21P,p,https://www.instagram.com/thedogist/p/Bbfe5VsD21P/,https://www.instagram.com/p/Bbfe5VsD21P/,2026-06-19T22:26:38.096Z,342,72
3912,Bbe9XlvD_2U,p,https://www.instagram.com/thedogist/p/Bbe9XlvD_2U/,https://www.instagram.com/p/Bbe9XlvD_2U/,2026-06-19T22:26:38.096Z,342,73
3913,BbdeyK1jy77,p,https://www.instagram.com/thedogist/p/BbdeyK1jy77/,https://www.instagram.com/p/BbdeyK1jy77/,2026-06-19T22:26:39.781Z,343,59
3914,BbdBHtFj8N4,p,https://www.instagram.com/thedogist/p/BbdBHtFj8N4/,https://www.instagram.com/p/BbdBHtFj8N4/,2026-06-19T22:26:39.782Z,343,60
3915,BbcgWEpjLGV,p,https://www.instagram.com/thedogist/p/BbcgWEpjLGV/,https://www.instagram.com/p/BbcgWEpjLGV/,2026-06-19T22:26:39.782Z,343,61
3916,BbaxIhCD434,p,https://www.instagram.com/thedogist/p/BbaxIhCD434/,https://www.instagram.com/p/BbaxIhCD434/,2026-06-19T22:26:39.782Z,343,62
3917,BbaTd-cjC3I,p,https://www.instagram.com/thedogist/p/BbaTd-cjC3I/,https://www.instagram.com/p/BbaTd-cjC3I/,2026-06-19T22:26:39.782Z,343,63
3918,BbZ7BqoD8Ol,p,https://www.instagram.com/thedogist/p/BbZ7BqoD8Ol/,https://www.instagram.com/p/BbZ7BqoD8Ol/,2026-06-19T22:26:39.783Z,343,64
3919,BbZrc7wjRAH,p,https://www.instagram.com/thedogist/p/BbZrc7wjRAH/,https://www.instagram.com/p/BbZrc7wjRAH/,2026-06-19T22:26:39.783Z,343,65
3920,BbXkdGzDtRV,p,https://www.instagram.com/thedogist/p/BbXkdGzDtRV/,https://www.instagram.com/p/BbXkdGzDtRV/,2026-06-19T22:26:39.783Z,343,66
3921,BbXK8_eDtsF,p,https://www.instagram.com/thedogist/p/BbXK8_eDtsF/,https://www.instagram.com/p/BbXK8_eDtsF/,2026-06-19T22:26:39.784Z,343,67
3922,BbVuPJtjbIR,p,https://www.instagram.com/thedogist/p/BbVuPJtjbIR/,https://www.instagram.com/p/BbVuPJtjbIR/,2026-06-19T22:26:39.784Z,343,68
3923,BbVYUi9Dw5V,p,https://www.instagram.com/thedogist/p/BbVYUi9Dw5V/,https://www.instagram.com/p/BbVYUi9Dw5V/,2026-06-19T22:26:39.784Z,343,69
3924,BbUmDpyDAfC,p,https://www.instagram.com/thedogist/p/BbUmDpyDAfC/,https://www.instagram.com/p/BbUmDpyDAfC/,2026-06-19T22:26:39.784Z,343,70
3925,BbTCRb7jy0h,p,https://www.instagram.com/thedogist/p/BbTCRb7jy0h/,https://www.instagram.com/p/BbTCRb7jy0h/,2026-06-19T22:26:41.508Z,344,61
3926,BbSsdQ6DeQh,p,https://www.instagram.com/thedogist/p/BbSsdQ6DeQh/,https://www.instagram.com/p/BbSsdQ6DeQh/,2026-06-19T22:26:41.508Z,344,62
3927,BbR-XVIDmsK,p,https://www.instagram.com/thedogist/p/BbR-XVIDmsK/,https://www.instagram.com/p/BbR-XVIDmsK/,2026-06-19T22:26:41.508Z,344,63
3928,BbPV6RFDSJA,p,https://www.instagram.com/thedogist/p/BbPV6RFDSJA/,https://www.instagram.com/p/BbPV6RFDSJA/,2026-06-19T22:26:41.509Z,344,64
3929,BbNpEL9jGuN,p,https://www.instagram.com/thedogist/p/BbNpEL9jGuN/,https://www.instagram.com/p/BbNpEL9jGuN/,2026-06-19T22:26:41.509Z,344,65
3930,BbNflnKjwqJ,p,https://www.instagram.com/thedogist/p/BbNflnKjwqJ/,https://www.instagram.com/p/BbNflnKjwqJ/,2026-06-19T22:26:41.509Z,344,66
3931,BbMuRz5j6CT,p,https://www.instagram.com/thedogist/p/BbMuRz5j6CT/,https://www.instagram.com/p/BbMuRz5j6CT/,2026-06-19T22:26:41.509Z,344,67
3932,BbLZBsbDIhA,p,https://www.instagram.com/thedogist/p/BbLZBsbDIhA/,https://www.instagram.com/p/BbLZBsbDIhA/,2026-06-19T22:26:41.510Z,344,68
3933,BbKp2t1Dtr4,p,https://www.instagram.com/thedogist/p/BbKp2t1Dtr4/,https://www.instagram.com/p/BbKp2t1Dtr4/,2026-06-19T22:26:41.510Z,344,69
3934,BbKRWyTjkV5,p,https://www.instagram.com/thedogist/p/BbKRWyTjkV5/,https://www.instagram.com/p/BbKRWyTjkV5/,2026-06-19T22:26:41.510Z,344,70
3935,BbIh_SyDrZl,p,https://www.instagram.com/thedogist/p/BbIh_SyDrZl/,https://www.instagram.com/p/BbIh_SyDrZl/,2026-06-19T22:26:41.510Z,344,71
3936,BbH2b1cDob7,p,https://www.instagram.com/thedogist/p/BbH2b1cDob7/,https://www.instagram.com/p/BbH2b1cDob7/,2026-06-19T22:26:41.510Z,344,72
3937,BbF9F9DDksu,p,https://www.instagram.com/thedogist/p/BbF9F9DDksu/,https://www.instagram.com/p/BbF9F9DDksu/,2026-06-19T22:26:43.190Z,345,58
3938,BbFStvijyZw,p,https://www.instagram.com/thedogist/p/BbFStvijyZw/,https://www.instagram.com/p/BbFStvijyZw/,2026-06-19T22:26:43.191Z,345,59
3939,BbDXcfVjBoV,p,https://www.instagram.com/thedogist/p/BbDXcfVjBoV/,https://www.instagram.com/p/BbDXcfVjBoV/,2026-06-19T22:26:43.191Z,345,60
3940,BbC25V3DIo2,p,https://www.instagram.com/thedogist/p/BbC25V3DIo2/,https://www.instagram.com/p/BbC25V3DIo2/,2026-06-19T22:26:43.192Z,345,61
3941,BbCVmcCDP76,p,https://www.instagram.com/thedogist/p/BbCVmcCDP76/,https://www.instagram.com/p/BbCVmcCDP76/,2026-06-19T22:26:43.192Z,345,62
3942,BbA5CsWjjc7,p,https://www.instagram.com/thedogist/p/BbA5CsWjjc7/,https://www.instagram.com/p/BbA5CsWjjc7/,2026-06-19T22:26:43.192Z,345,63
3943,BbAnsyvDFNt,p,https://www.instagram.com/thedogist/p/BbAnsyvDFNt/,https://www.instagram.com/p/BbAnsyvDFNt/,2026-06-19T22:26:43.192Z,345,64
3944,Ba_2GT9DBXr,p,https://www.instagram.com/thedogist/p/Ba_2GT9DBXr/,https://www.instagram.com/p/Ba_2GT9DBXr/,2026-06-19T22:26:43.193Z,345,65
3945,Ba-C-roj2Hr,p,https://www.instagram.com/thedogist/p/Ba-C-roj2Hr/,https://www.instagram.com/p/Ba-C-roj2Hr/,2026-06-19T22:26:43.193Z,345,66
3946,Ba9fIKfDuqv,p,https://www.instagram.com/thedogist/p/Ba9fIKfDuqv/,https://www.instagram.com/p/Ba9fIKfDuqv/,2026-06-19T22:26:43.193Z,345,67
3947,Ba7nTCxD48R,p,https://www.instagram.com/thedogist/p/Ba7nTCxD48R/,https://www.instagram.com/p/Ba7nTCxD48R/,2026-06-19T22:26:43.193Z,345,68
3948,Ba7Qo_bjQ_v,p,https://www.instagram.com/thedogist/p/Ba7Qo_bjQ_v/,https://www.instagram.com/p/Ba7Qo_bjQ_v/,2026-06-19T22:26:43.194Z,345,69
3949,Ba64aOPjTZ5,p,https://www.instagram.com/thedogist/p/Ba64aOPjTZ5/,https://www.instagram.com/p/Ba64aOPjTZ5/,2026-06-19T22:26:44.880Z,346,60
3950,Ba5DZqODs2t,p,https://www.instagram.com/thedogist/p/Ba5DZqODs2t/,https://www.instagram.com/p/Ba5DZqODs2t/,2026-06-19T22:26:44.880Z,346,61
3951,Ba4pkZojs1M,p,https://www.instagram.com/thedogist/p/Ba4pkZojs1M/,https://www.instagram.com/p/Ba4pkZojs1M/,2026-06-19T22:26:44.880Z,346,62
3952,Ba4TnVsDWN2,p,https://www.instagram.com/thedogist/p/Ba4TnVsDWN2/,https://www.instagram.com/p/Ba4TnVsDWN2/,2026-06-19T22:26:44.880Z,346,63
3953,Ba4B4qsjGdU,p,https://www.instagram.com/thedogist/p/Ba4B4qsjGdU/,https://www.instagram.com/p/Ba4B4qsjGdU/,2026-06-19T22:26:44.881Z,346,64
3954,Ba2mf1IDI-V,p,https://www.instagram.com/thedogist/p/Ba2mf1IDI-V/,https://www.instagram.com/p/Ba2mf1IDI-V/,2026-06-19T22:26:44.881Z,346,65
3955,Ba2XNnUDX_m,p,https://www.instagram.com/thedogist/p/Ba2XNnUDX_m/,https://www.instagram.com/p/Ba2XNnUDX_m/,2026-06-19T22:26:44.881Z,346,66
3956,Ba1jOUoD2T7,p,https://www.instagram.com/thedogist/p/Ba1jOUoD2T7/,https://www.instagram.com/p/Ba1jOUoD2T7/,2026-06-19T22:26:44.881Z,346,67
3957,Ba0Ij7JDEc1,p,https://www.instagram.com/thedogist/p/Ba0Ij7JDEc1/,https://www.instagram.com/p/Ba0Ij7JDEc1/,2026-06-19T22:26:44.881Z,346,68
3958,BazdMP7jnQM,p,https://www.instagram.com/thedogist/p/BazdMP7jnQM/,https://www.instagram.com/p/BazdMP7jnQM/,2026-06-19T22:26:44.882Z,346,69
3959,BazDSOljYgE,p,https://www.instagram.com/thedogist/p/BazDSOljYgE/,https://www.instagram.com/p/BazDSOljYgE/,2026-06-19T22:26:44.882Z,346,70
3960,Baxf0v9DDdz,p,https://www.instagram.com/thedogist/p/Baxf0v9DDdz/,https://www.instagram.com/p/Baxf0v9DDdz/,2026-06-19T22:26:44.882Z,346,71
3961,BaxBAlRj0VY,p,https://www.instagram.com/thedogist/p/BaxBAlRj0VY/,https://www.instagram.com/p/BaxBAlRj0VY/,2026-06-19T22:26:46.562Z,347,62
3962,BawlJ68Diwn,p,https://www.instagram.com/thedogist/p/BawlJ68Diwn/,https://www.instagram.com/p/BawlJ68Diwn/,2026-06-19T22:26:46.562Z,347,63
3963,BavJVE9DIXq,p,https://www.instagram.com/thedogist/p/BavJVE9DIXq/,https://www.instagram.com/p/BavJVE9DIXq/,2026-06-19T22:26:46.562Z,347,64
3964,BauMsFCDhrx,p,https://www.instagram.com/thedogist/p/BauMsFCDhrx/,https://www.instagram.com/p/BauMsFCDhrx/,2026-06-19T22:26:46.563Z,347,65
3965,BasSF6LD2OQ,p,https://www.instagram.com/thedogist/p/BasSF6LD2OQ/,https://www.instagram.com/p/BasSF6LD2OQ/,2026-06-19T22:26:46.563Z,347,66
3966,Bar3frAD5IR,p,https://www.instagram.com/thedogist/p/Bar3frAD5IR/,https://www.instagram.com/p/Bar3frAD5IR/,2026-06-19T22:26:46.563Z,347,67
3967,BarK4aeDlyp,p,https://www.instagram.com/thedogist/p/BarK4aeDlyp/,https://www.instagram.com/p/BarK4aeDlyp/,2026-06-19T22:26:46.563Z,347,68
3968,Bap1v_DDSeh,p,https://www.instagram.com/thedogist/p/Bap1v_DDSeh/,https://www.instagram.com/p/Bap1v_DDSeh/,2026-06-19T22:26:46.564Z,347,69
3969,BapEUKojvsC,p,https://www.instagram.com/thedogist/p/BapEUKojvsC/,https://www.instagram.com/p/BapEUKojvsC/,2026-06-19T22:26:46.564Z,347,70
3970,Baovm9Fjv7o,p,https://www.instagram.com/thedogist/p/Baovm9Fjv7o/,https://www.instagram.com/p/Baovm9Fjv7o/,2026-06-19T22:26:46.564Z,347,71
3971,BanI-cZj-is,p,https://www.instagram.com/thedogist/p/BanI-cZj-is/,https://www.instagram.com/p/BanI-cZj-is/,2026-06-19T22:26:46.564Z,347,72
3972,Bam4RFujMmE,p,https://www.instagram.com/thedogist/p/Bam4RFujMmE/,https://www.instagram.com/p/Bam4RFujMmE/,2026-06-19T22:26:46.565Z,347,73
3973,BammQngjFiZ,p,https://www.instagram.com/thedogist/p/BammQngjFiZ/,https://www.instagram.com/p/BammQngjFiZ/,2026-06-19T22:26:48.703Z,348,59
3974,BamP89QjTkE,p,https://www.instagram.com/thedogist/p/BamP89QjTkE/,https://www.instagram.com/p/BamP89QjTkE/,2026-06-19T22:26:48.703Z,348,60
3975,BakkVYFj6cU,p,https://www.instagram.com/thedogist/p/BakkVYFj6cU/,https://www.instagram.com/p/BakkVYFj6cU/,2026-06-19T22:26:48.704Z,348,61
3976,BakHU6NjxOf,p,https://www.instagram.com/thedogist/p/BakHU6NjxOf/,https://www.instagram.com/p/BakHU6NjxOf/,2026-06-19T22:26:48.704Z,348,62
3977,BajlejMDHUC,p,https://www.instagram.com/thedogist/p/BajlejMDHUC/,https://www.instagram.com/p/BajlejMDHUC/,2026-06-19T22:26:48.704Z,348,63
3978,Bah2m6Uj_Fi,p,https://www.instagram.com/thedogist/p/Bah2m6Uj_Fi/,https://www.instagram.com/p/Bah2m6Uj_Fi/,2026-06-19T22:26:48.704Z,348,64
3979,BahGdXnj8bg,p,https://www.instagram.com/thedogist/p/BahGdXnj8bg/,https://www.instagram.com/p/BahGdXnj8bg/,2026-06-19T22:26:48.705Z,348,65
3980,BahBYpVj6_Q,p,https://www.instagram.com/thedogist/p/BahBYpVj6_Q/,https://www.instagram.com/p/BahBYpVj6_Q/,2026-06-19T22:26:48.705Z,348,66
3981,BafVkK3Dbx6,p,https://www.instagram.com/thedogist/p/BafVkK3Dbx6/,https://www.instagram.com/p/BafVkK3Dbx6/,2026-06-19T22:26:48.705Z,348,67
3982,BafIXthDkww,p,https://www.instagram.com/thedogist/p/BafIXthDkww/,https://www.instagram.com/p/BafIXthDkww/,2026-06-19T22:26:48.705Z,348,68
3983,BaeQI5eHxV5,p,https://www.instagram.com/thedogist/p/BaeQI5eHxV5/,https://www.instagram.com/p/BaeQI5eHxV5/,2026-06-19T22:26:48.706Z,348,69
3984,Bac6-rinwuZ,p,https://www.instagram.com/thedogist/p/Bac6-rinwuZ/,https://www.instagram.com/p/Bac6-rinwuZ/,2026-06-19T22:26:48.706Z,348,70
3985,BacPAeYnsb6,p,https://www.instagram.com/thedogist/p/BacPAeYnsb6/,https://www.instagram.com/p/BacPAeYnsb6/,2026-06-19T22:26:52.096Z,350,61
3986,BabrQ08nxmn,p,https://www.instagram.com/thedogist/p/BabrQ08nxmn/,https://www.instagram.com/p/BabrQ08nxmn/,2026-06-19T22:26:52.098Z,350,62
3987,BaaU9SkHep4,p,https://www.instagram.com/thedogist/p/BaaU9SkHep4/,https://www.instagram.com/p/BaaU9SkHep4/,2026-06-19T22:26:52.099Z,350,63
3988,BaZU5GwnJTm,p,https://www.instagram.com/thedogist/p/BaZU5GwnJTm/,https://www.instagram.com/p/BaZU5GwnJTm/,2026-06-19T22:26:52.099Z,350,64
3989,BaXpubfnE0m,p,https://www.instagram.com/thedogist/p/BaXpubfnE0m/,https://www.instagram.com/p/BaXpubfnE0m/,2026-06-19T22:26:52.100Z,350,65
3990,BaXQDB6nGB4,p,https://www.instagram.com/thedogist/p/BaXQDB6nGB4/,https://www.instagram.com/p/BaXQDB6nGB4/,2026-06-19T22:26:52.100Z,350,66
3991,BaWjG3XHYao,p,https://www.instagram.com/thedogist/p/BaWjG3XHYao/,https://www.instagram.com/p/BaWjG3XHYao/,2026-06-19T22:26:52.101Z,350,67
3992,BaVAD76HaW7,p,https://www.instagram.com/thedogist/p/BaVAD76HaW7/,https://www.instagram.com/p/BaVAD76HaW7/,2026-06-19T22:26:52.101Z,350,68
3993,BaUzO53nOeh,p,https://www.instagram.com/thedogist/p/BaUzO53nOeh/,https://www.instagram.com/p/BaUzO53nOeh/,2026-06-19T22:26:52.102Z,350,69
3994,BaUJlohnx0Z,p,https://www.instagram.com/thedogist/p/BaUJlohnx0Z/,https://www.instagram.com/p/BaUJlohnx0Z/,2026-06-19T22:26:52.102Z,350,70
3995,BaSfdp1nJM2,p,https://www.instagram.com/thedogist/p/BaSfdp1nJM2/,https://www.instagram.com/p/BaSfdp1nJM2/,2026-06-19T22:26:52.103Z,350,71
3996,BaR4S1RHJDY,p,https://www.instagram.com/thedogist/p/BaR4S1RHJDY/,https://www.instagram.com/p/BaR4S1RHJDY/,2026-06-19T22:26:52.103Z,350,72
3997,BaRo0Sin_xt,p,https://www.instagram.com/thedogist/p/BaRo0Sin_xt/,https://www.instagram.com/p/BaRo0Sin_xt/,2026-06-19T22:26:53.858Z,351,58
3998,BaPz2s4HzM6,p,https://www.instagram.com/thedogist/p/BaPz2s4HzM6/,https://www.instagram.com/p/BaPz2s4HzM6/,2026-06-19T22:26:53.859Z,351,59
3999,BaO4xLAHMfK,p,https://www.instagram.com/thedogist/p/BaO4xLAHMfK/,https://www.instagram.com/p/BaO4xLAHMfK/,2026-06-19T22:26:53.859Z,351,60
4000,BaNKiyenuTH,p,https://www.instagram.com/thedogist/p/BaNKiyenuTH/,https://www.instagram.com/p/BaNKiyenuTH/,2026-06-19T22:26:53.859Z,351,61
4001,BaMcLpAHo4E,p,https://www.instagram.com/thedogist/p/BaMcLpAHo4E/,https://www.instagram.com/p/BaMcLpAHo4E/,2026-06-19T22:26:53.859Z,351,62
4002,BaKvD6cH3Yj,p,https://www.instagram.com/thedogist/p/BaKvD6cH3Yj/,https://www.instagram.com/p/BaKvD6cH3Yj/,2026-06-19T22:26:53.860Z,351,63
4003,BaKMhpAnFf-,p,https://www.instagram.com/thedogist/p/BaKMhpAnFf-/,https://www.instagram.com/p/BaKMhpAnFf-/,2026-06-19T22:26:53.860Z,351,64
4004,BaJ5UdDHqTs,p,https://www.instagram.com/thedogist/p/BaJ5UdDHqTs/,https://www.instagram.com/p/BaJ5UdDHqTs/,2026-06-19T22:26:53.860Z,351,65
4005,BaJuTvTHJO4,p,https://www.instagram.com/thedogist/p/BaJuTvTHJO4/,https://www.instagram.com/p/BaJuTvTHJO4/,2026-06-19T22:26:53.860Z,351,66
4006,BaIH4G1nwnE,p,https://www.instagram.com/thedogist/p/BaIH4G1nwnE/,https://www.instagram.com/p/BaIH4G1nwnE/,2026-06-19T22:26:53.860Z,351,67
4007,BaHaoHeHLE2,p,https://www.instagram.com/thedogist/p/BaHaoHeHLE2/,https://www.instagram.com/p/BaHaoHeHLE2/,2026-06-19T22:26:53.861Z,351,68
4008,BaFiN1PHsMV,p,https://www.instagram.com/thedogist/p/BaFiN1PHsMV/,https://www.instagram.com/p/BaFiN1PHsMV/,2026-06-19T22:26:53.861Z,351,69
4009,BaFGg9LHNKh,p,https://www.instagram.com/thedogist/p/BaFGg9LHNKh/,https://www.instagram.com/p/BaFGg9LHNKh/,2026-06-19T22:26:55.778Z,352,60
4010,BaC9Sa9ncLU,p,https://www.instagram.com/thedogist/p/BaC9Sa9ncLU/,https://www.instagram.com/p/BaC9Sa9ncLU/,2026-06-19T22:26:55.779Z,352,61
4011,BaCrZvfH149,p,https://www.instagram.com/thedogist/p/BaCrZvfH149/,https://www.instagram.com/p/BaCrZvfH149/,2026-06-19T22:26:55.780Z,352,62
4012,BaCP94Dn90j,p,https://www.instagram.com/thedogist/p/BaCP94Dn90j/,https://www.instagram.com/p/BaCP94Dn90j/,2026-06-19T22:26:55.780Z,352,63
4013,BaAsDuSnT-t,p,https://www.instagram.com/thedogist/p/BaAsDuSnT-t/,https://www.instagram.com/p/BaAsDuSnT-t/,2026-06-19T22:26:55.780Z,352,64
4014,BaAGR5QnYip,p,https://www.instagram.com/thedogist/p/BaAGR5QnYip/,https://www.instagram.com/p/BaAGR5QnYip/,2026-06-19T22:26:55.781Z,352,65
4015,BZ_lVEMnTE9,p,https://www.instagram.com/thedogist/p/BZ_lVEMnTE9/,https://www.instagram.com/p/BZ_lVEMnTE9/,2026-06-19T22:26:55.781Z,352,66
4016,BZ-CLLEHjP4,p,https://www.instagram.com/thedogist/p/BZ-CLLEHjP4/,https://www.instagram.com/p/BZ-CLLEHjP4/,2026-06-19T22:26:55.781Z,352,67
4017,BZ9nU4zHImc,p,https://www.instagram.com/thedogist/p/BZ9nU4zHImc/,https://www.instagram.com/p/BZ9nU4zHImc/,2026-06-19T22:26:55.781Z,352,68
4018,BZ9DnwjH-u2,p,https://www.instagram.com/thedogist/p/BZ9DnwjH-u2/,https://www.instagram.com/p/BZ9DnwjH-u2/,2026-06-19T22:26:55.781Z,352,69
4019,BZ7f6mOnlJK,p,https://www.instagram.com/thedogist/p/BZ7f6mOnlJK/,https://www.instagram.com/p/BZ7f6mOnlJK/,2026-06-19T22:26:55.782Z,352,70
4020,BZ6lYjEHJbZ,p,https://www.instagram.com/thedogist/p/BZ6lYjEHJbZ/,https://www.instagram.com/p/BZ6lYjEHJbZ/,2026-06-19T22:26:55.782Z,352,71
4021,BZ41rujnOon,p,https://www.instagram.com/thedogist/p/BZ41rujnOon/,https://www.instagram.com/p/BZ41rujnOon/,2026-06-19T22:26:57.569Z,353,62
4022,BZ4b3OMno8Q,p,https://www.instagram.com/thedogist/p/BZ4b3OMno8Q/,https://www.instagram.com/p/BZ4b3OMno8Q/,2026-06-19T22:26:57.569Z,353,63
4023,BZ31C-PHyoR,p,https://www.instagram.com/thedogist/p/BZ31C-PHyoR/,https://www.instagram.com/p/BZ31C-PHyoR/,2026-06-19T22:26:57.569Z,353,64
4024,BZ2GKwTnkfL,p,https://www.instagram.com/thedogist/p/BZ2GKwTnkfL/,https://www.instagram.com/p/BZ2GKwTnkfL/,2026-06-19T22:26:57.570Z,353,65
4025,BZ1r5l1nYye,p,https://www.instagram.com/thedogist/p/BZ1r5l1nYye/,https://www.instagram.com/p/BZ1r5l1nYye/,2026-06-19T22:26:57.570Z,353,66
4026,BZ1Oe9WHBwd,p,https://www.instagram.com/thedogist/p/BZ1Oe9WHBwd/,https://www.instagram.com/p/BZ1Oe9WHBwd/,2026-06-19T22:26:57.570Z,353,67
4027,BZyxlEiHMpc,p,https://www.instagram.com/thedogist/p/BZyxlEiHMpc/,https://www.instagram.com/p/BZyxlEiHMpc/,2026-06-19T22:26:57.570Z,353,68
4028,BZxMejTn5p5,p,https://www.instagram.com/thedogist/p/BZxMejTn5p5/,https://www.instagram.com/p/BZxMejTn5p5/,2026-06-19T22:26:57.571Z,353,69
4029,BZwuGqrHA2D,p,https://www.instagram.com/thedogist/p/BZwuGqrHA2D/,https://www.instagram.com/p/BZwuGqrHA2D/,2026-06-19T22:26:57.571Z,353,70
4030,BZwQkJinyBG,p,https://www.instagram.com/thedogist/p/BZwQkJinyBG/,https://www.instagram.com/p/BZwQkJinyBG/,2026-06-19T22:26:57.571Z,353,71
4031,BZuYyU-Hd01,p,https://www.instagram.com/thedogist/p/BZuYyU-Hd01/,https://www.instagram.com/p/BZuYyU-Hd01/,2026-06-19T22:26:57.571Z,353,72
4032,BZt_v1Dnnp-,p,https://www.instagram.com/thedogist/p/BZt_v1Dnnp-/,https://www.instagram.com/p/BZt_v1Dnnp-/,2026-06-19T22:26:57.571Z,353,73
4033,BZtetmwHZol,p,https://www.instagram.com/thedogist/p/BZtetmwHZol/,https://www.instagram.com/p/BZtetmwHZol/,2026-06-19T22:26:59.251Z,354,59
4034,BZsD1-wnpbY,p,https://www.instagram.com/thedogist/p/BZsD1-wnpbY/,https://www.instagram.com/p/BZsD1-wnpbY/,2026-06-19T22:26:59.252Z,354,60
4035,BZrfntXH1GC,p,https://www.instagram.com/thedogist/p/BZrfntXH1GC/,https://www.instagram.com/p/BZrfntXH1GC/,2026-06-19T22:26:59.252Z,354,61
4036,BZq2fZFnDhh,p,https://www.instagram.com/thedogist/p/BZq2fZFnDhh/,https://www.instagram.com/p/BZq2fZFnDhh/,2026-06-19T22:26:59.252Z,354,62
4037,BZo8kbnHxwf,p,https://www.instagram.com/thedogist/p/BZo8kbnHxwf/,https://www.instagram.com/p/BZo8kbnHxwf/,2026-06-19T22:26:59.252Z,354,63
4038,BZoRRM8HUB2,p,https://www.instagram.com/thedogist/p/BZoRRM8HUB2/,https://www.instagram.com/p/BZoRRM8HUB2/,2026-06-19T22:26:59.253Z,354,64
4039,BZm9UO8HnJF,p,https://www.instagram.com/thedogist/p/BZm9UO8HnJF/,https://www.instagram.com/p/BZm9UO8HnJF/,2026-06-19T22:26:59.253Z,354,65
4040,BZmn7eoHMui,p,https://www.instagram.com/thedogist/p/BZmn7eoHMui/,https://www.instagram.com/p/BZmn7eoHMui/,2026-06-19T22:26:59.253Z,354,66
4041,BZlxstLn2If,p,https://www.instagram.com/thedogist/p/BZlxstLn2If/,https://www.instagram.com/p/BZlxstLn2If/,2026-06-19T22:26:59.253Z,354,67
4042,BZkSrBin9DT,p,https://www.instagram.com/thedogist/p/BZkSrBin9DT/,https://www.instagram.com/p/BZkSrBin9DT/,2026-06-19T22:26:59.254Z,354,68
4043,BZjYgLInBhd,p,https://www.instagram.com/thedogist/p/BZjYgLInBhd/,https://www.instagram.com/p/BZjYgLInBhd/,2026-06-19T22:26:59.254Z,354,69
4044,BZhoDzDHliX,p,https://www.instagram.com/thedogist/p/BZhoDzDHliX/,https://www.instagram.com/p/BZhoDzDHliX/,2026-06-19T22:26:59.254Z,354,70
4045,BZhLL2GHpg0,p,https://www.instagram.com/thedogist/p/BZhLL2GHpg0/,https://www.instagram.com/p/BZhLL2GHpg0/,2026-06-19T22:27:01.000Z,355,61
4046,BZgiq_uHyBQ,p,https://www.instagram.com/thedogist/p/BZgiq_uHyBQ/,https://www.instagram.com/p/BZgiq_uHyBQ/,2026-06-19T22:27:01.001Z,355,62
4047,BZeqNPHnNJP,p,https://www.instagram.com/thedogist/p/BZeqNPHnNJP/,https://www.instagram.com/p/BZeqNPHnNJP/,2026-06-19T22:27:01.001Z,355,63
4048,BZeHUZ2Hxyi,p,https://www.instagram.com/thedogist/p/BZeHUZ2Hxyi/,https://www.instagram.com/p/BZeHUZ2Hxyi/,2026-06-19T22:27:01.001Z,355,64
4049,BZcd_AgnSmQ,p,https://www.instagram.com/thedogist/p/BZcd_AgnSmQ/,https://www.instagram.com/p/BZcd_AgnSmQ/,2026-06-19T22:27:01.001Z,355,65
4050,BZcEoJUHK6-,p,https://www.instagram.com/thedogist/p/BZcEoJUHK6-/,https://www.instagram.com/p/BZcEoJUHK6-/,2026-06-19T22:27:01.002Z,355,66
4051,BZbmNHynfl-,p,https://www.instagram.com/thedogist/p/BZbmNHynfl-/,https://www.instagram.com/p/BZbmNHynfl-/,2026-06-19T22:27:01.002Z,355,67
4052,BZZ2CVeH-pP,p,https://www.instagram.com/thedogist/p/BZZ2CVeH-pP/,https://www.instagram.com/p/BZZ2CVeH-pP/,2026-06-19T22:27:01.002Z,355,68
4053,BZZeIrnHte_,p,https://www.instagram.com/thedogist/p/BZZeIrnHte_/,https://www.instagram.com/p/BZZeIrnHte_/,2026-06-19T22:27:01.002Z,355,69
4054,BZYxQ5Dn0r-,p,https://www.instagram.com/thedogist/p/BZYxQ5Dn0r-/,https://www.instagram.com/p/BZYxQ5Dn0r-/,2026-06-19T22:27:01.003Z,355,70
4055,BZXX4_3H_12,p,https://www.instagram.com/thedogist/p/BZXX4_3H_12/,https://www.instagram.com/p/BZXX4_3H_12/,2026-06-19T22:27:01.003Z,355,71
4056,BZWqcCxHjkK,p,https://www.instagram.com/thedogist/p/BZWqcCxHjkK/,https://www.instagram.com/p/BZWqcCxHjkK/,2026-06-19T22:27:01.003Z,355,72
4057,BZWT9cmnPSc,p,https://www.instagram.com/thedogist/p/BZWT9cmnPSc/,https://www.instagram.com/p/BZWT9cmnPSc/,2026-06-19T22:27:02.684Z,356,58
4058,BZUpFK9HXps,p,https://www.instagram.com/thedogist/p/BZUpFK9HXps/,https://www.instagram.com/p/BZUpFK9HXps/,2026-06-19T22:27:02.685Z,356,59
4059,BZUQ91JnHol,p,https://www.instagram.com/thedogist/p/BZUQ91JnHol/,https://www.instagram.com/p/BZUQ91JnHol/,2026-06-19T22:27:02.685Z,356,60
4060,BZT1A6vH3Zw,p,https://www.instagram.com/thedogist/p/BZT1A6vH3Zw/,https://www.instagram.com/p/BZT1A6vH3Zw/,2026-06-19T22:27:02.685Z,356,61
4061,BZSCczxH7df,p,https://www.instagram.com/thedogist/p/BZSCczxH7df/,https://www.instagram.com/p/BZSCczxH7df/,2026-06-19T22:27:02.686Z,356,62
4062,BZRkchwnRtx,p,https://www.instagram.com/thedogist/p/BZRkchwnRtx/,https://www.instagram.com/p/BZRkchwnRtx/,2026-06-19T22:27:02.686Z,356,63
4063,BZQ-FTyn-uT,p,https://www.instagram.com/thedogist/p/BZQ-FTyn-uT/,https://www.instagram.com/p/BZQ-FTyn-uT/,2026-06-19T22:27:02.686Z,356,64
4064,BZPk1zHHlHD,p,https://www.instagram.com/thedogist/p/BZPk1zHHlHD/,https://www.instagram.com/p/BZPk1zHHlHD/,2026-06-19T22:27:02.686Z,356,65
4065,BZPPtE8H-L0,p,https://www.instagram.com/thedogist/p/BZPPtE8H-L0/,https://www.instagram.com/p/BZPPtE8H-L0/,2026-06-19T22:27:02.687Z,356,66
4066,BZO98Z-HrWp,p,https://www.instagram.com/thedogist/p/BZO98Z-HrWp/,https://www.instagram.com/p/BZO98Z-HrWp/,2026-06-19T22:27:02.687Z,356,67
4067,BZMs9aqn3m2,p,https://www.instagram.com/thedogist/p/BZMs9aqn3m2/,https://www.instagram.com/p/BZMs9aqn3m2/,2026-06-19T22:27:02.687Z,356,68
4068,BZMD54cn5Rg,p,https://www.instagram.com/thedogist/p/BZMD54cn5Rg/,https://www.instagram.com/p/BZMD54cn5Rg/,2026-06-19T22:27:02.687Z,356,69
4069,BZKMEH5HeBj,p,https://www.instagram.com/thedogist/p/BZKMEH5HeBj/,https://www.instagram.com/p/BZKMEH5HeBj/,2026-06-19T22:27:04.379Z,357,60
4070,BZJmbiUHy3D,p,https://www.instagram.com/thedogist/p/BZJmbiUHy3D/,https://www.instagram.com/p/BZJmbiUHy3D/,2026-06-19T22:27:04.380Z,357,61
4071,BZHovkgHOlS,p,https://www.instagram.com/thedogist/p/BZHovkgHOlS/,https://www.instagram.com/p/BZHovkgHOlS/,2026-06-19T22:27:04.380Z,357,62
4072,BZGtCFTnoII,p,https://www.instagram.com/thedogist/p/BZGtCFTnoII/,https://www.instagram.com/p/BZGtCFTnoII/,2026-06-19T22:27:04.380Z,357,63
4073,BZE-GmcnJJa,p,https://www.instagram.com/thedogist/p/BZE-GmcnJJa/,https://www.instagram.com/p/BZE-GmcnJJa/,2026-06-19T22:27:04.381Z,357,64
4074,BZEYCAOH0xQ,p,https://www.instagram.com/thedogist/p/BZEYCAOH0xQ/,https://www.instagram.com/p/BZEYCAOH0xQ/,2026-06-19T22:27:04.381Z,357,65
4075,BZCzeXfntKy,p,https://www.instagram.com/thedogist/p/BZCzeXfntKy/,https://www.instagram.com/p/BZCzeXfntKy/,2026-06-19T22:27:04.381Z,357,66
4076,BZCTd7BnFHd,p,https://www.instagram.com/thedogist/p/BZCTd7BnFHd/,https://www.instagram.com/p/BZCTd7BnFHd/,2026-06-19T22:27:04.381Z,357,67
4077,BZBsNPgnVge,p,https://www.instagram.com/thedogist/p/BZBsNPgnVge/,https://www.instagram.com/p/BZBsNPgnVge/,2026-06-19T22:27:04.381Z,357,68
4078,BZAC7fQndUp,p,https://www.instagram.com/thedogist/p/BZAC7fQndUp/,https://www.instagram.com/p/BZAC7fQndUp/,2026-06-19T22:27:04.382Z,357,69
4079,BY_odCqn8_N,p,https://www.instagram.com/thedogist/p/BY_odCqn8_N/,https://www.instagram.com/p/BY_odCqn8_N/,2026-06-19T22:27:04.382Z,357,70
4080,BY_IunZHJI0,p,https://www.instagram.com/thedogist/p/BY_IunZHJI0/,https://www.instagram.com/p/BY_IunZHJI0/,2026-06-19T22:27:04.382Z,357,71
4081,BY9Yb3VnXNV,p,https://www.instagram.com/thedogist/p/BY9Yb3VnXNV/,https://www.instagram.com/p/BY9Yb3VnXNV/,2026-06-19T22:27:06.061Z,358,62
4082,BY8vZZCHpru,p,https://www.instagram.com/thedogist/p/BY8vZZCHpru/,https://www.instagram.com/p/BY8vZZCHpru/,2026-06-19T22:27:06.062Z,358,63
4083,BY6q959HD3q,p,https://www.instagram.com/thedogist/p/BY6q959HD3q/,https://www.instagram.com/p/BY6q959HD3q/,2026-06-19T22:27:06.062Z,358,64
4084,BY52BbenVjB,p,https://www.instagram.com/thedogist/p/BY52BbenVjB/,https://www.instagram.com/p/BY52BbenVjB/,2026-06-19T22:27:06.062Z,358,65
4085,BY4gMwwnYrG,p,https://www.instagram.com/thedogist/p/BY4gMwwnYrG/,https://www.instagram.com/p/BY4gMwwnYrG/,2026-06-19T22:27:06.063Z,358,66
4086,BY3_6Qmn_aB,p,https://www.instagram.com/thedogist/p/BY3_6Qmn_aB/,https://www.instagram.com/p/BY3_6Qmn_aB/,2026-06-19T22:27:06.063Z,358,67
4087,BY3mgjonqyo,p,https://www.instagram.com/thedogist/p/BY3mgjonqyo/,https://www.instagram.com/p/BY3mgjonqyo/,2026-06-19T22:27:06.063Z,358,68
4088,BY191AXnXBw,p,https://www.instagram.com/thedogist/p/BY191AXnXBw/,https://www.instagram.com/p/BY191AXnXBw/,2026-06-19T22:27:06.063Z,358,69
4089,BY1qUrcnJYv,p,https://www.instagram.com/thedogist/p/BY1qUrcnJYv/,https://www.instagram.com/p/BY1qUrcnJYv/,2026-06-19T22:27:06.063Z,358,70
4090,BY03Yi8nphI,p,https://www.instagram.com/thedogist/p/BY03Yi8nphI/,https://www.instagram.com/p/BY03Yi8nphI/,2026-06-19T22:27:06.064Z,358,71
4091,BYzCoCzH8Zb,p,https://www.instagram.com/thedogist/p/BYzCoCzH8Zb/,https://www.instagram.com/p/BYzCoCzH8Zb/,2026-06-19T22:27:06.064Z,358,72
4092,BYySYOhHtVz,p,https://www.instagram.com/thedogist/p/BYySYOhHtVz/,https://www.instagram.com/p/BYySYOhHtVz/,2026-06-19T22:27:06.064Z,358,73
4093,BYwNuHMHa82,p,https://www.instagram.com/thedogist/p/BYwNuHMHa82/,https://www.instagram.com/p/BYwNuHMHa82/,2026-06-19T22:27:07.767Z,359,59
4094,BYv2YQ4HG02,p,https://www.instagram.com/thedogist/p/BYv2YQ4HG02/,https://www.instagram.com/p/BYv2YQ4HG02/,2026-06-19T22:27:07.767Z,359,60
4095,BYuLXaQnceW,p,https://www.instagram.com/thedogist/p/BYuLXaQnceW/,https://www.instagram.com/p/BYuLXaQnceW/,2026-06-19T22:27:07.767Z,359,61
4096,BYtp-xkHQ7J,p,https://www.instagram.com/thedogist/p/BYtp-xkHQ7J/,https://www.instagram.com/p/BYtp-xkHQ7J/,2026-06-19T22:27:07.768Z,359,62
4097,BYtK2JNnIP9,p,https://www.instagram.com/thedogist/p/BYtK2JNnIP9/,https://www.instagram.com/p/BYtK2JNnIP9/,2026-06-19T22:27:07.768Z,359,63
4098,BYrlPtVn_jd,p,https://www.instagram.com/thedogist/p/BYrlPtVn_jd/,https://www.instagram.com/p/BYrlPtVn_jd/,2026-06-19T22:27:07.768Z,359,64
4099,BYq1yMXnSor,p,https://www.instagram.com/thedogist/p/BYq1yMXnSor/,https://www.instagram.com/p/BYq1yMXnSor/,2026-06-19T22:27:07.768Z,359,65
4100,BYqgdjyHJXQ,p,https://www.instagram.com/thedogist/p/BYqgdjyHJXQ/,https://www.instagram.com/p/BYqgdjyHJXQ/,2026-06-19T22:27:07.769Z,359,66
4101,BYo9v1WnkKH,p,https://www.instagram.com/thedogist/p/BYo9v1WnkKH/,https://www.instagram.com/p/BYo9v1WnkKH/,2026-06-19T22:27:07.769Z,359,67
4102,BYoayI0HvHk,p,https://www.instagram.com/thedogist/p/BYoayI0HvHk/,https://www.instagram.com/p/BYoayI0HvHk/,2026-06-19T22:27:07.769Z,359,68
4103,BYn_HKSHaoC,p,https://www.instagram.com/thedogist/p/BYn_HKSHaoC/,https://www.instagram.com/p/BYn_HKSHaoC/,2026-06-19T22:27:07.769Z,359,69
4104,BYmRYnbn-Y7,p,https://www.instagram.com/thedogist/p/BYmRYnbn-Y7/,https://www.instagram.com/p/BYmRYnbn-Y7/,2026-06-19T22:27:07.769Z,359,70
4105,BYl71y5H3Vo,p,https://www.instagram.com/thedogist/p/BYl71y5H3Vo/,https://www.instagram.com/p/BYl71y5H3Vo/,2026-06-19T22:27:09.451Z,360,61
4106,BYlZnZUnuDs,p,https://www.instagram.com/thedogist/p/BYlZnZUnuDs/,https://www.instagram.com/p/BYlZnZUnuDs/,2026-06-19T22:27:09.452Z,360,62
4107,BYjxjI5HeO4,p,https://www.instagram.com/thedogist/p/BYjxjI5HeO4/,https://www.instagram.com/p/BYjxjI5HeO4/,2026-06-19T22:27:09.452Z,360,63
4108,BYjQbnZnA4A,p,https://www.instagram.com/thedogist/p/BYjQbnZnA4A/,https://www.instagram.com/p/BYjQbnZnA4A/,2026-06-19T22:27:09.453Z,360,64
4109,BYipZnDH5HX,p,https://www.instagram.com/thedogist/p/BYipZnDH5HX/,https://www.instagram.com/p/BYipZnDH5HX/,2026-06-19T22:27:09.453Z,360,65
4110,BYhH0yqnVyP,p,https://www.instagram.com/thedogist/p/BYhH0yqnVyP/,https://www.instagram.com/p/BYhH0yqnVyP/,2026-06-19T22:27:09.453Z,360,66
4111,BYglXSbHrwn,p,https://www.instagram.com/thedogist/p/BYglXSbHrwn/,https://www.instagram.com/p/BYglXSbHrwn/,2026-06-19T22:27:09.453Z,360,67
4112,BYgK_wznHML,p,https://www.instagram.com/thedogist/p/BYgK_wznHML/,https://www.instagram.com/p/BYgK_wznHML/,2026-06-19T22:27:09.454Z,360,68
4113,BYe2FokHVRI,p,https://www.instagram.com/thedogist/p/BYe2FokHVRI/,https://www.instagram.com/p/BYe2FokHVRI/,2026-06-19T22:27:09.454Z,360,69
4114,BYebGU6lTDe,p,https://www.instagram.com/thedogist/p/BYebGU6lTDe/,https://www.instagram.com/p/BYebGU6lTDe/,2026-06-19T22:27:09.454Z,360,70
4115,BYdmVJJnODq,p,https://www.instagram.com/thedogist/p/BYdmVJJnODq/,https://www.instagram.com/p/BYdmVJJnODq/,2026-06-19T22:27:09.454Z,360,71
4116,BYcWdxuH7KU,p,https://www.instagram.com/thedogist/p/BYcWdxuH7KU/,https://www.instagram.com/p/BYcWdxuH7KU/,2026-06-19T22:27:09.455Z,360,72
4117,BYbb52BHiSK,p,https://www.instagram.com/thedogist/p/BYbb52BHiSK/,https://www.instagram.com/p/BYbb52BHiSK/,2026-06-19T22:27:11.260Z,361,58
4118,BYbDDl6H2gk,p,https://www.instagram.com/thedogist/p/BYbDDl6H2gk/,https://www.instagram.com/p/BYbDDl6H2gk/,2026-06-19T22:27:11.261Z,361,59
4119,BYZe8JDHaMR,p,https://www.instagram.com/thedogist/p/BYZe8JDHaMR/,https://www.instagram.com/p/BYZe8JDHaMR/,2026-06-19T22:27:11.261Z,361,60
4120,BYZCIPpnbp5,p,https://www.instagram.com/thedogist/p/BYZCIPpnbp5/,https://www.instagram.com/p/BYZCIPpnbp5/,2026-06-19T22:27:11.261Z,361,61
4121,BYYwecGnOgt,p,https://www.instagram.com/thedogist/p/BYYwecGnOgt/,https://www.instagram.com/p/BYYwecGnOgt/,2026-06-19T22:27:11.262Z,361,62
4122,BYYepKWHUgh,p,https://www.instagram.com/thedogist/p/BYYepKWHUgh/,https://www.instagram.com/p/BYYepKWHUgh/,2026-06-19T22:27:11.262Z,361,63
4123,BYXC_WSHL6W,p,https://www.instagram.com/thedogist/p/BYXC_WSHL6W/,https://www.instagram.com/p/BYXC_WSHL6W/,2026-06-19T22:27:11.262Z,361,64
4124,BYWkKlwHh9l,p,https://www.instagram.com/thedogist/p/BYWkKlwHh9l/,https://www.instagram.com/p/BYWkKlwHh9l/,2026-06-19T22:27:11.262Z,361,65
4125,BYV9it-Hh9t,p,https://www.instagram.com/thedogist/p/BYV9it-Hh9t/,https://www.instagram.com/p/BYV9it-Hh9t/,2026-06-19T22:27:11.263Z,361,66
4126,BYUrfj1HiS0,p,https://www.instagram.com/thedogist/p/BYUrfj1HiS0/,https://www.instagram.com/p/BYUrfj1HiS0/,2026-06-19T22:27:11.263Z,361,67
4127,BYUL1mpH6Aw,p,https://www.instagram.com/thedogist/p/BYUL1mpH6Aw/,https://www.instagram.com/p/BYUL1mpH6Aw/,2026-06-19T22:27:11.263Z,361,68
4128,BYTo8QkHtF9,p,https://www.instagram.com/thedogist/p/BYTo8QkHtF9/,https://www.instagram.com/p/BYTo8QkHtF9/,2026-06-19T22:27:11.263Z,361,69
4129,BYR9U66nQmK,p,https://www.instagram.com/thedogist/p/BYR9U66nQmK/,https://www.instagram.com/p/BYR9U66nQmK/,2026-06-19T22:27:13.000Z,362,60
4130,BYRrE5Gn5Xd,p,https://www.instagram.com/thedogist/p/BYRrE5Gn5Xd/,https://www.instagram.com/p/BYRrE5Gn5Xd/,2026-06-19T22:27:13.001Z,362,61
4131,BYRRuiJnCgP,p,https://www.instagram.com/thedogist/p/BYRRuiJnCgP/,https://www.instagram.com/p/BYRRuiJnCgP/,2026-06-19T22:27:13.001Z,362,62
4132,BYQ3ZRbHHc_,p,https://www.instagram.com/thedogist/p/BYQ3ZRbHHc_/,https://www.instagram.com/p/BYQ3ZRbHHc_/,2026-06-19T22:27:13.002Z,362,63
4133,BYPGQ2tH8k9,p,https://www.instagram.com/thedogist/p/BYPGQ2tH8k9/,https://www.instagram.com/p/BYPGQ2tH8k9/,2026-06-19T22:27:13.002Z,362,64
4134,BYOOAusnTiv,p,https://www.instagram.com/thedogist/p/BYOOAusnTiv/,https://www.instagram.com/p/BYOOAusnTiv/,2026-06-19T22:27:13.002Z,362,65
4135,BYMe6ksn7DA,p,https://www.instagram.com/thedogist/p/BYMe6ksn7DA/,https://www.instagram.com/p/BYMe6ksn7DA/,2026-06-19T22:27:13.002Z,362,66
4136,BYL3Pr6nCie,p,https://www.instagram.com/thedogist/p/BYL3Pr6nCie/,https://www.instagram.com/p/BYL3Pr6nCie/,2026-06-19T22:27:13.003Z,362,67
4137,BYLelxUnyGe,p,https://www.instagram.com/thedogist/p/BYLelxUnyGe/,https://www.instagram.com/p/BYLelxUnyGe/,2026-06-19T22:27:13.003Z,362,68
4138,BYKbSC6HTrX,p,https://www.instagram.com/thedogist/p/BYKbSC6HTrX/,https://www.instagram.com/p/BYKbSC6HTrX/,2026-06-19T22:27:13.003Z,362,69
4139,BYJ64XUFM5H,p,https://www.instagram.com/thedogist/p/BYJ64XUFM5H/,https://www.instagram.com/p/BYJ64XUFM5H/,2026-06-19T22:27:13.003Z,362,70
4140,BYJrgcil-jm,p,https://www.instagram.com/thedogist/p/BYJrgcil-jm/,https://www.instagram.com/p/BYJrgcil-jm/,2026-06-19T22:27:13.004Z,362,71
4141,BYJKALknG08,p,https://www.instagram.com/thedogist/p/BYJKALknG08/,https://www.instagram.com/p/BYJKALknG08/,2026-06-19T22:27:14.684Z,363,62
4142,BYHjCFmnA5l,p,https://www.instagram.com/thedogist/p/BYHjCFmnA5l/,https://www.instagram.com/p/BYHjCFmnA5l/,2026-06-19T22:27:14.685Z,363,63
4143,BYHH4H1nfNh,p,https://www.instagram.com/thedogist/p/BYHH4H1nfNh/,https://www.instagram.com/p/BYHH4H1nfNh/,2026-06-19T22:27:14.685Z,363,64
4144,BYGtqi8nuy0,p,https://www.instagram.com/thedogist/p/BYGtqi8nuy0/,https://www.instagram.com/p/BYGtqi8nuy0/,2026-06-19T22:27:14.686Z,363,65
4145,BYEoxngnoSE,p,https://www.instagram.com/thedogist/p/BYEoxngnoSE/,https://www.instagram.com/p/BYEoxngnoSE/,2026-06-19T22:27:14.686Z,363,66
4146,BYDxnGSnieW,p,https://www.instagram.com/thedogist/p/BYDxnGSnieW/,https://www.instagram.com/p/BYDxnGSnieW/,2026-06-19T22:27:14.686Z,363,67
4147,BYCfJY7HSum,p,https://www.instagram.com/thedogist/p/BYCfJY7HSum/,https://www.instagram.com/p/BYCfJY7HSum/,2026-06-19T22:27:14.686Z,363,68
4148,BYBw32znCa3,p,https://www.instagram.com/thedogist/p/BYBw32znCa3/,https://www.instagram.com/p/BYBw32znCa3/,2026-06-19T22:27:14.687Z,363,69
4149,BYBCZpwnIn6,p,https://www.instagram.com/thedogist/p/BYBCZpwnIn6/,https://www.instagram.com/p/BYBCZpwnIn6/,2026-06-19T22:27:14.687Z,363,70
4150,BX_nUxynRfj,p,https://www.instagram.com/thedogist/p/BX_nUxynRfj/,https://www.instagram.com/p/BX_nUxynRfj/,2026-06-19T22:27:14.687Z,363,71
4151,BX_K7y1FpxH,p,https://www.instagram.com/thedogist/p/BX_K7y1FpxH/,https://www.instagram.com/p/BX_K7y1FpxH/,2026-06-19T22:27:14.687Z,363,72
4152,BX-2yUdFEhN,p,https://www.instagram.com/thedogist/p/BX-2yUdFEhN/,https://www.instagram.com/p/BX-2yUdFEhN/,2026-06-19T22:27:14.688Z,363,73
4153,BX8-TztFnyf,p,https://www.instagram.com/thedogist/p/BX8-TztFnyf/,https://www.instagram.com/p/BX8-TztFnyf/,2026-06-19T22:27:16.371Z,364,59
4154,BX8iYS-Fgg8,p,https://www.instagram.com/thedogist/p/BX8iYS-Fgg8/,https://www.instagram.com/p/BX8iYS-Fgg8/,2026-06-19T22:27:16.371Z,364,60
4155,BX7-BG9Fsb1,p,https://www.instagram.com/thedogist/p/BX7-BG9Fsb1/,https://www.instagram.com/p/BX7-BG9Fsb1/,2026-06-19T22:27:16.371Z,364,61
4156,BX6lzGqnjZq,p,https://www.instagram.com/thedogist/p/BX6lzGqnjZq/,https://www.instagram.com/p/BX6lzGqnjZq/,2026-06-19T22:27:16.372Z,364,62
4157,BX6K1yEndt6,p,https://www.instagram.com/thedogist/p/BX6K1yEndt6/,https://www.instagram.com/p/BX6K1yEndt6/,2026-06-19T22:27:16.372Z,364,63
4158,BX5dF28lmyX,p,https://www.instagram.com/thedogist/p/BX5dF28lmyX/,https://www.instagram.com/p/BX5dF28lmyX/,2026-06-19T22:27:16.372Z,364,64
4159,BX3s-LWlJOc,p,https://www.instagram.com/thedogist/p/BX3s-LWlJOc/,https://www.instagram.com/p/BX3s-LWlJOc/,2026-06-19T22:27:16.372Z,364,65
4160,BX3YBoaF55Q,p,https://www.instagram.com/thedogist/p/BX3YBoaF55Q/,https://www.instagram.com/p/BX3YBoaF55Q/,2026-06-19T22:27:16.372Z,364,66
4161,BX29SdXFPpZ,p,https://www.instagram.com/thedogist/p/BX29SdXFPpZ/,https://www.instagram.com/p/BX29SdXFPpZ/,2026-06-19T22:27:16.373Z,364,67
4162,BX1eKFRlbDd,p,https://www.instagram.com/thedogist/p/BX1eKFRlbDd/,https://www.instagram.com/p/BX1eKFRlbDd/,2026-06-19T22:27:16.373Z,364,68
4163,BX1NuQ_lwKO,p,https://www.instagram.com/thedogist/p/BX1NuQ_lwKO/,https://www.instagram.com/p/BX1NuQ_lwKO/,2026-06-19T22:27:16.373Z,364,69
4164,BX0VI5nl3Ss,p,https://www.instagram.com/thedogist/p/BX0VI5nl3Ss/,https://www.instagram.com/p/BX0VI5nl3Ss/,2026-06-19T22:27:16.373Z,364,70
4165,BXy5Ic_l2MX,p,https://www.instagram.com/thedogist/p/BXy5Ic_l2MX/,https://www.instagram.com/p/BXy5Ic_l2MX/,2026-06-19T22:27:18.058Z,365,61
4166,BXyB0KkF-0s,p,https://www.instagram.com/thedogist/p/BXyB0KkF-0s/,https://www.instagram.com/p/BXyB0KkF-0s/,2026-06-19T22:27:18.059Z,365,62
4167,BXx4PUClx9f,p,https://www.instagram.com/thedogist/p/BXx4PUClx9f/,https://www.instagram.com/p/BXx4PUClx9f/,2026-06-19T22:27:18.059Z,365,63
4168,BXwIwirFI_7,p,https://www.instagram.com/thedogist/p/BXwIwirFI_7/,https://www.instagram.com/p/BXwIwirFI_7/,2026-06-19T22:27:18.060Z,365,64
4169,BXvcWmdFgtw,p,https://www.instagram.com/thedogist/p/BXvcWmdFgtw/,https://www.instagram.com/p/BXvcWmdFgtw/,2026-06-19T22:27:18.060Z,365,65
4170,BXtousulbYb,p,https://www.instagram.com/thedogist/p/BXtousulbYb/,https://www.instagram.com/p/BXtousulbYb/,2026-06-19T22:27:18.060Z,365,66
4171,BXtN8JelFNr,p,https://www.instagram.com/thedogist/p/BXtN8JelFNr/,https://www.instagram.com/p/BXtN8JelFNr/,2026-06-19T22:27:18.060Z,365,67
4172,BXstBqClLXk,p,https://www.instagram.com/thedogist/p/BXstBqClLXk/,https://www.instagram.com/p/BXstBqClLXk/,2026-06-19T22:27:18.061Z,365,68
4173,BXq7SiDFCDm,p,https://www.instagram.com/thedogist/p/BXq7SiDFCDm/,https://www.instagram.com/p/BXq7SiDFCDm/,2026-06-19T22:27:18.061Z,365,69
4174,BXqQhi8lJu-,p,https://www.instagram.com/thedogist/p/BXqQhi8lJu-/,https://www.instagram.com/p/BXqQhi8lJu-/,2026-06-19T22:27:18.061Z,365,70
4175,BXoq5UeFf42,p,https://www.instagram.com/thedogist/p/BXoq5UeFf42/,https://www.instagram.com/p/BXoq5UeFf42/,2026-06-19T22:27:18.061Z,365,71
4176,BXnyFQHFwPU,p,https://www.instagram.com/thedogist/p/BXnyFQHFwPU/,https://www.instagram.com/p/BXnyFQHFwPU/,2026-06-19T22:27:18.062Z,365,72
4177,BXneoPdFRkr,p,https://www.instagram.com/thedogist/p/BXneoPdFRkr/,https://www.instagram.com/p/BXneoPdFRkr/,2026-06-19T22:27:19.744Z,366,58
4178,BXl94HSlPQt,p,https://www.instagram.com/thedogist/p/BXl94HSlPQt/,https://www.instagram.com/p/BXl94HSlPQt/,2026-06-19T22:27:19.745Z,366,59
4179,BXlvRcUFMe7,p,https://www.instagram.com/thedogist/p/BXlvRcUFMe7/,https://www.instagram.com/p/BXlvRcUFMe7/,2026-06-19T22:27:19.745Z,366,60
4180,BXlOm-OFT0P,p,https://www.instagram.com/thedogist/p/BXlOm-OFT0P/,https://www.instagram.com/p/BXlOm-OFT0P/,2026-06-19T22:27:19.745Z,366,61
4181,BXk_e7elCvd,p,https://www.instagram.com/thedogist/p/BXk_e7elCvd/,https://www.instagram.com/p/BXk_e7elCvd/,2026-06-19T22:27:19.746Z,366,62
4182,BXjMa65FPBJ,p,https://www.instagram.com/thedogist/p/BXjMa65FPBJ/,https://www.instagram.com/p/BXjMa65FPBJ/,2026-06-19T22:27:19.746Z,366,63
4183,BXitxk8lcWa,p,https://www.instagram.com/thedogist/p/BXitxk8lcWa/,https://www.instagram.com/p/BXitxk8lcWa/,2026-06-19T22:27:19.746Z,366,64
4184,BXiU08KlN5n,p,https://www.instagram.com/thedogist/p/BXiU08KlN5n/,https://www.instagram.com/p/BXiU08KlN5n/,2026-06-19T22:27:19.747Z,366,65
4185,BXhHWH3FClw,p,https://www.instagram.com/thedogist/p/BXhHWH3FClw/,https://www.instagram.com/p/BXhHWH3FClw/,2026-06-19T22:27:19.747Z,366,66
4186,BXgu91JFARx,p,https://www.instagram.com/thedogist/p/BXgu91JFARx/,https://www.instagram.com/p/BXgu91JFARx/,2026-06-19T22:27:19.747Z,366,67
4187,BXgIQTVFR7F,p,https://www.instagram.com/thedogist/p/BXgIQTVFR7F/,https://www.instagram.com/p/BXgIQTVFR7F/,2026-06-19T22:27:19.747Z,366,68
4188,BXfwZQilYj2,p,https://www.instagram.com/thedogist/p/BXfwZQilYj2/,https://www.instagram.com/p/BXfwZQilYj2/,2026-06-19T22:27:19.748Z,366,69
4189,BXeLGjTloa3,p,https://www.instagram.com/thedogist/p/BXeLGjTloa3/,https://www.instagram.com/p/BXeLGjTloa3/,2026-06-19T22:27:21.442Z,367,60
4190,BXdo8RgFoQ0,p,https://www.instagram.com/thedogist/p/BXdo8RgFoQ0/,https://www.instagram.com/p/BXdo8RgFoQ0/,2026-06-19T22:27:21.443Z,367,61
4191,BXdKn1MF43M,p,https://www.instagram.com/thedogist/p/BXdKn1MF43M/,https://www.instagram.com/p/BXdKn1MF43M/,2026-06-19T22:27:21.444Z,367,62
4192,BXbiNZBFlw4,p,https://www.instagram.com/thedogist/p/BXbiNZBFlw4/,https://www.instagram.com/p/BXbiNZBFlw4/,2026-06-19T22:27:21.444Z,367,63
4193,BXbCG9mllr9,p,https://www.instagram.com/thedogist/p/BXbCG9mllr9/,https://www.instagram.com/p/BXbCG9mllr9/,2026-06-19T22:27:21.444Z,367,64
4194,BXaocT_lqBy,p,https://www.instagram.com/thedogist/p/BXaocT_lqBy/,https://www.instagram.com/p/BXaocT_lqBy/,2026-06-19T22:27:21.445Z,367,65
4195,BXY4ja3AKEa,p,https://www.instagram.com/thedogist/p/BXY4ja3AKEa/,https://www.instagram.com/p/BXY4ja3AKEa/,2026-06-19T22:27:21.445Z,367,66
4196,BXYsZ2WAB_H,p,https://www.instagram.com/thedogist/p/BXYsZ2WAB_H/,https://www.instagram.com/p/BXYsZ2WAB_H/,2026-06-19T22:27:21.445Z,367,67
4197,BXYGERwFcTd,p,https://www.instagram.com/thedogist/p/BXYGERwFcTd/,https://www.instagram.com/p/BXYGERwFcTd/,2026-06-19T22:27:21.446Z,367,68
4198,BXWhMMDlrDb,p,https://www.instagram.com/thedogist/p/BXWhMMDlrDb/,https://www.instagram.com/p/BXWhMMDlrDb/,2026-06-19T22:27:21.446Z,367,69
4199,BXWMgQ5FBIM,p,https://www.instagram.com/thedogist/p/BXWMgQ5FBIM/,https://www.instagram.com/p/BXWMgQ5FBIM/,2026-06-19T22:27:21.446Z,367,70
4200,BXVhCN3FyM7,p,https://www.instagram.com/thedogist/p/BXVhCN3FyM7/,https://www.instagram.com/p/BXVhCN3FyM7/,2026-06-19T22:27:21.447Z,367,71
4201,BXTtmmMF_Sg,p,https://www.instagram.com/thedogist/p/BXTtmmMF_Sg/,https://www.instagram.com/p/BXTtmmMF_Sg/,2026-06-19T22:27:23.144Z,368,62
4202,BXTLzzUlgLS,p,https://www.instagram.com/thedogist/p/BXTLzzUlgLS/,https://www.instagram.com/p/BXTLzzUlgLS/,2026-06-19T22:27:23.144Z,368,63
4203,BXRhfVrld04,p,https://www.instagram.com/thedogist/p/BXRhfVrld04/,https://www.instagram.com/p/BXRhfVrld04/,2026-06-19T22:27:23.145Z,368,64
4204,BXQU423FRXH,p,https://www.instagram.com/thedogist/p/BXQU423FRXH/,https://www.instagram.com/p/BXQU423FRXH/,2026-06-19T22:27:23.145Z,368,65
4205,BXO6wtSll3b,p,https://www.instagram.com/thedogist/p/BXO6wtSll3b/,https://www.instagram.com/p/BXO6wtSll3b/,2026-06-19T22:27:23.145Z,368,66
4206,BXOMrPZlCiO,p,https://www.instagram.com/thedogist/p/BXOMrPZlCiO/,https://www.instagram.com/p/BXOMrPZlCiO/,2026-06-19T22:27:23.146Z,368,67
4207,BXNvhFuFoJQ,p,https://www.instagram.com/thedogist/p/BXNvhFuFoJQ/,https://www.instagram.com/p/BXNvhFuFoJQ/,2026-06-19T22:27:23.146Z,368,68
4208,BXL27BWFRo_,p,https://www.instagram.com/thedogist/p/BXL27BWFRo_/,https://www.instagram.com/p/BXL27BWFRo_/,2026-06-19T22:27:23.146Z,368,69
4209,BXLIN8zFnHx,p,https://www.instagram.com/thedogist/p/BXLIN8zFnHx/,https://www.instagram.com/p/BXLIN8zFnHx/,2026-06-19T22:27:23.146Z,368,70
4210,BXJkOx-lYXV,p,https://www.instagram.com/thedogist/p/BXJkOx-lYXV/,https://www.instagram.com/p/BXJkOx-lYXV/,2026-06-19T22:27:23.147Z,368,71
4211,BXJNB-alaS4,p,https://www.instagram.com/thedogist/p/BXJNB-alaS4/,https://www.instagram.com/p/BXJNB-alaS4/,2026-06-19T22:27:23.147Z,368,72
4212,BXI3I-tlr8X,p,https://www.instagram.com/thedogist/p/BXI3I-tlr8X/,https://www.instagram.com/p/BXI3I-tlr8X/,2026-06-19T22:27:23.147Z,368,73
4213,BXG_79OlCyq,p,https://www.instagram.com/thedogist/p/BXG_79OlCyq/,https://www.instagram.com/p/BXG_79OlCyq/,2026-06-19T22:27:24.835Z,369,59
4214,BXGqS2Kl-iF,p,https://www.instagram.com/thedogist/p/BXGqS2Kl-iF/,https://www.instagram.com/p/BXGqS2Kl-iF/,2026-06-19T22:27:24.836Z,369,60
4215,BXGB_omlwBA,p,https://www.instagram.com/thedogist/p/BXGB_omlwBA/,https://www.instagram.com/p/BXGB_omlwBA/,2026-06-19T22:27:24.836Z,369,61
4216,BXEdTUAFaZR,p,https://www.instagram.com/thedogist/p/BXEdTUAFaZR/,https://www.instagram.com/p/BXEdTUAFaZR/,2026-06-19T22:27:24.837Z,369,62
4217,BXEKujqlusR,p,https://www.instagram.com/thedogist/p/BXEKujqlusR/,https://www.instagram.com/p/BXEKujqlusR/,2026-06-19T22:27:24.837Z,369,63
4218,BXD4oW6FTqm,p,https://www.instagram.com/thedogist/p/BXD4oW6FTqm/,https://www.instagram.com/p/BXD4oW6FTqm/,2026-06-19T22:27:24.838Z,369,64
4219,BXDnKEUF0ic,p,https://www.instagram.com/thedogist/p/BXDnKEUF0ic/,https://www.instagram.com/p/BXDnKEUF0ic/,2026-06-19T22:27:24.838Z,369,65
4220,BXB83mDlLuU,p,https://www.instagram.com/thedogist/p/BXB83mDlLuU/,https://www.instagram.com/p/BXB83mDlLuU/,2026-06-19T22:27:24.838Z,369,66
4221,BXBnl0ElcCH,p,https://www.instagram.com/thedogist/p/BXBnl0ElcCH/,https://www.instagram.com/p/BXBnl0ElcCH/,2026-06-19T22:27:24.839Z,369,67
4222,BXBXBIVFuWh,p,https://www.instagram.com/thedogist/p/BXBXBIVFuWh/,https://www.instagram.com/p/BXBXBIVFuWh/,2026-06-19T22:27:24.839Z,369,68
4223,BXBBTcxljpC,p,https://www.instagram.com/thedogist/p/BXBBTcxljpC/,https://www.instagram.com/p/BXBBTcxljpC/,2026-06-19T22:27:24.839Z,369,69
4224,BW_nyFKFsib,p,https://www.instagram.com/thedogist/p/BW_nyFKFsib/,https://www.instagram.com/p/BW_nyFKFsib/,2026-06-19T22:27:24.839Z,369,70
4225,BW_Ujj7FswP,p,https://www.instagram.com/thedogist/p/BW_Ujj7FswP/,https://www.instagram.com/p/BW_Ujj7FswP/,2026-06-19T22:27:26.655Z,370,61
4226,BW-a9T2Fpw_,p,https://www.instagram.com/thedogist/p/BW-a9T2Fpw_/,https://www.instagram.com/p/BW-a9T2Fpw_/,2026-06-19T22:27:26.655Z,370,62
4227,BW85ouBlnko,p,https://www.instagram.com/thedogist/p/BW85ouBlnko/,https://www.instagram.com/p/BW85ouBlnko/,2026-06-19T22:27:26.656Z,370,63
4228,BW8WjtSlYfv,p,https://www.instagram.com/thedogist/p/BW8WjtSlYfv/,https://www.instagram.com/p/BW8WjtSlYfv/,2026-06-19T22:27:26.656Z,370,64
4229,BW7sQscFTna,p,https://www.instagram.com/thedogist/p/BW7sQscFTna/,https://www.instagram.com/p/BW7sQscFTna/,2026-06-19T22:27:26.656Z,370,65
4230,BW6bmi4lZHD,p,https://www.instagram.com/thedogist/p/BW6bmi4lZHD/,https://www.instagram.com/p/BW6bmi4lZHD/,2026-06-19T22:27:26.656Z,370,66
4231,BW6D7dVlN4s,p,https://www.instagram.com/thedogist/p/BW6D7dVlN4s/,https://www.instagram.com/p/BW6D7dVlN4s/,2026-06-19T22:27:26.657Z,370,67
4232,BW5Sv1HFOY_,p,https://www.instagram.com/thedogist/p/BW5Sv1HFOY_/,https://www.instagram.com/p/BW5Sv1HFOY_/,2026-06-19T22:27:26.657Z,370,68
4233,BW3jsiSFoIq,p,https://www.instagram.com/thedogist/p/BW3jsiSFoIq/,https://www.instagram.com/p/BW3jsiSFoIq/,2026-06-19T22:27:26.657Z,370,69
4234,BW2-7qtFX3C,p,https://www.instagram.com/thedogist/p/BW2-7qtFX3C/,https://www.instagram.com/p/BW2-7qtFX3C/,2026-06-19T22:27:26.657Z,370,70
4235,BW2dWzvFjCY,p,https://www.instagram.com/thedogist/p/BW2dWzvFjCY/,https://www.instagram.com/p/BW2dWzvFjCY/,2026-06-19T22:27:26.658Z,370,71
4236,BW08lj5lutu,p,https://www.instagram.com/thedogist/p/BW08lj5lutu/,https://www.instagram.com/p/BW08lj5lutu/,2026-06-19T22:27:26.658Z,370,72
4237,BW0P6oJlQVm,p,https://www.instagram.com/thedogist/p/BW0P6oJlQVm/,https://www.instagram.com/p/BW0P6oJlQVm/,2026-06-19T22:27:28.348Z,371,58
4238,BWybgvSFft_,p,https://www.instagram.com/thedogist/p/BWybgvSFft_/,https://www.instagram.com/p/BWybgvSFft_/,2026-06-19T22:27:28.353Z,371,59
4239,BWx2Z2ClJuI,p,https://www.instagram.com/thedogist/p/BWx2Z2ClJuI/,https://www.instagram.com/p/BWx2Z2ClJuI/,2026-06-19T22:27:28.354Z,371,60
4240,BWxhKX5lHQT,p,https://www.instagram.com/thedogist/p/BWxhKX5lHQT/,https://www.instagram.com/p/BWxhKX5lHQT/,2026-06-19T22:27:28.354Z,371,61
4241,BWwK3f4lPVG,p,https://www.instagram.com/thedogist/p/BWwK3f4lPVG/,https://www.instagram.com/p/BWwK3f4lPVG/,2026-06-19T22:27:28.354Z,371,62
4242,BWvaYE4la5q,p,https://www.instagram.com/thedogist/p/BWvaYE4la5q/,https://www.instagram.com/p/BWvaYE4la5q/,2026-06-19T22:27:28.355Z,371,63
4243,BWu-4HuF5Vl,p,https://www.instagram.com/thedogist/p/BWu-4HuF5Vl/,https://www.instagram.com/p/BWu-4HuF5Vl/,2026-06-19T22:27:28.356Z,371,64
4244,BWtW79PFcZq,p,https://www.instagram.com/thedogist/p/BWtW79PFcZq/,https://www.instagram.com/p/BWtW79PFcZq/,2026-06-19T22:27:28.356Z,371,65
4245,BWtKI0QFfDw,p,https://www.instagram.com/thedogist/p/BWtKI0QFfDw/,https://www.instagram.com/p/BWtKI0QFfDw/,2026-06-19T22:27:28.356Z,371,66
4246,BWs4MsSFg95,p,https://www.instagram.com/thedogist/p/BWs4MsSFg95/,https://www.instagram.com/p/BWs4MsSFg95/,2026-06-19T22:27:28.356Z,371,67
4247,BWsWMHGlfx2,p,https://www.instagram.com/thedogist/p/BWsWMHGlfx2/,https://www.instagram.com/p/BWsWMHGlfx2/,2026-06-19T22:27:28.356Z,371,68
4248,BWqrI1ZFbHW,p,https://www.instagram.com/thedogist/p/BWqrI1ZFbHW/,https://www.instagram.com/p/BWqrI1ZFbHW/,2026-06-19T22:27:28.357Z,371,69
4249,BWqRyRTFMWv,p,https://www.instagram.com/thedogist/p/BWqRyRTFMWv/,https://www.instagram.com/p/BWqRyRTFMWv/,2026-06-19T22:27:30.042Z,372,60
4250,BWp2XZgFMvs,p,https://www.instagram.com/thedogist/p/BWp2XZgFMvs/,https://www.instagram.com/p/BWp2XZgFMvs/,2026-06-19T22:27:30.043Z,372,61
4251,BWn-xMMl5Cq,p,https://www.instagram.com/thedogist/p/BWn-xMMl5Cq/,https://www.instagram.com/p/BWn-xMMl5Cq/,2026-06-19T22:27:30.043Z,372,62
4252,BWnU_w-lhjn,p,https://www.instagram.com/thedogist/p/BWnU_w-lhjn/,https://www.instagram.com/p/BWnU_w-lhjn/,2026-06-19T22:27:30.043Z,372,63
4253,BWli_QIFhyn,p,https://www.instagram.com/thedogist/p/BWli_QIFhyn/,https://www.instagram.com/p/BWli_QIFhyn/,2026-06-19T22:27:30.043Z,372,64
4254,BWlAhJSFwtJ,p,https://www.instagram.com/thedogist/p/BWlAhJSFwtJ/,https://www.instagram.com/p/BWlAhJSFwtJ/,2026-06-19T22:27:30.044Z,372,65
4255,BWkrdeKFQtI,p,https://www.instagram.com/thedogist/p/BWkrdeKFQtI/,https://www.instagram.com/p/BWkrdeKFQtI/,2026-06-19T22:27:30.044Z,372,66
4256,BWi5MGklsN0,p,https://www.instagram.com/thedogist/p/BWi5MGklsN0/,https://www.instagram.com/p/BWi5MGklsN0/,2026-06-19T22:27:30.044Z,372,67
4257,BWiLqnYl9fI,p,https://www.instagram.com/thedogist/p/BWiLqnYl9fI/,https://www.instagram.com/p/BWiLqnYl9fI/,2026-06-19T22:27:30.044Z,372,68
4258,BWgX-A8FiM4,p,https://www.instagram.com/thedogist/p/BWgX-A8FiM4/,https://www.instagram.com/p/BWgX-A8FiM4/,2026-06-19T22:27:30.044Z,372,69
4259,BWgGWlcF4v_,p,https://www.instagram.com/thedogist/p/BWgGWlcF4v_/,https://www.instagram.com/p/BWgGWlcF4v_/,2026-06-19T22:27:30.044Z,372,70
4260,BWfhRxxFNq2,p,https://www.instagram.com/thedogist/p/BWfhRxxFNq2/,https://www.instagram.com/p/BWfhRxxFNq2/,2026-06-19T22:27:30.045Z,372,71
4261,BWd1aXsl-Vz,p,https://www.instagram.com/thedogist/p/BWd1aXsl-Vz/,https://www.instagram.com/p/BWd1aXsl-Vz/,2026-06-19T22:27:31.769Z,373,62
4262,BWdjSzQlKyY,p,https://www.instagram.com/thedogist/p/BWdjSzQlKyY/,https://www.instagram.com/p/BWdjSzQlKyY/,2026-06-19T22:27:31.770Z,373,63
4263,BWc8OeZlUmj,p,https://www.instagram.com/thedogist/p/BWc8OeZlUmj/,https://www.instagram.com/p/BWc8OeZlUmj/,2026-06-19T22:27:31.770Z,373,64
4264,BWbBgz0l8Yf,p,https://www.instagram.com/thedogist/p/BWbBgz0l8Yf/,https://www.instagram.com/p/BWbBgz0l8Yf/,2026-06-19T22:27:31.770Z,373,65
4265,BWaomoRFS6y,p,https://www.instagram.com/thedogist/p/BWaomoRFS6y/,https://www.instagram.com/p/BWaomoRFS6y/,2026-06-19T22:27:31.770Z,373,66
4266,BWaUWj1lvtk,p,https://www.instagram.com/thedogist/p/BWaUWj1lvtk/,https://www.instagram.com/p/BWaUWj1lvtk/,2026-06-19T22:27:31.771Z,373,67
4267,BWYpoKlF-5m,p,https://www.instagram.com/thedogist/p/BWYpoKlF-5m/,https://www.instagram.com/p/BWYpoKlF-5m/,2026-06-19T22:27:31.771Z,373,68
4268,BWYSTcOl3z9,p,https://www.instagram.com/thedogist/p/BWYSTcOl3z9/,https://www.instagram.com/p/BWYSTcOl3z9/,2026-06-19T22:27:31.771Z,373,69
4269,BWXrBF0Fn4t,p,https://www.instagram.com/thedogist/p/BWXrBF0Fn4t/,https://www.instagram.com/p/BWXrBF0Fn4t/,2026-06-19T22:27:31.771Z,373,70
4270,BWWFiWBFY4e,p,https://www.instagram.com/thedogist/p/BWWFiWBFY4e/,https://www.instagram.com/p/BWWFiWBFY4e/,2026-06-19T22:27:31.772Z,373,71
4271,BWVpkP_l4Vz,p,https://www.instagram.com/thedogist/p/BWVpkP_l4Vz/,https://www.instagram.com/p/BWVpkP_l4Vz/,2026-06-19T22:27:31.772Z,373,72
4272,BWVH5gZFp8w,p,https://www.instagram.com/thedogist/p/BWVH5gZFp8w/,https://www.instagram.com/p/BWVH5gZFp8w/,2026-06-19T22:27:31.772Z,373,73
4273,BWTYTGRF64D,p,https://www.instagram.com/thedogist/p/BWTYTGRF64D/,https://www.instagram.com/p/BWTYTGRF64D/,2026-06-19T22:27:33.456Z,374,59
4274,BWS-ngVl4pY,p,https://www.instagram.com/thedogist/p/BWS-ngVl4pY/,https://www.instagram.com/p/BWS-ngVl4pY/,2026-06-19T22:27:33.457Z,374,60
4275,BWSl_CZlIKC,p,https://www.instagram.com/thedogist/p/BWSl_CZlIKC/,https://www.instagram.com/p/BWSl_CZlIKC/,2026-06-19T22:27:33.457Z,374,61
4276,BWQ8t5-ljDv,p,https://www.instagram.com/thedogist/p/BWQ8t5-ljDv/,https://www.instagram.com/p/BWQ8t5-ljDv/,2026-06-19T22:27:33.458Z,374,62
4277,BWQjEeyl9s6,p,https://www.instagram.com/thedogist/p/BWQjEeyl9s6/,https://www.instagram.com/p/BWQjEeyl9s6/,2026-06-19T22:27:33.458Z,374,63
4278,BWP3SIClXGj,p,https://www.instagram.com/thedogist/p/BWP3SIClXGj/,https://www.instagram.com/p/BWP3SIClXGj/,2026-06-19T22:27:33.458Z,374,64
4279,BWOJnJeFAzN,p,https://www.instagram.com/thedogist/p/BWOJnJeFAzN/,https://www.instagram.com/p/BWOJnJeFAzN/,2026-06-19T22:27:33.459Z,374,65
4280,BWNlUoIFlUo,p,https://www.instagram.com/thedogist/p/BWNlUoIFlUo/,https://www.instagram.com/p/BWNlUoIFlUo/,2026-06-19T22:27:33.459Z,374,66
4281,BWL8JyRlCwj,p,https://www.instagram.com/thedogist/p/BWL8JyRlCwj/,https://www.instagram.com/p/BWL8JyRlCwj/,2026-06-19T22:27:33.459Z,374,67
4282,BWLJhjjF1rB,p,https://www.instagram.com/thedogist/p/BWLJhjjF1rB/,https://www.instagram.com/p/BWLJhjjF1rB/,2026-06-19T22:27:33.459Z,374,68
4283,BWKrYp8lynV,p,https://www.instagram.com/thedogist/p/BWKrYp8lynV/,https://www.instagram.com/p/BWKrYp8lynV/,2026-06-19T22:27:33.459Z,374,69
4284,BWJHUtiFcZu,p,https://www.instagram.com/thedogist/p/BWJHUtiFcZu/,https://www.instagram.com/p/BWJHUtiFcZu/,2026-06-19T22:27:33.460Z,374,70
4285,BWI0CXClnMM,p,https://www.instagram.com/thedogist/p/BWI0CXClnMM/,https://www.instagram.com/p/BWI0CXClnMM/,2026-06-19T22:27:36.865Z,376,61
4286,BWIi9hil6Cy,p,https://www.instagram.com/thedogist/p/BWIi9hil6Cy/,https://www.instagram.com/p/BWIi9hil6Cy/,2026-06-19T22:27:36.867Z,376,62
4287,BWGZRAFl4GT,p,https://www.instagram.com/thedogist/p/BWGZRAFl4GT/,https://www.instagram.com/p/BWGZRAFl4GT/,2026-06-19T22:27:36.867Z,376,63
4288,BWFuRRWlYjP,p,https://www.instagram.com/thedogist/p/BWFuRRWlYjP/,https://www.instagram.com/p/BWFuRRWlYjP/,2026-06-19T22:27:36.868Z,376,64
4289,BWELEOfFAjb,p,https://www.instagram.com/thedogist/p/BWELEOfFAjb/,https://www.instagram.com/p/BWELEOfFAjb/,2026-06-19T22:27:36.868Z,376,65
4290,BWDqZt7lCY0,p,https://www.instagram.com/thedogist/p/BWDqZt7lCY0/,https://www.instagram.com/p/BWDqZt7lCY0/,2026-06-19T22:27:36.869Z,376,66
4291,BWDPKkEFzJ8,p,https://www.instagram.com/thedogist/p/BWDPKkEFzJ8/,https://www.instagram.com/p/BWDPKkEFzJ8/,2026-06-19T22:27:36.869Z,376,67
4292,BWBcAXUF9n0,p,https://www.instagram.com/thedogist/p/BWBcAXUF9n0/,https://www.instagram.com/p/BWBcAXUF9n0/,2026-06-19T22:27:36.870Z,376,68
4293,BWA7uuZl0fL,p,https://www.instagram.com/thedogist/p/BWA7uuZl0fL/,https://www.instagram.com/p/BWA7uuZl0fL/,2026-06-19T22:27:36.870Z,376,69
4294,BWAhr7bFnTS,p,https://www.instagram.com/thedogist/p/BWAhr7bFnTS/,https://www.instagram.com/p/BWAhr7bFnTS/,2026-06-19T22:27:36.870Z,376,70
4295,BV-zzv0FKU5,p,https://www.instagram.com/thedogist/p/BV-zzv0FKU5/,https://www.instagram.com/p/BV-zzv0FKU5/,2026-06-19T22:27:36.871Z,376,71
4296,BV-S7mBFGpY,p,https://www.instagram.com/thedogist/p/BV-S7mBFGpY/,https://www.instagram.com/p/BV-S7mBFGpY/,2026-06-19T22:27:36.871Z,376,72
4297,BV99J_tlCr0,p,https://www.instagram.com/thedogist/p/BV99J_tlCr0/,https://www.instagram.com/p/BV99J_tlCr0/,2026-06-19T22:27:38.573Z,377,58
4298,BV8rrW1FUIx,p,https://www.instagram.com/thedogist/p/BV8rrW1FUIx/,https://www.instagram.com/p/BV8rrW1FUIx/,2026-06-19T22:27:38.574Z,377,59
4299,BV8CGsMFt6E,p,https://www.instagram.com/thedogist/p/BV8CGsMFt6E/,https://www.instagram.com/p/BV8CGsMFt6E/,2026-06-19T22:27:38.574Z,377,60
4300,BV7eOslldZq,p,https://www.instagram.com/thedogist/p/BV7eOslldZq/,https://www.instagram.com/p/BV7eOslldZq/,2026-06-19T22:27:38.574Z,377,61
4301,BV58mx9FBsS,p,https://www.instagram.com/thedogist/p/BV58mx9FBsS/,https://www.instagram.com/p/BV58mx9FBsS/,2026-06-19T22:27:38.575Z,377,62
4302,BV5vjiRFfSs,p,https://www.instagram.com/thedogist/p/BV5vjiRFfSs/,https://www.instagram.com/p/BV5vjiRFfSs/,2026-06-19T22:27:38.575Z,377,63
4303,BV5OaY0FOyY,p,https://www.instagram.com/thedogist/p/BV5OaY0FOyY/,https://www.instagram.com/p/BV5OaY0FOyY/,2026-06-19T22:27:38.575Z,377,64
4304,BV4yX3ZlI3B,p,https://www.instagram.com/thedogist/p/BV4yX3ZlI3B/,https://www.instagram.com/p/BV4yX3ZlI3B/,2026-06-19T22:27:38.575Z,377,65
4305,BV3I6dgFX5V,p,https://www.instagram.com/thedogist/p/BV3I6dgFX5V/,https://www.instagram.com/p/BV3I6dgFX5V/,2026-06-19T22:27:38.576Z,377,66
4306,BV2pQJnFdDE,p,https://www.instagram.com/thedogist/p/BV2pQJnFdDE/,https://www.instagram.com/p/BV2pQJnFdDE/,2026-06-19T22:27:38.576Z,377,67
4307,BV2RxOll_C8,p,https://www.instagram.com/thedogist/p/BV2RxOll_C8/,https://www.instagram.com/p/BV2RxOll_C8/,2026-06-19T22:27:38.576Z,377,68
4308,BV04-tGFq8P,p,https://www.instagram.com/thedogist/p/BV04-tGFq8P/,https://www.instagram.com/p/BV04-tGFq8P/,2026-06-19T22:27:38.576Z,377,69
4309,BV0dXwZl19L,p,https://www.instagram.com/thedogist/p/BV0dXwZl19L/,https://www.instagram.com/p/BV0dXwZl19L/,2026-06-19T22:27:40.267Z,378,60
4310,BV0Hi2bFQKb,p,https://www.instagram.com/thedogist/p/BV0Hi2bFQKb/,https://www.instagram.com/p/BV0Hi2bFQKb/,2026-06-19T22:27:40.268Z,378,61
4311,BVztil5Fneo,p,https://www.instagram.com/thedogist/p/BVztil5Fneo/,https://www.instagram.com/p/BVztil5Fneo/,2026-06-19T22:27:40.268Z,378,62
4312,BVx4cAsFqUB,p,https://www.instagram.com/thedogist/p/BVx4cAsFqUB/,https://www.instagram.com/p/BVx4cAsFqUB/,2026-06-19T22:27:40.269Z,378,63
4313,BVxgmHuFxa3,p,https://www.instagram.com/thedogist/p/BVxgmHuFxa3/,https://www.instagram.com/p/BVxgmHuFxa3/,2026-06-19T22:27:40.269Z,378,64
4314,BVxHbaElnG0,p,https://www.instagram.com/thedogist/p/BVxHbaElnG0/,https://www.instagram.com/p/BVxHbaElnG0/,2026-06-19T22:27:40.269Z,378,65
4315,BVvmAWllDui,p,https://www.instagram.com/thedogist/p/BVvmAWllDui/,https://www.instagram.com/p/BVvmAWllDui/,2026-06-19T22:27:40.269Z,378,66
4316,BVvHtKolsdt,p,https://www.instagram.com/thedogist/p/BVvHtKolsdt/,https://www.instagram.com/p/BVvHtKolsdt/,2026-06-19T22:27:40.270Z,378,67
4317,BVuwkz7l-VH,p,https://www.instagram.com/thedogist/p/BVuwkz7l-VH/,https://www.instagram.com/p/BVuwkz7l-VH/,2026-06-19T22:27:40.270Z,378,68
4318,BVuaAX9l9St,p,https://www.instagram.com/thedogist/p/BVuaAX9l9St/,https://www.instagram.com/p/BVuaAX9l9St/,2026-06-19T22:27:40.270Z,378,69
4319,BVtHPw5lqFF,p,https://www.instagram.com/thedogist/p/BVtHPw5lqFF/,https://www.instagram.com/p/BVtHPw5lqFF/,2026-06-19T22:27:40.270Z,378,70
4320,BVswzVEFSmW,p,https://www.instagram.com/thedogist/p/BVswzVEFSmW/,https://www.instagram.com/p/BVswzVEFSmW/,2026-06-19T22:27:40.271Z,378,71
4321,BVsSY7KFWGF,p,https://www.instagram.com/thedogist/p/BVsSY7KFWGF/,https://www.instagram.com/p/BVsSY7KFWGF/,2026-06-19T22:27:41.964Z,379,62
4322,BVsBRZ8Fgnl,p,https://www.instagram.com/thedogist/p/BVsBRZ8Fgnl/,https://www.instagram.com/p/BVsBRZ8Fgnl/,2026-06-19T22:27:41.964Z,379,63
4323,BVqZzrbl1RO,p,https://www.instagram.com/thedogist/p/BVqZzrbl1RO/,https://www.instagram.com/p/BVqZzrbl1RO/,2026-06-19T22:27:41.965Z,379,64
4324,BVqBH4LFf1c,p,https://www.instagram.com/thedogist/p/BVqBH4LFf1c/,https://www.instagram.com/p/BVqBH4LFf1c/,2026-06-19T22:27:41.965Z,379,65
4325,BVppd37FYRf,p,https://www.instagram.com/thedogist/p/BVppd37FYRf/,https://www.instagram.com/p/BVppd37FYRf/,2026-06-19T22:27:41.965Z,379,66
4326,BVpStN3FE6X,p,https://www.instagram.com/thedogist/p/BVpStN3FE6X/,https://www.instagram.com/p/BVpStN3FE6X/,2026-06-19T22:27:41.966Z,379,67
4327,BVn_2XllEDd,p,https://www.instagram.com/thedogist/p/BVn_2XllEDd/,https://www.instagram.com/p/BVn_2XllEDd/,2026-06-19T22:27:41.966Z,379,68
4328,BVnguaylrhX,p,https://www.instagram.com/thedogist/p/BVnguaylrhX/,https://www.instagram.com/p/BVnguaylrhX/,2026-06-19T22:27:41.966Z,379,69
4329,BVm8ZQslnQE,p,https://www.instagram.com/thedogist/p/BVm8ZQslnQE/,https://www.instagram.com/p/BVm8ZQslnQE/,2026-06-19T22:27:41.966Z,379,70
4330,BVlYAejFwCW,p,https://www.instagram.com/thedogist/p/BVlYAejFwCW/,https://www.instagram.com/p/BVlYAejFwCW/,2026-06-19T22:27:41.967Z,379,71
4331,BVkxGd0l2AH,p,https://www.instagram.com/thedogist/p/BVkxGd0l2AH/,https://www.instagram.com/p/BVkxGd0l2AH/,2026-06-19T22:27:41.967Z,379,72
4332,BVkRSuVFiQg,p,https://www.instagram.com/thedogist/p/BVkRSuVFiQg/,https://www.instagram.com/p/BVkRSuVFiQg/,2026-06-19T22:27:41.967Z,379,73
4333,BViRDdlFNkz,p,https://www.instagram.com/thedogist/p/BViRDdlFNkz/,https://www.instagram.com/p/BViRDdlFNkz/,2026-06-19T22:27:43.663Z,380,59
4334,BVhnvwTFIiz,p,https://www.instagram.com/thedogist/p/BVhnvwTFIiz/,https://www.instagram.com/p/BVhnvwTFIiz/,2026-06-19T22:27:43.663Z,380,60
4335,BVgLcnNFDje,p,https://www.instagram.com/thedogist/p/BVgLcnNFDje/,https://www.instagram.com/p/BVgLcnNFDje/,2026-06-19T22:27:43.664Z,380,61
4336,BVf6xIPlyLV,p,https://www.instagram.com/thedogist/p/BVf6xIPlyLV/,https://www.instagram.com/p/BVf6xIPlyLV/,2026-06-19T22:27:43.664Z,380,62
4337,BVfedLlFxnO,p,https://www.instagram.com/thedogist/p/BVfedLlFxnO/,https://www.instagram.com/p/BVfedLlFxnO/,2026-06-19T22:27:43.664Z,380,63
4338,BVe9cBMly70,p,https://www.instagram.com/thedogist/p/BVe9cBMly70/,https://www.instagram.com/p/BVe9cBMly70/,2026-06-19T22:27:43.664Z,380,64
4339,BVdekvFlO_c,p,https://www.instagram.com/thedogist/p/BVdekvFlO_c/,https://www.instagram.com/p/BVdekvFlO_c/,2026-06-19T22:27:43.664Z,380,65
4340,BVc4njTFuma,p,https://www.instagram.com/thedogist/p/BVc4njTFuma/,https://www.instagram.com/p/BVc4njTFuma/,2026-06-19T22:27:43.665Z,380,66
4341,BVcbI1eFcDW,p,https://www.instagram.com/thedogist/p/BVcbI1eFcDW/,https://www.instagram.com/p/BVcbI1eFcDW/,2026-06-19T22:27:43.665Z,380,67
4342,BVa3dZ5lKpN,p,https://www.instagram.com/thedogist/p/BVa3dZ5lKpN/,https://www.instagram.com/p/BVa3dZ5lKpN/,2026-06-19T22:27:43.665Z,380,68
4343,BVao8umF8Xc,p,https://www.instagram.com/thedogist/p/BVao8umF8Xc/,https://www.instagram.com/p/BVao8umF8Xc/,2026-06-19T22:27:43.665Z,380,69
4344,BVZ63mRlLHf,p,https://www.instagram.com/thedogist/p/BVZ63mRlLHf/,https://www.instagram.com/p/BVZ63mRlLHf/,2026-06-19T22:27:43.666Z,380,70
4345,BVYpzUEF0wj,p,https://www.instagram.com/thedogist/p/BVYpzUEF0wj/,https://www.instagram.com/p/BVYpzUEF0wj/,2026-06-19T22:27:47.635Z,382,61
4346,BVYP5Gilj_r,p,https://www.instagram.com/thedogist/p/BVYP5Gilj_r/,https://www.instagram.com/p/BVYP5Gilj_r/,2026-06-19T22:27:47.635Z,382,62
4347,BVXkkpbFRKi,p,https://www.instagram.com/thedogist/p/BVXkkpbFRKi/,https://www.instagram.com/p/BVXkkpbFRKi/,2026-06-19T22:27:47.636Z,382,63
4348,BVVuNDrAlZ-,p,https://www.instagram.com/thedogist/p/BVVuNDrAlZ-/,https://www.instagram.com/p/BVVuNDrAlZ-/,2026-06-19T22:27:47.636Z,382,64
4349,BVVK0ktAu6x,p,https://www.instagram.com/thedogist/p/BVVK0ktAu6x/,https://www.instagram.com/p/BVVK0ktAu6x/,2026-06-19T22:27:47.636Z,382,65
4350,BVUxJIhgrcK,p,https://www.instagram.com/thedogist/p/BVUxJIhgrcK/,https://www.instagram.com/p/BVUxJIhgrcK/,2026-06-19T22:27:47.636Z,382,66
4351,BVTPKaolIxq,p,https://www.instagram.com/thedogist/p/BVTPKaolIxq/,https://www.instagram.com/p/BVTPKaolIxq/,2026-06-19T22:27:47.637Z,382,67
4352,BVSjrkZFRe1,p,https://www.instagram.com/thedogist/p/BVSjrkZFRe1/,https://www.instagram.com/p/BVSjrkZFRe1/,2026-06-19T22:27:47.637Z,382,68
4353,BVSNHvlFbzA,p,https://www.instagram.com/thedogist/p/BVSNHvlFbzA/,https://www.instagram.com/p/BVSNHvlFbzA/,2026-06-19T22:27:47.637Z,382,69
4354,BVQjoAIFEsV,p,https://www.instagram.com/thedogist/p/BVQjoAIFEsV/,https://www.instagram.com/p/BVQjoAIFEsV/,2026-06-19T22:27:47.637Z,382,70
4355,BVQGPiQFAZw,p,https://www.instagram.com/thedogist/p/BVQGPiQFAZw/,https://www.instagram.com/p/BVQGPiQFAZw/,2026-06-19T22:27:47.637Z,382,71
4356,BVPqY-_FY3k,p,https://www.instagram.com/thedogist/p/BVPqY-_FY3k/,https://www.instagram.com/p/BVPqY-_FY3k/,2026-06-19T22:27:47.638Z,382,72
4357,BVNmHcxFzZO,p,https://www.instagram.com/thedogist/p/BVNmHcxFzZO/,https://www.instagram.com/p/BVNmHcxFzZO/,2026-06-19T22:27:47.638Z,382,73
4358,BVNKTBaFZRU,p,https://www.instagram.com/thedogist/p/BVNKTBaFZRU/,https://www.instagram.com/p/BVNKTBaFZRU/,2026-06-19T22:27:47.638Z,382,74
4359,BVLWqswFwRR,p,https://www.instagram.com/thedogist/p/BVLWqswFwRR/,https://www.instagram.com/p/BVLWqswFwRR/,2026-06-19T22:27:47.638Z,382,75
4360,BVKxtdQF-fM,p,https://www.instagram.com/thedogist/p/BVKxtdQF-fM/,https://www.instagram.com/p/BVKxtdQF-fM/,2026-06-19T22:27:47.639Z,382,76
4361,BVKW72ulF9C,p,https://www.instagram.com/thedogist/p/BVKW72ulF9C/,https://www.instagram.com/p/BVKW72ulF9C/,2026-06-19T22:27:47.639Z,382,77
4362,BVJCWYEFB62,p,https://www.instagram.com/thedogist/p/BVJCWYEFB62/,https://www.instagram.com/p/BVJCWYEFB62/,2026-06-19T22:27:47.639Z,382,78
4363,BVIlWQQFYoQ,p,https://www.instagram.com/thedogist/p/BVIlWQQFYoQ/,https://www.instagram.com/p/BVIlWQQFYoQ/,2026-06-19T22:27:47.639Z,382,79
4364,BVH04eBFVi3,p,https://www.instagram.com/thedogist/p/BVH04eBFVi3/,https://www.instagram.com/p/BVH04eBFVi3/,2026-06-19T22:27:47.640Z,382,80
4365,BVGaAhIFXBt,p,https://www.instagram.com/thedogist/p/BVGaAhIFXBt/,https://www.instagram.com/p/BVGaAhIFXBt/,2026-06-19T22:27:47.640Z,382,81
4366,BVFyvoIFgd3,p,https://www.instagram.com/thedogist/p/BVFyvoIFgd3/,https://www.instagram.com/p/BVFyvoIFgd3/,2026-06-19T22:27:47.640Z,382,82
4367,BVFSJKFl6rW,p,https://www.instagram.com/thedogist/p/BVFSJKFl6rW/,https://www.instagram.com/p/BVFSJKFl6rW/,2026-06-19T22:27:47.640Z,382,83
4368,BVDx9MVlAkM,p,https://www.instagram.com/thedogist/p/BVDx9MVlAkM/,https://www.instagram.com/p/BVDx9MVlAkM/,2026-06-19T22:27:47.640Z,382,84
4369,BVDV_E4FVWz,p,https://www.instagram.com/thedogist/p/BVDV_E4FVWz/,https://www.instagram.com/p/BVDV_E4FVWz/,2026-06-19T22:27:49.726Z,383,60
4370,BVCxSB7lHwr,p,https://www.instagram.com/thedogist/p/BVCxSB7lHwr/,https://www.instagram.com/p/BVCxSB7lHwr/,2026-06-19T22:27:49.727Z,383,61
4371,BVBWOF4l3HH,p,https://www.instagram.com/thedogist/p/BVBWOF4l3HH/,https://www.instagram.com/p/BVBWOF4l3HH/,2026-06-19T22:27:49.727Z,383,62
4372,BVAiUeQFz9Q,p,https://www.instagram.com/thedogist/p/BVAiUeQFz9Q/,https://www.instagram.com/p/BVAiUeQFz9Q/,2026-06-19T22:27:49.727Z,383,63
4373,BVAVeeFFrtr,p,https://www.instagram.com/thedogist/p/BVAVeeFFrtr/,https://www.instagram.com/p/BVAVeeFFrtr/,2026-06-19T22:27:49.728Z,383,64
4374,BU-jVVGFImo,p,https://www.instagram.com/thedogist/p/BU-jVVGFImo/,https://www.instagram.com/p/BU-jVVGFImo/,2026-06-19T22:27:49.728Z,383,65
4375,BU-Am38lmEo,p,https://www.instagram.com/thedogist/p/BU-Am38lmEo/,https://www.instagram.com/p/BU-Am38lmEo/,2026-06-19T22:27:49.728Z,383,66
4376,BU9h985F77J,p,https://www.instagram.com/thedogist/p/BU9h985F77J/,https://www.instagram.com/p/BU9h985F77J/,2026-06-19T22:27:49.728Z,383,67
4377,BU8LzSil27r,p,https://www.instagram.com/thedogist/p/BU8LzSil27r/,https://www.instagram.com/p/BU8LzSil27r/,2026-06-19T22:27:49.729Z,383,68
4378,BU8A5E2FlUG,p,https://www.instagram.com/thedogist/p/BU8A5E2FlUG/,https://www.instagram.com/p/BU8A5E2FlUG/,2026-06-19T22:27:49.729Z,383,69
4379,BU7bVo2Fr1_,p,https://www.instagram.com/thedogist/p/BU7bVo2Fr1_/,https://www.instagram.com/p/BU7bVo2Fr1_/,2026-06-19T22:27:49.729Z,383,70
4380,BU68Z9lFSIH,p,https://www.instagram.com/thedogist/p/BU68Z9lFSIH/,https://www.instagram.com/p/BU68Z9lFSIH/,2026-06-19T22:27:49.729Z,383,71
4381,BU5cjyBFZ6E,p,https://www.instagram.com/thedogist/p/BU5cjyBFZ6E/,https://www.instagram.com/p/BU5cjyBFZ6E/,2026-06-19T22:27:51.413Z,384,62
4382,BU433eRFfrz,p,https://www.instagram.com/thedogist/p/BU433eRFfrz/,https://www.instagram.com/p/BU433eRFfrz/,2026-06-19T22:27:51.413Z,384,63
4383,BU4hZvmFu0z,p,https://www.instagram.com/thedogist/p/BU4hZvmFu0z/,https://www.instagram.com/p/BU4hZvmFu0z/,2026-06-19T22:27:51.414Z,384,64
4384,BU2yr84lqcX,p,https://www.instagram.com/thedogist/p/BU2yr84lqcX/,https://www.instagram.com/p/BU2yr84lqcX/,2026-06-19T22:27:51.414Z,384,65
4385,BU2Yl2wFNVi,p,https://www.instagram.com/thedogist/p/BU2Yl2wFNVi/,https://www.instagram.com/p/BU2Yl2wFNVi/,2026-06-19T22:27:51.414Z,384,66
4386,BU14faAFqEP,p,https://www.instagram.com/thedogist/p/BU14faAFqEP/,https://www.instagram.com/p/BU14faAFqEP/,2026-06-19T22:27:51.414Z,384,67
4387,BU0PtRZFsg3,p,https://www.instagram.com/thedogist/p/BU0PtRZFsg3/,https://www.instagram.com/p/BU0PtRZFsg3/,2026-06-19T22:27:51.415Z,384,68
4388,BUzxSrIlwt1,p,https://www.instagram.com/thedogist/p/BUzxSrIlwt1/,https://www.instagram.com/p/BUzxSrIlwt1/,2026-06-19T22:27:51.415Z,384,69
4389,BUzhU0ClHjd,p,https://www.instagram.com/thedogist/p/BUzhU0ClHjd/,https://www.instagram.com/p/BUzhU0ClHjd/,2026-06-19T22:27:51.415Z,384,70
4390,BUzK4_jlQbA,p,https://www.instagram.com/thedogist/p/BUzK4_jlQbA/,https://www.instagram.com/p/BUzK4_jlQbA/,2026-06-19T22:27:51.415Z,384,71
4391,BUxudSaFfdg,p,https://www.instagram.com/thedogist/p/BUxudSaFfdg/,https://www.instagram.com/p/BUxudSaFfdg/,2026-06-19T22:27:51.416Z,384,72
4392,BUxOArql5IJ,p,https://www.instagram.com/thedogist/p/BUxOArql5IJ/,https://www.instagram.com/p/BUxOArql5IJ/,2026-06-19T22:27:51.416Z,384,73
4393,BUwyRIhlnx6,p,https://www.instagram.com/thedogist/p/BUwyRIhlnx6/,https://www.instagram.com/p/BUwyRIhlnx6/,2026-06-19T22:27:53.104Z,385,59
4394,BUvQB6PF7HM,p,https://www.instagram.com/thedogist/p/BUvQB6PF7HM/,https://www.instagram.com/p/BUvQB6PF7HM/,2026-06-19T22:27:53.104Z,385,60
4395,BUu69unlDmD,p,https://www.instagram.com/thedogist/p/BUu69unlDmD/,https://www.instagram.com/p/BUu69unlDmD/,2026-06-19T22:27:53.105Z,385,61
4396,BUugrOrFYYj,reel,https://www.instagram.com/thedogist/reel/BUugrOrFYYj/,https://www.instagram.com/reel/BUugrOrFYYj/,2026-06-19T22:27:53.105Z,385,62
4397,BUuNe14FYIm,p,https://www.instagram.com/thedogist/p/BUuNe14FYIm/,https://www.instagram.com/p/BUuNe14FYIm/,2026-06-19T22:27:53.105Z,385,63
4398,BUsewN4FFQQ,p,https://www.instagram.com/thedogist/p/BUsewN4FFQQ/,https://www.instagram.com/p/BUsewN4FFQQ/,2026-06-19T22:27:53.105Z,385,64
4399,BUsFqq7l5hS,p,https://www.instagram.com/thedogist/p/BUsFqq7l5hS/,https://www.instagram.com/p/BUsFqq7l5hS/,2026-06-19T22:27:53.105Z,385,65
4400,BUr4CCqlTTh,p,https://www.instagram.com/thedogist/p/BUr4CCqlTTh/,https://www.instagram.com/p/BUr4CCqlTTh/,2026-06-19T22:27:53.106Z,385,66
4401,BUqFT0KFA6l,p,https://www.instagram.com/thedogist/p/BUqFT0KFA6l/,https://www.instagram.com/p/BUqFT0KFA6l/,2026-06-19T22:27:53.106Z,385,67
4402,BUpK32TFPmJ,p,https://www.instagram.com/thedogist/p/BUpK32TFPmJ/,https://www.instagram.com/p/BUpK32TFPmJ/,2026-06-19T22:27:53.106Z,385,68
4403,BUo5vaYFQ8r,p,https://www.instagram.com/thedogist/p/BUo5vaYFQ8r/,https://www.instagram.com/p/BUo5vaYFQ8r/,2026-06-19T22:27:53.106Z,385,69
4404,BUnZMdKl_b9,p,https://www.instagram.com/thedogist/p/BUnZMdKl_b9/,https://www.instagram.com/p/BUnZMdKl_b9/,2026-06-19T22:27:53.107Z,385,70
4405,BUmufoNFLLt,p,https://www.instagram.com/thedogist/p/BUmufoNFLLt/,https://www.instagram.com/p/BUmufoNFLLt/,2026-06-19T22:27:54.795Z,386,61
4406,BUmbHHDl5jX,p,https://www.instagram.com/thedogist/p/BUmbHHDl5jX/,https://www.instagram.com/p/BUmbHHDl5jX/,2026-06-19T22:27:54.796Z,386,62
4407,BUkvM7OFGE4,p,https://www.instagram.com/thedogist/p/BUkvM7OFGE4/,https://www.instagram.com/p/BUkvM7OFGE4/,2026-06-19T22:27:54.796Z,386,63
4408,BUkNKM7lw_s,p,https://www.instagram.com/thedogist/p/BUkNKM7lw_s/,https://www.instagram.com/p/BUkNKM7lw_s/,2026-06-19T22:27:54.797Z,386,64
4409,BUjzCBKldtK,p,https://www.instagram.com/thedogist/p/BUjzCBKldtK/,https://www.instagram.com/p/BUjzCBKldtK/,2026-06-19T22:27:54.797Z,386,65
4410,BUiLowHFQ9H,p,https://www.instagram.com/thedogist/p/BUiLowHFQ9H/,https://www.instagram.com/p/BUiLowHFQ9H/,2026-06-19T22:27:54.797Z,386,66
4411,BUhmE_CFR5E,reel,https://www.instagram.com/thedogist/reel/BUhmE_CFR5E/,https://www.instagram.com/reel/BUhmE_CFR5E/,2026-06-19T22:27:54.797Z,386,67
4412,BUhXhq6ltak,p,https://www.instagram.com/thedogist/p/BUhXhq6ltak/,https://www.instagram.com/p/BUhXhq6ltak/,2026-06-19T22:27:54.798Z,386,68
4413,BUf2WL4lBCW,p,https://www.instagram.com/thedogist/p/BUf2WL4lBCW/,https://www.instagram.com/p/BUf2WL4lBCW/,2026-06-19T22:27:54.798Z,386,69
4414,BUfnLvJli3C,p,https://www.instagram.com/thedogist/p/BUfnLvJli3C/,https://www.instagram.com/p/BUfnLvJli3C/,2026-06-19T22:27:54.798Z,386,70
4415,BUexH-rlh7C,p,https://www.instagram.com/thedogist/p/BUexH-rlh7C/,https://www.instagram.com/p/BUexH-rlh7C/,2026-06-19T22:27:54.798Z,386,71
4416,BUc4ErJFA7N,p,https://www.instagram.com/thedogist/p/BUc4ErJFA7N/,https://www.instagram.com/p/BUc4ErJFA7N/,2026-06-19T22:27:54.799Z,386,72
4417,BUccJNllion,p,https://www.instagram.com/thedogist/p/BUccJNllion/,https://www.instagram.com/p/BUccJNllion/,2026-06-19T22:27:56.662Z,387,58
4418,BUcDPzJlsFx,p,https://www.instagram.com/thedogist/p/BUcDPzJlsFx/,https://www.instagram.com/p/BUcDPzJlsFx/,2026-06-19T22:27:56.663Z,387,59
4419,BUaZZWCFLLf,p,https://www.instagram.com/thedogist/p/BUaZZWCFLLf/,https://www.instagram.com/p/BUaZZWCFLLf/,2026-06-19T22:27:56.663Z,387,60
4420,BUZhgdTl55H,p,https://www.instagram.com/thedogist/p/BUZhgdTl55H/,https://www.instagram.com/p/BUZhgdTl55H/,2026-06-19T22:27:56.663Z,387,61
4421,BUYGlEVlsS_,p,https://www.instagram.com/thedogist/p/BUYGlEVlsS_/,https://www.instagram.com/p/BUYGlEVlsS_/,2026-06-19T22:27:56.664Z,387,62
4422,BUXYnsYFb14,p,https://www.instagram.com/thedogist/p/BUXYnsYFb14/,https://www.instagram.com/p/BUXYnsYFb14/,2026-06-19T22:27:56.664Z,387,63
4423,BUW70hoFq4o,p,https://www.instagram.com/thedogist/p/BUW70hoFq4o/,https://www.instagram.com/p/BUW70hoFq4o/,2026-06-19T22:27:56.664Z,387,64
4424,BUVUOwZFL6S,p,https://www.instagram.com/thedogist/p/BUVUOwZFL6S/,https://www.instagram.com/p/BUVUOwZFL6S/,2026-06-19T22:27:56.665Z,387,65
4425,BUUwWl0lVN3,p,https://www.instagram.com/thedogist/p/BUUwWl0lVN3/,https://www.instagram.com/p/BUUwWl0lVN3/,2026-06-19T22:27:56.665Z,387,66
4426,BUUbW4rFDAE,p,https://www.instagram.com/thedogist/p/BUUbW4rFDAE/,https://www.instagram.com/p/BUUbW4rFDAE/,2026-06-19T22:27:56.665Z,387,67
4427,BUS4VYBFjRf,p,https://www.instagram.com/thedogist/p/BUS4VYBFjRf/,https://www.instagram.com/p/BUS4VYBFjRf/,2026-06-19T22:27:56.665Z,387,68
4428,BUSLmYMl_Zo,p,https://www.instagram.com/thedogist/p/BUSLmYMl_Zo/,https://www.instagram.com/p/BUSLmYMl_Zo/,2026-06-19T22:27:56.666Z,387,69
4429,BURwjksFkol,p,https://www.instagram.com/thedogist/p/BURwjksFkol/,https://www.instagram.com/p/BURwjksFkol/,2026-06-19T22:27:58.357Z,388,60
4430,BUQHvoZF9Lz,p,https://www.instagram.com/thedogist/p/BUQHvoZF9Lz/,https://www.instagram.com/p/BUQHvoZF9Lz/,2026-06-19T22:27:58.358Z,388,61
4431,BUP0LkzF1cm,p,https://www.instagram.com/thedogist/p/BUP0LkzF1cm/,https://www.instagram.com/p/BUP0LkzF1cm/,2026-06-19T22:27:58.358Z,388,62
4432,BUPLfUIlPJP,p,https://www.instagram.com/thedogist/p/BUPLfUIlPJP/,https://www.instagram.com/p/BUPLfUIlPJP/,2026-06-19T22:27:58.360Z,388,63
4433,BUNXVdTl9Uy,p,https://www.instagram.com/thedogist/p/BUNXVdTl9Uy/,https://www.instagram.com/p/BUNXVdTl9Uy/,2026-06-19T22:27:58.360Z,388,64
4434,BUM3p7IF6In,p,https://www.instagram.com/thedogist/p/BUM3p7IF6In/,https://www.instagram.com/p/BUM3p7IF6In/,2026-06-19T22:27:58.360Z,388,65
4435,BUMkv4YlMv5,p,https://www.instagram.com/thedogist/p/BUMkv4YlMv5/,https://www.instagram.com/p/BUMkv4YlMv5/,2026-06-19T22:27:58.360Z,388,66
4436,BULMrHhlvyQ,p,https://www.instagram.com/thedogist/p/BULMrHhlvyQ/,https://www.instagram.com/p/BULMrHhlvyQ/,2026-06-19T22:27:58.361Z,388,67
4437,BUKorN4lESp,p,https://www.instagram.com/thedogist/p/BUKorN4lESp/,https://www.instagram.com/p/BUKorN4lESp/,2026-06-19T22:27:58.361Z,388,68
4438,BUKD1_IlKd1,p,https://www.instagram.com/thedogist/p/BUKD1_IlKd1/,https://www.instagram.com/p/BUKD1_IlKd1/,2026-06-19T22:27:58.361Z,388,69
4439,BUIXp5LFA0g,p,https://www.instagram.com/thedogist/p/BUIXp5LFA0g/,https://www.instagram.com/p/BUIXp5LFA0g/,2026-06-19T22:27:58.361Z,388,70
4440,BUH5WP9FI6t,p,https://www.instagram.com/thedogist/p/BUH5WP9FI6t/,https://www.instagram.com/p/BUH5WP9FI6t/,2026-06-19T22:27:58.362Z,388,71
4441,BUHgcu2FQIS,p,https://www.instagram.com/thedogist/p/BUHgcu2FQIS/,https://www.instagram.com/p/BUHgcu2FQIS/,2026-06-19T22:28:00.052Z,389,62
4442,BUF8a7llr6W,p,https://www.instagram.com/thedogist/p/BUF8a7llr6W/,https://www.instagram.com/p/BUF8a7llr6W/,2026-06-19T22:28:00.052Z,389,63
4443,BUFLa1bF_41,p,https://www.instagram.com/thedogist/p/BUFLa1bF_41/,https://www.instagram.com/p/BUFLa1bF_41/,2026-06-19T22:28:00.053Z,389,64
4444,BUDTcMPFTem,p,https://www.instagram.com/thedogist/p/BUDTcMPFTem/,https://www.instagram.com/p/BUDTcMPFTem/,2026-06-19T22:28:00.053Z,389,65
4445,BUC5Fhdleuw,p,https://www.instagram.com/thedogist/p/BUC5Fhdleuw/,https://www.instagram.com/p/BUC5Fhdleuw/,2026-06-19T22:28:00.053Z,389,66
4446,BUCZzvWFSSa,p,https://www.instagram.com/thedogist/p/BUCZzvWFSSa/,https://www.instagram.com/p/BUCZzvWFSSa/,2026-06-19T22:28:00.053Z,389,67
4447,BUAwJz3ln4b,p,https://www.instagram.com/thedogist/p/BUAwJz3ln4b/,https://www.instagram.com/p/BUAwJz3ln4b/,2026-06-19T22:28:00.054Z,389,68
4448,BUAFh1OlDbO,p,https://www.instagram.com/thedogist/p/BUAFh1OlDbO/,https://www.instagram.com/p/BUAFh1OlDbO/,2026-06-19T22:28:00.054Z,389,69
4449,BT_pa5YFoTL,p,https://www.instagram.com/thedogist/p/BT_pa5YFoTL/,https://www.instagram.com/p/BT_pa5YFoTL/,2026-06-19T22:28:00.054Z,389,70
4450,BT-La31luv6,p,https://www.instagram.com/thedogist/p/BT-La31luv6/,https://www.instagram.com/p/BT-La31luv6/,2026-06-19T22:28:00.054Z,389,71
4451,BT9yIcFF9fY,p,https://www.instagram.com/thedogist/p/BT9yIcFF9fY/,https://www.instagram.com/p/BT9yIcFF9fY/,2026-06-19T22:28:00.055Z,389,72
4452,BT9T_alFH1q,p,https://www.instagram.com/thedogist/p/BT9T_alFH1q/,https://www.instagram.com/p/BT9T_alFH1q/,2026-06-19T22:28:00.055Z,389,73
4453,BT7tUU3FvOh,p,https://www.instagram.com/thedogist/p/BT7tUU3FvOh/,https://www.instagram.com/p/BT7tUU3FvOh/,2026-06-19T22:28:01.781Z,390,59
4454,BT7KHOrF0j7,p,https://www.instagram.com/thedogist/p/BT7KHOrF0j7/,https://www.instagram.com/p/BT7KHOrF0j7/,2026-06-19T22:28:01.782Z,390,60
4455,BT6hYwblt0G,p,https://www.instagram.com/thedogist/p/BT6hYwblt0G/,https://www.instagram.com/p/BT6hYwblt0G/,2026-06-19T22:28:01.782Z,390,61
4456,BT5HpEclbWx,p,https://www.instagram.com/thedogist/p/BT5HpEclbWx/,https://www.instagram.com/p/BT5HpEclbWx/,2026-06-19T22:28:01.782Z,390,62
4457,BT4XYQ6FuRK,p,https://www.instagram.com/thedogist/p/BT4XYQ6FuRK/,https://www.instagram.com/p/BT4XYQ6FuRK/,2026-06-19T22:28:01.783Z,390,63
4458,BT4BDqHlUu4,p,https://www.instagram.com/thedogist/p/BT4BDqHlUu4/,https://www.instagram.com/p/BT4BDqHlUu4/,2026-06-19T22:28:01.783Z,390,64
4459,BT2xst0lWhR,p,https://www.instagram.com/thedogist/p/BT2xst0lWhR/,https://www.instagram.com/p/BT2xst0lWhR/,2026-06-19T22:28:01.783Z,390,65
4460,BT2NAWUlDyb,p,https://www.instagram.com/thedogist/p/BT2NAWUlDyb/,https://www.instagram.com/p/BT2NAWUlDyb/,2026-06-19T22:28:01.783Z,390,66
4461,BT15b0Uld6s,p,https://www.instagram.com/thedogist/p/BT15b0Uld6s/,https://www.instagram.com/p/BT15b0Uld6s/,2026-06-19T22:28:01.784Z,390,67
4462,BT1bhmXFAGW,p,https://www.instagram.com/thedogist/p/BT1bhmXFAGW/,https://www.instagram.com/p/BT1bhmXFAGW/,2026-06-19T22:28:01.784Z,390,68
4463,BTzpDZpln4a,p,https://www.instagram.com/thedogist/p/BTzpDZpln4a/,https://www.instagram.com/p/BTzpDZpln4a/,2026-06-19T22:28:01.784Z,390,69
4464,BTy6XeplRAi,p,https://www.instagram.com/thedogist/p/BTy6XeplRAi/,https://www.instagram.com/p/BTy6XeplRAi/,2026-06-19T22:28:01.784Z,390,70
4465,BTxhX8dlADc,p,https://www.instagram.com/thedogist/p/BTxhX8dlADc/,https://www.instagram.com/p/BTxhX8dlADc/,2026-06-19T22:28:03.475Z,391,61
4466,BTwrhRVFPZ1,p,https://www.instagram.com/thedogist/p/BTwrhRVFPZ1/,https://www.instagram.com/p/BTwrhRVFPZ1/,2026-06-19T22:28:03.475Z,391,62
4467,BTwOTP8lEvu,p,https://www.instagram.com/thedogist/p/BTwOTP8lEvu/,https://www.instagram.com/p/BTwOTP8lEvu/,2026-06-19T22:28:03.476Z,391,63
4468,BTu2ELGFSKW,p,https://www.instagram.com/thedogist/p/BTu2ELGFSKW/,https://www.instagram.com/p/BTu2ELGFSKW/,2026-06-19T22:28:03.476Z,391,64
4469,BTuURaDlX5n,p,https://www.instagram.com/thedogist/p/BTuURaDlX5n/,https://www.instagram.com/p/BTuURaDlX5n/,2026-06-19T22:28:03.476Z,391,65
4470,BTt4HsRFrO-,p,https://www.instagram.com/thedogist/p/BTt4HsRFrO-/,https://www.instagram.com/p/BTt4HsRFrO-/,2026-06-19T22:28:03.476Z,391,66
4471,BTsW0OhFSDn,p,https://www.instagram.com/thedogist/p/BTsW0OhFSDn/,https://www.instagram.com/p/BTsW0OhFSDn/,2026-06-19T22:28:03.477Z,391,67
4472,BTrh-b2FB8Y,p,https://www.instagram.com/thedogist/p/BTrh-b2FB8Y/,https://www.instagram.com/p/BTrh-b2FB8Y/,2026-06-19T22:28:03.477Z,391,68
4473,BTrJ90EF53M,p,https://www.instagram.com/thedogist/p/BTrJ90EF53M/,https://www.instagram.com/p/BTrJ90EF53M/,2026-06-19T22:28:03.477Z,391,69
4474,BTpdGE3FMY3,p,https://www.instagram.com/thedogist/p/BTpdGE3FMY3/,https://www.instagram.com/p/BTpdGE3FMY3/,2026-06-19T22:28:03.477Z,391,70
4475,BTpRIByl1wM,p,https://www.instagram.com/thedogist/p/BTpRIByl1wM/,https://www.instagram.com/p/BTpRIByl1wM/,2026-06-19T22:28:03.478Z,391,71
4476,BTosEDWFdMV,p,https://www.instagram.com/thedogist/p/BTosEDWFdMV/,https://www.instagram.com/p/BTosEDWFdMV/,2026-06-19T22:28:03.478Z,391,72
4477,BTmtd6HlP2O,p,https://www.instagram.com/thedogist/p/BTmtd6HlP2O/,https://www.instagram.com/p/BTmtd6HlP2O/,2026-06-19T22:28:06.890Z,393,58
4478,BTmnMzuln5p,p,https://www.instagram.com/thedogist/p/BTmnMzuln5p/,https://www.instagram.com/p/BTmnMzuln5p/,2026-06-19T22:28:06.892Z,393,59
4479,BTmP6U4FtKD,p,https://www.instagram.com/thedogist/p/BTmP6U4FtKD/,https://www.instagram.com/p/BTmP6U4FtKD/,2026-06-19T22:28:06.893Z,393,60
4480,BTkghySldw3,p,https://www.instagram.com/thedogist/p/BTkghySldw3/,https://www.instagram.com/p/BTkghySldw3/,2026-06-19T22:28:06.894Z,393,61
4481,BTkHxn1lUIE,p,https://www.instagram.com/thedogist/p/BTkHxn1lUIE/,https://www.instagram.com/p/BTkHxn1lUIE/,2026-06-19T22:28:06.894Z,393,62
4482,BTjdBoClyKj,p,https://www.instagram.com/thedogist/p/BTjdBoClyKj/,https://www.instagram.com/p/BTjdBoClyKj/,2026-06-19T22:28:06.895Z,393,63
4483,BThvIb9lCcW,p,https://www.instagram.com/thedogist/p/BThvIb9lCcW/,https://www.instagram.com/p/BThvIb9lCcW/,2026-06-19T22:28:06.895Z,393,64
4484,BThTxOTF4uQ,p,https://www.instagram.com/thedogist/p/BThTxOTF4uQ/,https://www.instagram.com/p/BThTxOTF4uQ/,2026-06-19T22:28:06.896Z,393,65
4485,BTg-Pw8FjGy,p,https://www.instagram.com/thedogist/p/BTg-Pw8FjGy/,https://www.instagram.com/p/BTg-Pw8FjGy/,2026-06-19T22:28:06.896Z,393,66
4486,BTfQWXsFQEM,p,https://www.instagram.com/thedogist/p/BTfQWXsFQEM/,https://www.instagram.com/p/BTfQWXsFQEM/,2026-06-19T22:28:06.896Z,393,67
4487,BTe1n_elaKG,p,https://www.instagram.com/thedogist/p/BTe1n_elaKG/,https://www.instagram.com/p/BTe1n_elaKG/,2026-06-19T22:28:06.897Z,393,68
4488,BTeUeDXlyhs,p,https://www.instagram.com/thedogist/p/BTeUeDXlyhs/,https://www.instagram.com/p/BTeUeDXlyhs/,2026-06-19T22:28:06.897Z,393,69
4489,BTc0TpgFL84,p,https://www.instagram.com/thedogist/p/BTc0TpgFL84/,https://www.instagram.com/p/BTc0TpgFL84/,2026-06-19T22:28:08.717Z,394,60
4490,BTcVCj5lRnE,p,https://www.instagram.com/thedogist/p/BTcVCj5lRnE/,https://www.instagram.com/p/BTcVCj5lRnE/,2026-06-19T22:28:08.718Z,394,61
4491,BTb0j5QFgGS,p,https://www.instagram.com/thedogist/p/BTb0j5QFgGS/,https://www.instagram.com/p/BTb0j5QFgGS/,2026-06-19T22:28:08.718Z,394,62
4492,BTZ4GV0lPVS,p,https://www.instagram.com/thedogist/p/BTZ4GV0lPVS/,https://www.instagram.com/p/BTZ4GV0lPVS/,2026-06-19T22:28:08.718Z,394,63
4493,BTZg-kylNOa,p,https://www.instagram.com/thedogist/p/BTZg-kylNOa/,https://www.instagram.com/p/BTZg-kylNOa/,2026-06-19T22:28:08.718Z,394,64
4494,BTZVU4NlUsN,p,https://www.instagram.com/thedogist/p/BTZVU4NlUsN/,https://www.instagram.com/p/BTZVU4NlUsN/,2026-06-19T22:28:08.719Z,394,65
4495,BTXR9u-lS9z,p,https://www.instagram.com/thedogist/p/BTXR9u-lS9z/,https://www.instagram.com/p/BTXR9u-lS9z/,2026-06-19T22:28:08.719Z,394,66
4496,BTWnpYiFP8A,p,https://www.instagram.com/thedogist/p/BTWnpYiFP8A/,https://www.instagram.com/p/BTWnpYiFP8A/,2026-06-19T22:28:08.719Z,394,67
4497,BTVc5bGFlYr,p,https://www.instagram.com/thedogist/p/BTVc5bGFlYr/,https://www.instagram.com/p/BTVc5bGFlYr/,2026-06-19T22:28:08.719Z,394,68
4498,BTUow7-lIkH,p,https://www.instagram.com/thedogist/p/BTUow7-lIkH/,https://www.instagram.com/p/BTUow7-lIkH/,2026-06-19T22:28:08.720Z,394,69
4499,BTUD9LtlrjF,p,https://www.instagram.com/thedogist/p/BTUD9LtlrjF/,https://www.instagram.com/p/BTUD9LtlrjF/,2026-06-19T22:28:08.720Z,394,70
4500,BTSamH8FN-M,p,https://www.instagram.com/thedogist/p/BTSamH8FN-M/,https://www.instagram.com/p/BTSamH8FN-M/,2026-06-19T22:28:08.720Z,394,71
4501,BTSCLTLl1Qn,p,https://www.instagram.com/thedogist/p/BTSCLTLl1Qn/,https://www.instagram.com/p/BTSCLTLl1Qn/,2026-06-19T22:28:10.409Z,395,62
4502,BTRgF-yFZld,p,https://www.instagram.com/thedogist/p/BTRgF-yFZld/,https://www.instagram.com/p/BTRgF-yFZld/,2026-06-19T22:28:10.410Z,395,63
4503,BTPgegjl649,p,https://www.instagram.com/thedogist/p/BTPgegjl649/,https://www.instagram.com/p/BTPgegjl649/,2026-06-19T22:28:10.410Z,395,64
4504,BTO6mXFFF7W,p,https://www.instagram.com/thedogist/p/BTO6mXFFF7W/,https://www.instagram.com/p/BTO6mXFFF7W/,2026-06-19T22:28:10.410Z,395,65
4505,BTNdeE_F8Hv,p,https://www.instagram.com/thedogist/p/BTNdeE_F8Hv/,https://www.instagram.com/p/BTNdeE_F8Hv/,2026-06-19T22:28:10.410Z,395,66
4506,BTMsn7pFBhV,p,https://www.instagram.com/thedogist/p/BTMsn7pFBhV/,https://www.instagram.com/p/BTMsn7pFBhV/,2026-06-19T22:28:10.410Z,395,67
4507,BTMTBK4F4Eq,p,https://www.instagram.com/thedogist/p/BTMTBK4F4Eq/,https://www.instagram.com/p/BTMTBK4F4Eq/,2026-06-19T22:28:10.411Z,395,68
4508,BTKkOLVlG_u,p,https://www.instagram.com/thedogist/p/BTKkOLVlG_u/,https://www.instagram.com/p/BTKkOLVlG_u/,2026-06-19T22:28:10.411Z,395,69
4509,BTKLWXHFeQT,p,https://www.instagram.com/thedogist/p/BTKLWXHFeQT/,https://www.instagram.com/p/BTKLWXHFeQT/,2026-06-19T22:28:10.411Z,395,70
4510,BTJqS81lMzJ,p,https://www.instagram.com/thedogist/p/BTJqS81lMzJ/,https://www.instagram.com/p/BTJqS81lMzJ/,2026-06-19T22:28:10.411Z,395,71
4511,BTIKxy-l5Hx,p,https://www.instagram.com/thedogist/p/BTIKxy-l5Hx/,https://www.instagram.com/p/BTIKxy-l5Hx/,2026-06-19T22:28:10.411Z,395,72
4512,BTH0vJpFZCg,p,https://www.instagram.com/thedogist/p/BTH0vJpFZCg/,https://www.instagram.com/p/BTH0vJpFZCg/,2026-06-19T22:28:10.412Z,395,73
4513,BTHSLm2lh_G,p,https://www.instagram.com/thedogist/p/BTHSLm2lh_G/,https://www.instagram.com/p/BTHSLm2lh_G/,2026-06-19T22:28:12.102Z,396,59
4514,BTFjYb6F0Y-,p,https://www.instagram.com/thedogist/p/BTFjYb6F0Y-/,https://www.instagram.com/p/BTFjYb6F0Y-/,2026-06-19T22:28:12.102Z,396,60
4515,BTFLdRMFFus,p,https://www.instagram.com/thedogist/p/BTFLdRMFFus/,https://www.instagram.com/p/BTFLdRMFFus/,2026-06-19T22:28:12.103Z,396,61
4516,BTEvK2PlOAz,p,https://www.instagram.com/thedogist/p/BTEvK2PlOAz/,https://www.instagram.com/p/BTEvK2PlOAz/,2026-06-19T22:28:12.103Z,396,62
4517,BTDCc83FSD5,p,https://www.instagram.com/thedogist/p/BTDCc83FSD5/,https://www.instagram.com/p/BTDCc83FSD5/,2026-06-19T22:28:12.103Z,396,63
4518,BTCvB4xF_i5,p,https://www.instagram.com/thedogist/p/BTCvB4xF_i5/,https://www.instagram.com/p/BTCvB4xF_i5/,2026-06-19T22:28:12.103Z,396,64
4519,BTCBk4PFa0x,p,https://www.instagram.com/thedogist/p/BTCBk4PFa0x/,https://www.instagram.com/p/BTCBk4PFa0x/,2026-06-19T22:28:12.103Z,396,65
4520,BTAg-3zlYGf,p,https://www.instagram.com/thedogist/p/BTAg-3zlYGf/,https://www.instagram.com/p/BTAg-3zlYGf/,2026-06-19T22:28:12.103Z,396,66
4521,BS_7DDilg7R,p,https://www.instagram.com/thedogist/p/BS_7DDilg7R/,https://www.instagram.com/p/BS_7DDilg7R/,2026-06-19T22:28:12.104Z,396,67
4522,BS_agr9FHbb,p,https://www.instagram.com/thedogist/p/BS_agr9FHbb/,https://www.instagram.com/p/BS_agr9FHbb/,2026-06-19T22:28:12.104Z,396,68
4523,BS90_RmF49g,p,https://www.instagram.com/thedogist/p/BS90_RmF49g/,https://www.instagram.com/p/BS90_RmF49g/,2026-06-19T22:28:12.104Z,396,69
4524,BS9lVABFbvT,p,https://www.instagram.com/thedogist/p/BS9lVABFbvT/,https://www.instagram.com/p/BS9lVABFbvT/,2026-06-19T22:28:12.104Z,396,70
4525,BS9aSLsFpTp,p,https://www.instagram.com/thedogist/p/BS9aSLsFpTp/,https://www.instagram.com/p/BS9aSLsFpTp/,2026-06-19T22:28:13.879Z,397,61
4526,BS9HMafFRGZ,p,https://www.instagram.com/thedogist/p/BS9HMafFRGZ/,https://www.instagram.com/p/BS9HMafFRGZ/,2026-06-19T22:28:13.879Z,397,62
4527,BS9BsahFuyY,p,https://www.instagram.com/thedogist/p/BS9BsahFuyY/,https://www.instagram.com/p/BS9BsahFuyY/,2026-06-19T22:28:13.880Z,397,63
4528,BS7Qa57Fsst,p,https://www.instagram.com/thedogist/p/BS7Qa57Fsst/,https://www.instagram.com/p/BS7Qa57Fsst/,2026-06-19T22:28:13.880Z,397,64
4529,BS690BrFbF7,p,https://www.instagram.com/thedogist/p/BS690BrFbF7/,https://www.instagram.com/p/BS690BrFbF7/,2026-06-19T22:28:13.880Z,397,65
4530,BS6WBSGFE_H,p,https://www.instagram.com/thedogist/p/BS6WBSGFE_H/,https://www.instagram.com/p/BS6WBSGFE_H/,2026-06-19T22:28:13.880Z,397,66
4531,BS4f2d3FnNV,p,https://www.instagram.com/thedogist/p/BS4f2d3FnNV/,https://www.instagram.com/p/BS4f2d3FnNV/,2026-06-19T22:28:13.881Z,397,67
4532,BS4FlEBFPH-,p,https://www.instagram.com/thedogist/p/BS4FlEBFPH-/,https://www.instagram.com/p/BS4FlEBFPH-/,2026-06-19T22:28:13.881Z,397,68
4533,BS3r85bltcf,p,https://www.instagram.com/thedogist/p/BS3r85bltcf/,https://www.instagram.com/p/BS3r85bltcf/,2026-06-19T22:28:13.881Z,397,69
4534,BS2FD8HlTYD,p,https://www.instagram.com/thedogist/p/BS2FD8HlTYD/,https://www.instagram.com/p/BS2FD8HlTYD/,2026-06-19T22:28:13.881Z,397,70
4535,BS1leVNloZ0,p,https://www.instagram.com/thedogist/p/BS1leVNloZ0/,https://www.instagram.com/p/BS1leVNloZ0/,2026-06-19T22:28:13.882Z,397,71
4536,BS1GnF7Ft8N,p,https://www.instagram.com/thedogist/p/BS1GnF7Ft8N/,https://www.instagram.com/p/BS1GnF7Ft8N/,2026-06-19T22:28:13.882Z,397,72
4537,BSzfO5_FICa,p,https://www.instagram.com/thedogist/p/BSzfO5_FICa/,https://www.instagram.com/p/BSzfO5_FICa/,2026-06-19T22:28:15.571Z,398,58
4538,BSy-3WMl6Sl,p,https://www.instagram.com/thedogist/p/BSy-3WMl6Sl/,https://www.instagram.com/p/BSy-3WMl6Sl/,2026-06-19T22:28:15.571Z,398,59
4539,BSypReFlZL9,p,https://www.instagram.com/thedogist/p/BSypReFlZL9/,https://www.instagram.com/p/BSypReFlZL9/,2026-06-19T22:28:15.572Z,398,60
4540,BSw6YEYlh21,p,https://www.instagram.com/thedogist/p/BSw6YEYlh21/,https://www.instagram.com/p/BSw6YEYlh21/,2026-06-19T22:28:15.572Z,398,61
4541,BSwQNDCFS1R,p,https://www.instagram.com/thedogist/p/BSwQNDCFS1R/,https://www.instagram.com/p/BSwQNDCFS1R/,2026-06-19T22:28:15.572Z,398,62
4542,BSv8SS6lmcr,p,https://www.instagram.com/thedogist/p/BSv8SS6lmcr/,https://www.instagram.com/p/BSv8SS6lmcr/,2026-06-19T22:28:15.572Z,398,63
4543,BSuUDpLFFcG,p,https://www.instagram.com/thedogist/p/BSuUDpLFFcG/,https://www.instagram.com/p/BSuUDpLFFcG/,2026-06-19T22:28:15.573Z,398,64
4544,BStprD6lzhF,p,https://www.instagram.com/thedogist/p/BStprD6lzhF/,https://www.instagram.com/p/BStprD6lzhF/,2026-06-19T22:28:15.573Z,398,65
4545,BStXv1rl6Su,p,https://www.instagram.com/thedogist/p/BStXv1rl6Su/,https://www.instagram.com/p/BStXv1rl6Su/,2026-06-19T22:28:15.573Z,398,66
4546,BSsAHEZFrpe,p,https://www.instagram.com/thedogist/p/BSsAHEZFrpe/,https://www.instagram.com/p/BSsAHEZFrpe/,2026-06-19T22:28:15.573Z,398,67
4547,BSrhLvPls6g,p,https://www.instagram.com/thedogist/p/BSrhLvPls6g/,https://www.instagram.com/p/BSrhLvPls6g/,2026-06-19T22:28:15.574Z,398,68
4548,BSq4gDUlGo-,p,https://www.instagram.com/thedogist/p/BSq4gDUlGo-/,https://www.instagram.com/p/BSq4gDUlGo-/,2026-06-19T22:28:15.574Z,398,69
4549,BSpXWLolzhP,p,https://www.instagram.com/thedogist/p/BSpXWLolzhP/,https://www.instagram.com/p/BSpXWLolzhP/,2026-06-19T22:28:17.269Z,399,60
4550,BSo3g1flTax,p,https://www.instagram.com/thedogist/p/BSo3g1flTax/,https://www.instagram.com/p/BSo3g1flTax/,2026-06-19T22:28:17.269Z,399,61
4551,BSof8qhlCp2,p,https://www.instagram.com/thedogist/p/BSof8qhlCp2/,https://www.instagram.com/p/BSof8qhlCp2/,2026-06-19T22:28:17.270Z,399,62
4552,BSoQAZwF0lX,p,https://www.instagram.com/thedogist/p/BSoQAZwF0lX/,https://www.instagram.com/p/BSoQAZwF0lX/,2026-06-19T22:28:17.270Z,399,63
4553,BSmpTCOlkSx,p,https://www.instagram.com/thedogist/p/BSmpTCOlkSx/,https://www.instagram.com/p/BSmpTCOlkSx/,2026-06-19T22:28:17.270Z,399,64
4554,BSmVfYTl1Ps,p,https://www.instagram.com/thedogist/p/BSmVfYTl1Ps/,https://www.instagram.com/p/BSmVfYTl1Ps/,2026-06-19T22:28:17.271Z,399,65
4555,BSmFNHyFHRv,p,https://www.instagram.com/thedogist/p/BSmFNHyFHRv/,https://www.instagram.com/p/BSmFNHyFHRv/,2026-06-19T22:28:17.271Z,399,66
4556,BSl3-24Fnqp,p,https://www.instagram.com/thedogist/p/BSl3-24Fnqp/,https://www.instagram.com/p/BSl3-24Fnqp/,2026-06-19T22:28:17.271Z,399,67
4557,BSlvowSFPKk,p,https://www.instagram.com/thedogist/p/BSlvowSFPKk/,https://www.instagram.com/p/BSlvowSFPKk/,2026-06-19T22:28:17.272Z,399,68
4558,BSkMzb_lqaP,p,https://www.instagram.com/thedogist/p/BSkMzb_lqaP/,https://www.instagram.com/p/BSkMzb_lqaP/,2026-06-19T22:28:17.272Z,399,69
4559,BSjfhN4llDs,p,https://www.instagram.com/thedogist/p/BSjfhN4llDs/,https://www.instagram.com/p/BSjfhN4llDs/,2026-06-19T22:28:17.272Z,399,70
4560,BSjHlz4leru,p,https://www.instagram.com/thedogist/p/BSjHlz4leru/,https://www.instagram.com/p/BSjHlz4leru/,2026-06-19T22:28:17.272Z,399,71
4561,BShX-WNljWx,p,https://www.instagram.com/thedogist/p/BShX-WNljWx/,https://www.instagram.com/p/BShX-WNljWx/,2026-06-19T22:28:18.977Z,400,62
4562,BSg23y_FGYQ,p,https://www.instagram.com/thedogist/p/BSg23y_FGYQ/,https://www.instagram.com/p/BSg23y_FGYQ/,2026-06-19T22:28:18.978Z,400,63
4563,BSgbaEtFs0C,p,https://www.instagram.com/thedogist/p/BSgbaEtFs0C/,https://www.instagram.com/p/BSgbaEtFs0C/,2026-06-19T22:28:18.979Z,400,64
4564,BSe7eaaFq1n,p,https://www.instagram.com/thedogist/p/BSe7eaaFq1n/,https://www.instagram.com/p/BSe7eaaFq1n/,2026-06-19T22:28:18.979Z,400,65
4565,BSeUvJ5lAKN,p,https://www.instagram.com/thedogist/p/BSeUvJ5lAKN/,https://www.instagram.com/p/BSeUvJ5lAKN/,2026-06-19T22:28:18.979Z,400,66
4566,BSd5vJbl-3C,p,https://www.instagram.com/thedogist/p/BSd5vJbl-3C/,https://www.instagram.com/p/BSd5vJbl-3C/,2026-06-19T22:28:18.980Z,400,67
4567,BScLDJzFOwk,p,https://www.instagram.com/thedogist/p/BScLDJzFOwk/,https://www.instagram.com/p/BScLDJzFOwk/,2026-06-19T22:28:18.980Z,400,68
4568,BSbvjCSFjWy,p,https://www.instagram.com/thedogist/p/BSbvjCSFjWy/,https://www.instagram.com/p/BSbvjCSFjWy/,2026-06-19T22:28:18.980Z,400,69
4569,BSbVLZllttB,p,https://www.instagram.com/thedogist/p/BSbVLZllttB/,https://www.instagram.com/p/BSbVLZllttB/,2026-06-19T22:28:18.980Z,400,70
4570,BSZsLOpFDrG,p,https://www.instagram.com/thedogist/p/BSZsLOpFDrG/,https://www.instagram.com/p/BSZsLOpFDrG/,2026-06-19T22:28:18.981Z,400,71
4571,BSZKdcvF_5D,p,https://www.instagram.com/thedogist/p/BSZKdcvF_5D/,https://www.instagram.com/p/BSZKdcvF_5D/,2026-06-19T22:28:18.981Z,400,72
4572,BSYusTKl3PO,p,https://www.instagram.com/thedogist/p/BSYusTKl3PO/,https://www.instagram.com/p/BSYusTKl3PO/,2026-06-19T22:28:18.981Z,400,73
4573,BSXJ9nHFDZr,p,https://www.instagram.com/thedogist/p/BSXJ9nHFDZr/,https://www.instagram.com/p/BSXJ9nHFDZr/,2026-06-19T22:28:20.753Z,401,59
4574,BSWx7HkFDtW,p,https://www.instagram.com/thedogist/p/BSWx7HkFDtW/,https://www.instagram.com/p/BSWx7HkFDtW/,2026-06-19T22:28:20.753Z,401,60
4575,BSWgelpFMC5,p,https://www.instagram.com/thedogist/p/BSWgelpFMC5/,https://www.instagram.com/p/BSWgelpFMC5/,2026-06-19T22:28:20.754Z,401,61
4576,BSWLD2-Fdoz,p,https://www.instagram.com/thedogist/p/BSWLD2-Fdoz/,https://www.instagram.com/p/BSWLD2-Fdoz/,2026-06-19T22:28:20.754Z,401,62
4577,BSUdu1gFWg0,p,https://www.instagram.com/thedogist/p/BSUdu1gFWg0/,https://www.instagram.com/p/BSUdu1gFWg0/,2026-06-19T22:28:20.754Z,401,63
4578,BSUP1nyFgO7,p,https://www.instagram.com/thedogist/p/BSUP1nyFgO7/,https://www.instagram.com/p/BSUP1nyFgO7/,2026-06-19T22:28:20.754Z,401,64
4579,BST2PUhFtsu,p,https://www.instagram.com/thedogist/p/BST2PUhFtsu/,https://www.instagram.com/p/BST2PUhFtsu/,2026-06-19T22:28:20.755Z,401,65
4580,BSSBS71FpUv,p,https://www.instagram.com/thedogist/p/BSSBS71FpUv/,https://www.instagram.com/p/BSSBS71FpUv/,2026-06-19T22:28:20.755Z,401,66
4581,BSRgYAFgXSV,p,https://www.instagram.com/thedogist/p/BSRgYAFgXSV/,https://www.instagram.com/p/BSRgYAFgXSV/,2026-06-19T22:28:20.755Z,401,67
4582,BSRAA3dgW0Q,p,https://www.instagram.com/thedogist/p/BSRAA3dgW0Q/,https://www.instagram.com/p/BSRAA3dgW0Q/,2026-06-19T22:28:20.755Z,401,68
4583,BSPi10IAbSr,p,https://www.instagram.com/thedogist/p/BSPi10IAbSr/,https://www.instagram.com/p/BSPi10IAbSr/,2026-06-19T22:28:20.756Z,401,69
4584,BSO2q_WgHDD,p,https://www.instagram.com/thedogist/p/BSO2q_WgHDD/,https://www.instagram.com/p/BSO2q_WgHDD/,2026-06-19T22:28:20.756Z,401,70
4585,BSOacsYFods,p,https://www.instagram.com/thedogist/p/BSOacsYFods/,https://www.instagram.com/p/BSOacsYFods/,2026-06-19T22:28:22.447Z,402,61
4586,BSM5q8HlMP8,p,https://www.instagram.com/thedogist/p/BSM5q8HlMP8/,https://www.instagram.com/p/BSM5q8HlMP8/,2026-06-19T22:28:22.448Z,402,62
4587,BSMSGrbFeMv,p,https://www.instagram.com/thedogist/p/BSMSGrbFeMv/,https://www.instagram.com/p/BSMSGrbFeMv/,2026-06-19T22:28:22.449Z,402,63
4588,BSL7CUxlxOw,p,https://www.instagram.com/thedogist/p/BSL7CUxlxOw/,https://www.instagram.com/p/BSL7CUxlxOw/,2026-06-19T22:28:22.449Z,402,64
4589,BSKZFCclsVV,p,https://www.instagram.com/thedogist/p/BSKZFCclsVV/,https://www.instagram.com/p/BSKZFCclsVV/,2026-06-19T22:28:22.449Z,402,65
4590,BSKK_Holnyn,p,https://www.instagram.com/thedogist/p/BSKK_Holnyn/,https://www.instagram.com/p/BSKK_Holnyn/,2026-06-19T22:28:22.449Z,402,66
4591,BSJf3ZBlw93,p,https://www.instagram.com/thedogist/p/BSJf3ZBlw93/,https://www.instagram.com/p/BSJf3ZBlw93/,2026-06-19T22:28:22.449Z,402,67
4592,BSHtQa4lxb2,p,https://www.instagram.com/thedogist/p/BSHtQa4lxb2/,https://www.instagram.com/p/BSHtQa4lxb2/,2026-06-19T22:28:22.450Z,402,68
4593,BSHRDC_FDni,p,https://www.instagram.com/thedogist/p/BSHRDC_FDni/,https://www.instagram.com/p/BSHRDC_FDni/,2026-06-19T22:28:22.450Z,402,69
4594,BSGu5PPF9H0,p,https://www.instagram.com/thedogist/p/BSGu5PPF9H0/,https://www.instagram.com/p/BSGu5PPF9H0/,2026-06-19T22:28:22.450Z,402,70
4595,BSEsOE-lYNC,p,https://www.instagram.com/thedogist/p/BSEsOE-lYNC/,https://www.instagram.com/p/BSEsOE-lYNC/,2026-06-19T22:28:22.450Z,402,71
4596,BSEKEIIlPox,p,https://www.instagram.com/thedogist/p/BSEKEIIlPox/,https://www.instagram.com/p/BSEKEIIlPox/,2026-06-19T22:28:22.451Z,402,72
4597,BSCXiTSFUXB,p,https://www.instagram.com/thedogist/p/BSCXiTSFUXB/,https://www.instagram.com/p/BSCXiTSFUXB/,2026-06-19T22:28:25.869Z,404,58
4598,BSBoNualx8l,p,https://www.instagram.com/thedogist/p/BSBoNualx8l/,https://www.instagram.com/p/BSBoNualx8l/,2026-06-19T22:28:25.871Z,404,59
4599,BR_-0hJljBG,p,https://www.instagram.com/thedogist/p/BR_-0hJljBG/,https://www.instagram.com/p/BR_-0hJljBG/,2026-06-19T22:28:25.872Z,404,60
4600,BR_kkd_FqpV,p,https://www.instagram.com/thedogist/p/BR_kkd_FqpV/,https://www.instagram.com/p/BR_kkd_FqpV/,2026-06-19T22:28:25.872Z,404,61
4601,BR_d75elnMa,p,https://www.instagram.com/thedogist/p/BR_d75elnMa/,https://www.instagram.com/p/BR_d75elnMa/,2026-06-19T22:28:25.873Z,404,62
4602,BR_DHgjlY-a,p,https://www.instagram.com/thedogist/p/BR_DHgjlY-a/,https://www.instagram.com/p/BR_DHgjlY-a/,2026-06-19T22:28:25.873Z,404,63
4603,BR9sfTOlEPx,p,https://www.instagram.com/thedogist/p/BR9sfTOlEPx/,https://www.instagram.com/p/BR9sfTOlEPx/,2026-06-19T22:28:25.873Z,404,64
4604,BR9FNolF91u,p,https://www.instagram.com/thedogist/p/BR9FNolF91u/,https://www.instagram.com/p/BR9FNolF91u/,2026-06-19T22:28:25.874Z,404,65
4605,BR8qUbbFXtW,p,https://www.instagram.com/thedogist/p/BR8qUbbFXtW/,https://www.instagram.com/p/BR8qUbbFXtW/,2026-06-19T22:28:25.874Z,404,66
4606,BR67WPslz3u,p,https://www.instagram.com/thedogist/p/BR67WPslz3u/,https://www.instagram.com/p/BR67WPslz3u/,2026-06-19T22:28:25.875Z,404,67
4607,BR6U6vFl3hs,p,https://www.instagram.com/thedogist/p/BR6U6vFl3hs/,https://www.instagram.com/p/BR6U6vFl3hs/,2026-06-19T22:28:25.875Z,404,68
4608,BR58ux1FHq5,p,https://www.instagram.com/thedogist/p/BR58ux1FHq5/,https://www.instagram.com/p/BR58ux1FHq5/,2026-06-19T22:28:25.876Z,404,69
4609,BR4VI4GAZf3,p,https://www.instagram.com/thedogist/p/BR4VI4GAZf3/,https://www.instagram.com/p/BR4VI4GAZf3/,2026-06-19T22:28:27.586Z,405,60
4610,BR338MxAvnL,p,https://www.instagram.com/thedogist/p/BR338MxAvnL/,https://www.instagram.com/p/BR338MxAvnL/,2026-06-19T22:28:27.587Z,405,61
4611,BR3aODMAdvy,p,https://www.instagram.com/thedogist/p/BR3aODMAdvy/,https://www.instagram.com/p/BR3aODMAdvy/,2026-06-19T22:28:27.587Z,405,62
4612,BR1sxsLAHzt,p,https://www.instagram.com/thedogist/p/BR1sxsLAHzt/,https://www.instagram.com/p/BR1sxsLAHzt/,2026-06-19T22:28:27.587Z,405,63
4613,BR1Pp7PgI7Z,p,https://www.instagram.com/thedogist/p/BR1Pp7PgI7Z/,https://www.instagram.com/p/BR1Pp7PgI7Z/,2026-06-19T22:28:27.587Z,405,64
4614,BR03Xfbg-jn,p,https://www.instagram.com/thedogist/p/BR03Xfbg-jn/,https://www.instagram.com/p/BR03Xfbg-jn/,2026-06-19T22:28:27.588Z,405,65
4615,BRy_6gbgkqI,p,https://www.instagram.com/thedogist/p/BRy_6gbgkqI/,https://www.instagram.com/p/BRy_6gbgkqI/,2026-06-19T22:28:27.588Z,405,66
4616,BRylpxRg9dL,p,https://www.instagram.com/thedogist/p/BRylpxRg9dL/,https://www.instagram.com/p/BRylpxRg9dL/,2026-06-19T22:28:27.588Z,405,67
4617,BRyF15aAezz,p,https://www.instagram.com/thedogist/p/BRyF15aAezz/,https://www.instagram.com/p/BRyF15aAezz/,2026-06-19T22:28:27.588Z,405,68
4618,BRw0rHTge8q,p,https://www.instagram.com/thedogist/p/BRw0rHTge8q/,https://www.instagram.com/p/BRw0rHTge8q/,2026-06-19T22:28:27.589Z,405,69
4619,BRwWrbLAnks,p,https://www.instagram.com/thedogist/p/BRwWrbLAnks/,https://www.instagram.com/p/BRwWrbLAnks/,2026-06-19T22:28:27.589Z,405,70
4620,BRvuwYoFBJr,p,https://www.instagram.com/thedogist/p/BRvuwYoFBJr/,https://www.instagram.com/p/BRvuwYoFBJr/,2026-06-19T22:28:27.589Z,405,71
4621,BRt6ovml_hH,p,https://www.instagram.com/thedogist/p/BRt6ovml_hH/,https://www.instagram.com/p/BRt6ovml_hH/,2026-06-19T22:28:29.619Z,406,62
4622,BRtYMunFE_W,p,https://www.instagram.com/thedogist/p/BRtYMunFE_W/,https://www.instagram.com/p/BRtYMunFE_W/,2026-06-19T22:28:29.620Z,406,63
4623,BRs_Sq5Fnaq,p,https://www.instagram.com/thedogist/p/BRs_Sq5Fnaq/,https://www.instagram.com/p/BRs_Sq5Fnaq/,2026-06-19T22:28:29.620Z,406,64
4624,BRrbru-lLHi,p,https://www.instagram.com/thedogist/p/BRrbru-lLHi/,https://www.instagram.com/p/BRrbru-lLHi/,2026-06-19T22:28:29.620Z,406,65
4625,BRq51uDl0Ep,p,https://www.instagram.com/thedogist/p/BRq51uDl0Ep/,https://www.instagram.com/p/BRq51uDl0Ep/,2026-06-19T22:28:29.621Z,406,66
4626,BRqaMeAFNO_,p,https://www.instagram.com/thedogist/p/BRqaMeAFNO_/,https://www.instagram.com/p/BRqaMeAFNO_/,2026-06-19T22:28:29.621Z,406,67
4627,BRo7tyAFi19,p,https://www.instagram.com/thedogist/p/BRo7tyAFi19/,https://www.instagram.com/p/BRo7tyAFi19/,2026-06-19T22:28:29.621Z,406,68
4628,BRooaHbl5hN,p,https://www.instagram.com/thedogist/p/BRooaHbl5hN/,https://www.instagram.com/p/BRooaHbl5hN/,2026-06-19T22:28:29.621Z,406,69
4629,BRoX6VlF2Lv,p,https://www.instagram.com/thedogist/p/BRoX6VlF2Lv/,https://www.instagram.com/p/BRoX6VlF2Lv/,2026-06-19T22:28:29.622Z,406,70
4630,BRoLl3ClrJx,p,https://www.instagram.com/thedogist/p/BRoLl3ClrJx/,https://www.instagram.com/p/BRoLl3ClrJx/,2026-06-19T22:28:29.622Z,406,71
4631,BRmR8Prlo13,p,https://www.instagram.com/thedogist/p/BRmR8Prlo13/,https://www.instagram.com/p/BRmR8Prlo13/,2026-06-19T22:28:29.622Z,406,72
4632,BRlvl0clf0b,p,https://www.instagram.com/thedogist/p/BRlvl0clf0b/,https://www.instagram.com/p/BRlvl0clf0b/,2026-06-19T22:28:29.622Z,406,73
4633,BRlU3pCFGde,p,https://www.instagram.com/thedogist/p/BRlU3pCFGde/,https://www.instagram.com/p/BRlU3pCFGde/,2026-06-19T22:28:31.313Z,407,59
4634,BRjyH2llgOy,p,https://www.instagram.com/thedogist/p/BRjyH2llgOy/,https://www.instagram.com/p/BRjyH2llgOy/,2026-06-19T22:28:31.314Z,407,60
4635,BRjcNcml9x6,p,https://www.instagram.com/thedogist/p/BRjcNcml9x6/,https://www.instagram.com/p/BRjcNcml9x6/,2026-06-19T22:28:31.314Z,407,61
4636,BRi7lRxl1Mj,p,https://www.instagram.com/thedogist/p/BRi7lRxl1Mj/,https://www.instagram.com/p/BRi7lRxl1Mj/,2026-06-19T22:28:31.314Z,407,62
4637,BRhUM6fFoT_,p,https://www.instagram.com/thedogist/p/BRhUM6fFoT_/,https://www.instagram.com/p/BRhUM6fFoT_/,2026-06-19T22:28:31.315Z,407,63
4638,BRgrNYAlz_B,p,https://www.instagram.com/thedogist/p/BRgrNYAlz_B/,https://www.instagram.com/p/BRgrNYAlz_B/,2026-06-19T22:28:31.315Z,407,64
4639,BRgIiAJlu_U,p,https://www.instagram.com/thedogist/p/BRgIiAJlu_U/,https://www.instagram.com/p/BRgIiAJlu_U/,2026-06-19T22:28:31.315Z,407,65
4640,BReoXT9lO-F,p,https://www.instagram.com/thedogist/p/BReoXT9lO-F/,https://www.instagram.com/p/BReoXT9lO-F/,2026-06-19T22:28:31.315Z,407,66
4641,BReSOpJl3p2,p,https://www.instagram.com/thedogist/p/BReSOpJl3p2/,https://www.instagram.com/p/BReSOpJl3p2/,2026-06-19T22:28:31.316Z,407,67
4642,BRduYG4Fz2u,p,https://www.instagram.com/thedogist/p/BRduYG4Fz2u/,https://www.instagram.com/p/BRduYG4Fz2u/,2026-06-19T22:28:31.316Z,407,68
4643,BRcCFQdlDvc,p,https://www.instagram.com/thedogist/p/BRcCFQdlDvc/,https://www.instagram.com/p/BRcCFQdlDvc/,2026-06-19T22:28:31.316Z,407,69
4644,BRbm9wnF_78,p,https://www.instagram.com/thedogist/p/BRbm9wnF_78/,https://www.instagram.com/p/BRbm9wnF_78/,2026-06-19T22:28:31.316Z,407,70
4645,BRbDiILFKb-,p,https://www.instagram.com/thedogist/p/BRbDiILFKb-/,https://www.instagram.com/p/BRbDiILFKb-/,2026-06-19T22:28:33.014Z,408,61
4646,BRZchQ9gzVi,p,https://www.instagram.com/thedogist/p/BRZchQ9gzVi/,https://www.instagram.com/p/BRZchQ9gzVi/,2026-06-19T22:28:33.014Z,408,62
4647,BRZAP_og-cT,p,https://www.instagram.com/thedogist/p/BRZAP_og-cT/,https://www.instagram.com/p/BRZAP_og-cT/,2026-06-19T22:28:33.015Z,408,63
4648,BRYaaQfgwkL,p,https://www.instagram.com/thedogist/p/BRYaaQfgwkL/,https://www.instagram.com/p/BRYaaQfgwkL/,2026-06-19T22:28:33.015Z,408,64
4649,BRW7aoMgT5p,p,https://www.instagram.com/thedogist/p/BRW7aoMgT5p/,https://www.instagram.com/p/BRW7aoMgT5p/,2026-06-19T22:28:33.015Z,408,65
4650,BRWXxAbAJIy,p,https://www.instagram.com/thedogist/p/BRWXxAbAJIy/,https://www.instagram.com/p/BRWXxAbAJIy/,2026-06-19T22:28:33.015Z,408,66
4651,BRV0t-7g82h,p,https://www.instagram.com/thedogist/p/BRV0t-7g82h/,https://www.instagram.com/p/BRV0t-7g82h/,2026-06-19T22:28:33.016Z,408,67
4652,BRUVZyVAi8T,p,https://www.instagram.com/thedogist/p/BRUVZyVAi8T/,https://www.instagram.com/p/BRUVZyVAi8T/,2026-06-19T22:28:33.016Z,408,68
4653,BRT4u9vglWi,p,https://www.instagram.com/thedogist/p/BRT4u9vglWi/,https://www.instagram.com/p/BRT4u9vglWi/,2026-06-19T22:28:33.016Z,408,69
4654,BRTgh8og0uO,p,https://www.instagram.com/thedogist/p/BRTgh8og0uO/,https://www.instagram.com/p/BRTgh8og0uO/,2026-06-19T22:28:33.016Z,408,70
4655,BRRvRS9gAOw,p,https://www.instagram.com/thedogist/p/BRRvRS9gAOw/,https://www.instagram.com/p/BRRvRS9gAOw/,2026-06-19T22:28:33.016Z,408,71
4656,BRRVNrpgieX,p,https://www.instagram.com/thedogist/p/BRRVNrpgieX/,https://www.instagram.com/p/BRRVNrpgieX/,2026-06-19T22:28:33.017Z,408,72
4657,BRQ1hdogefD,p,https://www.instagram.com/thedogist/p/BRQ1hdogefD/,https://www.instagram.com/p/BRQ1hdogefD/,2026-06-19T22:28:34.711Z,409,58
4658,BRPKaDpAiJg,p,https://www.instagram.com/thedogist/p/BRPKaDpAiJg/,https://www.instagram.com/p/BRPKaDpAiJg/,2026-06-19T22:28:34.711Z,409,59
4659,BROwCixgTGA,p,https://www.instagram.com/thedogist/p/BROwCixgTGA/,https://www.instagram.com/p/BROwCixgTGA/,2026-06-19T22:28:34.711Z,409,60
4660,BROZmJ3AwBX,p,https://www.instagram.com/thedogist/p/BROZmJ3AwBX/,https://www.instagram.com/p/BROZmJ3AwBX/,2026-06-19T22:28:34.712Z,409,61
4661,BRMpe0MAy9F,p,https://www.instagram.com/thedogist/p/BRMpe0MAy9F/,https://www.instagram.com/p/BRMpe0MAy9F/,2026-06-19T22:28:34.712Z,409,62
4662,BRMFz5zgACW,p,https://www.instagram.com/thedogist/p/BRMFz5zgACW/,https://www.instagram.com/p/BRMFz5zgACW/,2026-06-19T22:28:34.712Z,409,63
4663,BRLlMqFARgr,p,https://www.instagram.com/thedogist/p/BRLlMqFARgr/,https://www.instagram.com/p/BRLlMqFARgr/,2026-06-19T22:28:34.712Z,409,64
4664,BRJ70oUlh9n,p,https://www.instagram.com/thedogist/p/BRJ70oUlh9n/,https://www.instagram.com/p/BRJ70oUlh9n/,2026-06-19T22:28:34.713Z,409,65
4665,BRJe_a-l7es,p,https://www.instagram.com/thedogist/p/BRJe_a-l7es/,https://www.instagram.com/p/BRJe_a-l7es/,2026-06-19T22:28:34.713Z,409,66
4666,BRJPxSfFw04,p,https://www.instagram.com/thedogist/p/BRJPxSfFw04/,https://www.instagram.com/p/BRJPxSfFw04/,2026-06-19T22:28:34.713Z,409,67
4667,BRHc438l0d4,p,https://www.instagram.com/thedogist/p/BRHc438l0d4/,https://www.instagram.com/p/BRHc438l0d4/,2026-06-19T22:28:34.713Z,409,68
4668,BRHAyLblHZj,p,https://www.instagram.com/thedogist/p/BRHAyLblHZj/,https://www.instagram.com/p/BRHAyLblHZj/,2026-06-19T22:28:34.713Z,409,69
4669,BRGi_uOlOJV,p,https://www.instagram.com/thedogist/p/BRGi_uOlOJV/,https://www.instagram.com/p/BRGi_uOlOJV/,2026-06-19T22:28:36.409Z,410,60
4670,BRE4ktQg6gw,p,https://www.instagram.com/thedogist/p/BRE4ktQg6gw/,https://www.instagram.com/p/BRE4ktQg6gw/,2026-06-19T22:28:36.409Z,410,61
4671,BRETMj9FmJ6,p,https://www.instagram.com/thedogist/p/BRETMj9FmJ6/,https://www.instagram.com/p/BRETMj9FmJ6/,2026-06-19T22:28:36.410Z,410,62
4672,BRD-CdKFQTK,p,https://www.instagram.com/thedogist/p/BRD-CdKFQTK/,https://www.instagram.com/p/BRD-CdKFQTK/,2026-06-19T22:28:36.410Z,410,63
4673,BRCQXmBlv5x,p,https://www.instagram.com/thedogist/p/BRCQXmBlv5x/,https://www.instagram.com/p/BRCQXmBlv5x/,2026-06-19T22:28:36.410Z,410,64
4674,BRBuDVtF73I,p,https://www.instagram.com/thedogist/p/BRBuDVtF73I/,https://www.instagram.com/p/BRBuDVtF73I/,2026-06-19T22:28:36.410Z,410,65
4675,BRBP0GDlVnZ,p,https://www.instagram.com/thedogist/p/BRBP0GDlVnZ/,https://www.instagram.com/p/BRBP0GDlVnZ/,2026-06-19T22:28:36.411Z,410,66
4676,BQ_Kh1AFZJY,p,https://www.instagram.com/thedogist/p/BQ_Kh1AFZJY/,https://www.instagram.com/p/BQ_Kh1AFZJY/,2026-06-19T22:28:36.411Z,410,67
4677,BQ-rPIelifk,p,https://www.instagram.com/thedogist/p/BQ-rPIelifk/,https://www.instagram.com/p/BQ-rPIelifk/,2026-06-19T22:28:36.411Z,410,68
4678,BQ9Evd1ln8M,p,https://www.instagram.com/thedogist/p/BQ9Evd1ln8M/,https://www.instagram.com/p/BQ9Evd1ln8M/,2026-06-19T22:28:36.411Z,410,69
4679,BQ8hA-PFy7F,p,https://www.instagram.com/thedogist/p/BQ8hA-PFy7F/,https://www.instagram.com/p/BQ8hA-PFy7F/,2026-06-19T22:28:36.412Z,410,70
4680,BQ8MiDqlWeT,p,https://www.instagram.com/thedogist/p/BQ8MiDqlWeT/,https://www.instagram.com/p/BQ8MiDqlWeT/,2026-06-19T22:28:36.412Z,410,71
4681,BQ6bQjzlGWf,p,https://www.instagram.com/thedogist/p/BQ6bQjzlGWf/,https://www.instagram.com/p/BQ6bQjzlGWf/,2026-06-19T22:28:38.110Z,411,62
4682,BQ56mapFsIe,p,https://www.instagram.com/thedogist/p/BQ56mapFsIe/,https://www.instagram.com/p/BQ56mapFsIe/,2026-06-19T22:28:38.111Z,411,63
4683,BQ5eVqBFE_g,p,https://www.instagram.com/thedogist/p/BQ5eVqBFE_g/,https://www.instagram.com/p/BQ5eVqBFE_g/,2026-06-19T22:28:38.111Z,411,64
4684,BQ39YlrFfeZ,p,https://www.instagram.com/thedogist/p/BQ39YlrFfeZ/,https://www.instagram.com/p/BQ39YlrFfeZ/,2026-06-19T22:28:38.111Z,411,65
4685,BQ3eJf_FpHN,p,https://www.instagram.com/thedogist/p/BQ3eJf_FpHN/,https://www.instagram.com/p/BQ3eJf_FpHN/,2026-06-19T22:28:38.111Z,411,66
4686,BQ29jKwFQk8,p,https://www.instagram.com/thedogist/p/BQ29jKwFQk8/,https://www.instagram.com/p/BQ29jKwFQk8/,2026-06-19T22:28:38.112Z,411,67
4687,BQ1N7MbFxUU,p,https://www.instagram.com/thedogist/p/BQ1N7MbFxUU/,https://www.instagram.com/p/BQ1N7MbFxUU/,2026-06-19T22:28:38.112Z,411,68
4688,BQ0yCp6lJ0d,p,https://www.instagram.com/thedogist/p/BQ0yCp6lJ0d/,https://www.instagram.com/p/BQ0yCp6lJ0d/,2026-06-19T22:28:38.112Z,411,69
4689,BQ0VMfHFqeU,p,https://www.instagram.com/thedogist/p/BQ0VMfHFqeU/,https://www.instagram.com/p/BQ0VMfHFqeU/,2026-06-19T22:28:38.113Z,411,70
4690,BQy760YlMc_,p,https://www.instagram.com/thedogist/p/BQy760YlMc_/,https://www.instagram.com/p/BQy760YlMc_/,2026-06-19T22:28:38.113Z,411,71
4691,BQylMduFw_C,p,https://www.instagram.com/thedogist/p/BQylMduFw_C/,https://www.instagram.com/p/BQylMduFw_C/,2026-06-19T22:28:38.113Z,411,72
4692,BQyIqd8lfEL,p,https://www.instagram.com/thedogist/p/BQyIqd8lfEL/,https://www.instagram.com/p/BQyIqd8lfEL/,2026-06-19T22:28:38.113Z,411,73
4693,BQxxNnKFuJi,p,https://www.instagram.com/thedogist/p/BQxxNnKFuJi/,https://www.instagram.com/p/BQxxNnKFuJi/,2026-06-19T22:28:39.809Z,412,59
4694,BQwSxmjlHqE,p,https://www.instagram.com/thedogist/p/BQwSxmjlHqE/,https://www.instagram.com/p/BQwSxmjlHqE/,2026-06-19T22:28:39.810Z,412,60
4695,BQv9nnRlQh5,p,https://www.instagram.com/thedogist/p/BQv9nnRlQh5/,https://www.instagram.com/p/BQv9nnRlQh5/,2026-06-19T22:28:39.810Z,412,61
4696,BQvy0nEFK0e,p,https://www.instagram.com/thedogist/p/BQvy0nEFK0e/,https://www.instagram.com/p/BQvy0nEFK0e/,2026-06-19T22:28:39.811Z,412,62
4697,BQvfxufljRt,p,https://www.instagram.com/thedogist/p/BQvfxufljRt/,https://www.instagram.com/p/BQvfxufljRt/,2026-06-19T22:28:39.811Z,412,63
4698,BQt0Ep-FZY_,p,https://www.instagram.com/thedogist/p/BQt0Ep-FZY_/,https://www.instagram.com/p/BQt0Ep-FZY_/,2026-06-19T22:28:39.811Z,412,64
4699,BQtjkTtFKOL,p,https://www.instagram.com/thedogist/p/BQtjkTtFKOL/,https://www.instagram.com/p/BQtjkTtFKOL/,2026-06-19T22:28:39.811Z,412,65
4700,BQtHwX4Fs39,p,https://www.instagram.com/thedogist/p/BQtHwX4Fs39/,https://www.instagram.com/p/BQtHwX4Fs39/,2026-06-19T22:28:39.811Z,412,66
4701,BQrFvI9l-ws,p,https://www.instagram.com/thedogist/p/BQrFvI9l-ws/,https://www.instagram.com/p/BQrFvI9l-ws/,2026-06-19T22:28:39.812Z,412,67
4702,BQqrMAXlqy_,p,https://www.instagram.com/thedogist/p/BQqrMAXlqy_/,https://www.instagram.com/p/BQqrMAXlqy_/,2026-06-19T22:28:39.812Z,412,68
4703,BQqK3gNFMz-,p,https://www.instagram.com/thedogist/p/BQqK3gNFMz-/,https://www.instagram.com/p/BQqK3gNFMz-/,2026-06-19T22:28:39.812Z,412,69
4704,BQoky4HlnOM,p,https://www.instagram.com/thedogist/p/BQoky4HlnOM/,https://www.instagram.com/p/BQoky4HlnOM/,2026-06-19T22:28:39.812Z,412,70
4705,BQoTil6FVjV,p,https://www.instagram.com/thedogist/p/BQoTil6FVjV/,https://www.instagram.com/p/BQoTil6FVjV/,2026-06-19T22:28:41.510Z,413,61
4706,BQntG52ldfo,p,https://www.instagram.com/thedogist/p/BQntG52ldfo/,https://www.instagram.com/p/BQntG52ldfo/,2026-06-19T22:28:41.511Z,413,62
4707,BQmHt0uFVVD,p,https://www.instagram.com/thedogist/p/BQmHt0uFVVD/,https://www.instagram.com/p/BQmHt0uFVVD/,2026-06-19T22:28:41.511Z,413,63
4708,BQlgW3al2AT,p,https://www.instagram.com/thedogist/p/BQlgW3al2AT/,https://www.instagram.com/p/BQlgW3al2AT/,2026-06-19T22:28:41.512Z,413,64
4709,BQlD77whp3Y,p,https://www.instagram.com/thedogist/p/BQlD77whp3Y/,https://www.instagram.com/p/BQlD77whp3Y/,2026-06-19T22:28:41.512Z,413,65
4710,BQjd2Gph632,p,https://www.instagram.com/thedogist/p/BQjd2Gph632/,https://www.instagram.com/p/BQjd2Gph632/,2026-06-19T22:28:41.512Z,413,66
4711,BQjH8WCB09D,p,https://www.instagram.com/thedogist/p/BQjH8WCB09D/,https://www.instagram.com/p/BQjH8WCB09D/,2026-06-19T22:28:41.512Z,413,67
4712,BQih-hxhSDH,p,https://www.instagram.com/thedogist/p/BQih-hxhSDH/,https://www.instagram.com/p/BQih-hxhSDH/,2026-06-19T22:28:41.513Z,413,68
4713,BQhXfAfh4oe,p,https://www.instagram.com/thedogist/p/BQhXfAfh4oe/,https://www.instagram.com/p/BQhXfAfh4oe/,2026-06-19T22:28:41.513Z,413,69
4714,BQgyBJFBhlN,p,https://www.instagram.com/thedogist/p/BQgyBJFBhlN/,https://www.instagram.com/p/BQgyBJFBhlN/,2026-06-19T22:28:41.513Z,413,70
4715,BQgcTCkBV0i,p,https://www.instagram.com/thedogist/p/BQgcTCkBV0i/,https://www.instagram.com/p/BQgcTCkBV0i/,2026-06-19T22:28:41.513Z,413,71
4716,BQgEHRrB8j2,p,https://www.instagram.com/thedogist/p/BQgEHRrB8j2/,https://www.instagram.com/p/BQgEHRrB8j2/,2026-06-19T22:28:41.514Z,413,72
4717,BQf03M2BnJH,p,https://www.instagram.com/thedogist/p/BQf03M2BnJH/,https://www.instagram.com/p/BQf03M2BnJH/,2026-06-19T22:28:43.211Z,414,58
4718,BQehUZ_B4i6,p,https://www.instagram.com/thedogist/p/BQehUZ_B4i6/,https://www.instagram.com/p/BQehUZ_B4i6/,2026-06-19T22:28:43.212Z,414,59
4719,BQeMfGjBKPH,p,https://www.instagram.com/thedogist/p/BQeMfGjBKPH/,https://www.instagram.com/p/BQeMfGjBKPH/,2026-06-19T22:28:43.212Z,414,60
4720,BQd7XK4B9vk,p,https://www.instagram.com/thedogist/p/BQd7XK4B9vk/,https://www.instagram.com/p/BQd7XK4B9vk/,2026-06-19T22:28:43.213Z,414,61
4721,BQdq9zPBDFi,p,https://www.instagram.com/thedogist/p/BQdq9zPBDFi/,https://www.instagram.com/p/BQdq9zPBDFi/,2026-06-19T22:28:43.213Z,414,62
4722,BQbmn1whINn,p,https://www.instagram.com/thedogist/p/BQbmn1whINn/,https://www.instagram.com/p/BQbmn1whINn/,2026-06-19T22:28:43.213Z,414,63
4723,BQbM_2nhmn0,p,https://www.instagram.com/thedogist/p/BQbM_2nhmn0/,https://www.instagram.com/p/BQbM_2nhmn0/,2026-06-19T22:28:43.213Z,414,64
4724,BQazp94Bwqc,p,https://www.instagram.com/thedogist/p/BQazp94Bwqc/,https://www.instagram.com/p/BQazp94Bwqc/,2026-06-19T22:28:43.214Z,414,65
4725,BQZGhVIDN8U,p,https://www.instagram.com/thedogist/p/BQZGhVIDN8U/,https://www.instagram.com/p/BQZGhVIDN8U/,2026-06-19T22:28:43.214Z,414,66
4726,BQY03YHDwMe,p,https://www.instagram.com/thedogist/p/BQY03YHDwMe/,https://www.instagram.com/p/BQY03YHDwMe/,2026-06-19T22:28:43.214Z,414,67
4727,BQYhX0qj0zt,p,https://www.instagram.com/thedogist/p/BQYhX0qj0zt/,https://www.instagram.com/p/BQYhX0qj0zt/,2026-06-19T22:28:43.214Z,414,68
4728,BQYFfweDpys,p,https://www.instagram.com/thedogist/p/BQYFfweDpys/,https://www.instagram.com/p/BQYFfweDpys/,2026-06-19T22:28:43.215Z,414,69
4729,BQW2P3zjyGZ,p,https://www.instagram.com/thedogist/p/BQW2P3zjyGZ/,https://www.instagram.com/p/BQW2P3zjyGZ/,2026-06-19T22:28:44.917Z,415,60
4730,BQWh_7zjZs-,p,https://www.instagram.com/thedogist/p/BQWh_7zjZs-/,https://www.instagram.com/p/BQWh_7zjZs-/,2026-06-19T22:28:44.918Z,415,61
4731,BQWUNdBDWXI,p,https://www.instagram.com/thedogist/p/BQWUNdBDWXI/,https://www.instagram.com/p/BQWUNdBDWXI/,2026-06-19T22:28:44.918Z,415,62
4732,BQWGNHiDahS,p,https://www.instagram.com/thedogist/p/BQWGNHiDahS/,https://www.instagram.com/p/BQWGNHiDahS/,2026-06-19T22:28:44.918Z,415,63
4733,BQVaxnzjFvf,p,https://www.instagram.com/thedogist/p/BQVaxnzjFvf/,https://www.instagram.com/p/BQVaxnzjFvf/,2026-06-19T22:28:44.918Z,415,64
4734,BQUSi31htF3,p,https://www.instagram.com/thedogist/p/BQUSi31htF3/,https://www.instagram.com/p/BQUSi31htF3/,2026-06-19T22:28:44.918Z,415,65
4735,BQTooMZBRHi,p,https://www.instagram.com/thedogist/p/BQTooMZBRHi/,https://www.instagram.com/p/BQTooMZBRHi/,2026-06-19T22:28:44.919Z,415,66
4736,BQTC5gahxE2,p,https://www.instagram.com/thedogist/p/BQTC5gahxE2/,https://www.instagram.com/p/BQTC5gahxE2/,2026-06-19T22:28:44.919Z,415,67
4737,BQRyLeYjoCU,p,https://www.instagram.com/thedogist/p/BQRyLeYjoCU/,https://www.instagram.com/p/BQRyLeYjoCU/,2026-06-19T22:28:44.919Z,415,68
4738,BQRJXYRh8Gs,p,https://www.instagram.com/thedogist/p/BQRJXYRh8Gs/,https://www.instagram.com/p/BQRJXYRh8Gs/,2026-06-19T22:28:44.919Z,415,69
4739,BQQmG8CjqNH,p,https://www.instagram.com/thedogist/p/BQQmG8CjqNH/,https://www.instagram.com/p/BQQmG8CjqNH/,2026-06-19T22:28:44.919Z,415,70
4740,BQO0j6oD3d2,p,https://www.instagram.com/thedogist/p/BQO0j6oD3d2/,https://www.instagram.com/p/BQO0j6oD3d2/,2026-06-19T22:28:44.920Z,415,71
4741,BQOQ4C5hKkn,p,https://www.instagram.com/thedogist/p/BQOQ4C5hKkn/,https://www.instagram.com/p/BQOQ4C5hKkn/,2026-06-19T22:28:46.616Z,416,62
4742,BQN6mYIDHqg,p,https://www.instagram.com/thedogist/p/BQN6mYIDHqg/,https://www.instagram.com/p/BQN6mYIDHqg/,2026-06-19T22:28:46.617Z,416,63
4743,BQMNKo9jp0P,p,https://www.instagram.com/thedogist/p/BQMNKo9jp0P/,https://www.instagram.com/p/BQMNKo9jp0P/,2026-06-19T22:28:46.617Z,416,64
4744,BQLiCbqDcOL,p,https://www.instagram.com/thedogist/p/BQLiCbqDcOL/,https://www.instagram.com/p/BQLiCbqDcOL/,2026-06-19T22:28:46.618Z,416,65
4745,BQLNrHihVmB,p,https://www.instagram.com/thedogist/p/BQLNrHihVmB/,https://www.instagram.com/p/BQLNrHihVmB/,2026-06-19T22:28:46.618Z,416,66
4746,BQJkoywBlKd,p,https://www.instagram.com/thedogist/p/BQJkoywBlKd/,https://www.instagram.com/p/BQJkoywBlKd/,2026-06-19T22:28:46.618Z,416,67
4747,BQJadLgBoQK,p,https://www.instagram.com/thedogist/p/BQJadLgBoQK/,https://www.instagram.com/p/BQJadLgBoQK/,2026-06-19T22:28:46.618Z,416,68
4748,BQIoOQ9jS3j,p,https://www.instagram.com/thedogist/p/BQIoOQ9jS3j/,https://www.instagram.com/p/BQIoOQ9jS3j/,2026-06-19T22:28:46.618Z,416,69
4749,BQHFYZnD8W2,p,https://www.instagram.com/thedogist/p/BQHFYZnD8W2/,https://www.instagram.com/p/BQHFYZnD8W2/,2026-06-19T22:28:46.619Z,416,70
4750,BQGYPgxD1uy,p,https://www.instagram.com/thedogist/p/BQGYPgxD1uy/,https://www.instagram.com/p/BQGYPgxD1uy/,2026-06-19T22:28:46.619Z,416,71
4751,BQEYtUyFFFC,p,https://www.instagram.com/thedogist/p/BQEYtUyFFFC/,https://www.instagram.com/p/BQEYtUyFFFC/,2026-06-19T22:28:46.619Z,416,72
4752,BQD5qbEhgBx,p,https://www.instagram.com/thedogist/p/BQD5qbEhgBx/,https://www.instagram.com/p/BQD5qbEhgBx/,2026-06-19T22:28:46.619Z,416,73
4753,BQDdvH1Bcl_,p,https://www.instagram.com/thedogist/p/BQDdvH1Bcl_/,https://www.instagram.com/p/BQDdvH1Bcl_/,2026-06-19T22:28:48.603Z,417,59
4754,BQB90byhndG,p,https://www.instagram.com/thedogist/p/BQB90byhndG/,https://www.instagram.com/p/BQB90byhndG/,2026-06-19T22:28:48.603Z,417,60
4755,BQBTzIAB4sB,p,https://www.instagram.com/thedogist/p/BQBTzIAB4sB/,https://www.instagram.com/p/BQBTzIAB4sB/,2026-06-19T22:28:48.604Z,417,61
4756,BQA8UsEB49l,p,https://www.instagram.com/thedogist/p/BQA8UsEB49l/,https://www.instagram.com/p/BQA8UsEB49l/,2026-06-19T22:28:48.604Z,417,62
4757,BP_aNoMhFX_,p,https://www.instagram.com/thedogist/p/BP_aNoMhFX_/,https://www.instagram.com/p/BP_aNoMhFX_/,2026-06-19T22:28:48.604Z,417,63
4758,BP-6yTihGtP,p,https://www.instagram.com/thedogist/p/BP-6yTihGtP/,https://www.instagram.com/p/BP-6yTihGtP/,2026-06-19T22:28:48.604Z,417,64
4759,BP-XvWXBoj7,p,https://www.instagram.com/thedogist/p/BP-XvWXBoj7/,https://www.instagram.com/p/BP-XvWXBoj7/,2026-06-19T22:28:48.605Z,417,65
4760,BP84fsnBrhG,p,https://www.instagram.com/thedogist/p/BP84fsnBrhG/,https://www.instagram.com/p/BP84fsnBrhG/,2026-06-19T22:28:48.605Z,417,66
4761,BP8SSoEhxkC,p,https://www.instagram.com/thedogist/p/BP8SSoEhxkC/,https://www.instagram.com/p/BP8SSoEhxkC/,2026-06-19T22:28:48.605Z,417,67
4762,BP7u1Mnh8qy,p,https://www.instagram.com/thedogist/p/BP7u1Mnh8qy/,https://www.instagram.com/p/BP7u1Mnh8qy/,2026-06-19T22:28:48.605Z,417,68
4763,BP6OsxsD7IV,p,https://www.instagram.com/thedogist/p/BP6OsxsD7IV/,https://www.instagram.com/p/BP6OsxsD7IV/,2026-06-19T22:28:48.606Z,417,69
4764,BP53QyTByE0,p,https://www.instagram.com/thedogist/p/BP53QyTByE0/,https://www.instagram.com/p/BP53QyTByE0/,2026-06-19T22:28:48.606Z,417,70
4765,BP5ZHq8htPt,p,https://www.instagram.com/thedogist/p/BP5ZHq8htPt/,https://www.instagram.com/p/BP5ZHq8htPt/,2026-06-19T22:28:50.303Z,418,61
4766,BP3qoAchE_O,p,https://www.instagram.com/thedogist/p/BP3qoAchE_O/,https://www.instagram.com/p/BP3qoAchE_O/,2026-06-19T22:28:50.304Z,418,62
4767,BP3YYxaBxzm,p,https://www.instagram.com/thedogist/p/BP3YYxaBxzm/,https://www.instagram.com/p/BP3YYxaBxzm/,2026-06-19T22:28:50.304Z,418,63
4768,BP24ORRhKsa,p,https://www.instagram.com/thedogist/p/BP24ORRhKsa/,https://www.instagram.com/p/BP24ORRhKsa/,2026-06-19T22:28:50.304Z,418,64
4769,BP1EAw2hX0b,p,https://www.instagram.com/thedogist/p/BP1EAw2hX0b/,https://www.instagram.com/p/BP1EAw2hX0b/,2026-06-19T22:28:50.305Z,418,65
4770,BP0i8hCBYeW,p,https://www.instagram.com/thedogist/p/BP0i8hCBYeW/,https://www.instagram.com/p/BP0i8hCBYeW/,2026-06-19T22:28:50.305Z,418,66
4771,BP0PVxBhrcJ,p,https://www.instagram.com/thedogist/p/BP0PVxBhrcJ/,https://www.instagram.com/p/BP0PVxBhrcJ/,2026-06-19T22:28:50.305Z,418,67
4772,BPypVmqBnXp,p,https://www.instagram.com/thedogist/p/BPypVmqBnXp/,https://www.instagram.com/p/BPypVmqBnXp/,2026-06-19T22:28:50.305Z,418,68
4773,BPyLeWdBlz3,p,https://www.instagram.com/thedogist/p/BPyLeWdBlz3/,https://www.instagram.com/p/BPyLeWdBlz3/,2026-06-19T22:28:50.306Z,418,69
4774,BPxn6WQBE0n,p,https://www.instagram.com/thedogist/p/BPxn6WQBE0n/,https://www.instagram.com/p/BPxn6WQBE0n/,2026-06-19T22:28:50.306Z,418,70
4775,BPwPmK9BVtu,p,https://www.instagram.com/thedogist/p/BPwPmK9BVtu/,https://www.instagram.com/p/BPwPmK9BVtu/,2026-06-19T22:28:50.306Z,418,71
4776,BPvdGjuBkOw,p,https://www.instagram.com/thedogist/p/BPvdGjuBkOw/,https://www.instagram.com/p/BPvdGjuBkOw/,2026-06-19T22:28:50.306Z,418,72
4777,BPvENeJBfVe,p,https://www.instagram.com/thedogist/p/BPvENeJBfVe/,https://www.instagram.com/p/BPvENeJBfVe/,2026-06-19T22:28:52.497Z,419,58
4778,BPtSAcPB2Rx,p,https://www.instagram.com/thedogist/p/BPtSAcPB2Rx/,https://www.instagram.com/p/BPtSAcPB2Rx/,2026-06-19T22:28:52.499Z,419,59
4779,BPsra6ihzmk,p,https://www.instagram.com/thedogist/p/BPsra6ihzmk/,https://www.instagram.com/p/BPsra6ihzmk/,2026-06-19T22:28:52.500Z,419,60
4780,BPsQoRfBiEq,p,https://www.instagram.com/thedogist/p/BPsQoRfBiEq/,https://www.instagram.com/p/BPsQoRfBiEq/,2026-06-19T22:28:52.500Z,419,61
4781,BPqptpyBD_G,p,https://www.instagram.com/thedogist/p/BPqptpyBD_G/,https://www.instagram.com/p/BPqptpyBD_G/,2026-06-19T22:28:52.501Z,419,62
4782,BPqMItYDpyG,p,https://www.instagram.com/thedogist/p/BPqMItYDpyG/,https://www.instagram.com/p/BPqMItYDpyG/,2026-06-19T22:28:52.501Z,419,63
4783,BPp7-24hR7W,p,https://www.instagram.com/thedogist/p/BPp7-24hR7W/,https://www.instagram.com/p/BPp7-24hR7W/,2026-06-19T22:28:52.502Z,419,64
4784,BPoTeSVhd3n,p,https://www.instagram.com/thedogist/p/BPoTeSVhd3n/,https://www.instagram.com/p/BPoTeSVhd3n/,2026-06-19T22:28:52.502Z,419,65
4785,BPnrZPRhE4Z,p,https://www.instagram.com/thedogist/p/BPnrZPRhE4Z/,https://www.instagram.com/p/BPnrZPRhE4Z/,2026-06-19T22:28:52.503Z,419,66
4786,BPnfeTIBBj8,p,https://www.instagram.com/thedogist/p/BPnfeTIBBj8/,https://www.instagram.com/p/BPnfeTIBBj8/,2026-06-19T22:28:52.503Z,419,67
4787,BPnNuOqhxF1,p,https://www.instagram.com/thedogist/p/BPnNuOqhxF1/,https://www.instagram.com/p/BPnNuOqhxF1/,2026-06-19T22:28:52.503Z,419,68
4788,BPltGQEhnM8,p,https://www.instagram.com/thedogist/p/BPltGQEhnM8/,https://www.instagram.com/p/BPltGQEhnM8/,2026-06-19T22:28:52.504Z,419,69
4789,BPlDZnXhLxK,p,https://www.instagram.com/thedogist/p/BPlDZnXhLxK/,https://www.instagram.com/p/BPlDZnXhLxK/,2026-06-19T22:29:04.589Z,425,60
4790,BPkoXRaB6AM,p,https://www.instagram.com/thedogist/p/BPkoXRaB6AM/,https://www.instagram.com/p/BPkoXRaB6AM/,2026-06-19T22:29:04.590Z,425,61
4791,BPi7CrnBr0k,p,https://www.instagram.com/thedogist/p/BPi7CrnBr0k/,https://www.instagram.com/p/BPi7CrnBr0k/,2026-06-19T22:29:04.590Z,425,62
4792,BPief64BeqM,p,https://www.instagram.com/thedogist/p/BPief64BeqM/,https://www.instagram.com/p/BPief64BeqM/,2026-06-19T22:29:04.591Z,425,63
4793,BPiCfQmjuHR,p,https://www.instagram.com/thedogist/p/BPiCfQmjuHR/,https://www.instagram.com/p/BPiCfQmjuHR/,2026-06-19T22:29:04.591Z,425,64
4794,BPgdnHrBofu,p,https://www.instagram.com/thedogist/p/BPgdnHrBofu/,https://www.instagram.com/p/BPgdnHrBofu/,2026-06-19T22:29:04.591Z,425,65
4795,BPgCPZhD-ie,p,https://www.instagram.com/thedogist/p/BPgCPZhD-ie/,https://www.instagram.com/p/BPgCPZhD-ie/,2026-06-19T22:29:04.591Z,425,66
4796,BPfhdn9hOoz,p,https://www.instagram.com/thedogist/p/BPfhdn9hOoz/,https://www.instagram.com/p/BPfhdn9hOoz/,2026-06-19T22:29:04.592Z,425,67
4797,BPdh6HHjvZ7,p,https://www.instagram.com/thedogist/p/BPdh6HHjvZ7/,https://www.instagram.com/p/BPdh6HHjvZ7/,2026-06-19T22:29:04.592Z,425,68
4798,BPc0CX9DYnv,p,https://www.instagram.com/thedogist/p/BPc0CX9DYnv/,https://www.instagram.com/p/BPc0CX9DYnv/,2026-06-19T22:29:04.592Z,425,69
4799,BPbmTgZDHda,p,https://www.instagram.com/thedogist/p/BPbmTgZDHda/,https://www.instagram.com/p/BPbmTgZDHda/,2026-06-19T22:29:04.593Z,425,70
4800,BPaxhc2hznw,p,https://www.instagram.com/thedogist/p/BPaxhc2hznw/,https://www.instagram.com/p/BPaxhc2hznw/,2026-06-19T22:29:04.593Z,425,71
4801,BPaV4rAhONd,p,https://www.instagram.com/thedogist/p/BPaV4rAhONd/,https://www.instagram.com/p/BPaV4rAhONd/,2026-06-19T22:29:04.593Z,425,72
4802,BPYnO3phJfD,p,https://www.instagram.com/thedogist/p/BPYnO3phJfD/,https://www.instagram.com/p/BPYnO3phJfD/,2026-06-19T22:29:04.593Z,425,73
4803,BPYUeLKh3lG,p,https://www.instagram.com/thedogist/p/BPYUeLKh3lG/,https://www.instagram.com/p/BPYUeLKh3lG/,2026-06-19T22:29:04.594Z,425,74
4804,BPX6YaNhOuE,p,https://www.instagram.com/thedogist/p/BPX6YaNhOuE/,https://www.instagram.com/p/BPX6YaNhOuE/,2026-06-19T22:29:04.594Z,425,75
4805,BPWMP5wjROu,p,https://www.instagram.com/thedogist/p/BPWMP5wjROu/,https://www.instagram.com/p/BPWMP5wjROu/,2026-06-19T22:29:04.594Z,425,76
4806,BPVz78OjSJ-,p,https://www.instagram.com/thedogist/p/BPVz78OjSJ-/,https://www.instagram.com/p/BPVz78OjSJ-/,2026-06-19T22:29:04.594Z,425,77
4807,BPVSXdDji3k,p,https://www.instagram.com/thedogist/p/BPVSXdDji3k/,https://www.instagram.com/p/BPVSXdDji3k/,2026-06-19T22:29:04.595Z,425,78
4808,BPTeLi-jmjd,p,https://www.instagram.com/thedogist/p/BPTeLi-jmjd/,https://www.instagram.com/p/BPTeLi-jmjd/,2026-06-19T22:29:04.595Z,425,79
4809,BPTCYfCBOZ7,p,https://www.instagram.com/thedogist/p/BPTCYfCBOZ7/,https://www.instagram.com/p/BPTCYfCBOZ7/,2026-06-19T22:29:04.595Z,425,80
4810,BPSrJd-hSOG,p,https://www.instagram.com/thedogist/p/BPSrJd-hSOG/,https://www.instagram.com/p/BPSrJd-hSOG/,2026-06-19T22:29:04.595Z,425,81
4811,BPQ76DGjkFY,p,https://www.instagram.com/thedogist/p/BPQ76DGjkFY/,https://www.instagram.com/p/BPQ76DGjkFY/,2026-06-19T22:29:04.596Z,425,82
4812,BPQkIeKjNKA,p,https://www.instagram.com/thedogist/p/BPQkIeKjNKA/,https://www.instagram.com/p/BPQkIeKjNKA/,2026-06-19T22:29:04.596Z,425,83
4813,BPQMWA7jqoG,p,https://www.instagram.com/thedogist/p/BPQMWA7jqoG/,https://www.instagram.com/p/BPQMWA7jqoG/,2026-06-19T22:29:06.493Z,426,59
4814,BPOf_KLjkb1,p,https://www.instagram.com/thedogist/p/BPOf_KLjkb1/,https://www.instagram.com/p/BPOf_KLjkb1/,2026-06-19T22:29:06.494Z,426,60
4815,BPN9_KZjk-t,p,https://www.instagram.com/thedogist/p/BPN9_KZjk-t/,https://www.instagram.com/p/BPN9_KZjk-t/,2026-06-19T22:29:06.494Z,426,61
4816,BPNhY4GD6KJ,p,https://www.instagram.com/thedogist/p/BPNhY4GD6KJ/,https://www.instagram.com/p/BPNhY4GD6KJ/,2026-06-19T22:29:06.494Z,426,62
4817,BPL6_lLjL_U,p,https://www.instagram.com/thedogist/p/BPL6_lLjL_U/,https://www.instagram.com/p/BPL6_lLjL_U/,2026-06-19T22:29:06.495Z,426,63
4818,BPLjF4QjkyI,p,https://www.instagram.com/thedogist/p/BPLjF4QjkyI/,https://www.instagram.com/p/BPLjF4QjkyI/,2026-06-19T22:29:06.495Z,426,64
4819,BPK22RijBMv,p,https://www.instagram.com/thedogist/p/BPK22RijBMv/,https://www.instagram.com/p/BPK22RijBMv/,2026-06-19T22:29:06.495Z,426,65
4820,BPJStLnjHN8,p,https://www.instagram.com/thedogist/p/BPJStLnjHN8/,https://www.instagram.com/p/BPJStLnjHN8/,2026-06-19T22:29:06.495Z,426,66
4821,BPJSlcrDgHS,p,https://www.instagram.com/thedogist/p/BPJSlcrDgHS/,https://www.instagram.com/p/BPJSlcrDgHS/,2026-06-19T22:29:06.496Z,426,67
4822,BPIwXJNB4T-,p,https://www.instagram.com/thedogist/p/BPIwXJNB4T-/,https://www.instagram.com/p/BPIwXJNB4T-/,2026-06-19T22:29:06.496Z,426,68
4823,BPIKRrNh-V1,p,https://www.instagram.com/thedogist/p/BPIKRrNh-V1/,https://www.instagram.com/p/BPIKRrNh-V1/,2026-06-19T22:29:06.496Z,426,69
4824,BPGtqgnBkIP,p,https://www.instagram.com/thedogist/p/BPGtqgnBkIP/,https://www.instagram.com/p/BPGtqgnBkIP/,2026-06-19T22:29:06.497Z,426,70
4825,BPGO4TFBPKS,p,https://www.instagram.com/thedogist/p/BPGO4TFBPKS/,https://www.instagram.com/p/BPGO4TFBPKS/,2026-06-19T22:29:18.495Z,432,61
4826,BPFsmZ0DVc8,p,https://www.instagram.com/thedogist/p/BPFsmZ0DVc8/,https://www.instagram.com/p/BPFsmZ0DVc8/,2026-06-19T22:29:18.496Z,432,62
4827,BPEL-RSDyHL,p,https://www.instagram.com/thedogist/p/BPEL-RSDyHL/,https://www.instagram.com/p/BPEL-RSDyHL/,2026-06-19T22:29:18.496Z,432,63
4828,BPDsOHcDVhZ,p,https://www.instagram.com/thedogist/p/BPDsOHcDVhZ/,https://www.instagram.com/p/BPDsOHcDVhZ/,2026-06-19T22:29:18.496Z,432,64
4829,BPDWTWqBxn4,p,https://www.instagram.com/thedogist/p/BPDWTWqBxn4/,https://www.instagram.com/p/BPDWTWqBxn4/,2026-06-19T22:29:18.497Z,432,65
4830,BPBjmkqBBRl,p,https://www.instagram.com/thedogist/p/BPBjmkqBBRl/,https://www.instagram.com/p/BPBjmkqBBRl/,2026-06-19T22:29:18.497Z,432,66
4831,BPBIkTZhlhe,p,https://www.instagram.com/thedogist/p/BPBIkTZhlhe/,https://www.instagram.com/p/BPBIkTZhlhe/,2026-06-19T22:29:18.497Z,432,67
4832,BPAsOxxhZQr,p,https://www.instagram.com/thedogist/p/BPAsOxxhZQr/,https://www.instagram.com/p/BPAsOxxhZQr/,2026-06-19T22:29:18.497Z,432,68
4833,BO_AcTwBJa-,p,https://www.instagram.com/thedogist/p/BO_AcTwBJa-/,https://www.instagram.com/p/BO_AcTwBJa-/,2026-06-19T22:29:18.497Z,432,69
4834,BO-kJ2FBK2X,p,https://www.instagram.com/thedogist/p/BO-kJ2FBK2X/,https://www.instagram.com/p/BO-kJ2FBK2X/,2026-06-19T22:29:18.498Z,432,70
4835,BO-JTn6DoG6,p,https://www.instagram.com/thedogist/p/BO-JTn6DoG6/,https://www.instagram.com/p/BO-JTn6DoG6/,2026-06-19T22:29:18.498Z,432,71
4836,BO8cC3Kj3Zr,p,https://www.instagram.com/thedogist/p/BO8cC3Kj3Zr/,https://www.instagram.com/p/BO8cC3Kj3Zr/,2026-06-19T22:29:18.498Z,432,72
4837,BO8AHHPjNOZ,p,https://www.instagram.com/thedogist/p/BO8AHHPjNOZ/,https://www.instagram.com/p/BO8AHHPjNOZ/,2026-06-19T22:29:18.498Z,432,73
4838,BO7tsn8DMOA,p,https://www.instagram.com/thedogist/p/BO7tsn8DMOA/,https://www.instagram.com/p/BO7tsn8DMOA/,2026-06-19T22:29:18.499Z,432,74
4839,BO5_nL_hrPP,p,https://www.instagram.com/thedogist/p/BO5_nL_hrPP/,https://www.instagram.com/p/BO5_nL_hrPP/,2026-06-19T22:29:18.499Z,432,75
4840,BO5_ke8BP5P,p,https://www.instagram.com/thedogist/p/BO5_ke8BP5P/,https://www.instagram.com/p/BO5_ke8BP5P/,2026-06-19T22:29:18.499Z,432,76
4841,BO5few0BIMZ,p,https://www.instagram.com/thedogist/p/BO5few0BIMZ/,https://www.instagram.com/p/BO5few0BIMZ/,2026-06-19T22:29:18.499Z,432,77
4842,BO47ZvmhloB,p,https://www.instagram.com/thedogist/p/BO47ZvmhloB/,https://www.instagram.com/p/BO47ZvmhloB/,2026-06-19T22:29:18.499Z,432,78
4843,BO3XNAqBr_F,p,https://www.instagram.com/thedogist/p/BO3XNAqBr_F/,https://www.instagram.com/p/BO3XNAqBr_F/,2026-06-19T22:29:18.500Z,432,79
4844,BO3CFGShzYs,p,https://www.instagram.com/thedogist/p/BO3CFGShzYs/,https://www.instagram.com/p/BO3CFGShzYs/,2026-06-19T22:29:18.500Z,432,80
4845,BO2RnqaBM3y,p,https://www.instagram.com/thedogist/p/BO2RnqaBM3y/,https://www.instagram.com/p/BO2RnqaBM3y/,2026-06-19T22:29:18.500Z,432,81
4846,BO0nAnKBOsr,p,https://www.instagram.com/thedogist/p/BO0nAnKBOsr/,https://www.instagram.com/p/BO0nAnKBOsr/,2026-06-19T22:29:18.500Z,432,82
4847,BO0NHbWBYNU,p,https://www.instagram.com/thedogist/p/BO0NHbWBYNU/,https://www.instagram.com/p/BO0NHbWBYNU/,2026-06-19T22:29:18.501Z,432,83
4848,BOzybjaBmEN,p,https://www.instagram.com/thedogist/p/BOzybjaBmEN/,https://www.instagram.com/p/BOzybjaBmEN/,2026-06-19T22:29:18.501Z,432,84
4849,BOyEHIhh4jM,p,https://www.instagram.com/thedogist/p/BOyEHIhh4jM/,https://www.instagram.com/p/BOyEHIhh4jM/,2026-06-19T22:29:24.495Z,435,60
4850,BOxlr93hCgB,p,https://www.instagram.com/thedogist/p/BOxlr93hCgB/,https://www.instagram.com/p/BOxlr93hCgB/,2026-06-19T22:29:24.496Z,435,61
4851,BOxMHHuBDw4,p,https://www.instagram.com/thedogist/p/BOxMHHuBDw4/,https://www.instagram.com/p/BOxMHHuBDw4/,2026-06-19T22:29:24.497Z,435,62
4852,BOvilKeBewS,p,https://www.instagram.com/thedogist/p/BOvilKeBewS/,https://www.instagram.com/p/BOvilKeBewS/,2026-06-19T22:29:24.497Z,435,63
4853,BOvIm30Bd9M,p,https://www.instagram.com/thedogist/p/BOvIm30Bd9M/,https://www.instagram.com/p/BOvIm30Bd9M/,2026-06-19T22:29:24.498Z,435,64
4854,BOumCX1DFpJ,p,https://www.instagram.com/thedogist/p/BOumCX1DFpJ/,https://www.instagram.com/p/BOumCX1DFpJ/,2026-06-19T22:29:24.498Z,435,65
4855,BOtiRXYjSHe,p,https://www.instagram.com/thedogist/p/BOtiRXYjSHe/,https://www.instagram.com/p/BOtiRXYjSHe/,2026-06-19T22:29:24.498Z,435,66
4856,BOtebPUDd7w,p,https://www.instagram.com/thedogist/p/BOtebPUDd7w/,https://www.instagram.com/p/BOtebPUDd7w/,2026-06-19T22:29:24.499Z,435,67
4857,BOsv_Hbhn4s,p,https://www.instagram.com/thedogist/p/BOsv_Hbhn4s/,https://www.instagram.com/p/BOsv_Hbhn4s/,2026-06-19T22:29:24.499Z,435,68
4858,BOsZzgahR_d,p,https://www.instagram.com/thedogist/p/BOsZzgahR_d/,https://www.instagram.com/p/BOsZzgahR_d/,2026-06-19T22:29:24.500Z,435,69
4859,BOsBr_oDleg,p,https://www.instagram.com/thedogist/p/BOsBr_oDleg/,https://www.instagram.com/p/BOsBr_oDleg/,2026-06-19T22:29:24.500Z,435,70
4860,BOqYQiyh8VR,p,https://www.instagram.com/thedogist/p/BOqYQiyh8VR/,https://www.instagram.com/p/BOqYQiyh8VR/,2026-06-19T22:29:24.501Z,435,71
4861,BOp54qehMHi,p,https://www.instagram.com/thedogist/p/BOp54qehMHi/,https://www.instagram.com/p/BOp54qehMHi/,2026-06-19T22:29:40.742Z,443,62
4862,BOpqLbVBsGZ,p,https://www.instagram.com/thedogist/p/BOpqLbVBsGZ/,https://www.instagram.com/p/BOpqLbVBsGZ/,2026-06-19T22:29:40.743Z,443,63
4863,BOn6xOIh4kh,p,https://www.instagram.com/thedogist/p/BOn6xOIh4kh/,https://www.instagram.com/p/BOn6xOIh4kh/,2026-06-19T22:29:40.743Z,443,64
4864,BOnfrrrhADe,p,https://www.instagram.com/thedogist/p/BOnfrrrhADe/,https://www.instagram.com/p/BOnfrrrhADe/,2026-06-19T22:29:40.744Z,443,65
4865,BOnIXIAhl9U,p,https://www.instagram.com/thedogist/p/BOnIXIAhl9U/,https://www.instagram.com/p/BOnIXIAhl9U/,2026-06-19T22:29:40.744Z,443,66
4866,BOlUZJihzVi,p,https://www.instagram.com/thedogist/p/BOlUZJihzVi/,https://www.instagram.com/p/BOlUZJihzVi/,2026-06-19T22:29:40.744Z,443,67
4867,BOkgGjmhO53,p,https://www.instagram.com/thedogist/p/BOkgGjmhO53/,https://www.instagram.com/p/BOkgGjmhO53/,2026-06-19T22:29:40.744Z,443,68
4868,BOkIZwSBIDo,p,https://www.instagram.com/thedogist/p/BOkIZwSBIDo/,https://www.instagram.com/p/BOkIZwSBIDo/,2026-06-19T22:29:40.745Z,443,69
4869,BOi4NWShQR-,p,https://www.instagram.com/thedogist/p/BOi4NWShQR-/,https://www.instagram.com/p/BOi4NWShQR-/,2026-06-19T22:29:40.745Z,443,70
4870,BOiFZczh93y,p,https://www.instagram.com/thedogist/p/BOiFZczh93y/,https://www.instagram.com/p/BOiFZczh93y/,2026-06-19T22:29:40.745Z,443,71
4871,BOhnBIthQSm,p,https://www.instagram.com/thedogist/p/BOhnBIthQSm/,https://www.instagram.com/p/BOhnBIthQSm/,2026-06-19T22:29:40.745Z,443,72
4872,BOgM6z6h3lD,p,https://www.instagram.com/thedogist/p/BOgM6z6h3lD/,https://www.instagram.com/p/BOgM6z6h3lD/,2026-06-19T22:29:40.746Z,443,73
4873,BOfyN_pBHdI,p,https://www.instagram.com/thedogist/p/BOfyN_pBHdI/,https://www.instagram.com/p/BOfyN_pBHdI/,2026-06-19T22:29:42.443Z,444,59
4874,BOfKmp4h5CU,p,https://www.instagram.com/thedogist/p/BOfKmp4h5CU/,https://www.instagram.com/p/BOfKmp4h5CU/,2026-06-19T22:29:42.443Z,444,60
4875,BOdNlAFBQjg,p,https://www.instagram.com/thedogist/p/BOdNlAFBQjg/,https://www.instagram.com/p/BOdNlAFBQjg/,2026-06-19T22:29:42.444Z,444,61
4876,BOcptzBBBdn,p,https://www.instagram.com/thedogist/p/BOcptzBBBdn/,https://www.instagram.com/p/BOcptzBBBdn/,2026-06-19T22:29:42.444Z,444,62
4877,BOcZ8s6hyS5,p,https://www.instagram.com/thedogist/p/BOcZ8s6hyS5/,https://www.instagram.com/p/BOcZ8s6hyS5/,2026-06-19T22:29:42.444Z,444,63
4878,BOazfUlhq9t,p,https://www.instagram.com/thedogist/p/BOazfUlhq9t/,https://www.instagram.com/p/BOazfUlhq9t/,2026-06-19T22:29:42.444Z,444,64
4879,BOach3rBmAT,p,https://www.instagram.com/thedogist/p/BOach3rBmAT/,https://www.instagram.com/p/BOach3rBmAT/,2026-06-19T22:29:42.445Z,444,65
4880,BOaAwHVBD0i,p,https://www.instagram.com/thedogist/p/BOaAwHVBD0i/,https://www.instagram.com/p/BOaAwHVBD0i/,2026-06-19T22:29:42.445Z,444,66
4881,BOYCcjRBpM6,p,https://www.instagram.com/thedogist/p/BOYCcjRBpM6/,https://www.instagram.com/p/BOYCcjRBpM6/,2026-06-19T22:29:42.445Z,444,67
4882,BOXgixThzOP,p,https://www.instagram.com/thedogist/p/BOXgixThzOP/,https://www.instagram.com/p/BOXgixThzOP/,2026-06-19T22:29:42.445Z,444,68
4883,BOVoJLHBxbd,p,https://www.instagram.com/thedogist/p/BOVoJLHBxbd/,https://www.instagram.com/p/BOVoJLHBxbd/,2026-06-19T22:29:42.445Z,444,69
4884,BOVMqEQBsuC,p,https://www.instagram.com/thedogist/p/BOVMqEQBsuC/,https://www.instagram.com/p/BOVMqEQBsuC/,2026-06-19T22:29:42.446Z,444,70
4885,BOUouSyBr7S,p,https://www.instagram.com/thedogist/p/BOUouSyBr7S/,https://www.instagram.com/p/BOUouSyBr7S/,2026-06-19T22:29:44.148Z,445,61
4886,BOS6ZaiBH1x,p,https://www.instagram.com/thedogist/p/BOS6ZaiBH1x/,https://www.instagram.com/p/BOS6ZaiBH1x/,2026-06-19T22:29:44.149Z,445,62
4887,BOSXMBVBhd0,p,https://www.instagram.com/thedogist/p/BOSXMBVBhd0/,https://www.instagram.com/p/BOSXMBVBhd0/,2026-06-19T22:29:44.149Z,445,63
4888,BOR6w4Bhm7t,p,https://www.instagram.com/thedogist/p/BOR6w4Bhm7t/,https://www.instagram.com/p/BOR6w4Bhm7t/,2026-06-19T22:29:44.150Z,445,64
4889,BOQ89UDBDVG,p,https://www.instagram.com/thedogist/p/BOQ89UDBDVG/,https://www.instagram.com/p/BOQ89UDBDVG/,2026-06-19T22:29:44.150Z,445,65
4890,BOQN-HuBPqW,p,https://www.instagram.com/thedogist/p/BOQN-HuBPqW/,https://www.instagram.com/p/BOQN-HuBPqW/,2026-06-19T22:29:44.150Z,445,66
4891,BOPuB-khxVy,p,https://www.instagram.com/thedogist/p/BOPuB-khxVy/,https://www.instagram.com/p/BOPuB-khxVy/,2026-06-19T22:29:44.150Z,445,67
4892,BOOTi2IB42F,p,https://www.instagram.com/thedogist/p/BOOTi2IB42F/,https://www.instagram.com/p/BOOTi2IB42F/,2026-06-19T22:29:44.151Z,445,68
4893,BONg-eFBxDL,p,https://www.instagram.com/thedogist/p/BONg-eFBxDL/,https://www.instagram.com/p/BONg-eFBxDL/,2026-06-19T22:29:44.151Z,445,69
4894,BOM_m5KhEIf,p,https://www.instagram.com/thedogist/p/BOM_m5KhEIf/,https://www.instagram.com/p/BOM_m5KhEIf/,2026-06-19T22:29:44.151Z,445,70
4895,BOLqiF8hbTN,p,https://www.instagram.com/thedogist/p/BOLqiF8hbTN/,https://www.instagram.com/p/BOLqiF8hbTN/,2026-06-19T22:29:44.152Z,445,71
4896,BOK99FXBsCs,p,https://www.instagram.com/thedogist/p/BOK99FXBsCs/,https://www.instagram.com/p/BOK99FXBsCs/,2026-06-19T22:29:44.152Z,445,72
4897,BOKkN2ABc2I,p,https://www.instagram.com/thedogist/p/BOKkN2ABc2I/,https://www.instagram.com/p/BOKkN2ABc2I/,2026-06-19T22:29:45.864Z,446,58
4898,BOI5YywBD0s,p,https://www.instagram.com/thedogist/p/BOI5YywBD0s/,https://www.instagram.com/p/BOI5YywBD0s/,2026-06-19T22:29:45.865Z,446,59
4899,BOIjrP6Bex1,p,https://www.instagram.com/thedogist/p/BOIjrP6Bex1/,https://www.instagram.com/p/BOIjrP6Bex1/,2026-06-19T22:29:45.865Z,446,60
4900,BOIQwQnh7VD,p,https://www.instagram.com/thedogist/p/BOIQwQnh7VD/,https://www.instagram.com/p/BOIQwQnh7VD/,2026-06-19T22:29:45.866Z,446,61
4901,BOGRcBZBq5d,p,https://www.instagram.com/thedogist/p/BOGRcBZBq5d/,https://www.instagram.com/p/BOGRcBZBq5d/,2026-06-19T22:29:45.866Z,446,62
4902,BOF4jzUhewA,p,https://www.instagram.com/thedogist/p/BOF4jzUhewA/,https://www.instagram.com/p/BOF4jzUhewA/,2026-06-19T22:29:45.866Z,446,63
4903,BOFnT8QBWbv,p,https://www.instagram.com/thedogist/p/BOFnT8QBWbv/,https://www.instagram.com/p/BOFnT8QBWbv/,2026-06-19T22:29:45.866Z,446,64
4904,BODvmxGhwLm,p,https://www.instagram.com/thedogist/p/BODvmxGhwLm/,https://www.instagram.com/p/BODvmxGhwLm/,2026-06-19T22:29:45.867Z,446,65
4905,BODPJWchdrW,p,https://www.instagram.com/thedogist/p/BODPJWchdrW/,https://www.instagram.com/p/BODPJWchdrW/,2026-06-19T22:29:45.867Z,446,66
4906,BOC3CbMBf3K,p,https://www.instagram.com/thedogist/p/BOC3CbMBf3K/,https://www.instagram.com/p/BOC3CbMBf3K/,2026-06-19T22:29:45.867Z,446,67
4907,BOA-qjMBf_I,p,https://www.instagram.com/thedogist/p/BOA-qjMBf_I/,https://www.instagram.com/p/BOA-qjMBf_I/,2026-06-19T22:29:45.868Z,446,68
4908,BOAi8dNBY7f,p,https://www.instagram.com/thedogist/p/BOAi8dNBY7f/,https://www.instagram.com/p/BOAi8dNBY7f/,2026-06-19T22:29:45.868Z,446,69
4909,BOAPIMIB2J0,p,https://www.instagram.com/thedogist/p/BOAPIMIB2J0/,https://www.instagram.com/p/BOAPIMIB2J0/,2026-06-19T22:29:47.573Z,447,60
4910,BN-uUnqBrsB,p,https://www.instagram.com/thedogist/p/BN-uUnqBrsB/,https://www.instagram.com/p/BN-uUnqBrsB/,2026-06-19T22:29:47.574Z,447,61
4911,BN-eqZRBEOf,p,https://www.instagram.com/thedogist/p/BN-eqZRBEOf/,https://www.instagram.com/p/BN-eqZRBEOf/,2026-06-19T22:29:47.574Z,447,62
4912,BN967hshSSx,p,https://www.instagram.com/thedogist/p/BN967hshSSx/,https://www.instagram.com/p/BN967hshSSx/,2026-06-19T22:29:47.574Z,447,63
4913,BN9gg-Rh6bs,p,https://www.instagram.com/thedogist/p/BN9gg-Rh6bs/,https://www.instagram.com/p/BN9gg-Rh6bs/,2026-06-19T22:29:47.575Z,447,64
4914,BN8G32_h2TY,p,https://www.instagram.com/thedogist/p/BN8G32_h2TY/,https://www.instagram.com/p/BN8G32_h2TY/,2026-06-19T22:29:47.575Z,447,65
4915,BN7zBZshlId,p,https://www.instagram.com/thedogist/p/BN7zBZshlId/,https://www.instagram.com/p/BN7zBZshlId/,2026-06-19T22:29:47.575Z,447,66
4916,BN7CTqeh7u1,p,https://www.instagram.com/thedogist/p/BN7CTqeh7u1/,https://www.instagram.com/p/BN7CTqeh7u1/,2026-06-19T22:29:47.575Z,447,67
4917,BN5dbN4BkZ6,p,https://www.instagram.com/thedogist/p/BN5dbN4BkZ6/,https://www.instagram.com/p/BN5dbN4BkZ6/,2026-06-19T22:29:47.576Z,447,68
4918,BN5NqrbhZ0A,p,https://www.instagram.com/thedogist/p/BN5NqrbhZ0A/,https://www.instagram.com/p/BN5NqrbhZ0A/,2026-06-19T22:29:47.576Z,447,69
4919,BN4lHq1B9Vs,p,https://www.instagram.com/thedogist/p/BN4lHq1B9Vs/,https://www.instagram.com/p/BN4lHq1B9Vs/,2026-06-19T22:29:47.576Z,447,70
4920,BN2ywDXhZIu,p,https://www.instagram.com/thedogist/p/BN2ywDXhZIu/,https://www.instagram.com/p/BN2ywDXhZIu/,2026-06-19T22:29:47.576Z,447,71
4921,BN2VKj-Bb3N,p,https://www.instagram.com/thedogist/p/BN2VKj-Bb3N/,https://www.instagram.com/p/BN2VKj-Bb3N/,2026-06-19T22:29:49.283Z,448,62
4922,BN2EGwSh7D8,p,https://www.instagram.com/thedogist/p/BN2EGwSh7D8/,https://www.instagram.com/p/BN2EGwSh7D8/,2026-06-19T22:29:49.284Z,448,63
4923,BN0hiUEBw_8,p,https://www.instagram.com/thedogist/p/BN0hiUEBw_8/,https://www.instagram.com/p/BN0hiUEBw_8/,2026-06-19T22:29:49.284Z,448,64
4924,BN0DDmqh3MD,p,https://www.instagram.com/thedogist/p/BN0DDmqh3MD/,https://www.instagram.com/p/BN0DDmqh3MD/,2026-06-19T22:29:49.284Z,448,65
4925,BNzsuXNhh8S,p,https://www.instagram.com/thedogist/p/BNzsuXNhh8S/,https://www.instagram.com/p/BNzsuXNhh8S/,2026-06-19T22:29:49.285Z,448,66
4926,BNzYf8hB4xA,p,https://www.instagram.com/thedogist/p/BNzYf8hB4xA/,https://www.instagram.com/p/BNzYf8hB4xA/,2026-06-19T22:29:49.285Z,448,67
4927,BNxn-gIhc2L,p,https://www.instagram.com/thedogist/p/BNxn-gIhc2L/,https://www.instagram.com/p/BNxn-gIhc2L/,2026-06-19T22:29:49.285Z,448,68
4928,BNxW5i2BngR,p,https://www.instagram.com/thedogist/p/BNxW5i2BngR/,https://www.instagram.com/p/BNxW5i2BngR/,2026-06-19T22:29:49.285Z,448,69
4929,BNw8a77BBO_,p,https://www.instagram.com/thedogist/p/BNw8a77BBO_/,https://www.instagram.com/p/BNw8a77BBO_/,2026-06-19T22:29:49.286Z,448,70
4930,BNvAR80B_nP,p,https://www.instagram.com/thedogist/p/BNvAR80B_nP/,https://www.instagram.com/p/BNvAR80B_nP/,2026-06-19T22:29:49.286Z,448,71
4931,BNuvi0jBWj4,p,https://www.instagram.com/thedogist/p/BNuvi0jBWj4/,https://www.instagram.com/p/BNuvi0jBWj4/,2026-06-19T22:29:49.286Z,448,72
4932,BNuR06thLS6,p,https://www.instagram.com/thedogist/p/BNuR06thLS6/,https://www.instagram.com/p/BNuR06thLS6/,2026-06-19T22:29:49.286Z,448,73
4933,BNsbcjYhY99,p,https://www.instagram.com/thedogist/p/BNsbcjYhY99/,https://www.instagram.com/p/BNsbcjYhY99/,2026-06-19T22:29:50.990Z,449,59
4934,BNsEa7dB7sT,p,https://www.instagram.com/thedogist/p/BNsEa7dB7sT/,https://www.instagram.com/p/BNsEa7dB7sT/,2026-06-19T22:29:50.991Z,449,60
4935,BNrvNyYhxpI,p,https://www.instagram.com/thedogist/p/BNrvNyYhxpI/,https://www.instagram.com/p/BNrvNyYhxpI/,2026-06-19T22:29:50.991Z,449,61
4936,BNp7njhjRah,p,https://www.instagram.com/thedogist/p/BNp7njhjRah/,https://www.instagram.com/p/BNp7njhjRah/,2026-06-19T22:29:50.992Z,449,62
4937,BNpf0zThzsn,p,https://www.instagram.com/thedogist/p/BNpf0zThzsn/,https://www.instagram.com/p/BNpf0zThzsn/,2026-06-19T22:29:50.992Z,449,63
4938,BNpO19ihDww,p,https://www.instagram.com/thedogist/p/BNpO19ihDww/,https://www.instagram.com/p/BNpO19ihDww/,2026-06-19T22:29:50.992Z,449,64
4939,BNnJCCqhO9Z,p,https://www.instagram.com/thedogist/p/BNnJCCqhO9Z/,https://www.instagram.com/p/BNnJCCqhO9Z/,2026-06-19T22:29:50.992Z,449,65
4940,BNmzKi0BsjX,p,https://www.instagram.com/thedogist/p/BNmzKi0BsjX/,https://www.instagram.com/p/BNmzKi0BsjX/,2026-06-19T22:29:50.992Z,449,66
4941,BNmh--chnv1,p,https://www.instagram.com/thedogist/p/BNmh--chnv1/,https://www.instagram.com/p/BNmh--chnv1/,2026-06-19T22:29:50.993Z,449,67
4942,BNktlIlhc8h,p,https://www.instagram.com/thedogist/p/BNktlIlhc8h/,https://www.instagram.com/p/BNktlIlhc8h/,2026-06-19T22:29:50.993Z,449,68
4943,BNkL1w7hD5J,p,https://www.instagram.com/thedogist/p/BNkL1w7hD5J/,https://www.instagram.com/p/BNkL1w7hD5J/,2026-06-19T22:29:50.993Z,449,69
4944,BNj2Oe5hRaX,p,https://www.instagram.com/thedogist/p/BNj2Oe5hRaX/,https://www.instagram.com/p/BNj2Oe5hRaX/,2026-06-19T22:29:50.993Z,449,70
4945,BNiZm9PB-Oq,p,https://www.instagram.com/thedogist/p/BNiZm9PB-Oq/,https://www.instagram.com/p/BNiZm9PB-Oq/,2026-06-19T22:29:52.696Z,450,61
4946,BNiGoG6BpNx,p,https://www.instagram.com/thedogist/p/BNiGoG6BpNx/,https://www.instagram.com/p/BNiGoG6BpNx/,2026-06-19T22:29:52.697Z,450,62
4947,BNh7uYZh1fr,p,https://www.instagram.com/thedogist/p/BNh7uYZh1fr/,https://www.instagram.com/p/BNh7uYZh1fr/,2026-06-19T22:29:52.697Z,450,63
4948,BNhaHD-hwRz,p,https://www.instagram.com/thedogist/p/BNhaHD-hwRz/,https://www.instagram.com/p/BNhaHD-hwRz/,2026-06-19T22:29:52.697Z,450,64
4949,BNfnWCLhcUh,p,https://www.instagram.com/thedogist/p/BNfnWCLhcUh/,https://www.instagram.com/p/BNfnWCLhcUh/,2026-06-19T22:29:52.697Z,450,65
4950,BNfIQHVBWoe,p,https://www.instagram.com/thedogist/p/BNfIQHVBWoe/,https://www.instagram.com/p/BNfIQHVBWoe/,2026-06-19T22:29:52.698Z,450,66
4951,BNe02lfBrHR,p,https://www.instagram.com/thedogist/p/BNe02lfBrHR/,https://www.instagram.com/p/BNe02lfBrHR/,2026-06-19T22:29:52.698Z,450,67
4952,BNdKqlZDchW,p,https://www.instagram.com/thedogist/p/BNdKqlZDchW/,https://www.instagram.com/p/BNdKqlZDchW/,2026-06-19T22:29:52.698Z,450,68
4953,BNciG9LhuO9,p,https://www.instagram.com/thedogist/p/BNciG9LhuO9/,https://www.instagram.com/p/BNciG9LhuO9/,2026-06-19T22:29:52.698Z,450,69
4954,BNcSGn5hWXy,p,https://www.instagram.com/thedogist/p/BNcSGn5hWXy/,https://www.instagram.com/p/BNcSGn5hWXy/,2026-06-19T22:29:52.699Z,450,70
4955,BNaa-xphDHn,p,https://www.instagram.com/thedogist/p/BNaa-xphDHn/,https://www.instagram.com/p/BNaa-xphDHn/,2026-06-19T22:29:52.699Z,450,71
4956,BNZ38IPhI8J,p,https://www.instagram.com/thedogist/p/BNZ38IPhI8J/,https://www.instagram.com/p/BNZ38IPhI8J/,2026-06-19T22:29:52.699Z,450,72
4957,BNZmgWgBzbg,p,https://www.instagram.com/thedogist/p/BNZmgWgBzbg/,https://www.instagram.com/p/BNZmgWgBzbg/,2026-06-19T22:29:54.403Z,451,58
4958,BNX0VB2hsWX,p,https://www.instagram.com/thedogist/p/BNX0VB2hsWX/,https://www.instagram.com/p/BNX0VB2hsWX/,2026-06-19T22:29:54.403Z,451,59
4959,BNXe3d0BI3S,p,https://www.instagram.com/thedogist/p/BNXe3d0BI3S/,https://www.instagram.com/p/BNXe3d0BI3S/,2026-06-19T22:29:54.404Z,451,60
4960,BNXQSGQhULL,p,https://www.instagram.com/thedogist/p/BNXQSGQhULL/,https://www.instagram.com/p/BNXQSGQhULL/,2026-06-19T22:29:54.404Z,451,61
4961,BNVWZhbBT5d,p,https://www.instagram.com/thedogist/p/BNVWZhbBT5d/,https://www.instagram.com/p/BNVWZhbBT5d/,2026-06-19T22:29:54.404Z,451,62
4962,BNVBCNABUWi,p,https://www.instagram.com/thedogist/p/BNVBCNABUWi/,https://www.instagram.com/p/BNVBCNABUWi/,2026-06-19T22:29:54.405Z,451,63
4963,BNUZJFKBCxT,p,https://www.instagram.com/thedogist/p/BNUZJFKBCxT/,https://www.instagram.com/p/BNUZJFKBCxT/,2026-06-19T22:29:54.405Z,451,64
4964,BNSmizoh8yI,p,https://www.instagram.com/thedogist/p/BNSmizoh8yI/,https://www.instagram.com/p/BNSmizoh8yI/,2026-06-19T22:29:54.405Z,451,65
4965,BNSK8-zB9CI,p,https://www.instagram.com/thedogist/p/BNSK8-zB9CI/,https://www.instagram.com/p/BNSK8-zB9CI/,2026-06-19T22:29:54.405Z,451,66
4966,BNRzUp0hyb2,p,https://www.instagram.com/thedogist/p/BNRzUp0hyb2/,https://www.instagram.com/p/BNRzUp0hyb2/,2026-06-19T22:29:54.405Z,451,67
4967,BNQNpePBLay,p,https://www.instagram.com/thedogist/p/BNQNpePBLay/,https://www.instagram.com/p/BNQNpePBLay/,2026-06-19T22:29:54.406Z,451,68
4968,BNP6w-nB7jk,p,https://www.instagram.com/thedogist/p/BNP6w-nB7jk/,https://www.instagram.com/p/BNP6w-nB7jk/,2026-06-19T22:29:54.406Z,451,69
4969,BNPSRsIh_HV,p,https://www.instagram.com/thedogist/p/BNPSRsIh_HV/,https://www.instagram.com/p/BNPSRsIh_HV/,2026-06-19T22:29:58.373Z,453,60
4970,BNPSLiih_aj,p,https://www.instagram.com/thedogist/p/BNPSLiih_aj/,https://www.instagram.com/p/BNPSLiih_aj/,2026-06-19T22:29:58.374Z,453,61
4971,BNNen6Ph9Wh,p,https://www.instagram.com/thedogist/p/BNNen6Ph9Wh/,https://www.instagram.com/p/BNNen6Ph9Wh/,2026-06-19T22:29:58.374Z,453,62
4972,BNNGd6aBlzG,p,https://www.instagram.com/thedogist/p/BNNGd6aBlzG/,https://www.instagram.com/p/BNNGd6aBlzG/,2026-06-19T22:29:58.374Z,453,63
4973,BNMwbSmBWeF,p,https://www.instagram.com/thedogist/p/BNMwbSmBWeF/,https://www.instagram.com/p/BNMwbSmBWeF/,2026-06-19T22:29:58.375Z,453,64
4974,BNK_gcshGoZ,p,https://www.instagram.com/thedogist/p/BNK_gcshGoZ/,https://www.instagram.com/p/BNK_gcshGoZ/,2026-06-19T22:29:58.375Z,453,65
4975,BNKnFdlBS6l,p,https://www.instagram.com/thedogist/p/BNKnFdlBS6l/,https://www.instagram.com/p/BNKnFdlBS6l/,2026-06-19T22:29:58.375Z,453,66
4976,BNKHMBAhoqd,p,https://www.instagram.com/thedogist/p/BNKHMBAhoqd/,https://www.instagram.com/p/BNKHMBAhoqd/,2026-06-19T22:29:58.375Z,453,67
4977,BNIpB7wBjeU,p,https://www.instagram.com/thedogist/p/BNIpB7wBjeU/,https://www.instagram.com/p/BNIpB7wBjeU/,2026-06-19T22:29:58.375Z,453,68
4978,BNICadzhPxX,p,https://www.instagram.com/thedogist/p/BNICadzhPxX/,https://www.instagram.com/p/BNICadzhPxX/,2026-06-19T22:29:58.376Z,453,69
4979,BNHmxF1h18x,p,https://www.instagram.com/thedogist/p/BNHmxF1h18x/,https://www.instagram.com/p/BNHmxF1h18x/,2026-06-19T22:29:58.376Z,453,70
4980,BNGE0zuh8i0,p,https://www.instagram.com/thedogist/p/BNGE0zuh8i0/,https://www.instagram.com/p/BNGE0zuh8i0/,2026-06-19T22:29:58.376Z,453,71
4981,BNFzJVmBNwn,p,https://www.instagram.com/thedogist/p/BNFzJVmBNwn/,https://www.instagram.com/p/BNFzJVmBNwn/,2026-06-19T22:29:58.376Z,453,72
4982,BNFV3A7BZtN,p,https://www.instagram.com/thedogist/p/BNFV3A7BZtN/,https://www.instagram.com/p/BNFV3A7BZtN/,2026-06-19T22:29:58.377Z,453,73
4983,BNFFh4PBDwX,p,https://www.instagram.com/thedogist/p/BNFFh4PBDwX/,https://www.instagram.com/p/BNFFh4PBDwX/,2026-06-19T22:29:58.377Z,453,74
4984,BNDayQzh5S9,p,https://www.instagram.com/thedogist/p/BNDayQzh5S9/,https://www.instagram.com/p/BNDayQzh5S9/,2026-06-19T22:29:58.377Z,453,75
4985,BNDIf8IB2BA,p,https://www.instagram.com/thedogist/p/BNDIf8IB2BA/,https://www.instagram.com/p/BNDIf8IB2BA/,2026-06-19T22:29:58.377Z,453,76
4986,BNCzPpNh9m6,p,https://www.instagram.com/thedogist/p/BNCzPpNh9m6/,https://www.instagram.com/p/BNCzPpNh9m6/,2026-06-19T22:29:58.377Z,453,77
4987,BNCeq9Ah0qK,p,https://www.instagram.com/thedogist/p/BNCeq9Ah0qK/,https://www.instagram.com/p/BNCeq9Ah0qK/,2026-06-19T22:29:58.378Z,453,78
4988,BNA4qGfBlVe,p,https://www.instagram.com/thedogist/p/BNA4qGfBlVe/,https://www.instagram.com/p/BNA4qGfBlVe/,2026-06-19T22:29:58.378Z,453,79
4989,BNAVrNEhWNz,p,https://www.instagram.com/thedogist/p/BNAVrNEhWNz/,https://www.instagram.com/p/BNAVrNEhWNz/,2026-06-19T22:29:58.378Z,453,80
4990,BM_1Z0Nh0Ul,p,https://www.instagram.com/thedogist/p/BM_1Z0Nh0Ul/,https://www.instagram.com/p/BM_1Z0Nh0Ul/,2026-06-19T22:29:58.378Z,453,81
4991,BM-DxcSBaqK,p,https://www.instagram.com/thedogist/p/BM-DxcSBaqK/,https://www.instagram.com/p/BM-DxcSBaqK/,2026-06-19T22:29:58.378Z,453,82
4992,BM9ui6WhKUE,p,https://www.instagram.com/thedogist/p/BM9ui6WhKUE/,https://www.instagram.com/p/BM9ui6WhKUE/,2026-06-19T22:29:58.379Z,453,83
4993,BM9bYSshefh,p,https://www.instagram.com/thedogist/p/BM9bYSshefh/,https://www.instagram.com/p/BM9bYSshefh/,2026-06-19T22:30:00.080Z,454,59
4994,BM7nTgaBWgi,p,https://www.instagram.com/thedogist/p/BM7nTgaBWgi/,https://www.instagram.com/p/BM7nTgaBWgi/,2026-06-19T22:30:00.081Z,454,60
4995,BM7NkYIhOqT,p,https://www.instagram.com/thedogist/p/BM7NkYIhOqT/,https://www.instagram.com/p/BM7NkYIhOqT/,2026-06-19T22:30:00.082Z,454,61
4996,BM68ZhHBRa6,p,https://www.instagram.com/thedogist/p/BM68ZhHBRa6/,https://www.instagram.com/p/BM68ZhHBRa6/,2026-06-19T22:30:00.082Z,454,62
4997,BM5GD2Khh_i,p,https://www.instagram.com/thedogist/p/BM5GD2Khh_i/,https://www.instagram.com/p/BM5GD2Khh_i/,2026-06-19T22:30:00.082Z,454,63
4998,BM4osOZj-ix,p,https://www.instagram.com/thedogist/p/BM4osOZj-ix/,https://www.instagram.com/p/BM4osOZj-ix/,2026-06-19T22:30:00.082Z,454,64
4999,BM4GGaIBCxZ,p,https://www.instagram.com/thedogist/p/BM4GGaIBCxZ/,https://www.instagram.com/p/BM4GGaIBCxZ/,2026-06-19T22:30:00.083Z,454,65
5000,BM2afPCB7RT,p,https://www.instagram.com/thedogist/p/BM2afPCB7RT/,https://www.instagram.com/p/BM2afPCB7RT/,2026-06-19T22:30:00.083Z,454,66
5001,BM19l3chHsx,p,https://www.instagram.com/thedogist/p/BM19l3chHsx/,https://www.instagram.com/p/BM19l3chHsx/,2026-06-19T22:30:00.083Z,454,67
5002,BM1j6iZhENa,p,https://www.instagram.com/thedogist/p/BM1j6iZhENa/,https://www.instagram.com/p/BM1j6iZhENa/,2026-06-19T22:30:00.083Z,454,68
5003,BMz5VEJBZuf,p,https://www.instagram.com/thedogist/p/BMz5VEJBZuf/,https://www.instagram.com/p/BMz5VEJBZuf/,2026-06-19T22:30:00.084Z,454,69
5004,BMznsSeBY2U,p,https://www.instagram.com/thedogist/p/BMznsSeBY2U/,https://www.instagram.com/p/BMznsSeBY2U/,2026-06-19T22:30:00.084Z,454,70
5005,BMzQ3EohOUg,p,https://www.instagram.com/thedogist/p/BMzQ3EohOUg/,https://www.instagram.com/p/BMzQ3EohOUg/,2026-06-19T22:30:01.786Z,455,61
5006,BMxM9H5h-6l,p,https://www.instagram.com/thedogist/p/BMxM9H5h-6l/,https://www.instagram.com/p/BMxM9H5h-6l/,2026-06-19T22:30:01.787Z,455,62
5007,BMwtlQNBQww,p,https://www.instagram.com/thedogist/p/BMwtlQNBQww/,https://www.instagram.com/p/BMwtlQNBQww/,2026-06-19T22:30:01.787Z,455,63
5008,BMwXAFOBnYM,p,https://www.instagram.com/thedogist/p/BMwXAFOBnYM/,https://www.instagram.com/p/BMwXAFOBnYM/,2026-06-19T22:30:01.788Z,455,64
5009,BMuy1y8BRvK,p,https://www.instagram.com/thedogist/p/BMuy1y8BRvK/,https://www.instagram.com/p/BMuy1y8BRvK/,2026-06-19T22:30:01.788Z,455,65
5010,BMuko7rhNIU,p,https://www.instagram.com/thedogist/p/BMuko7rhNIU/,https://www.instagram.com/p/BMuko7rhNIU/,2026-06-19T22:30:01.788Z,455,66
5011,BMuHMbkhvLO,p,https://www.instagram.com/thedogist/p/BMuHMbkhvLO/,https://www.instagram.com/p/BMuHMbkhvLO/,2026-06-19T22:30:01.788Z,455,67
5012,BMtxQmphRZD,p,https://www.instagram.com/thedogist/p/BMtxQmphRZD/,https://www.instagram.com/p/BMtxQmphRZD/,2026-06-19T22:30:01.788Z,455,68
5013,BMsHZLYh3gF,p,https://www.instagram.com/thedogist/p/BMsHZLYh3gF/,https://www.instagram.com/p/BMsHZLYh3gF/,2026-06-19T22:30:01.789Z,455,69
5014,BMrp1YVBhZR,p,https://www.instagram.com/thedogist/p/BMrp1YVBhZR/,https://www.instagram.com/p/BMrp1YVBhZR/,2026-06-19T22:30:01.789Z,455,70
5015,BMrVBufhh9_,p,https://www.instagram.com/thedogist/p/BMrVBufhh9_/,https://www.instagram.com/p/BMrVBufhh9_/,2026-06-19T22:30:01.789Z,455,71
5016,BMpmgs1hviQ,p,https://www.instagram.com/thedogist/p/BMpmgs1hviQ/,https://www.instagram.com/p/BMpmgs1hviQ/,2026-06-19T22:30:01.789Z,455,72
5017,BMpGWDZBf9f,p,https://www.instagram.com/thedogist/p/BMpGWDZBf9f/,https://www.instagram.com/p/BMpGWDZBf9f/,2026-06-19T22:30:04.154Z,456,58
5018,BMo1yLhhZYG,p,https://www.instagram.com/thedogist/p/BMo1yLhhZYG/,https://www.instagram.com/p/BMo1yLhhZYG/,2026-06-19T22:30:04.155Z,456,59
5019,BMm0zCqBVX_,p,https://www.instagram.com/thedogist/p/BMm0zCqBVX_/,https://www.instagram.com/p/BMm0zCqBVX_/,2026-06-19T22:30:04.155Z,456,60
5020,BMma67PBfQh,p,https://www.instagram.com/thedogist/p/BMma67PBfQh/,https://www.instagram.com/p/BMma67PBfQh/,2026-06-19T22:30:04.156Z,456,61
5021,BMmLRmPBCcA,p,https://www.instagram.com/thedogist/p/BMmLRmPBCcA/,https://www.instagram.com/p/BMmLRmPBCcA/,2026-06-19T22:30:04.156Z,456,62
5022,BMmLQNAhPV0,p,https://www.instagram.com/thedogist/p/BMmLQNAhPV0/,https://www.instagram.com/p/BMmLQNAhPV0/,2026-06-19T22:30:04.156Z,456,63
5023,BMkhaJSBXZU,p,https://www.instagram.com/thedogist/p/BMkhaJSBXZU/,https://www.instagram.com/p/BMkhaJSBXZU/,2026-06-19T22:30:04.156Z,456,64
5024,BMkGChihB--,p,https://www.instagram.com/thedogist/p/BMkGChihB--/,https://www.instagram.com/p/BMkGChihB--/,2026-06-19T22:30:04.157Z,456,65
5025,BMjy_u7h5yA,p,https://www.instagram.com/thedogist/p/BMjy_u7h5yA/,https://www.instagram.com/p/BMjy_u7h5yA/,2026-06-19T22:30:04.157Z,456,66
5026,BMjVl_8BRmg,reel,https://www.instagram.com/thedogist/reel/BMjVl_8BRmg/,https://www.instagram.com/reel/BMjVl_8BRmg/,2026-06-19T22:30:04.157Z,456,67
5027,BMh6DYUBuCT,p,https://www.instagram.com/thedogist/p/BMh6DYUBuCT/,https://www.instagram.com/p/BMh6DYUBuCT/,2026-06-19T22:30:04.158Z,456,68
5028,BMhXDQFBX9C,p,https://www.instagram.com/thedogist/p/BMhXDQFBX9C/,https://www.instagram.com/p/BMhXDQFBX9C/,2026-06-19T22:30:04.158Z,456,69
5029,BMhI98bBG2t,p,https://www.instagram.com/thedogist/p/BMhI98bBG2t/,https://www.instagram.com/p/BMhI98bBG2t/,2026-06-19T22:30:05.858Z,457,60
5030,BMfIJUJhtjk,p,https://www.instagram.com/thedogist/p/BMfIJUJhtjk/,https://www.instagram.com/p/BMfIJUJhtjk/,2026-06-19T22:30:05.858Z,457,61
5031,BMeqPjnBHpU,p,https://www.instagram.com/thedogist/p/BMeqPjnBHpU/,https://www.instagram.com/p/BMeqPjnBHpU/,2026-06-19T22:30:05.859Z,457,62
5032,BMeUD-VB2yO,p,https://www.instagram.com/thedogist/p/BMeUD-VB2yO/,https://www.instagram.com/p/BMeUD-VB2yO/,2026-06-19T22:30:05.859Z,457,63
5033,BMcrnFihf-U,p,https://www.instagram.com/thedogist/p/BMcrnFihf-U/,https://www.instagram.com/p/BMcrnFihf-U/,2026-06-19T22:30:05.859Z,457,64
5034,BMcLYmOB87A,p,https://www.instagram.com/thedogist/p/BMcLYmOB87A/,https://www.instagram.com/p/BMcLYmOB87A/,2026-06-19T22:30:05.859Z,457,65
5035,BMbyelEBu36,p,https://www.instagram.com/thedogist/p/BMbyelEBu36/,https://www.instagram.com/p/BMbyelEBu36/,2026-06-19T22:30:05.860Z,457,66
5036,BMaMaCoBdS_,p,https://www.instagram.com/thedogist/p/BMaMaCoBdS_/,https://www.instagram.com/p/BMaMaCoBdS_/,2026-06-19T22:30:05.860Z,457,67
5037,BMZ0vfEB0cb,p,https://www.instagram.com/thedogist/p/BMZ0vfEB0cb/,https://www.instagram.com/p/BMZ0vfEB0cb/,2026-06-19T22:30:05.860Z,457,68
5038,BMZaUu-hVez,p,https://www.instagram.com/thedogist/p/BMZaUu-hVez/,https://www.instagram.com/p/BMZaUu-hVez/,2026-06-19T22:30:05.861Z,457,69
5039,BMZGP7ohBSz,p,https://www.instagram.com/thedogist/p/BMZGP7ohBSz/,https://www.instagram.com/p/BMZGP7ohBSz/,2026-06-19T22:30:05.861Z,457,70
5040,BMXhe4Eh6ei,p,https://www.instagram.com/thedogist/p/BMXhe4Eh6ei/,https://www.instagram.com/p/BMXhe4Eh6ei/,2026-06-19T22:30:05.861Z,457,71
5041,BMXLvEuBfGv,p,https://www.instagram.com/thedogist/p/BMXLvEuBfGv/,https://www.instagram.com/p/BMXLvEuBfGv/,2026-06-19T22:30:07.563Z,458,62
5042,BMW7tTDBifS,p,https://www.instagram.com/thedogist/p/BMW7tTDBifS/,https://www.instagram.com/p/BMW7tTDBifS/,2026-06-19T22:30:07.563Z,458,63
5043,BMWrXQXB0nx,p,https://www.instagram.com/thedogist/p/BMWrXQXB0nx/,https://www.instagram.com/p/BMWrXQXB0nx/,2026-06-19T22:30:07.564Z,458,64
5044,BMVC0aTh2a0,p,https://www.instagram.com/thedogist/p/BMVC0aTh2a0/,https://www.instagram.com/p/BMVC0aTh2a0/,2026-06-19T22:30:07.564Z,458,65
5045,BMUuPx2h0DO,p,https://www.instagram.com/thedogist/p/BMUuPx2h0DO/,https://www.instagram.com/p/BMUuPx2h0DO/,2026-06-19T22:30:07.564Z,458,66
5046,BMURX6gBwiV,p,https://www.instagram.com/thedogist/p/BMURX6gBwiV/,https://www.instagram.com/p/BMURX6gBwiV/,2026-06-19T22:30:07.564Z,458,67
5047,BMT_k1IhVKv,p,https://www.instagram.com/thedogist/p/BMT_k1IhVKv/,https://www.instagram.com/p/BMT_k1IhVKv/,2026-06-19T22:30:07.564Z,458,68
5048,BMSXJFJB56Y,p,https://www.instagram.com/thedogist/p/BMSXJFJB56Y/,https://www.instagram.com/p/BMSXJFJB56Y/,2026-06-19T22:30:07.565Z,458,69
5049,BMSCPgxBnVX,p,https://www.instagram.com/thedogist/p/BMSCPgxBnVX/,https://www.instagram.com/p/BMSCPgxBnVX/,2026-06-19T22:30:07.565Z,458,70
5050,BMRv4Pkhxe2,p,https://www.instagram.com/thedogist/p/BMRv4Pkhxe2/,https://www.instagram.com/p/BMRv4Pkhxe2/,2026-06-19T22:30:07.565Z,458,71
5051,BMRd3RXBvwV,p,https://www.instagram.com/thedogist/p/BMRd3RXBvwV/,https://www.instagram.com/p/BMRd3RXBvwV/,2026-06-19T22:30:07.565Z,458,72
5052,BMQKDaqhjaC,p,https://www.instagram.com/thedogist/p/BMQKDaqhjaC/,https://www.instagram.com/p/BMQKDaqhjaC/,2026-06-19T22:30:07.565Z,458,73
5053,BMP0K4EBBgO,p,https://www.instagram.com/thedogist/p/BMP0K4EBBgO/,https://www.instagram.com/p/BMP0K4EBBgO/,2026-06-19T22:30:09.272Z,459,59
5054,BMPrUYzhqqU,p,https://www.instagram.com/thedogist/p/BMPrUYzhqqU/,https://www.instagram.com/p/BMPrUYzhqqU/,2026-06-19T22:30:09.273Z,459,60
5055,BMPZTRnhpcG,p,https://www.instagram.com/thedogist/p/BMPZTRnhpcG/,https://www.instagram.com/p/BMPZTRnhpcG/,2026-06-19T22:30:09.274Z,459,61
5056,BMO1EVOhj71,p,https://www.instagram.com/thedogist/p/BMO1EVOhj71/,https://www.instagram.com/p/BMO1EVOhj71/,2026-06-19T22:30:09.274Z,459,62
5057,BMNBVQNhrQ5,p,https://www.instagram.com/thedogist/p/BMNBVQNhrQ5/,https://www.instagram.com/p/BMNBVQNhrQ5/,2026-06-19T22:30:09.275Z,459,63
5058,BMNBSsrhr4I,p,https://www.instagram.com/thedogist/p/BMNBSsrhr4I/,https://www.instagram.com/p/BMNBSsrhr4I/,2026-06-19T22:30:09.275Z,459,64
5059,BMMjFMPBeUR,p,https://www.instagram.com/thedogist/p/BMMjFMPBeUR/,https://www.instagram.com/p/BMMjFMPBeUR/,2026-06-19T22:30:09.275Z,459,65
5060,BMMNb0XhxJ5,p,https://www.instagram.com/thedogist/p/BMMNb0XhxJ5/,https://www.instagram.com/p/BMMNb0XhxJ5/,2026-06-19T22:30:09.276Z,459,66
5061,BMKgv34hh8u,p,https://www.instagram.com/thedogist/p/BMKgv34hh8u/,https://www.instagram.com/p/BMKgv34hh8u/,2026-06-19T22:30:09.276Z,459,67
5062,BMKGRyOB5u0,p,https://www.instagram.com/thedogist/p/BMKGRyOB5u0/,https://www.instagram.com/p/BMKGRyOB5u0/,2026-06-19T22:30:09.276Z,459,68
5063,BMJoppCBUDK,p,https://www.instagram.com/thedogist/p/BMJoppCBUDK/,https://www.instagram.com/p/BMJoppCBUDK/,2026-06-19T22:30:09.276Z,459,69
5064,BMIKy2hBqMR,p,https://www.instagram.com/thedogist/p/BMIKy2hBqMR/,https://www.instagram.com/p/BMIKy2hBqMR/,2026-06-19T22:30:09.276Z,459,70
5065,BMH1qN6hCZ3,p,https://www.instagram.com/thedogist/p/BMH1qN6hCZ3/,https://www.instagram.com/p/BMH1qN6hCZ3/,2026-06-19T22:30:10.985Z,460,61
5066,BMHXn3lhgFg,p,https://www.instagram.com/thedogist/p/BMHXn3lhgFg/,https://www.instagram.com/p/BMHXn3lhgFg/,2026-06-19T22:30:10.986Z,460,62
5067,BMG_fkjhpd1,p,https://www.instagram.com/thedogist/p/BMG_fkjhpd1/,https://www.instagram.com/p/BMG_fkjhpd1/,2026-06-19T22:30:10.986Z,460,63
5068,BMFp0oqh3_A,p,https://www.instagram.com/thedogist/p/BMFp0oqh3_A/,https://www.instagram.com/p/BMFp0oqh3_A/,2026-06-19T22:30:10.987Z,460,64
5069,BMFVnbgBs0X,p,https://www.instagram.com/thedogist/p/BMFVnbgBs0X/,https://www.instagram.com/p/BMFVnbgBs0X/,2026-06-19T22:30:10.987Z,460,65
5070,BME7QaWhodN,p,https://www.instagram.com/thedogist/p/BME7QaWhodN/,https://www.instagram.com/p/BME7QaWhodN/,2026-06-19T22:30:10.987Z,460,66
5071,BMEs-v3Bq14,p,https://www.instagram.com/thedogist/p/BMEs-v3Bq14/,https://www.instagram.com/p/BMEs-v3Bq14/,2026-06-19T22:30:10.988Z,460,67
5072,BMC_RJEBGsk,p,https://www.instagram.com/thedogist/p/BMC_RJEBGsk/,https://www.instagram.com/p/BMC_RJEBGsk/,2026-06-19T22:30:10.988Z,460,68
5073,BMCZKhHBofi,p,https://www.instagram.com/thedogist/p/BMCZKhHBofi/,https://www.instagram.com/p/BMCZKhHBofi/,2026-06-19T22:30:10.988Z,460,69
5074,BMCH_1MBRaF,p,https://www.instagram.com/thedogist/p/BMCH_1MBRaF/,https://www.instagram.com/p/BMCH_1MBRaF/,2026-06-19T22:30:10.988Z,460,70
5075,BMAVSrih0Y4,p,https://www.instagram.com/thedogist/p/BMAVSrih0Y4/,https://www.instagram.com/p/BMAVSrih0Y4/,2026-06-19T22:30:10.989Z,460,71
5076,BL_7w9ABSNs,p,https://www.instagram.com/thedogist/p/BL_7w9ABSNs/,https://www.instagram.com/p/BL_7w9ABSNs/,2026-06-19T22:30:10.989Z,460,72
5077,BL_vncUByR-,p,https://www.instagram.com/thedogist/p/BL_vncUByR-/,https://www.instagram.com/p/BL_vncUByR-/,2026-06-19T22:30:12.701Z,461,58
5078,BL95QbThik4,p,https://www.instagram.com/thedogist/p/BL95QbThik4/,https://www.instagram.com/p/BL95QbThik4/,2026-06-19T22:30:12.701Z,461,59
5079,BL9kP80haj0,p,https://www.instagram.com/thedogist/p/BL9kP80haj0/,https://www.instagram.com/p/BL9kP80haj0/,2026-06-19T22:30:12.702Z,461,60
5080,BL9KhOOh5uE,p,https://www.instagram.com/thedogist/p/BL9KhOOh5uE/,https://www.instagram.com/p/BL9KhOOh5uE/,2026-06-19T22:30:12.702Z,461,61
5081,BL8749whZvk,p,https://www.instagram.com/thedogist/p/BL8749whZvk/,https://www.instagram.com/p/BL8749whZvk/,2026-06-19T22:30:12.702Z,461,62
5082,BL7PyyLhEAF,p,https://www.instagram.com/thedogist/p/BL7PyyLhEAF/,https://www.instagram.com/p/BL7PyyLhEAF/,2026-06-19T22:30:12.702Z,461,63
5083,BL6qHdFhQc3,p,https://www.instagram.com/thedogist/p/BL6qHdFhQc3/,https://www.instagram.com/p/BL6qHdFhQc3/,2026-06-19T22:30:12.703Z,461,64
5084,BL6Wt1lBKVv,p,https://www.instagram.com/thedogist/p/BL6Wt1lBKVv/,https://www.instagram.com/p/BL6Wt1lBKVv/,2026-06-19T22:30:12.703Z,461,65
5085,BL6HipVBHum,p,https://www.instagram.com/thedogist/p/BL6HipVBHum/,https://www.instagram.com/p/BL6HipVBHum/,2026-06-19T22:30:12.703Z,461,66
5086,BL4-kUQBRFz,p,https://www.instagram.com/thedogist/p/BL4-kUQBRFz/,https://www.instagram.com/p/BL4-kUQBRFz/,2026-06-19T22:30:12.703Z,461,67
5087,BL4nGUchUnw,p,https://www.instagram.com/thedogist/p/BL4nGUchUnw/,https://www.instagram.com/p/BL4nGUchUnw/,2026-06-19T22:30:12.703Z,461,68
5088,BL4YermBKpw,p,https://www.instagram.com/thedogist/p/BL4YermBKpw/,https://www.instagram.com/p/BL4YermBKpw/,2026-06-19T22:30:12.704Z,461,69
5089,BL4NC7KBOpE,p,https://www.instagram.com/thedogist/p/BL4NC7KBOpE/,https://www.instagram.com/p/BL4NC7KBOpE/,2026-06-19T22:30:14.411Z,462,60
5090,BL3fNGvBp6w,p,https://www.instagram.com/thedogist/p/BL3fNGvBp6w/,https://www.instagram.com/p/BL3fNGvBp6w/,2026-06-19T22:30:14.412Z,462,61
5091,BL2DgEwBuix,p,https://www.instagram.com/thedogist/p/BL2DgEwBuix/,https://www.instagram.com/p/BL2DgEwBuix/,2026-06-19T22:30:14.412Z,462,62
5092,BL10t20hRsT,p,https://www.instagram.com/thedogist/p/BL10t20hRsT/,https://www.instagram.com/p/BL10t20hRsT/,2026-06-19T22:30:14.412Z,462,63
5093,BL1gZJ2h-Hk,p,https://www.instagram.com/thedogist/p/BL1gZJ2h-Hk/,https://www.instagram.com/p/BL1gZJ2h-Hk/,2026-06-19T22:30:14.413Z,462,64
5094,BL0-arihZr5,p,https://www.instagram.com/thedogist/p/BL0-arihZr5/,https://www.instagram.com/p/BL0-arihZr5/,2026-06-19T22:30:14.413Z,462,65
5095,BLzdjInhVNn,p,https://www.instagram.com/thedogist/p/BLzdjInhVNn/,https://www.instagram.com/p/BLzdjInhVNn/,2026-06-19T22:30:14.413Z,462,66
5096,BLzH8pjhcu4,p,https://www.instagram.com/thedogist/p/BLzH8pjhcu4/,https://www.instagram.com/p/BLzH8pjhcu4/,2026-06-19T22:30:14.413Z,462,67
5097,BLy8PIFByHN,p,https://www.instagram.com/thedogist/p/BLy8PIFByHN/,https://www.instagram.com/p/BLy8PIFByHN/,2026-06-19T22:30:14.414Z,462,68
5098,BLyjiNAhzfW,p,https://www.instagram.com/thedogist/p/BLyjiNAhzfW/,https://www.instagram.com/p/BLyjiNAhzfW/,2026-06-19T22:30:14.414Z,462,69
5099,BLw47CMBTb_,p,https://www.instagram.com/thedogist/p/BLw47CMBTb_/,https://www.instagram.com/p/BLw47CMBTb_/,2026-06-19T22:30:14.414Z,462,70
5100,BLwgdiVhLev,p,https://www.instagram.com/thedogist/p/BLwgdiVhLev/,https://www.instagram.com/p/BLwgdiVhLev/,2026-06-19T22:30:14.414Z,462,71
5101,BLwNXbdhJjK,p,https://www.instagram.com/thedogist/p/BLwNXbdhJjK/,https://www.instagram.com/p/BLwNXbdhJjK/,2026-06-19T22:30:16.122Z,463,62
5102,BLucoh6heS3,p,https://www.instagram.com/thedogist/p/BLucoh6heS3/,https://www.instagram.com/p/BLucoh6heS3/,2026-06-19T22:30:16.123Z,463,63
5103,BLuNX6ahSPY,p,https://www.instagram.com/thedogist/p/BLuNX6ahSPY/,https://www.instagram.com/p/BLuNX6ahSPY/,2026-06-19T22:30:16.124Z,463,64
5104,BLt5ALJh-aa,p,https://www.instagram.com/thedogist/p/BLt5ALJh-aa/,https://www.instagram.com/p/BLt5ALJh-aa/,2026-06-19T22:30:16.124Z,463,65
5105,BLtcUGDBIL6,p,https://www.instagram.com/thedogist/p/BLtcUGDBIL6/,https://www.instagram.com/p/BLtcUGDBIL6/,2026-06-19T22:30:16.124Z,463,66
5106,BLr4i8HBEGP,p,https://www.instagram.com/thedogist/p/BLr4i8HBEGP/,https://www.instagram.com/p/BLr4i8HBEGP/,2026-06-19T22:30:16.125Z,463,67
5107,BLrlgSWhEU8,p,https://www.instagram.com/thedogist/p/BLrlgSWhEU8/,https://www.instagram.com/p/BLrlgSWhEU8/,2026-06-19T22:30:16.125Z,463,68
5108,BLrFu5-hSqD,p,https://www.instagram.com/thedogist/p/BLrFu5-hSqD/,https://www.instagram.com/p/BLrFu5-hSqD/,2026-06-19T22:30:16.125Z,463,69
5109,BLqwvCTBhcW,p,https://www.instagram.com/thedogist/p/BLqwvCTBhcW/,https://www.instagram.com/p/BLqwvCTBhcW/,2026-06-19T22:30:16.126Z,463,70
5110,BLqwsClh552,p,https://www.instagram.com/thedogist/p/BLqwsClh552/,https://www.instagram.com/p/BLqwsClh552/,2026-06-19T22:30:16.126Z,463,71
5111,BLo0gAkBN_a,p,https://www.instagram.com/thedogist/p/BLo0gAkBN_a/,https://www.instagram.com/p/BLo0gAkBN_a/,2026-06-19T22:30:16.126Z,463,72
5112,BLoiad6hi3V,p,https://www.instagram.com/thedogist/p/BLoiad6hi3V/,https://www.instagram.com/p/BLoiad6hi3V/,2026-06-19T22:30:16.126Z,463,73
5113,BLoMqyUB2h4,p,https://www.instagram.com/thedogist/p/BLoMqyUB2h4/,https://www.instagram.com/p/BLoMqyUB2h4/,2026-06-19T22:30:17.851Z,464,59
5114,BLmnNochZuB,p,https://www.instagram.com/thedogist/p/BLmnNochZuB/,https://www.instagram.com/p/BLmnNochZuB/,2026-06-19T22:30:17.857Z,464,60
5115,BLmTuMUhg-5,reel,https://www.instagram.com/thedogist/reel/BLmTuMUhg-5/,https://www.instagram.com/reel/BLmTuMUhg-5/,2026-06-19T22:30:17.857Z,464,61
5116,BLl4_9-B2oq,p,https://www.instagram.com/thedogist/p/BLl4_9-B2oq/,https://www.instagram.com/p/BLl4_9-B2oq/,2026-06-19T22:30:17.857Z,464,62
5117,BLlpyVbhwjb,p,https://www.instagram.com/thedogist/p/BLlpyVbhwjb/,https://www.instagram.com/p/BLlpyVbhwjb/,2026-06-19T22:30:17.858Z,464,63
5118,BLj9ZVkB-z-,p,https://www.instagram.com/thedogist/p/BLj9ZVkB-z-/,https://www.instagram.com/p/BLj9ZVkB-z-/,2026-06-19T22:30:17.858Z,464,64
5119,BLjj4HxhG4P,p,https://www.instagram.com/thedogist/p/BLjj4HxhG4P/,https://www.instagram.com/p/BLjj4HxhG4P/,2026-06-19T22:30:17.859Z,464,65
5120,BLjUSVzhjSX,p,https://www.instagram.com/thedogist/p/BLjUSVzhjSX/,https://www.instagram.com/p/BLjUSVzhjSX/,2026-06-19T22:30:17.859Z,464,66
5121,BLjCzzpBHHM,p,https://www.instagram.com/thedogist/p/BLjCzzpBHHM/,https://www.instagram.com/p/BLjCzzpBHHM/,2026-06-19T22:30:17.860Z,464,67
5122,BLhpQbUBuwt,p,https://www.instagram.com/thedogist/p/BLhpQbUBuwt/,https://www.instagram.com/p/BLhpQbUBuwt/,2026-06-19T22:30:17.860Z,464,68
5123,BLhQ2mxhgfy,p,https://www.instagram.com/thedogist/p/BLhQ2mxhgfy/,https://www.instagram.com/p/BLhQ2mxhgfy/,2026-06-19T22:30:17.860Z,464,69
5124,BLg4IkpD-s3,p,https://www.instagram.com/thedogist/p/BLg4IkpD-s3/,https://www.instagram.com/p/BLg4IkpD-s3/,2026-06-19T22:30:17.860Z,464,70
5125,BLgsmzUDDWA,p,https://www.instagram.com/thedogist/p/BLgsmzUDDWA/,https://www.instagram.com/p/BLgsmzUDDWA/,2026-06-19T22:30:19.650Z,465,61
5126,BLgf89QjUe6,p,https://www.instagram.com/thedogist/p/BLgf89QjUe6/,https://www.instagram.com/p/BLgf89QjUe6/,2026-06-19T22:30:19.651Z,465,62
5127,BLeilluj1op,p,https://www.instagram.com/thedogist/p/BLeilluj1op/,https://www.instagram.com/p/BLeilluj1op/,2026-06-19T22:30:19.651Z,465,63
5128,BLeP3wSD5uq,p,https://www.instagram.com/thedogist/p/BLeP3wSD5uq/,https://www.instagram.com/p/BLeP3wSD5uq/,2026-06-19T22:30:19.652Z,465,64
5129,BLdzyY-BOIt,p,https://www.instagram.com/thedogist/p/BLdzyY-BOIt/,https://www.instagram.com/p/BLdzyY-BOIt/,2026-06-19T22:30:19.652Z,465,65
5130,BLcV8gcBd0Z,p,https://www.instagram.com/thedogist/p/BLcV8gcBd0Z/,https://www.instagram.com/p/BLcV8gcBd0Z/,2026-06-19T22:30:19.652Z,465,66
5131,BLb7FL3hU4R,p,https://www.instagram.com/thedogist/p/BLb7FL3hU4R/,https://www.instagram.com/p/BLb7FL3hU4R/,2026-06-19T22:30:19.653Z,465,67
5132,BLbh5KWB_gO,p,https://www.instagram.com/thedogist/p/BLbh5KWB_gO/,https://www.instagram.com/p/BLbh5KWB_gO/,2026-06-19T22:30:19.653Z,465,68
5133,BLa9BfVBjcz,p,https://www.instagram.com/thedogist/p/BLa9BfVBjcz/,https://www.instagram.com/p/BLa9BfVBjcz/,2026-06-19T22:30:19.653Z,465,69
5134,BLZnspUh6rJ,p,https://www.instagram.com/thedogist/p/BLZnspUh6rJ/,https://www.instagram.com/p/BLZnspUh6rJ/,2026-06-19T22:30:19.653Z,465,70
5135,BLZWXuzBHU1,p,https://www.instagram.com/thedogist/p/BLZWXuzBHU1/,https://www.instagram.com/p/BLZWXuzBHU1/,2026-06-19T22:30:19.654Z,465,71
5136,BLZD6ghhn14,p,https://www.instagram.com/thedogist/p/BLZD6ghhn14/,https://www.instagram.com/p/BLZD6ghhn14/,2026-06-19T22:30:19.654Z,465,72
5137,BLYxU3JBc97,p,https://www.instagram.com/thedogist/p/BLYxU3JBc97/,https://www.instagram.com/p/BLYxU3JBc97/,2026-06-19T22:30:21.362Z,466,58
5138,BLXfp5vh8VS,p,https://www.instagram.com/thedogist/p/BLXfp5vh8VS/,https://www.instagram.com/p/BLXfp5vh8VS/,2026-06-19T22:30:21.363Z,466,59
5139,BLWxfzuh8zb,p,https://www.instagram.com/thedogist/p/BLWxfzuh8zb/,https://www.instagram.com/p/BLWxfzuh8zb/,2026-06-19T22:30:21.364Z,466,60
5140,BLWelNEB2Jt,p,https://www.instagram.com/thedogist/p/BLWelNEB2Jt/,https://www.instagram.com/p/BLWelNEB2Jt/,2026-06-19T22:30:21.364Z,466,61
5141,BLWQiiJh6wK,p,https://www.instagram.com/thedogist/p/BLWQiiJh6wK/,https://www.instagram.com/p/BLWQiiJh6wK/,2026-06-19T22:30:21.364Z,466,62
5142,BLUX2ytBogY,p,https://www.instagram.com/thedogist/p/BLUX2ytBogY/,https://www.instagram.com/p/BLUX2ytBogY/,2026-06-19T22:30:21.364Z,466,63
5143,BLUDaMMhq_p,p,https://www.instagram.com/thedogist/p/BLUDaMMhq_p/,https://www.instagram.com/p/BLUDaMMhq_p/,2026-06-19T22:30:21.365Z,466,64
5144,BLT1XyUBzwx,p,https://www.instagram.com/thedogist/p/BLT1XyUBzwx/,https://www.instagram.com/p/BLT1XyUBzwx/,2026-06-19T22:30:21.365Z,466,65
5145,BLRy-lnh9NA,p,https://www.instagram.com/thedogist/p/BLRy-lnh9NA/,https://www.instagram.com/p/BLRy-lnh9NA/,2026-06-19T22:30:21.365Z,466,66
5146,BLRiYlRB50M,p,https://www.instagram.com/thedogist/p/BLRiYlRB50M/,https://www.instagram.com/p/BLRiYlRB50M/,2026-06-19T22:30:21.365Z,466,67
5147,BLRRcozh_AV,p,https://www.instagram.com/thedogist/p/BLRRcozh_AV/,https://www.instagram.com/p/BLRRcozh_AV/,2026-06-19T22:30:21.366Z,466,68
5148,BLQ529WBoxc,p,https://www.instagram.com/thedogist/p/BLQ529WBoxc/,https://www.instagram.com/p/BLQ529WBoxc/,2026-06-19T22:30:21.366Z,466,69
5149,BLPIIjNBAw4,p,https://www.instagram.com/thedogist/p/BLPIIjNBAw4/,https://www.instagram.com/p/BLPIIjNBAw4/,2026-06-19T22:30:23.079Z,467,60
5150,BLO5GJmBo3R,p,https://www.instagram.com/thedogist/p/BLO5GJmBo3R/,https://www.instagram.com/p/BLO5GJmBo3R/,2026-06-19T22:30:23.080Z,467,61
5151,BLOp9tBh7pi,p,https://www.instagram.com/thedogist/p/BLOp9tBh7pi/,https://www.instagram.com/p/BLOp9tBh7pi/,2026-06-19T22:30:23.080Z,467,62
5152,BLOY6JsBdGU,p,https://www.instagram.com/thedogist/p/BLOY6JsBdGU/,https://www.instagram.com/p/BLOY6JsBdGU/,2026-06-19T22:30:23.081Z,467,63
5153,BLMluEnhSd4,p,https://www.instagram.com/thedogist/p/BLMluEnhSd4/,https://www.instagram.com/p/BLMluEnhSd4/,2026-06-19T22:30:23.081Z,467,64
5154,BLMT1GgD3kP,p,https://www.instagram.com/thedogist/p/BLMT1GgD3kP/,https://www.instagram.com/p/BLMT1GgD3kP/,2026-06-19T22:30:23.081Z,467,65
5155,BLME9RUDFW-,p,https://www.instagram.com/thedogist/p/BLME9RUDFW-/,https://www.instagram.com/p/BLME9RUDFW-/,2026-06-19T22:30:23.081Z,467,66
5156,BLLtpeDB6fM,p,https://www.instagram.com/thedogist/p/BLLtpeDB6fM/,https://www.instagram.com/p/BLLtpeDB6fM/,2026-06-19T22:30:23.082Z,467,67
5157,BLKH4y7hDhX,p,https://www.instagram.com/thedogist/p/BLKH4y7hDhX/,https://www.instagram.com/p/BLKH4y7hDhX/,2026-06-19T22:30:23.082Z,467,68
5158,BLJyCsMB_ah,p,https://www.instagram.com/thedogist/p/BLJyCsMB_ah/,https://www.instagram.com/p/BLJyCsMB_ah/,2026-06-19T22:30:23.082Z,467,69
5159,BLJag5hh3rm,p,https://www.instagram.com/thedogist/p/BLJag5hh3rm/,https://www.instagram.com/p/BLJag5hh3rm/,2026-06-19T22:30:23.082Z,467,70
5160,BLJFOtRBA-O,p,https://www.instagram.com/thedogist/p/BLJFOtRBA-O/,https://www.instagram.com/p/BLJFOtRBA-O/,2026-06-19T22:30:23.083Z,467,71
5161,BLHkbgxB6v6,p,https://www.instagram.com/thedogist/p/BLHkbgxB6v6/,https://www.instagram.com/p/BLHkbgxB6v6/,2026-06-19T22:30:24.792Z,468,62
5162,BLHYI_ch7T9,p,https://www.instagram.com/thedogist/p/BLHYI_ch7T9/,https://www.instagram.com/p/BLHYI_ch7T9/,2026-06-19T22:30:24.793Z,468,63
5163,BLG8dmuBO1a,p,https://www.instagram.com/thedogist/p/BLG8dmuBO1a/,https://www.instagram.com/p/BLG8dmuBO1a/,2026-06-19T22:30:24.794Z,468,64
5164,BLGpQilheLr,p,https://www.instagram.com/thedogist/p/BLGpQilheLr/,https://www.instagram.com/p/BLGpQilheLr/,2026-06-19T22:30:24.794Z,468,65
5165,BLE0dW7Bv2P,p,https://www.instagram.com/thedogist/p/BLE0dW7Bv2P/,https://www.instagram.com/p/BLE0dW7Bv2P/,2026-06-19T22:30:24.794Z,468,66
5166,BLEeBnXBgro,p,https://www.instagram.com/thedogist/p/BLEeBnXBgro/,https://www.instagram.com/p/BLEeBnXBgro/,2026-06-19T22:30:24.795Z,468,67
5167,BLEEeoIBPWx,p,https://www.instagram.com/thedogist/p/BLEEeoIBPWx/,https://www.instagram.com/p/BLEEeoIBPWx/,2026-06-19T22:30:24.795Z,468,68
5168,BLCnn3shQUt,p,https://www.instagram.com/thedogist/p/BLCnn3shQUt/,https://www.instagram.com/p/BLCnn3shQUt/,2026-06-19T22:30:24.795Z,468,69
5169,BLCUtTchb5e,p,https://www.instagram.com/thedogist/p/BLCUtTchb5e/,https://www.instagram.com/p/BLCUtTchb5e/,2026-06-19T22:30:24.796Z,468,70
5170,BLB8rzCBai6,p,https://www.instagram.com/thedogist/p/BLB8rzCBai6/,https://www.instagram.com/p/BLB8rzCBai6/,2026-06-19T22:30:24.796Z,468,71
5171,BLBkt7BBX0T,p,https://www.instagram.com/thedogist/p/BLBkt7BBX0T/,https://www.instagram.com/p/BLBkt7BBX0T/,2026-06-19T22:30:24.796Z,468,72
5172,BLAC-0uBZsV,p,https://www.instagram.com/thedogist/p/BLAC-0uBZsV/,https://www.instagram.com/p/BLAC-0uBZsV/,2026-06-19T22:30:24.796Z,468,73
5173,BK_x-N0BzXN,p,https://www.instagram.com/thedogist/p/BK_x-N0BzXN/,https://www.instagram.com/p/BK_x-N0BzXN/,2026-06-19T22:30:26.508Z,469,59
5174,BK_hcZFh-xf,p,https://www.instagram.com/thedogist/p/BK_hcZFh-xf/,https://www.instagram.com/p/BK_hcZFh-xf/,2026-06-19T22:30:26.509Z,469,60
5175,BK-8kZQhA49,p,https://www.instagram.com/thedogist/p/BK-8kZQhA49/,https://www.instagram.com/p/BK-8kZQhA49/,2026-06-19T22:30:26.510Z,469,61
5176,BK9cdPGhRMY,p,https://www.instagram.com/thedogist/p/BK9cdPGhRMY/,https://www.instagram.com/p/BK9cdPGhRMY/,2026-06-19T22:30:26.510Z,469,62
5177,BK9H9pBhdjx,p,https://www.instagram.com/thedogist/p/BK9H9pBhdjx/,https://www.instagram.com/p/BK9H9pBhdjx/,2026-06-19T22:30:26.510Z,469,63
5178,BK8vjbgBBl2,p,https://www.instagram.com/thedogist/p/BK8vjbgBBl2/,https://www.instagram.com/p/BK8vjbgBBl2/,2026-06-19T22:30:26.510Z,469,64
5179,BK8bJH1h1kc,p,https://www.instagram.com/thedogist/p/BK8bJH1h1kc/,https://www.instagram.com/p/BK8bJH1h1kc/,2026-06-19T22:30:26.510Z,469,65
5180,BK6rAHoBXBz,p,https://www.instagram.com/thedogist/p/BK6rAHoBXBz/,https://www.instagram.com/p/BK6rAHoBXBz/,2026-06-19T22:30:26.511Z,469,66
5181,BK6Nv1Gh7id,p,https://www.instagram.com/thedogist/p/BK6Nv1Gh7id/,https://www.instagram.com/p/BK6Nv1Gh7id/,2026-06-19T22:30:26.511Z,469,67
5182,BK52VlsBtPL,p,https://www.instagram.com/thedogist/p/BK52VlsBtPL/,https://www.instagram.com/p/BK52VlsBtPL/,2026-06-19T22:30:26.511Z,469,68
5183,BK4E_ObBpJ2,p,https://www.instagram.com/thedogist/p/BK4E_ObBpJ2/,https://www.instagram.com/p/BK4E_ObBpJ2/,2026-06-19T22:30:26.511Z,469,69
5184,BK3o5VChwtg,p,https://www.instagram.com/thedogist/p/BK3o5VChwtg/,https://www.instagram.com/p/BK3o5VChwtg/,2026-06-19T22:30:26.512Z,469,70
5185,BK3OvTjhFiI,p,https://www.instagram.com/thedogist/p/BK3OvTjhFiI/,https://www.instagram.com/p/BK3OvTjhFiI/,2026-06-19T22:30:28.225Z,470,61
5186,BK1gRnNhLPA,p,https://www.instagram.com/thedogist/p/BK1gRnNhLPA/,https://www.instagram.com/p/BK1gRnNhLPA/,2026-06-19T22:30:28.226Z,470,62
5187,BK1LydVhZcq,p,https://www.instagram.com/thedogist/p/BK1LydVhZcq/,https://www.instagram.com/p/BK1LydVhZcq/,2026-06-19T22:30:28.226Z,470,63
5188,BK0sx0ch_kH,p,https://www.instagram.com/thedogist/p/BK0sx0ch_kH/,https://www.instagram.com/p/BK0sx0ch_kH/,2026-06-19T22:30:28.226Z,470,64
5189,BKy4HBfho8l,p,https://www.instagram.com/thedogist/p/BKy4HBfho8l/,https://www.instagram.com/p/BKy4HBfho8l/,2026-06-19T22:30:28.227Z,470,65
5190,BKyjV9KhrD9,p,https://www.instagram.com/thedogist/p/BKyjV9KhrD9/,https://www.instagram.com/p/BKyjV9KhrD9/,2026-06-19T22:30:28.227Z,470,66
5191,BKyHZhtBu1b,p,https://www.instagram.com/thedogist/p/BKyHZhtBu1b/,https://www.instagram.com/p/BKyHZhtBu1b/,2026-06-19T22:30:28.227Z,470,67
5192,BKwZD68Bp2R,p,https://www.instagram.com/thedogist/p/BKwZD68Bp2R/,https://www.instagram.com/p/BKwZD68Bp2R/,2026-06-19T22:30:28.227Z,470,68
5193,BKv78TfBQd0,p,https://www.instagram.com/thedogist/p/BKv78TfBQd0/,https://www.instagram.com/p/BKv78TfBQd0/,2026-06-19T22:30:28.228Z,470,69
5194,BKvlfnyhiFc,p,https://www.instagram.com/thedogist/p/BKvlfnyhiFc/,https://www.instagram.com/p/BKvlfnyhiFc/,2026-06-19T22:30:28.228Z,470,70
5195,BKt4f3Ahuh4,p,https://www.instagram.com/thedogist/p/BKt4f3Ahuh4/,https://www.instagram.com/p/BKt4f3Ahuh4/,2026-06-19T22:30:28.228Z,470,71
5196,BKtWa8hDnZb,p,https://www.instagram.com/thedogist/p/BKtWa8hDnZb/,https://www.instagram.com/p/BKtWa8hDnZb/,2026-06-19T22:30:28.228Z,470,72
5197,BKs5T-_D6ZJ,p,https://www.instagram.com/thedogist/p/BKs5T-_D6ZJ/,https://www.instagram.com/p/BKs5T-_D6ZJ/,2026-06-19T22:30:29.941Z,471,58
5198,BKrhwTLD2sB,p,https://www.instagram.com/thedogist/p/BKrhwTLD2sB/,https://www.instagram.com/p/BKrhwTLD2sB/,2026-06-19T22:30:29.942Z,471,59
5199,BKrIjebDrMU,p,https://www.instagram.com/thedogist/p/BKrIjebDrMU/,https://www.instagram.com/p/BKrIjebDrMU/,2026-06-19T22:30:29.942Z,471,60
5200,BKquEgujK39,p,https://www.instagram.com/thedogist/p/BKquEgujK39/,https://www.instagram.com/p/BKquEgujK39/,2026-06-19T22:30:29.942Z,471,61
5201,BKqXlYZDyRk,p,https://www.instagram.com/thedogist/p/BKqXlYZDyRk/,https://www.instagram.com/p/BKqXlYZDyRk/,2026-06-19T22:30:29.942Z,471,62
5202,BKo-sl2DN5e,p,https://www.instagram.com/thedogist/p/BKo-sl2DN5e/,https://www.instagram.com/p/BKo-sl2DN5e/,2026-06-19T22:30:29.943Z,471,63
5203,BKooeJVjhxI,p,https://www.instagram.com/thedogist/p/BKooeJVjhxI/,https://www.instagram.com/p/BKooeJVjhxI/,2026-06-19T22:30:29.943Z,471,64
5204,BKoRUr6jtFb,p,https://www.instagram.com/thedogist/p/BKoRUr6jtFb/,https://www.instagram.com/p/BKoRUr6jtFb/,2026-06-19T22:30:29.943Z,471,65
5205,BKn1gusDPzF,p,https://www.instagram.com/thedogist/p/BKn1gusDPzF/,https://www.instagram.com/p/BKn1gusDPzF/,2026-06-19T22:30:29.943Z,471,66
5206,BKmhl1Vj2--,p,https://www.instagram.com/thedogist/p/BKmhl1Vj2--/,https://www.instagram.com/p/BKmhl1Vj2--/,2026-06-19T22:30:29.944Z,471,67
5207,BKmMhTlDCzA,p,https://www.instagram.com/thedogist/p/BKmMhTlDCzA/,https://www.instagram.com/p/BKmMhTlDCzA/,2026-06-19T22:30:29.944Z,471,68
5208,BKl0Q7UjIni,p,https://www.instagram.com/thedogist/p/BKl0Q7UjIni/,https://www.instagram.com/p/BKl0Q7UjIni/,2026-06-19T22:30:29.944Z,471,69
5209,BKlZD9YjU3h,p,https://www.instagram.com/thedogist/p/BKlZD9YjU3h/,https://www.instagram.com/p/BKlZD9YjU3h/,2026-06-19T22:30:31.657Z,472,60
5210,BKjepiODqz2,p,https://www.instagram.com/thedogist/p/BKjepiODqz2/,https://www.instagram.com/p/BKjepiODqz2/,2026-06-19T22:30:31.657Z,472,61
5211,BKi_0eoDefQ,p,https://www.instagram.com/thedogist/p/BKi_0eoDefQ/,https://www.instagram.com/p/BKi_0eoDefQ/,2026-06-19T22:30:31.658Z,472,62
5212,BKirfd0D4CG,p,https://www.instagram.com/thedogist/p/BKirfd0D4CG/,https://www.instagram.com/p/BKirfd0D4CG/,2026-06-19T22:30:31.658Z,472,63
5213,BKhLCFGjD5g,p,https://www.instagram.com/thedogist/p/BKhLCFGjD5g/,https://www.instagram.com/p/BKhLCFGjD5g/,2026-06-19T22:30:31.658Z,472,64
5214,BKg48iUjwFd,p,https://www.instagram.com/thedogist/p/BKg48iUjwFd/,https://www.instagram.com/p/BKg48iUjwFd/,2026-06-19T22:30:31.659Z,472,65
5215,BKgenC7DMuy,p,https://www.instagram.com/thedogist/p/BKgenC7DMuy/,https://www.instagram.com/p/BKgenC7DMuy/,2026-06-19T22:30:31.659Z,472,66
5216,BKgC4D_D58E,p,https://www.instagram.com/thedogist/p/BKgC4D_D58E/,https://www.instagram.com/p/BKgC4D_D58E/,2026-06-19T22:30:31.659Z,472,67
5217,BKeV_HrjCE-,p,https://www.instagram.com/thedogist/p/BKeV_HrjCE-/,https://www.instagram.com/p/BKeV_HrjCE-/,2026-06-19T22:30:31.659Z,472,68
5218,BKd2lSRDLqD,p,https://www.instagram.com/thedogist/p/BKd2lSRDLqD/,https://www.instagram.com/p/BKd2lSRDLqD/,2026-06-19T22:30:31.660Z,472,69
5219,BKdcm9CDlCS,p,https://www.instagram.com/thedogist/p/BKdcm9CDlCS/,https://www.instagram.com/p/BKdcm9CDlCS/,2026-06-19T22:30:31.660Z,472,70
5220,BKcBtbAj4Kf,p,https://www.instagram.com/thedogist/p/BKcBtbAj4Kf/,https://www.instagram.com/p/BKcBtbAj4Kf/,2026-06-19T22:30:31.660Z,472,71
5221,BKbXJHbDnDi,p,https://www.instagram.com/thedogist/p/BKbXJHbDnDi/,https://www.instagram.com/p/BKbXJHbDnDi/,2026-06-19T22:30:35.118Z,474,62
5222,BKa5_CKjOxg,p,https://www.instagram.com/thedogist/p/BKa5_CKjOxg/,https://www.instagram.com/p/BKa5_CKjOxg/,2026-06-19T22:30:35.119Z,474,63
5223,BKZJw3-jE78,p,https://www.instagram.com/thedogist/p/BKZJw3-jE78/,https://www.instagram.com/p/BKZJw3-jE78/,2026-06-19T22:30:35.120Z,474,64
5224,BKYsUNjDTe9,p,https://www.instagram.com/thedogist/p/BKYsUNjDTe9/,https://www.instagram.com/p/BKYsUNjDTe9/,2026-06-19T22:30:35.121Z,474,65
5225,BKYS1mlDGmc,p,https://www.instagram.com/thedogist/p/BKYS1mlDGmc/,https://www.instagram.com/p/BKYS1mlDGmc/,2026-06-19T22:30:35.121Z,474,66
5226,BKWqDsAjATd,p,https://www.instagram.com/thedogist/p/BKWqDsAjATd/,https://www.instagram.com/p/BKWqDsAjATd/,2026-06-19T22:30:35.121Z,474,67
5227,BKWEpStD2Z1,p,https://www.instagram.com/thedogist/p/BKWEpStD2Z1/,https://www.instagram.com/p/BKWEpStD2Z1/,2026-06-19T22:30:35.122Z,474,68
5228,BKVvyRoj164,p,https://www.instagram.com/thedogist/p/BKVvyRoj164/,https://www.instagram.com/p/BKVvyRoj164/,2026-06-19T22:30:35.122Z,474,69
5229,BKUTJqnj1DW,p,https://www.instagram.com/thedogist/p/BKUTJqnj1DW/,https://www.instagram.com/p/BKUTJqnj1DW/,2026-06-19T22:30:35.122Z,474,70
5230,BKT3SaGDlhi,p,https://www.instagram.com/thedogist/p/BKT3SaGDlhi/,https://www.instagram.com/p/BKT3SaGDlhi/,2026-06-19T22:30:35.123Z,474,71
5231,BKTjsJMj8OR,p,https://www.instagram.com/thedogist/p/BKTjsJMj8OR/,https://www.instagram.com/p/BKTjsJMj8OR/,2026-06-19T22:30:35.123Z,474,72
5232,BKTTI_DjCuw,p,https://www.instagram.com/thedogist/p/BKTTI_DjCuw/,https://www.instagram.com/p/BKTTI_DjCuw/,2026-06-19T22:30:35.123Z,474,73
5233,BKRh0V_DKzS,p,https://www.instagram.com/thedogist/p/BKRh0V_DKzS/,https://www.instagram.com/p/BKRh0V_DKzS/,2026-06-19T22:30:37.385Z,475,59
5234,BKRSzN3jvDN,p,https://www.instagram.com/thedogist/p/BKRSzN3jvDN/,https://www.instagram.com/p/BKRSzN3jvDN/,2026-06-19T22:30:37.386Z,475,60
5235,BKQ-LkXj85r,p,https://www.instagram.com/thedogist/p/BKQ-LkXj85r/,https://www.instagram.com/p/BKQ-LkXj85r/,2026-06-19T22:30:37.386Z,475,61
5236,BKQtgigDP6c,p,https://www.instagram.com/thedogist/p/BKQtgigDP6c/,https://www.instagram.com/p/BKQtgigDP6c/,2026-06-19T22:30:37.387Z,475,62
5237,BKO_RfRD4gD,p,https://www.instagram.com/thedogist/p/BKO_RfRD4gD/,https://www.instagram.com/p/BKO_RfRD4gD/,2026-06-19T22:30:37.387Z,475,63
5238,BKOlbFwjScV,p,https://www.instagram.com/thedogist/p/BKOlbFwjScV/,https://www.instagram.com/p/BKOlbFwjScV/,2026-06-19T22:30:37.387Z,475,64
5239,BKOEZf_j5P_,p,https://www.instagram.com/thedogist/p/BKOEZf_j5P_/,https://www.instagram.com/p/BKOEZf_j5P_/,2026-06-19T22:30:37.387Z,475,65
5240,BKMd0fgj-7i,p,https://www.instagram.com/thedogist/p/BKMd0fgj-7i/,https://www.instagram.com/p/BKMd0fgj-7i/,2026-06-19T22:30:37.388Z,475,66
5241,BKMH8P_DFGB,p,https://www.instagram.com/thedogist/p/BKMH8P_DFGB/,https://www.instagram.com/p/BKMH8P_DFGB/,2026-06-19T22:30:37.388Z,475,67
5242,BKL0jKrD89O,p,https://www.instagram.com/thedogist/p/BKL0jKrD89O/,https://www.instagram.com/p/BKL0jKrD89O/,2026-06-19T22:30:37.388Z,475,68
5243,BKLaNT8j_BA,p,https://www.instagram.com/thedogist/p/BKLaNT8j_BA/,https://www.instagram.com/p/BKLaNT8j_BA/,2026-06-19T22:30:37.388Z,475,69
5244,BKKNefCjoPu,p,https://www.instagram.com/thedogist/p/BKKNefCjoPu/,https://www.instagram.com/p/BKKNefCjoPu/,2026-06-19T22:30:37.389Z,475,70
5245,BKJzC4UDYcf,p,https://www.instagram.com/thedogist/p/BKJzC4UDYcf/,https://www.instagram.com/p/BKJzC4UDYcf/,2026-06-19T22:30:37.389Z,475,71
5246,BKJSoyxDj73,p,https://www.instagram.com/thedogist/p/BKJSoyxDj73/,https://www.instagram.com/p/BKJSoyxDj73/,2026-06-19T22:30:37.389Z,475,72
5247,BKI44I_DN8y,p,https://www.instagram.com/thedogist/p/BKI44I_DN8y/,https://www.instagram.com/p/BKI44I_DN8y/,2026-06-19T22:30:37.389Z,475,73
5248,BKHMzndDSrs,p,https://www.instagram.com/thedogist/p/BKHMzndDSrs/,https://www.instagram.com/p/BKHMzndDSrs/,2026-06-19T22:30:37.390Z,475,74
5249,BKG57BhjKnz,p,https://www.instagram.com/thedogist/p/BKG57BhjKnz/,https://www.instagram.com/p/BKG57BhjKnz/,2026-06-19T22:30:37.390Z,475,75
5250,BKGrx2Kj_Vf,p,https://www.instagram.com/thedogist/p/BKGrx2Kj_Vf/,https://www.instagram.com/p/BKGrx2Kj_Vf/,2026-06-19T22:30:37.390Z,475,76
5251,BKExwCdjUMK,p,https://www.instagram.com/thedogist/p/BKExwCdjUMK/,https://www.instagram.com/p/BKExwCdjUMK/,2026-06-19T22:30:37.390Z,475,77
5252,BKEbWYnDb3v,p,https://www.instagram.com/thedogist/p/BKEbWYnDb3v/,https://www.instagram.com/p/BKEbWYnDb3v/,2026-06-19T22:30:37.391Z,475,78
5253,BKEDVEoDxXe,p,https://www.instagram.com/thedogist/p/BKEDVEoDxXe/,https://www.instagram.com/p/BKEDVEoDxXe/,2026-06-19T22:30:37.391Z,475,79
5254,BKDp1bwDNN1,p,https://www.instagram.com/thedogist/p/BKDp1bwDNN1/,https://www.instagram.com/p/BKDp1bwDNN1/,2026-06-19T22:30:37.391Z,475,80
5255,BKCG8y3jmz7,p,https://www.instagram.com/thedogist/p/BKCG8y3jmz7/,https://www.instagram.com/p/BKCG8y3jmz7/,2026-06-19T22:30:37.391Z,475,81
5256,BKBqrsIDrSO,p,https://www.instagram.com/thedogist/p/BKBqrsIDrSO/,https://www.instagram.com/p/BKBqrsIDrSO/,2026-06-19T22:30:37.392Z,475,82
5257,BKBRLU9jMut,p,https://www.instagram.com/thedogist/p/BKBRLU9jMut/,https://www.instagram.com/p/BKBRLU9jMut/,2026-06-19T22:30:39.105Z,476,58
5258,BJ_pYhZDdZi,p,https://www.instagram.com/thedogist/p/BJ_pYhZDdZi/,https://www.instagram.com/p/BJ_pYhZDdZi/,2026-06-19T22:30:39.106Z,476,59
5259,BJ--ACyjH6D,p,https://www.instagram.com/thedogist/p/BJ--ACyjH6D/,https://www.instagram.com/p/BJ--ACyjH6D/,2026-06-19T22:30:39.106Z,476,60
5260,BJ-pV1VD6xw,p,https://www.instagram.com/thedogist/p/BJ-pV1VD6xw/,https://www.instagram.com/p/BJ-pV1VD6xw/,2026-06-19T22:30:39.107Z,476,61
5261,BJ88SBRDibW,p,https://www.instagram.com/thedogist/p/BJ88SBRDibW/,https://www.instagram.com/p/BJ88SBRDibW/,2026-06-19T22:30:39.107Z,476,62
5262,BJ8kpHqDVMw,p,https://www.instagram.com/thedogist/p/BJ8kpHqDVMw/,https://www.instagram.com/p/BJ8kpHqDVMw/,2026-06-19T22:30:39.107Z,476,63
5263,BJ8LPgADnpK,p,https://www.instagram.com/thedogist/p/BJ8LPgADnpK/,https://www.instagram.com/p/BJ8LPgADnpK/,2026-06-19T22:30:39.107Z,476,64
5264,BJ6NXKSDyu9,p,https://www.instagram.com/thedogist/p/BJ6NXKSDyu9/,https://www.instagram.com/p/BJ6NXKSDyu9/,2026-06-19T22:30:39.108Z,476,65
5265,BJ5y--XD7um,p,https://www.instagram.com/thedogist/p/BJ5y--XD7um/,https://www.instagram.com/p/BJ5y--XD7um/,2026-06-19T22:30:39.108Z,476,66
5266,BJ5fo-8DANQ,p,https://www.instagram.com/thedogist/p/BJ5fo-8DANQ/,https://www.instagram.com/p/BJ5fo-8DANQ/,2026-06-19T22:30:39.108Z,476,67
5267,BJ33ZPwDCOm,p,https://www.instagram.com/thedogist/p/BJ33ZPwDCOm/,https://www.instagram.com/p/BJ33ZPwDCOm/,2026-06-19T22:30:39.109Z,476,68
5268,BJ3i46ij39v,p,https://www.instagram.com/thedogist/p/BJ3i46ij39v/,https://www.instagram.com/p/BJ3i46ij39v/,2026-06-19T22:30:39.109Z,476,69
5269,BJ3ORlbjKub,reel,https://www.instagram.com/thedogist/reel/BJ3ORlbjKub/,https://www.instagram.com/reel/BJ3ORlbjKub/,2026-06-19T22:30:40.820Z,477,60
5270,BJ23HGWDaU5,p,https://www.instagram.com/thedogist/p/BJ23HGWDaU5/,https://www.instagram.com/p/BJ23HGWDaU5/,2026-06-19T22:30:40.821Z,477,61
5271,BJ1DMRyjMv-,p,https://www.instagram.com/thedogist/p/BJ1DMRyjMv-/,https://www.instagram.com/p/BJ1DMRyjMv-/,2026-06-19T22:30:40.822Z,477,62
5272,BJ0s3nojwN3,p,https://www.instagram.com/thedogist/p/BJ0s3nojwN3/,https://www.instagram.com/p/BJ0s3nojwN3/,2026-06-19T22:30:40.822Z,477,63
5273,BJ0aMIcjwfo,p,https://www.instagram.com/thedogist/p/BJ0aMIcjwfo/,https://www.instagram.com/p/BJ0aMIcjwfo/,2026-06-19T22:30:40.822Z,477,64
5274,BJy0r5_DrbR,p,https://www.instagram.com/thedogist/p/BJy0r5_DrbR/,https://www.instagram.com/p/BJy0r5_DrbR/,2026-06-19T22:30:40.822Z,477,65
5275,BJygMv0DsPy,p,https://www.instagram.com/thedogist/p/BJygMv0DsPy/,https://www.instagram.com/p/BJygMv0DsPy/,2026-06-19T22:30:40.823Z,477,66
5276,BJyQe3ej6h0,p,https://www.instagram.com/thedogist/p/BJyQe3ej6h0/,https://www.instagram.com/p/BJyQe3ej6h0/,2026-06-19T22:30:40.823Z,477,67
5277,BJx3W07jSST,p,https://www.instagram.com/thedogist/p/BJx3W07jSST/,https://www.instagram.com/p/BJx3W07jSST/,2026-06-19T22:30:40.823Z,477,68
5278,BJwQOREjshn,p,https://www.instagram.com/thedogist/p/BJwQOREjshn/,https://www.instagram.com/p/BJwQOREjshn/,2026-06-19T22:30:40.823Z,477,69
5279,BJv5-wrj2zR,p,https://www.instagram.com/thedogist/p/BJv5-wrj2zR/,https://www.instagram.com/p/BJv5-wrj2zR/,2026-06-19T22:30:40.823Z,477,70
5280,BJver8CjarH,p,https://www.instagram.com/thedogist/p/BJver8CjarH/,https://www.instagram.com/p/BJver8CjarH/,2026-06-19T22:30:40.823Z,477,71
5281,BJvOtDXDdF0,p,https://www.instagram.com/thedogist/p/BJvOtDXDdF0/,https://www.instagram.com/p/BJvOtDXDdF0/,2026-06-19T22:30:42.542Z,478,62
5282,BJtgO54jOl0,p,https://www.instagram.com/thedogist/p/BJtgO54jOl0/,https://www.instagram.com/p/BJtgO54jOl0/,2026-06-19T22:30:42.543Z,478,63
5283,BJtCoNhjhhu,p,https://www.instagram.com/thedogist/p/BJtCoNhjhhu/,https://www.instagram.com/p/BJtCoNhjhhu/,2026-06-19T22:30:42.544Z,478,64
5284,BJsxUD5DbOh,p,https://www.instagram.com/thedogist/p/BJsxUD5DbOh/,https://www.instagram.com/p/BJsxUD5DbOh/,2026-06-19T22:30:42.544Z,478,65
5285,BJqxwkhjyPP,p,https://www.instagram.com/thedogist/p/BJqxwkhjyPP/,https://www.instagram.com/p/BJqxwkhjyPP/,2026-06-19T22:30:42.545Z,478,66
5286,BJqYW2bjoEE,p,https://www.instagram.com/thedogist/p/BJqYW2bjoEE/,https://www.instagram.com/p/BJqYW2bjoEE/,2026-06-19T22:30:42.545Z,478,67
5287,BJqCEIyDSGP,p,https://www.instagram.com/thedogist/p/BJqCEIyDSGP/,https://www.instagram.com/p/BJqCEIyDSGP/,2026-06-19T22:30:42.545Z,478,68
5288,BJoOJadjPAI,p,https://www.instagram.com/thedogist/p/BJoOJadjPAI/,https://www.instagram.com/p/BJoOJadjPAI/,2026-06-19T22:30:42.546Z,478,69
5289,BJn1EDADJ5h,p,https://www.instagram.com/thedogist/p/BJn1EDADJ5h/,https://www.instagram.com/p/BJn1EDADJ5h/,2026-06-19T22:30:42.546Z,478,70
5290,BJnc4-eDEVV,p,https://www.instagram.com/thedogist/p/BJnc4-eDEVV/,https://www.instagram.com/p/BJnc4-eDEVV/,2026-06-19T22:30:42.546Z,478,71
5291,BJl5eXTDiY8,p,https://www.instagram.com/thedogist/p/BJl5eXTDiY8/,https://www.instagram.com/p/BJl5eXTDiY8/,2026-06-19T22:30:42.546Z,478,72
5292,BJloRBNDNPN,p,https://www.instagram.com/thedogist/p/BJloRBNDNPN/,https://www.instagram.com/p/BJloRBNDNPN/,2026-06-19T22:30:42.547Z,478,73
5293,BJlNANjjvrJ,p,https://www.instagram.com/thedogist/p/BJlNANjjvrJ/,https://www.instagram.com/p/BJlNANjjvrJ/,2026-06-19T22:30:44.263Z,479,59
5294,BJk9mJ8DKcx,p,https://www.instagram.com/thedogist/p/BJk9mJ8DKcx/,https://www.instagram.com/p/BJk9mJ8DKcx/,2026-06-19T22:30:44.264Z,479,60
5295,BJjQW7Sj-UJ,p,https://www.instagram.com/thedogist/p/BJjQW7Sj-UJ/,https://www.instagram.com/p/BJjQW7Sj-UJ/,2026-06-19T22:30:44.265Z,479,61
5296,BJi0egwjJdL,p,https://www.instagram.com/thedogist/p/BJi0egwjJdL/,https://www.instagram.com/p/BJi0egwjJdL/,2026-06-19T22:30:44.265Z,479,62
5297,BJi0acRDAtz,p,https://www.instagram.com/thedogist/p/BJi0acRDAtz/,https://www.instagram.com/p/BJi0acRDAtz/,2026-06-19T22:30:44.265Z,479,63
5298,BJiWnuiDhZR,p,https://www.instagram.com/thedogist/p/BJiWnuiDhZR/,https://www.instagram.com/p/BJiWnuiDhZR/,2026-06-19T22:30:44.266Z,479,64
5299,BJgs6sMjHmJ,p,https://www.instagram.com/thedogist/p/BJgs6sMjHmJ/,https://www.instagram.com/p/BJgs6sMjHmJ/,2026-06-19T22:30:44.266Z,479,65
5300,BJgObaXjSum,p,https://www.instagram.com/thedogist/p/BJgObaXjSum/,https://www.instagram.com/p/BJgObaXjSum/,2026-06-19T22:30:44.266Z,479,66
5301,BJf3imLjQhF,p,https://www.instagram.com/thedogist/p/BJf3imLjQhF/,https://www.instagram.com/p/BJf3imLjQhF/,2026-06-19T22:30:44.267Z,479,67
5302,BJfVSwtjAFu,p,https://www.instagram.com/thedogist/p/BJfVSwtjAFu/,https://www.instagram.com/p/BJfVSwtjAFu/,2026-06-19T22:30:44.267Z,479,68
5303,BJeP8YtDDkD,p,https://www.instagram.com/thedogist/p/BJeP8YtDDkD/,https://www.instagram.com/p/BJeP8YtDDkD/,2026-06-19T22:30:44.267Z,479,69
5304,BJd6346DsHp,reel,https://www.instagram.com/thedogist/reel/BJd6346DsHp/,https://www.instagram.com/reel/BJd6346DsHp/,2026-06-19T22:30:44.267Z,479,70
5305,BJdog1Fjk5s,p,https://www.instagram.com/thedogist/p/BJdog1Fjk5s/,https://www.instagram.com/p/BJdog1Fjk5s/,2026-06-19T22:30:45.981Z,480,61
5306,BJdN32Fj3QS,p,https://www.instagram.com/thedogist/p/BJdN32Fj3QS/,https://www.instagram.com/p/BJdN32Fj3QS/,2026-06-19T22:30:45.982Z,480,62
5307,BJbZCiAD1pE,p,https://www.instagram.com/thedogist/p/BJbZCiAD1pE/,https://www.instagram.com/p/BJbZCiAD1pE/,2026-06-19T22:30:45.982Z,480,63
5308,BJa9F6eD9En,p,https://www.instagram.com/thedogist/p/BJa9F6eD9En/,https://www.instagram.com/p/BJa9F6eD9En/,2026-06-19T22:30:45.982Z,480,64
5309,BJanSLJjGu-,p,https://www.instagram.com/thedogist/p/BJanSLJjGu-/,https://www.instagram.com/p/BJanSLJjGu-/,2026-06-19T22:30:45.982Z,480,65
5310,BJZBU5ejiaS,p,https://www.instagram.com/thedogist/p/BJZBU5ejiaS/,https://www.instagram.com/p/BJZBU5ejiaS/,2026-06-19T22:30:45.982Z,480,66
5311,BJYsnNIjPLM,p,https://www.instagram.com/thedogist/p/BJYsnNIjPLM/,https://www.instagram.com/p/BJYsnNIjPLM/,2026-06-19T22:30:45.983Z,480,67
5312,BJYU6WiD7gB,p,https://www.instagram.com/thedogist/p/BJYU6WiD7gB/,https://www.instagram.com/p/BJYU6WiD7gB/,2026-06-19T22:30:45.983Z,480,68
5313,BJX-nS8jnXJ,p,https://www.instagram.com/thedogist/p/BJX-nS8jnXJ/,https://www.instagram.com/p/BJX-nS8jnXJ/,2026-06-19T22:30:45.983Z,480,69
5314,BJWZGqvD0lv,p,https://www.instagram.com/thedogist/p/BJWZGqvD0lv/,https://www.instagram.com/p/BJWZGqvD0lv/,2026-06-19T22:30:45.983Z,480,70
5315,BJWFzulDiyj,p,https://www.instagram.com/thedogist/p/BJWFzulDiyj/,https://www.instagram.com/p/BJWFzulDiyj/,2026-06-19T22:30:45.983Z,480,71
5316,BJVpHDMD0Gy,p,https://www.instagram.com/thedogist/p/BJVpHDMD0Gy/,https://www.instagram.com/p/BJVpHDMD0Gy/,2026-06-19T22:30:45.984Z,480,72
5317,BJVYEOyjzVu,p,https://www.instagram.com/thedogist/p/BJVYEOyjzVu/,https://www.instagram.com/p/BJVYEOyjzVu/,2026-06-19T22:30:47.696Z,481,58
5318,BJTmkVVDcOC,p,https://www.instagram.com/thedogist/p/BJTmkVVDcOC/,https://www.instagram.com/p/BJTmkVVDcOC/,2026-06-19T22:30:47.697Z,481,59
5319,BJTJB82DIXD,p,https://www.instagram.com/thedogist/p/BJTJB82DIXD/,https://www.instagram.com/p/BJTJB82DIXD/,2026-06-19T22:30:47.697Z,481,60
5320,BJS3BgCjbpc,p,https://www.instagram.com/thedogist/p/BJS3BgCjbpc/,https://www.instagram.com/p/BJS3BgCjbpc/,2026-06-19T22:30:47.697Z,481,61
5321,BJRXPpsDOGV,p,https://www.instagram.com/thedogist/p/BJRXPpsDOGV/,https://www.instagram.com/p/BJRXPpsDOGV/,2026-06-19T22:30:47.698Z,481,62
5322,BJRE8ghjxEo,p,https://www.instagram.com/thedogist/p/BJRE8ghjxEo/,https://www.instagram.com/p/BJRE8ghjxEo/,2026-06-19T22:30:47.698Z,481,63
5323,BJQl9f5DuFM,p,https://www.instagram.com/thedogist/p/BJQl9f5DuFM/,https://www.instagram.com/p/BJQl9f5DuFM/,2026-06-19T22:30:47.698Z,481,64
5324,BJQPzXcDONa,p,https://www.instagram.com/thedogist/p/BJQPzXcDONa/,https://www.instagram.com/p/BJQPzXcDONa/,2026-06-19T22:30:47.699Z,481,65
5325,BJOpl-EDL8F,p,https://www.instagram.com/thedogist/p/BJOpl-EDL8F/,https://www.instagram.com/p/BJOpl-EDL8F/,2026-06-19T22:30:47.699Z,481,66
5326,BJOVFcaDmUn,p,https://www.instagram.com/thedogist/p/BJOVFcaDmUn/,https://www.instagram.com/p/BJOVFcaDmUn/,2026-06-19T22:30:47.699Z,481,67
5327,BJN-vMmjm2N,p,https://www.instagram.com/thedogist/p/BJN-vMmjm2N/,https://www.instagram.com/p/BJN-vMmjm2N/,2026-06-19T22:30:47.699Z,481,68
5328,BJNquUGjEAD,p,https://www.instagram.com/thedogist/p/BJNquUGjEAD/,https://www.instagram.com/p/BJNquUGjEAD/,2026-06-19T22:30:47.700Z,481,69
5329,BJMMDQ5jRTb,p,https://www.instagram.com/thedogist/p/BJMMDQ5jRTb/,https://www.instagram.com/p/BJMMDQ5jRTb/,2026-06-19T22:30:49.408Z,482,60
5330,BJL420kjV60,p,https://www.instagram.com/thedogist/p/BJL420kjV60/,https://www.instagram.com/p/BJL420kjV60/,2026-06-19T22:30:49.409Z,482,61
5331,BJLnM1YjWtF,p,https://www.instagram.com/thedogist/p/BJLnM1YjWtF/,https://www.instagram.com/p/BJLnM1YjWtF/,2026-06-19T22:30:49.409Z,482,62
5332,BJLY7EWjL0f,p,https://www.instagram.com/thedogist/p/BJLY7EWjL0f/,https://www.instagram.com/p/BJLY7EWjL0f/,2026-06-19T22:30:49.409Z,482,63
5333,BJJkw78DXXi,p,https://www.instagram.com/thedogist/p/BJJkw78DXXi/,https://www.instagram.com/p/BJJkw78DXXi/,2026-06-19T22:30:49.410Z,482,64
5334,BJJO9OUDmZC,p,https://www.instagram.com/thedogist/p/BJJO9OUDmZC/,https://www.instagram.com/p/BJJO9OUDmZC/,2026-06-19T22:30:49.410Z,482,65
5335,BJI35GxDmDH,p,https://www.instagram.com/thedogist/p/BJI35GxDmDH/,https://www.instagram.com/p/BJI35GxDmDH/,2026-06-19T22:30:49.410Z,482,66
5336,BJIqKV5DZA-,p,https://www.instagram.com/thedogist/p/BJIqKV5DZA-/,https://www.instagram.com/p/BJIqKV5DZA-/,2026-06-19T22:30:49.410Z,482,67
5337,BJG8cNtDz6V,p,https://www.instagram.com/thedogist/p/BJG8cNtDz6V/,https://www.instagram.com/p/BJG8cNtDz6V/,2026-06-19T22:30:49.411Z,482,68
5338,BJGn4xXD0f5,p,https://www.instagram.com/thedogist/p/BJGn4xXD0f5/,https://www.instagram.com/p/BJGn4xXD0f5/,2026-06-19T22:30:49.411Z,482,69
5339,BJGUFqGjwi4,p,https://www.instagram.com/thedogist/p/BJGUFqGjwi4/,https://www.instagram.com/p/BJGUFqGjwi4/,2026-06-19T22:30:49.411Z,482,70
5340,BJF9xDQD08A,p,https://www.instagram.com/thedogist/p/BJF9xDQD08A/,https://www.instagram.com/p/BJF9xDQD08A/,2026-06-19T22:30:49.411Z,482,71
5341,BJERojXDqmH,p,https://www.instagram.com/thedogist/p/BJERojXDqmH/,https://www.instagram.com/p/BJERojXDqmH/,2026-06-19T22:30:51.121Z,483,62
5342,BJD2tIEjTH8,p,https://www.instagram.com/thedogist/p/BJD2tIEjTH8/,https://www.instagram.com/p/BJD2tIEjTH8/,2026-06-19T22:30:51.122Z,483,63
5343,BJDhPPfDIEN,p,https://www.instagram.com/thedogist/p/BJDhPPfDIEN/,https://www.instagram.com/p/BJDhPPfDIEN/,2026-06-19T22:30:51.122Z,483,64
5344,BJBhnYODnLo,p,https://www.instagram.com/thedogist/p/BJBhnYODnLo/,https://www.instagram.com/p/BJBhnYODnLo/,2026-06-19T22:30:51.122Z,483,65
5345,BJBBqBdjtch,p,https://www.instagram.com/thedogist/p/BJBBqBdjtch/,https://www.instagram.com/p/BJBBqBdjtch/,2026-06-19T22:30:51.122Z,483,66
5346,BJAonRQD7hD,p,https://www.instagram.com/thedogist/p/BJAonRQD7hD/,https://www.instagram.com/p/BJAonRQD7hD/,2026-06-19T22:30:51.123Z,483,67
5347,BI_UyWfDC1I,p,https://www.instagram.com/thedogist/p/BI_UyWfDC1I/,https://www.instagram.com/p/BI_UyWfDC1I/,2026-06-19T22:30:51.123Z,483,68
5348,BI_CPNIDiEn,p,https://www.instagram.com/thedogist/p/BI_CPNIDiEn/,https://www.instagram.com/p/BI_CPNIDiEn/,2026-06-19T22:30:51.123Z,483,69
5349,BI-niTLDHGf,p,https://www.instagram.com/thedogist/p/BI-niTLDHGf/,https://www.instagram.com/p/BI-niTLDHGf/,2026-06-19T22:30:51.123Z,483,70
5350,BI-VusWj1Wo,p,https://www.instagram.com/thedogist/p/BI-VusWj1Wo/,https://www.instagram.com/p/BI-VusWj1Wo/,2026-06-19T22:30:51.124Z,483,71
5351,BI8y6awDBAe,p,https://www.instagram.com/thedogist/p/BI8y6awDBAe/,https://www.instagram.com/p/BI8y6awDBAe/,2026-06-19T22:30:51.124Z,483,72
5352,BI8eVewjMt7,p,https://www.instagram.com/thedogist/p/BI8eVewjMt7/,https://www.instagram.com/p/BI8eVewjMt7/,2026-06-19T22:30:51.124Z,483,73
5353,BI8NTrPjp7u,p,https://www.instagram.com/thedogist/p/BI8NTrPjp7u/,https://www.instagram.com/p/BI8NTrPjp7u/,2026-06-19T22:30:52.840Z,484,59
5354,BI7wMNvjbpm,p,https://www.instagram.com/thedogist/p/BI7wMNvjbpm/,https://www.instagram.com/p/BI7wMNvjbpm/,2026-06-19T22:30:52.841Z,484,60
5355,BI6Wz1IDJeT,p,https://www.instagram.com/thedogist/p/BI6Wz1IDJeT/,https://www.instagram.com/p/BI6Wz1IDJeT/,2026-06-19T22:30:52.841Z,484,61
5356,BI5zenbjHeY,p,https://www.instagram.com/thedogist/p/BI5zenbjHeY/,https://www.instagram.com/p/BI5zenbjHeY/,2026-06-19T22:30:52.841Z,484,62
5357,BI5a-jcDQzW,p,https://www.instagram.com/thedogist/p/BI5a-jcDQzW/,https://www.instagram.com/p/BI5a-jcDQzW/,2026-06-19T22:30:52.841Z,484,63
5358,BI5NlBOjvhY,p,https://www.instagram.com/thedogist/p/BI5NlBOjvhY/,https://www.instagram.com/p/BI5NlBOjvhY/,2026-06-19T22:30:52.842Z,484,64
5359,BI3fnlbjPSb,p,https://www.instagram.com/thedogist/p/BI3fnlbjPSb/,https://www.instagram.com/p/BI3fnlbjPSb/,2026-06-19T22:30:52.842Z,484,65
5360,BI3K9cQDlDF,p,https://www.instagram.com/thedogist/p/BI3K9cQDlDF/,https://www.instagram.com/p/BI3K9cQDlDF/,2026-06-19T22:30:52.842Z,484,66
5361,BI2u5AdDx5L,p,https://www.instagram.com/thedogist/p/BI2u5AdDx5L/,https://www.instagram.com/p/BI2u5AdDx5L/,2026-06-19T22:30:52.843Z,484,67
5362,BI2ldKmjpzz,p,https://www.instagram.com/thedogist/p/BI2ldKmjpzz/,https://www.instagram.com/p/BI2ldKmjpzz/,2026-06-19T22:30:52.843Z,484,68
5363,BI05xdGjGd2,p,https://www.instagram.com/thedogist/p/BI05xdGjGd2/,https://www.instagram.com/p/BI05xdGjGd2/,2026-06-19T22:30:52.843Z,484,69
5364,BI0oIhajpoK,p,https://www.instagram.com/thedogist/p/BI0oIhajpoK/,https://www.instagram.com/p/BI0oIhajpoK/,2026-06-19T22:30:52.844Z,484,70
5365,BI0YZNFj-Kb,p,https://www.instagram.com/thedogist/p/BI0YZNFj-Kb/,https://www.instagram.com/p/BI0YZNFj-Kb/,2026-06-19T22:30:54.564Z,485,61
5366,BI0C8Snjbgp,p,https://www.instagram.com/thedogist/p/BI0C8Snjbgp/,https://www.instagram.com/p/BI0C8Snjbgp/,2026-06-19T22:30:54.564Z,485,62
5367,BIycdDwDTkn,p,https://www.instagram.com/thedogist/p/BIycdDwDTkn/,https://www.instagram.com/p/BIycdDwDTkn/,2026-06-19T22:30:54.565Z,485,63
5368,BIyBODFDlX0,p,https://www.instagram.com/thedogist/p/BIyBODFDlX0/,https://www.instagram.com/p/BIyBODFDlX0/,2026-06-19T22:30:54.565Z,485,64
5369,BIxnMVNj8Vw,p,https://www.instagram.com/thedogist/p/BIxnMVNj8Vw/,https://www.instagram.com/p/BIxnMVNj8Vw/,2026-06-19T22:30:54.565Z,485,65
5370,BIxVAG-DJzb,p,https://www.instagram.com/thedogist/p/BIxVAG-DJzb/,https://www.instagram.com/p/BIxVAG-DJzb/,2026-06-19T22:30:54.566Z,485,66
5371,BIv6p51DaXw,p,https://www.instagram.com/thedogist/p/BIv6p51DaXw/,https://www.instagram.com/p/BIv6p51DaXw/,2026-06-19T22:30:54.566Z,485,67
5372,BIvdDSKjWWS,p,https://www.instagram.com/thedogist/p/BIvdDSKjWWS/,https://www.instagram.com/p/BIvdDSKjWWS/,2026-06-19T22:30:54.566Z,485,68
5373,BIvAIQODhpX,p,https://www.instagram.com/thedogist/p/BIvAIQODhpX/,https://www.instagram.com/p/BIvAIQODhpX/,2026-06-19T22:30:54.566Z,485,69
5374,BIuvw5YDufy,p,https://www.instagram.com/thedogist/p/BIuvw5YDufy/,https://www.instagram.com/p/BIuvw5YDufy/,2026-06-19T22:30:54.567Z,485,70
5375,BItQH9ZBMjh,p,https://www.instagram.com/thedogist/p/BItQH9ZBMjh/,https://www.instagram.com/p/BItQH9ZBMjh/,2026-06-19T22:30:54.567Z,485,71
5376,BIs7M0tDm6j,p,https://www.instagram.com/thedogist/p/BIs7M0tDm6j/,https://www.instagram.com/p/BIs7M0tDm6j/,2026-06-19T22:30:54.567Z,485,72
5377,BIsi_4Lj7Fs,p,https://www.instagram.com/thedogist/p/BIsi_4Lj7Fs/,https://www.instagram.com/p/BIsi_4Lj7Fs/,2026-06-19T22:30:56.284Z,486,58
5378,BIsPALZjGl_,p,https://www.instagram.com/thedogist/p/BIsPALZjGl_/,https://www.instagram.com/p/BIsPALZjGl_/,2026-06-19T22:30:56.285Z,486,59
5379,BIql0enjeWS,p,https://www.instagram.com/thedogist/p/BIql0enjeWS/,https://www.instagram.com/p/BIql0enjeWS/,2026-06-19T22:30:56.285Z,486,60
5380,BIqLQmNDDQY,p,https://www.instagram.com/thedogist/p/BIqLQmNDDQY/,https://www.instagram.com/p/BIqLQmNDDQY/,2026-06-19T22:30:56.285Z,486,61
5381,BIp4oKnDFF8,p,https://www.instagram.com/thedogist/p/BIp4oKnDFF8/,https://www.instagram.com/p/BIp4oKnDFF8/,2026-06-19T22:30:56.286Z,486,62
5382,BIpm85Mj20r,p,https://www.instagram.com/thedogist/p/BIpm85Mj20r/,https://www.instagram.com/p/BIpm85Mj20r/,2026-06-19T22:30:56.286Z,486,63
5383,BIoC11UD8xs,p,https://www.instagram.com/thedogist/p/BIoC11UD8xs/,https://www.instagram.com/p/BIoC11UD8xs/,2026-06-19T22:30:56.286Z,486,64
5384,BInt8BpDZOu,p,https://www.instagram.com/thedogist/p/BInt8BpDZOu/,https://www.instagram.com/p/BInt8BpDZOu/,2026-06-19T22:30:56.287Z,486,65
5385,BInUGonjFop,p,https://www.instagram.com/thedogist/p/BInUGonjFop/,https://www.instagram.com/p/BInUGonjFop/,2026-06-19T22:30:56.287Z,486,66
5386,BInALHdjMta,p,https://www.instagram.com/thedogist/p/BInALHdjMta/,https://www.instagram.com/p/BInALHdjMta/,2026-06-19T22:30:56.287Z,486,67
5387,BIljg1Dj_6s,p,https://www.instagram.com/thedogist/p/BIljg1Dj_6s/,https://www.instagram.com/p/BIljg1Dj_6s/,2026-06-19T22:30:56.287Z,486,68
5388,BIlKzXODV9I,p,https://www.instagram.com/thedogist/p/BIlKzXODV9I/,https://www.instagram.com/p/BIlKzXODV9I/,2026-06-19T22:30:56.288Z,486,69
5389,BIkt8KyDEos,p,https://www.instagram.com/thedogist/p/BIkt8KyDEos/,https://www.instagram.com/p/BIkt8KyDEos/,2026-06-19T22:30:58.006Z,487,60
5390,BIkdIl9DxU4,p,https://www.instagram.com/thedogist/p/BIkdIl9DxU4/,https://www.instagram.com/p/BIkdIl9DxU4/,2026-06-19T22:30:58.006Z,487,61
5391,BIi_CHrDR3S,p,https://www.instagram.com/thedogist/p/BIi_CHrDR3S/,https://www.instagram.com/p/BIi_CHrDR3S/,2026-06-19T22:30:58.007Z,487,62
5392,BIiahhWjuz-,p,https://www.instagram.com/thedogist/p/BIiahhWjuz-/,https://www.instagram.com/p/BIiahhWjuz-/,2026-06-19T22:30:58.007Z,487,63
5393,BIiBE6UDgGG,p,https://www.instagram.com/thedogist/p/BIiBE6UDgGG/,https://www.instagram.com/p/BIiBE6UDgGG/,2026-06-19T22:30:58.007Z,487,64
5394,BIgcm5qjhHS,p,https://www.instagram.com/thedogist/p/BIgcm5qjhHS/,https://www.instagram.com/p/BIgcm5qjhHS/,2026-06-19T22:30:58.007Z,487,65
5395,BIfqVLmjkZn,p,https://www.instagram.com/thedogist/p/BIfqVLmjkZn/,https://www.instagram.com/p/BIfqVLmjkZn/,2026-06-19T22:30:58.008Z,487,66
5396,BIfW7lXj7PK,p,https://www.instagram.com/thedogist/p/BIfW7lXj7PK/,https://www.instagram.com/p/BIfW7lXj7PK/,2026-06-19T22:30:58.008Z,487,67
5397,BIdlv46DYuM,p,https://www.instagram.com/thedogist/p/BIdlv46DYuM/,https://www.instagram.com/p/BIdlv46DYuM/,2026-06-19T22:30:58.008Z,487,68
5398,BIdCc7ejHse,p,https://www.instagram.com/thedogist/p/BIdCc7ejHse/,https://www.instagram.com/p/BIdCc7ejHse/,2026-06-19T22:30:58.008Z,487,69
5399,BIctwlbjnR5,p,https://www.instagram.com/thedogist/p/BIctwlbjnR5/,https://www.instagram.com/p/BIctwlbjnR5/,2026-06-19T22:30:58.008Z,487,70
5400,BIbOePfDPDO,p,https://www.instagram.com/thedogist/p/BIbOePfDPDO/,https://www.instagram.com/p/BIbOePfDPDO/,2026-06-19T22:30:58.009Z,487,71
5401,BIa-lDhDyIu,p,https://www.instagram.com/thedogist/p/BIa-lDhDyIu/,https://www.instagram.com/p/BIa-lDhDyIu/,2026-06-19T22:31:01.460Z,489,62
5402,BIagX7ZD1AF,p,https://www.instagram.com/thedogist/p/BIagX7ZD1AF/,https://www.instagram.com/p/BIagX7ZD1AF/,2026-06-19T22:31:01.461Z,489,63
5403,BIaPdxQjjE7,p,https://www.instagram.com/thedogist/p/BIaPdxQjjE7/,https://www.instagram.com/p/BIaPdxQjjE7/,2026-06-19T22:31:01.461Z,489,64
5404,BIYXb2njud8,p,https://www.instagram.com/thedogist/p/BIYXb2njud8/,https://www.instagram.com/p/BIYXb2njud8/,2026-06-19T22:31:01.462Z,489,65
5405,BIX6oEDD2u9,p,https://www.instagram.com/thedogist/p/BIX6oEDD2u9/,https://www.instagram.com/p/BIX6oEDD2u9/,2026-06-19T22:31:01.462Z,489,66
5406,BIXn5yNjYLW,p,https://www.instagram.com/thedogist/p/BIXn5yNjYLW/,https://www.instagram.com/p/BIXn5yNjYLW/,2026-06-19T22:31:01.462Z,489,67
5407,BIWGWs-Dn3v,p,https://www.instagram.com/thedogist/p/BIWGWs-Dn3v/,https://www.instagram.com/p/BIWGWs-Dn3v/,2026-06-19T22:31:01.463Z,489,68
5408,BIVzrWFjvnd,p,https://www.instagram.com/thedogist/p/BIVzrWFjvnd/,https://www.instagram.com/p/BIVzrWFjvnd/,2026-06-19T22:31:01.463Z,489,69
5409,BIVZZayj6mR,p,https://www.instagram.com/thedogist/p/BIVZZayj6mR/,https://www.instagram.com/p/BIVZZayj6mR/,2026-06-19T22:31:01.463Z,489,70
5410,BIVIRPLjVR3,p,https://www.instagram.com/thedogist/p/BIVIRPLjVR3/,https://www.instagram.com/p/BIVIRPLjVR3/,2026-06-19T22:31:01.463Z,489,71
5411,BIThlMwDlGV,p,https://www.instagram.com/thedogist/p/BIThlMwDlGV/,https://www.instagram.com/p/BIThlMwDlGV/,2026-06-19T22:31:01.464Z,489,72
5412,BITOPQejjBx,p,https://www.instagram.com/thedogist/p/BITOPQejjBx/,https://www.instagram.com/p/BITOPQejjBx/,2026-06-19T22:31:01.464Z,489,73
5413,BISwQrOjCx0,p,https://www.instagram.com/thedogist/p/BISwQrOjCx0/,https://www.instagram.com/p/BISwQrOjCx0/,2026-06-19T22:31:03.183Z,490,59
5414,BISbj7VjICk,p,https://www.instagram.com/thedogist/p/BISbj7VjICk/,https://www.instagram.com/p/BISbj7VjICk/,2026-06-19T22:31:03.183Z,490,60
5415,BIRDvczDHNq,p,https://www.instagram.com/thedogist/p/BIRDvczDHNq/,https://www.instagram.com/p/BIRDvczDHNq/,2026-06-19T22:31:03.184Z,490,61
5416,BIQOCRyDfg3,p,https://www.instagram.com/thedogist/p/BIQOCRyDfg3/,https://www.instagram.com/p/BIQOCRyDfg3/,2026-06-19T22:31:03.184Z,490,62
5417,BIP7AsWDL_A,p,https://www.instagram.com/thedogist/p/BIP7AsWDL_A/,https://www.instagram.com/p/BIP7AsWDL_A/,2026-06-19T22:31:03.184Z,490,63
5418,BIN-nWAjD8Y,p,https://www.instagram.com/thedogist/p/BIN-nWAjD8Y/,https://www.instagram.com/p/BIN-nWAjD8Y/,2026-06-19T22:31:03.184Z,490,64
5419,BINpoQ4DnB7,p,https://www.instagram.com/thedogist/p/BINpoQ4DnB7/,https://www.instagram.com/p/BINpoQ4DnB7/,2026-06-19T22:31:03.185Z,490,65
5420,BINXGS1jtvE,p,https://www.instagram.com/thedogist/p/BINXGS1jtvE/,https://www.instagram.com/p/BINXGS1jtvE/,2026-06-19T22:31:03.185Z,490,66
5421,BIMDOJEjX7f,p,https://www.instagram.com/thedogist/p/BIMDOJEjX7f/,https://www.instagram.com/p/BIMDOJEjX7f/,2026-06-19T22:31:03.185Z,490,67
5422,BILxJcCD6sr,p,https://www.instagram.com/thedogist/p/BILxJcCD6sr/,https://www.instagram.com/p/BILxJcCD6sr/,2026-06-19T22:31:03.185Z,490,68
5423,BILSb5HDmaZ,p,https://www.instagram.com/thedogist/p/BILSb5HDmaZ/,https://www.instagram.com/p/BILSb5HDmaZ/,2026-06-19T22:31:03.185Z,490,69
5424,BIKz3HojkG0,p,https://www.instagram.com/thedogist/p/BIKz3HojkG0/,https://www.instagram.com/p/BIKz3HojkG0/,2026-06-19T22:31:03.186Z,490,70
5425,BIJJXR7D0jr,p,https://www.instagram.com/thedogist/p/BIJJXR7D0jr/,https://www.instagram.com/p/BIJJXR7D0jr/,2026-06-19T22:31:04.894Z,491,61
5426,BIImp1GDXCs,p,https://www.instagram.com/thedogist/p/BIImp1GDXCs/,https://www.instagram.com/p/BIImp1GDXCs/,2026-06-19T22:31:04.894Z,491,62
5427,BIIJmdJDr4E,p,https://www.instagram.com/thedogist/p/BIIJmdJDr4E/,https://www.instagram.com/p/BIIJmdJDr4E/,2026-06-19T22:31:04.895Z,491,63
5428,BIGmkVhjaEM,p,https://www.instagram.com/thedogist/p/BIGmkVhjaEM/,https://www.instagram.com/p/BIGmkVhjaEM/,2026-06-19T22:31:04.895Z,491,64
5429,BIF7W9PjHcP,p,https://www.instagram.com/thedogist/p/BIF7W9PjHcP/,https://www.instagram.com/p/BIF7W9PjHcP/,2026-06-19T22:31:04.895Z,491,65
5430,BIFmvPpDQNk,p,https://www.instagram.com/thedogist/p/BIFmvPpDQNk/,https://www.instagram.com/p/BIFmvPpDQNk/,2026-06-19T22:31:04.895Z,491,66
5431,BIDrV9Ij-VO,p,https://www.instagram.com/thedogist/p/BIDrV9Ij-VO/,https://www.instagram.com/p/BIDrV9Ij-VO/,2026-06-19T22:31:04.895Z,491,67
5432,BIDQmQkjejs,p,https://www.instagram.com/thedogist/p/BIDQmQkjejs/,https://www.instagram.com/p/BIDQmQkjejs/,2026-06-19T22:31:04.896Z,491,68
5433,BIDAEJlj6oV,p,https://www.instagram.com/thedogist/p/BIDAEJlj6oV/,https://www.instagram.com/p/BIDAEJlj6oV/,2026-06-19T22:31:04.896Z,491,69
5434,BIBgKlCjM3U,p,https://www.instagram.com/thedogist/p/BIBgKlCjM3U/,https://www.instagram.com/p/BIBgKlCjM3U/,2026-06-19T22:31:04.896Z,491,70
5435,BIBF3f5DoAj,p,https://www.instagram.com/thedogist/p/BIBF3f5DoAj/,https://www.instagram.com/p/BIBF3f5DoAj/,2026-06-19T22:31:04.896Z,491,71
5436,BIAzVwEDhh5,p,https://www.instagram.com/thedogist/p/BIAzVwEDhh5/,https://www.instagram.com/p/BIAzVwEDhh5/,2026-06-19T22:31:04.897Z,491,72
5437,BIAaSh2DxM3,p,https://www.instagram.com/thedogist/p/BIAaSh2DxM3/,https://www.instagram.com/p/BIAaSh2DxM3/,2026-06-19T22:31:06.612Z,492,58
5438,BH-okVRjJmn,p,https://www.instagram.com/thedogist/p/BH-okVRjJmn/,https://www.instagram.com/p/BH-okVRjJmn/,2026-06-19T22:31:06.612Z,492,59
5439,BH-ITqNDjA-,p,https://www.instagram.com/thedogist/p/BH-ITqNDjA-/,https://www.instagram.com/p/BH-ITqNDjA-/,2026-06-19T22:31:06.612Z,492,60
5440,BH92w90DHZF,p,https://www.instagram.com/thedogist/p/BH92w90DHZF/,https://www.instagram.com/p/BH92w90DHZF/,2026-06-19T22:31:06.612Z,492,61
5441,BH8IKEhD0bE,p,https://www.instagram.com/thedogist/p/BH8IKEhD0bE/,https://www.instagram.com/p/BH8IKEhD0bE/,2026-06-19T22:31:06.613Z,492,62
5442,BH7vRl6jnYS,p,https://www.instagram.com/thedogist/p/BH7vRl6jnYS/,https://www.instagram.com/p/BH7vRl6jnYS/,2026-06-19T22:31:06.613Z,492,63
5443,BH7VQO-Dn7H,p,https://www.instagram.com/thedogist/p/BH7VQO-Dn7H/,https://www.instagram.com/p/BH7VQO-Dn7H/,2026-06-19T22:31:06.613Z,492,64
5444,BH5haj7DZew,p,https://www.instagram.com/thedogist/p/BH5haj7DZew/,https://www.instagram.com/p/BH5haj7DZew/,2026-06-19T22:31:06.613Z,492,65
5445,BH47s1VDr8z,p,https://www.instagram.com/thedogist/p/BH47s1VDr8z/,https://www.instagram.com/p/BH47s1VDr8z/,2026-06-19T22:31:06.614Z,492,66
5446,BH47qJbDAfb,reel,https://www.instagram.com/thedogist/reel/BH47qJbDAfb/,https://www.instagram.com/reel/BH47qJbDAfb/,2026-06-19T22:31:06.614Z,492,67
5447,BH3Qydlj4CB,p,https://www.instagram.com/thedogist/p/BH3Qydlj4CB/,https://www.instagram.com/p/BH3Qydlj4CB/,2026-06-19T22:31:06.614Z,492,68
5448,BH2qwroDn37,p,https://www.instagram.com/thedogist/p/BH2qwroDn37/,https://www.instagram.com/p/BH2qwroDn37/,2026-06-19T22:31:06.614Z,492,69
5449,BH2WvZlD3GS,p,https://www.instagram.com/thedogist/p/BH2WvZlD3GS/,https://www.instagram.com/p/BH2WvZlD3GS/,2026-06-19T22:31:08.335Z,493,60
5450,BH2B1LMjeAq,p,https://www.instagram.com/thedogist/p/BH2B1LMjeAq/,https://www.instagram.com/p/BH2B1LMjeAq/,2026-06-19T22:31:08.335Z,493,61
5451,BH0biRZjK6b,p,https://www.instagram.com/thedogist/p/BH0biRZjK6b/,https://www.instagram.com/p/BH0biRZjK6b/,2026-06-19T22:31:08.336Z,493,62
5452,BHz6LYlDa0i,p,https://www.instagram.com/thedogist/p/BHz6LYlDa0i/,https://www.instagram.com/p/BHz6LYlDa0i/,2026-06-19T22:31:08.336Z,493,63
5453,BHzjdZyDR8_,p,https://www.instagram.com/thedogist/p/BHzjdZyDR8_/,https://www.instagram.com/p/BHzjdZyDR8_/,2026-06-19T22:31:08.336Z,493,64
5454,BHx3NuWj_P0,p,https://www.instagram.com/thedogist/p/BHx3NuWj_P0/,https://www.instagram.com/p/BHx3NuWj_P0/,2026-06-19T22:31:08.336Z,493,65
5455,BHxc_IwjYIU,p,https://www.instagram.com/thedogist/p/BHxc_IwjYIU/,https://www.instagram.com/p/BHxc_IwjYIU/,2026-06-19T22:31:08.337Z,493,66
5456,BHxAY-DDTFK,p,https://www.instagram.com/thedogist/p/BHxAY-DDTFK/,https://www.instagram.com/p/BHxAY-DDTFK/,2026-06-19T22:31:08.337Z,493,67
5457,BHvZ0s7DpMo,p,https://www.instagram.com/thedogist/p/BHvZ0s7DpMo/,https://www.instagram.com/p/BHvZ0s7DpMo/,2026-06-19T22:31:08.337Z,493,68
5458,BHvDxZIjlCD,p,https://www.instagram.com/thedogist/p/BHvDxZIjlCD/,https://www.instagram.com/p/BHvDxZIjlCD/,2026-06-19T22:31:08.337Z,493,69
5459,BHuprHRD_Xp,p,https://www.instagram.com/thedogist/p/BHuprHRD_Xp/,https://www.instagram.com/p/BHuprHRD_Xp/,2026-06-19T22:31:08.338Z,493,70
5460,BHuWV-zjVvY,p,https://www.instagram.com/thedogist/p/BHuWV-zjVvY/,https://www.instagram.com/p/BHuWV-zjVvY/,2026-06-19T22:31:08.338Z,493,71
5461,BHs0hvzDC5d,p,https://www.instagram.com/thedogist/p/BHs0hvzDC5d/,https://www.instagram.com/p/BHs0hvzDC5d/,2026-06-19T22:31:10.058Z,494,62
5462,BHsU30oD3DT,p,https://www.instagram.com/thedogist/p/BHsU30oD3DT/,https://www.instagram.com/p/BHsU30oD3DT/,2026-06-19T22:31:10.058Z,494,63
5463,BHr2GIKjhHn,p,https://www.instagram.com/thedogist/p/BHr2GIKjhHn/,https://www.instagram.com/p/BHr2GIKjhHn/,2026-06-19T22:31:10.058Z,494,64
5464,BHqQSF0jwjD,p,https://www.instagram.com/thedogist/p/BHqQSF0jwjD/,https://www.instagram.com/p/BHqQSF0jwjD/,2026-06-19T22:31:10.059Z,494,65
5465,BHpsGjDjJwU,p,https://www.instagram.com/thedogist/p/BHpsGjDjJwU/,https://www.instagram.com/p/BHpsGjDjJwU/,2026-06-19T22:31:10.059Z,494,66
5466,BHpPQPaDn9V,p,https://www.instagram.com/thedogist/p/BHpPQPaDn9V/,https://www.instagram.com/p/BHpPQPaDn9V/,2026-06-19T22:31:10.059Z,494,67
5467,BHnrLKmjKi5,p,https://www.instagram.com/thedogist/p/BHnrLKmjKi5/,https://www.instagram.com/p/BHnrLKmjKi5/,2026-06-19T22:31:10.059Z,494,68
5468,BHnXsyejoNn,p,https://www.instagram.com/thedogist/p/BHnXsyejoNn/,https://www.instagram.com/p/BHnXsyejoNn/,2026-06-19T22:31:10.059Z,494,69
5469,BHm8Z5VjXj9,p,https://www.instagram.com/thedogist/p/BHm8Z5VjXj9/,https://www.instagram.com/p/BHm8Z5VjXj9/,2026-06-19T22:31:10.060Z,494,70
5470,BHmsP-JjQ2z,p,https://www.instagram.com/thedogist/p/BHmsP-JjQ2z/,https://www.instagram.com/p/BHmsP-JjQ2z/,2026-06-19T22:31:10.060Z,494,71
5471,BHlNeuLD6fW,p,https://www.instagram.com/thedogist/p/BHlNeuLD6fW/,https://www.instagram.com/p/BHlNeuLD6fW/,2026-06-19T22:31:10.060Z,494,72
5472,BHksQ7YjtBk,p,https://www.instagram.com/thedogist/p/BHksQ7YjtBk/,https://www.instagram.com/p/BHksQ7YjtBk/,2026-06-19T22:31:10.060Z,494,73
5473,BHkBe4WDqm1,p,https://www.instagram.com/thedogist/p/BHkBe4WDqm1/,https://www.instagram.com/p/BHkBe4WDqm1/,2026-06-19T22:31:11.774Z,495,59
5474,BHiedMKDJTX,p,https://www.instagram.com/thedogist/p/BHiedMKDJTX/,https://www.instagram.com/p/BHiedMKDJTX/,2026-06-19T22:31:11.775Z,495,60
5475,BHh90ePDWyZ,p,https://www.instagram.com/thedogist/p/BHh90ePDWyZ/,https://www.instagram.com/p/BHh90ePDWyZ/,2026-06-19T22:31:11.775Z,495,61
5476,BHhnzM5j6N5,p,https://www.instagram.com/thedogist/p/BHhnzM5j6N5/,https://www.instagram.com/p/BHhnzM5j6N5/,2026-06-19T22:31:11.775Z,495,62
5477,BHf7Bbhj-7x,p,https://www.instagram.com/thedogist/p/BHf7Bbhj-7x/,https://www.instagram.com/p/BHf7Bbhj-7x/,2026-06-19T22:31:11.775Z,495,63
5478,BHffUhEjTtR,p,https://www.instagram.com/thedogist/p/BHffUhEjTtR/,https://www.instagram.com/p/BHffUhEjTtR/,2026-06-19T22:31:11.776Z,495,64
5479,BHfNCHPjQdl,p,https://www.instagram.com/thedogist/p/BHfNCHPjQdl/,https://www.instagram.com/p/BHfNCHPjQdl/,2026-06-19T22:31:11.776Z,495,65
5480,BHe9YKnjXya,p,https://www.instagram.com/thedogist/p/BHe9YKnjXya/,https://www.instagram.com/p/BHe9YKnjXya/,2026-06-19T22:31:11.776Z,495,66
5481,BHdfpW2j614,p,https://www.instagram.com/thedogist/p/BHdfpW2j614/,https://www.instagram.com/p/BHdfpW2j614/,2026-06-19T22:31:11.776Z,495,67
5482,BHdPYDhD6bH,p,https://www.instagram.com/thedogist/p/BHdPYDhD6bH/,https://www.instagram.com/p/BHdPYDhD6bH/,2026-06-19T22:31:11.776Z,495,68
5483,BHc9WEtDzOX,p,https://www.instagram.com/thedogist/p/BHc9WEtDzOX/,https://www.instagram.com/p/BHc9WEtDzOX/,2026-06-19T22:31:11.777Z,495,69
5484,BHcxObFjena,p,https://www.instagram.com/thedogist/p/BHcxObFjena/,https://www.instagram.com/p/BHcxObFjena/,2026-06-19T22:31:11.777Z,495,70
5485,BHarZ7WDAmB,p,https://www.instagram.com/thedogist/p/BHarZ7WDAmB/,https://www.instagram.com/p/BHarZ7WDAmB/,2026-06-19T22:31:13.494Z,496,61
5486,BHaLH4oj3oj,p,https://www.instagram.com/thedogist/p/BHaLH4oj3oj/,https://www.instagram.com/p/BHaLH4oj3oj/,2026-06-19T22:31:13.495Z,496,62
5487,BHaLF5Mj3Uy,p,https://www.instagram.com/thedogist/p/BHaLF5Mj3Uy/,https://www.instagram.com/p/BHaLF5Mj3Uy/,2026-06-19T22:31:13.495Z,496,63
5488,BHZ5vLHD8S0,p,https://www.instagram.com/thedogist/p/BHZ5vLHD8S0/,https://www.instagram.com/p/BHZ5vLHD8S0/,2026-06-19T22:31:13.495Z,496,64
5489,BHYHTwxjE4i,p,https://www.instagram.com/thedogist/p/BHYHTwxjE4i/,https://www.instagram.com/p/BHYHTwxjE4i/,2026-06-19T22:31:13.496Z,496,65
5490,BHXhA5hD0BD,p,https://www.instagram.com/thedogist/p/BHXhA5hD0BD/,https://www.instagram.com/p/BHXhA5hD0BD/,2026-06-19T22:31:13.496Z,496,66
5491,BHXS68-jVWi,p,https://www.instagram.com/thedogist/p/BHXS68-jVWi/,https://www.instagram.com/p/BHXS68-jVWi/,2026-06-19T22:31:13.496Z,496,67
5492,BHV2wRBj2E_,p,https://www.instagram.com/thedogist/p/BHV2wRBj2E_/,https://www.instagram.com/p/BHV2wRBj2E_/,2026-06-19T22:31:13.496Z,496,68
5493,BHVco6FDkxr,p,https://www.instagram.com/thedogist/p/BHVco6FDkxr/,https://www.instagram.com/p/BHVco6FDkxr/,2026-06-19T22:31:13.497Z,496,69
5494,BHVNi_1DRsU,p,https://www.instagram.com/thedogist/p/BHVNi_1DRsU/,https://www.instagram.com/p/BHVNi_1DRsU/,2026-06-19T22:31:13.497Z,496,70
5495,BHVEtdoj92i,p,https://www.instagram.com/thedogist/p/BHVEtdoj92i/,https://www.instagram.com/p/BHVEtdoj92i/,2026-06-19T22:31:13.497Z,496,71
5496,BHUxs83jV4F,p,https://www.instagram.com/thedogist/p/BHUxs83jV4F/,https://www.instagram.com/p/BHUxs83jV4F/,2026-06-19T22:31:13.497Z,496,72
5497,BHTSvGKjxC-,p,https://www.instagram.com/thedogist/p/BHTSvGKjxC-/,https://www.instagram.com/p/BHTSvGKjxC-/,2026-06-19T22:31:15.234Z,497,58
5498,BHS-QHvj3cT,p,https://www.instagram.com/thedogist/p/BHS-QHvj3cT/,https://www.instagram.com/p/BHS-QHvj3cT/,2026-06-19T22:31:15.234Z,497,59
5499,BHScpRuj1Dv,p,https://www.instagram.com/thedogist/p/BHScpRuj1Dv/,https://www.instagram.com/p/BHScpRuj1Dv/,2026-06-19T22:31:15.234Z,497,60
5500,BHSchXjjmV-,reel,https://www.instagram.com/thedogist/reel/BHSchXjjmV-/,https://www.instagram.com/reel/BHSchXjjmV-/,2026-06-19T22:31:15.235Z,497,61
5501,BHSJAtSDaZm,p,https://www.instagram.com/thedogist/p/BHSJAtSDaZm/,https://www.instagram.com/p/BHSJAtSDaZm/,2026-06-19T22:31:15.235Z,497,62
5502,BHQLs3MDabg,p,https://www.instagram.com/thedogist/p/BHQLs3MDabg/,https://www.instagram.com/p/BHQLs3MDabg/,2026-06-19T22:31:15.235Z,497,63
5503,BHP396JDAZo,p,https://www.instagram.com/thedogist/p/BHP396JDAZo/,https://www.instagram.com/p/BHP396JDAZo/,2026-06-19T22:31:15.235Z,497,64
5504,BHPgMOYja08,p,https://www.instagram.com/thedogist/p/BHPgMOYja08/,https://www.instagram.com/p/BHPgMOYja08/,2026-06-19T22:31:15.236Z,497,65
5505,BHOXTwKDC-Y,p,https://www.instagram.com/thedogist/p/BHOXTwKDC-Y/,https://www.instagram.com/p/BHOXTwKDC-Y/,2026-06-19T22:31:15.236Z,497,66
5506,BHNt3hNDjcF,p,https://www.instagram.com/thedogist/p/BHNt3hNDjcF/,https://www.instagram.com/p/BHNt3hNDjcF/,2026-06-19T22:31:15.236Z,497,67
5507,BHNZIZyD7nz,p,https://www.instagram.com/thedogist/p/BHNZIZyD7nz/,https://www.instagram.com/p/BHNZIZyD7nz/,2026-06-19T22:31:15.236Z,497,68
5508,BHM9T0sDUtQ,p,https://www.instagram.com/thedogist/p/BHM9T0sDUtQ/,https://www.instagram.com/p/BHM9T0sDUtQ/,2026-06-19T22:31:15.237Z,497,69
5509,BHLjKS0D5QW,p,https://www.instagram.com/thedogist/p/BHLjKS0D5QW/,https://www.instagram.com/p/BHLjKS0D5QW/,2026-06-19T22:31:16.953Z,498,60
5510,BHLPl41jwJY,p,https://www.instagram.com/thedogist/p/BHLPl41jwJY/,https://www.instagram.com/p/BHLPl41jwJY/,2026-06-19T22:31:16.954Z,498,61
5511,BHKruy_js7o,p,https://www.instagram.com/thedogist/p/BHKruy_js7o/,https://www.instagram.com/p/BHKruy_js7o/,2026-06-19T22:31:16.954Z,498,62
5512,BHKcHB7jqWY,p,https://www.instagram.com/thedogist/p/BHKcHB7jqWY/,https://www.instagram.com/p/BHKcHB7jqWY/,2026-06-19T22:31:16.954Z,498,63
5513,BHIwYgjjCSe,p,https://www.instagram.com/thedogist/p/BHIwYgjjCSe/,https://www.instagram.com/p/BHIwYgjjCSe/,2026-06-19T22:31:16.955Z,498,64
5514,BHIdLrhjEPZ,p,https://www.instagram.com/thedogist/p/BHIdLrhjEPZ/,https://www.instagram.com/p/BHIdLrhjEPZ/,2026-06-19T22:31:16.955Z,498,65
5515,BHIIsJVjgGq,p,https://www.instagram.com/thedogist/p/BHIIsJVjgGq/,https://www.instagram.com/p/BHIIsJVjgGq/,2026-06-19T22:31:16.955Z,498,66
5516,BHHzQdTjxsj,p,https://www.instagram.com/thedogist/p/BHHzQdTjxsj/,https://www.instagram.com/p/BHHzQdTjxsj/,2026-06-19T22:31:16.956Z,498,67
5517,BHGOixxjj6c,p,https://www.instagram.com/thedogist/p/BHGOixxjj6c/,https://www.instagram.com/p/BHGOixxjj6c/,2026-06-19T22:31:16.956Z,498,68
5518,BHFq6skjbyY,p,https://www.instagram.com/thedogist/p/BHFq6skjbyY/,https://www.instagram.com/p/BHFq6skjbyY/,2026-06-19T22:31:16.956Z,498,69
5519,BHFU7wPDkmN,p,https://www.instagram.com/thedogist/p/BHFU7wPDkmN/,https://www.instagram.com/p/BHFU7wPDkmN/,2026-06-19T22:31:16.956Z,498,70
5520,BHDnbIKjyGR,p,https://www.instagram.com/thedogist/p/BHDnbIKjyGR/,https://www.instagram.com/p/BHDnbIKjyGR/,2026-06-19T22:31:16.956Z,498,71
5521,BHDJvQHjWdX,p,https://www.instagram.com/thedogist/p/BHDJvQHjWdX/,https://www.instagram.com/p/BHDJvQHjWdX/,2026-06-19T22:31:18.677Z,499,62
5522,BHCoOLRj-Fe,p,https://www.instagram.com/thedogist/p/BHCoOLRj-Fe/,https://www.instagram.com/p/BHCoOLRj-Fe/,2026-06-19T22:31:18.677Z,499,63
5523,BHBR6zgDtJ2,p,https://www.instagram.com/thedogist/p/BHBR6zgDtJ2/,https://www.instagram.com/p/BHBR6zgDtJ2/,2026-06-19T22:31:18.678Z,499,64
5524,BHA1yl_tOS9,p,https://www.instagram.com/thedogist/p/BHA1yl_tOS9/,https://www.instagram.com/p/BHA1yl_tOS9/,2026-06-19T22:31:18.678Z,499,65
5525,BHAnyVRNOau,p,https://www.instagram.com/thedogist/p/BHAnyVRNOau/,https://www.instagram.com/p/BHAnyVRNOau/,2026-06-19T22:31:18.678Z,499,66
5526,BHAJEyMtOS1,p,https://www.instagram.com/thedogist/p/BHAJEyMtOS1/,https://www.instagram.com/p/BHAJEyMtOS1/,2026-06-19T22:31:18.679Z,499,67
5527,BG-qkjPtOZi,p,https://www.instagram.com/thedogist/p/BG-qkjPtOZi/,https://www.instagram.com/p/BG-qkjPtOZi/,2026-06-19T22:31:18.679Z,499,68
5528,BG-MF9ANOUO,p,https://www.instagram.com/thedogist/p/BG-MF9ANOUO/,https://www.instagram.com/p/BG-MF9ANOUO/,2026-06-19T22:31:18.679Z,499,69
5529,BG9qpkHtOZk,p,https://www.instagram.com/thedogist/p/BG9qpkHtOZk/,https://www.instagram.com/p/BG9qpkHtOZk/,2026-06-19T22:31:18.679Z,499,70
5530,BG8FpOktOQr,p,https://www.instagram.com/thedogist/p/BG8FpOktOQr/,https://www.instagram.com/p/BG8FpOktOQr/,2026-06-19T22:31:18.680Z,499,71
5531,BG7lbL6NOVz,p,https://www.instagram.com/thedogist/p/BG7lbL6NOVz/,https://www.instagram.com/p/BG7lbL6NOVz/,2026-06-19T22:31:18.680Z,499,72
5532,BG7TaUZNOSl,p,https://www.instagram.com/thedogist/p/BG7TaUZNOSl/,https://www.instagram.com/p/BG7TaUZNOSl/,2026-06-19T22:31:18.680Z,499,73
5533,BG6_exvtOck,p,https://www.instagram.com/thedogist/p/BG6_exvtOck/,https://www.instagram.com/p/BG6_exvtOck/,2026-06-19T22:31:20.406Z,500,59
5534,BG5aZ-KNOWz,p,https://www.instagram.com/thedogist/p/BG5aZ-KNOWz/,https://www.instagram.com/p/BG5aZ-KNOWz/,2026-06-19T22:31:20.406Z,500,60
5535,BG5Dq3RNOec,p,https://www.instagram.com/thedogist/p/BG5Dq3RNOec/,https://www.instagram.com/p/BG5Dq3RNOec/,2026-06-19T22:31:20.406Z,500,61
5536,BG4sBEsNOft,p,https://www.instagram.com/thedogist/p/BG4sBEsNOft/,https://www.instagram.com/p/BG4sBEsNOft/,2026-06-19T22:31:20.407Z,500,62
5537,BG4WohmNOVA,p,https://www.instagram.com/thedogist/p/BG4WohmNOVA/,https://www.instagram.com/p/BG4WohmNOVA/,2026-06-19T22:31:20.407Z,500,63
5538,BG22KAbtOV8,p,https://www.instagram.com/thedogist/p/BG22KAbtOV8/,https://www.instagram.com/p/BG22KAbtOV8/,2026-06-19T22:31:20.407Z,500,64
5539,BG2eu7JNORT,p,https://www.instagram.com/thedogist/p/BG2eu7JNORT/,https://www.instagram.com/p/BG2eu7JNORT/,2026-06-19T22:31:20.407Z,500,65
5540,BG2HBACtOew,p,https://www.instagram.com/thedogist/p/BG2HBACtOew/,https://www.instagram.com/p/BG2HBACtOew/,2026-06-19T22:31:20.407Z,500,66
5541,BG1znIqtOXI,p,https://www.instagram.com/thedogist/p/BG1znIqtOXI/,https://www.instagram.com/p/BG1znIqtOXI/,2026-06-19T22:31:20.408Z,500,67
5542,BG0RkJLtOeN,p,https://www.instagram.com/thedogist/p/BG0RkJLtOeN/,https://www.instagram.com/p/BG0RkJLtOeN/,2026-06-19T22:31:20.408Z,500,68
5543,BGz2GHBtORu,p,https://www.instagram.com/thedogist/p/BGz2GHBtORu/,https://www.instagram.com/p/BGz2GHBtORu/,2026-06-19T22:31:20.408Z,500,69
5544,BGzdbf3tOXA,p,https://www.instagram.com/thedogist/p/BGzdbf3tOXA/,https://www.instagram.com/p/BGzdbf3tOXA/,2026-06-19T22:31:20.408Z,500,70
5545,BGzKB3ANObS,p,https://www.instagram.com/thedogist/p/BGzKB3ANObS/,https://www.instagram.com/p/BGzKB3ANObS/,2026-06-19T22:31:22.128Z,501,61
5546,BGxpAoDtOSY,p,https://www.instagram.com/thedogist/p/BGxpAoDtOSY/,https://www.instagram.com/p/BGxpAoDtOSY/,2026-06-19T22:31:22.128Z,501,62
5547,BGxbG6tNOTX,p,https://www.instagram.com/thedogist/p/BGxbG6tNOTX/,https://www.instagram.com/p/BGxbG6tNOTX/,2026-06-19T22:31:22.128Z,501,63
5548,BGw730yNORl,p,https://www.instagram.com/thedogist/p/BGw730yNORl/,https://www.instagram.com/p/BGw730yNORl/,2026-06-19T22:31:22.129Z,501,64
5549,BGwsy9stOaG,p,https://www.instagram.com/thedogist/p/BGwsy9stOaG/,https://www.instagram.com/p/BGwsy9stOaG/,2026-06-19T22:31:22.129Z,501,65
5550,BGvU0cyNOXw,p,https://www.instagram.com/thedogist/p/BGvU0cyNOXw/,https://www.instagram.com/p/BGvU0cyNOXw/,2026-06-19T22:31:22.129Z,501,66
5551,BGvAPYYNOZT,p,https://www.instagram.com/thedogist/p/BGvAPYYNOZT/,https://www.instagram.com/p/BGvAPYYNOZT/,2026-06-19T22:31:22.130Z,501,67
5552,BGurXO2tOYj,p,https://www.instagram.com/thedogist/p/BGurXO2tOYj/,https://www.instagram.com/p/BGurXO2tOYj/,2026-06-19T22:31:22.130Z,501,68
5553,BGuRPpXtOSz,p,https://www.instagram.com/thedogist/p/BGuRPpXtOSz/,https://www.instagram.com/p/BGuRPpXtOSz/,2026-06-19T22:31:22.130Z,501,69
5554,BGt81FCNOd0,p,https://www.instagram.com/thedogist/p/BGt81FCNOd0/,https://www.instagram.com/p/BGt81FCNOd0/,2026-06-19T22:31:22.130Z,501,70
5555,BGsjS53tOX5,p,https://www.instagram.com/thedogist/p/BGsjS53tOX5/,https://www.instagram.com/p/BGsjS53tOX5/,2026-06-19T22:31:22.131Z,501,71
5556,BGsBGr_tOW5,p,https://www.instagram.com/thedogist/p/BGsBGr_tOW5/,https://www.instagram.com/p/BGsBGr_tOW5/,2026-06-19T22:31:22.131Z,501,72
5557,BGrv-49NOYv,p,https://www.instagram.com/thedogist/p/BGrv-49NOYv/,https://www.instagram.com/p/BGrv-49NOYv/,2026-06-19T22:31:24.493Z,502,58
5558,BGrhE33tORy,p,https://www.instagram.com/thedogist/p/BGrhE33tORy/,https://www.instagram.com/p/BGrhE33tORy/,2026-06-19T22:31:24.501Z,502,59
5559,BGpzAs1NOe2,p,https://www.instagram.com/thedogist/p/BGpzAs1NOe2/,https://www.instagram.com/p/BGpzAs1NOe2/,2026-06-19T22:31:24.501Z,502,60
5560,BGpeyLpNObH,p,https://www.instagram.com/thedogist/p/BGpeyLpNObH/,https://www.instagram.com/p/BGpeyLpNObH/,2026-06-19T22:31:24.502Z,502,61
5561,BGpNKOTtOa9,p,https://www.instagram.com/thedogist/p/BGpNKOTtOa9/,https://www.instagram.com/p/BGpNKOTtOa9/,2026-06-19T22:31:24.502Z,502,62
5562,BGo32WttOSH,p,https://www.instagram.com/thedogist/p/BGo32WttOSH/,https://www.instagram.com/p/BGo32WttOSH/,2026-06-19T22:31:24.502Z,502,63
5563,BGnKuPmNOdJ,p,https://www.instagram.com/thedogist/p/BGnKuPmNOdJ/,https://www.instagram.com/p/BGnKuPmNOdJ/,2026-06-19T22:31:24.502Z,502,64
5564,BGmohLXtOQf,p,https://www.instagram.com/thedogist/p/BGmohLXtOQf/,https://www.instagram.com/p/BGmohLXtOQf/,2026-06-19T22:31:24.503Z,502,65
5565,BGmQ_VjtOfe,p,https://www.instagram.com/thedogist/p/BGmQ_VjtOfe/,https://www.instagram.com/p/BGmQ_VjtOfe/,2026-06-19T22:31:24.503Z,502,66
5566,BGmQ8irNOfW,p,https://www.instagram.com/thedogist/p/BGmQ8irNOfW/,https://www.instagram.com/p/BGmQ8irNOfW/,2026-06-19T22:31:24.503Z,502,67
5567,BGko-kuNOW1,p,https://www.instagram.com/thedogist/p/BGko-kuNOW1/,https://www.instagram.com/p/BGko-kuNOW1/,2026-06-19T22:31:24.504Z,502,68
5568,BGkOyjxtOVQ,p,https://www.instagram.com/thedogist/p/BGkOyjxtOVQ/,https://www.instagram.com/p/BGkOyjxtOVQ/,2026-06-19T22:31:24.504Z,502,69
