shortcode,kind,url,status,attempts,post_like_count,repost_count,captured_comments,displayed_comment_count,target_comment_count,target_comment_source,capture_rate_estimate,unique_commenters,total_comment_likes,mean_comment_likes,median_comment_likes,mean_text_length,median_text_length,posted_at,stop_reason,exhaustion_reason,effective_concurrency,worker_id,active_hydrated_at,active_hydrate_ms,hydrate_visibility_state,hydrate_comments_found,hydrate_target_comment_count,active_scrape_started_at,active_scrape_finished_at,active_scroll_rounds,active_visibility_states,background_scroll_visibility_states,caption_preview
DXRnD14PkvI,reel,https://www.instagram.com/thedogist/reel/DXRnD14PkvI/,partial,1,36000,,221,270,270,og_description,0.8185,214,3231,14.62,0,58.56,41,2026-04-18T13:45:05.000Z,comments_exhausted_no_new_rounds,comments_exhausted_no_new_rounds,20,worker-01,2026-06-19T23:09:27.085Z,6686,visible,16,270,2026-06-19T23:09:27.086Z,2026-06-19T23:12:21.499Z,77,visible,visible,"Elsa didn’t like the blueberry biscuits I made for her (at first), so I went to Washington Square Park to get a second (...and third..and fourth) opinion from s"
DTL78iCkQE7,reel,https://www.instagram.com/thedogist/reel/DTL78iCkQE7/,partial,1,196000,646,48,2324,2324,og_description,0.0207,43,15775,328.65,4.5,138.19,44,2026-01-06T22:49:09.000Z,comments_exhausted_no_new_rounds,comments_exhausted_no_new_rounds,20,worker-02,2026-06-19T23:12:28.190Z,6673,visible,15,2324,2026-06-19T23:12:28.190Z,2026-06-19T23:13:41.563Z,31,visible,visible,"Jack, Australian Shepherd (13 y/o), Hudson & Jane St., New York, NY • “He’s got decent days, and he’s got days or weeks in which he’s pretty aloof. He’s diabeti"
DP1fsx0kRLT,reel,https://www.instagram.com/thedogist/reel/DP1fsx0kRLT/,partial,1,68000,733,283,625,625,og_description,0.4528,272,3559,12.58,0,56.78,28,2025-10-16T01:43:19.000Z,active_visibility_lost,active_visibility_lost,20,worker-03,2026-06-19T23:13:49.492Z,7903,visible,15,625,2026-06-19T23:13:49.493Z,2026-06-19T23:16:59.555Z,82,visible|hidden,visible|hidden,"thedogistVerified Edited•35wWelcome to DOGS with Elias Weiss Friedman! (Full episodes on YouTube) Each week, I’ll take you on a walk around NYC with a special g"
DZyKcM4EZog,p,https://www.instagram.com/thedogist/p/DZyKcM4EZog/,failed,1,0,,0,0,0,,,0,0,0,0,0,0,,post_hydrate_timeout,post_hydrate_timeout,20,worker-04,,,,0,,,,,,,
DZvT0dwGuTX,p,https://www.instagram.com/thedogist/p/DZvT0dwGuTX/,partial,1,56000,458,30,212,212,og_description,0.1415,30,1222,40.73,4,53.83,41,2026-06-18T19:37:06.000Z,active_visibility_lost,active_visibility_lost,20,worker-05,2026-06-19T23:17:40.478Z,7877,visible,15,212,2026-06-19T23:17:40.479Z,2026-06-19T23:18:03.487Z,6,visible|hidden,visible|hidden,"Dogs at 2026 The Knicks Championship Parade: Ziggy, Coco, Bear, Cub, Parker, & Seth • Cheers to @nyknicks for going all the way! Knicks in FIVE! 🏆The Knicks Do"
DZs8ATQhQDn,reel,https://www.instagram.com/thedogist/reel/DZs8ATQhQDn/,partial,1,25000,,16,179,179,og_description,0.0894,16,377,23.56,7,97.63,78.5,2026-06-17T21:30:13.000Z,active_visibility_lost,active_visibility_lost,20,worker-06,2026-06-19T23:18:07.495Z,3979,hidden,16,179,2026-06-19T23:18:07.496Z,2026-06-19T23:18:10.484Z,0,hidden,hidden,"Storm & Eevee, mixes (5 m/o), 72nd & Madison Ave., New York, NY • “This is why she’s Storm – she’s a force of nature. It’s very fitting because she was found in"
DZsSngvEdcq,p,https://www.instagram.com/thedogist/p/DZsSngvEdcq/,partial,1,19000,62,74,87,87,og_description,0.8506,71,821,11.09,2,37.73,28.5,2026-06-17T15:28:51.000Z,comments_exhausted_no_new_rounds,comments_exhausted_no_new_rounds,20,worker-07,2026-06-19T23:18:16.905Z,6410,visible,15,87,2026-06-19T23:18:16.906Z,2026-06-19T23:19:20.244Z,29,visible,visible,An NBA Championship deserves a championship dog photo! 🏀🐶Join Elsa and me (and hundreds of @nyknicks fans and their dogs) tomorrow night in Washington Square 
DZp-5B8RwWk,reel,https://www.instagram.com/thedogist/reel/DZp-5B8RwWk/,partial_unknown_target,1,0,,44,,,,,40,298,6.77,3,45.5,25.5,2026-06-16T18:02:10.000Z,comments_exhausted_no_new_rounds,comments_exhausted_no_new_rounds,20,worker-08,2026-06-19T23:19:28.144Z,7886,visible,15,,2026-06-19T23:19:28.145Z,2026-06-19T23:20:20.884Z,22,visible,visible,"thedogistVerified Edited•3d🏀🐶 KNICKS DOGIST PHOTO MEETUP 🐶🏀Come celebrate the @nyknicks championship with me and your dog!Join me this Thursday, June 18th f"
DZkzFnZEbfS,p,https://www.instagram.com/thedogist/p/DZkzFnZEbfS/,partial,1,29000,31,146,151,151,og_description,0.9669,144,362,2.48,0,38.25,22,2026-06-14T17:38:39.000Z,comments_exhausted_no_new_rounds,comments_exhausted_no_new_rounds,20,worker-09,2026-06-19T23:20:23.974Z,3070,visible,15,151,2026-06-19T23:20:23.975Z,2026-06-19T23:21:53.432Z,40,visible,visible,"Miso, Corgi/Beagle mix, Prince & Lafayette St., New York, NY • “He almost never barks. He’s my coworker’s dog – I’m on Miso duty. He’s one of the best dogs in t"
DZh1VloBr22,reel,https://www.instagram.com/thedogist/reel/DZh1VloBr22/,partial,1,24000,176,274,406,406,og_description,0.6749,262,1915,6.99,1,111.28,66,2026-06-13T14:00:17.000Z,active_visibility_lost,active_visibility_lost,20,worker-10,2026-06-19T23:22:01.331Z,7886,visible,15,406,2026-06-19T23:22:01.332Z,2026-06-19T23:25:59.557Z,103,visible|hidden,visible|hidden,"I caught up with my mom, the founder of @breastcancerorg , to chat about caring for your dogs during cancer treatment and the care they provide to you. No surpr"
DZgEAhQhSeA,reel,https://www.instagram.com/thedogist/reel/DZgEAhQhSeA/,partial,1,49000,177,271,286,286,og_description,0.9476,265,2462,9.08,0,27.4,20,2026-06-12T21:30:05.000Z,comments_exhausted_no_new_rounds,comments_exhausted_no_new_rounds,20,worker-11,2026-06-19T23:26:06.261Z,6674,visible,15,286,2026-06-19T23:26:06.262Z,2026-06-19T23:28:57.674Z,79,visible,visible,"Lila, Pembroke Welsh Corgi (2 y/o), 19th & Irving Place, New York, NY • “She’s lovely to have. She used to live in New Jersey and she actually just moved to the"
DZdh9E2RNif,reel,https://www.instagram.com/thedogist/reel/DZdh9E2RNif/,partial,1,55000,241,214,273,273,og_description,0.7839,201,3756,17.55,1,48.45,29,2026-06-11T22:08:27.000Z,comments_exhausted_no_new_rounds,comments_exhausted_no_new_rounds,20,worker-12,2026-06-19T23:29:09.175Z,11482,visible,13,273,2026-06-19T23:29:09.176Z,2026-06-19T23:32:03.386Z,74,visible,visible,"thedogistVerified Edited•1wBubba, Golden Retriever (1 y/o), Greenwich & Bank St., New York, NY • “He’s incredibly clingy and very silly. When I’m about to leave"
DZa7-VjxNrP,reel,https://www.instagram.com/thedogist/reel/DZa7-VjxNrP/,partial_unknown_target,1,0,,48,,,,,45,214,4.46,1,29.67,25,2026-06-10T21:45:09.000Z,comments_exhausted_no_new_rounds,comments_exhausted_no_new_rounds,20,worker-13,2026-06-19T23:32:08.889Z,5482,visible,15,,2026-06-19T23:32:08.890Z,2026-06-19T23:32:56.294Z,20,visible,visible,We went on a Dogist Bar Crawl with London the Great Pyrenees mix! Things got a little crazy after she had her second bowl of water and Elsa got up on the table.
DZYW8xjEWbq,p,https://www.instagram.com/thedogist/p/DZYW8xjEWbq/,partial,1,29000,27,108,115,115,og_description,0.9391,107,303,2.81,1,30.23,21,2026-06-09T21:41:54.000Z,comments_exhausted_no_new_rounds,comments_exhausted_no_new_rounds,20,worker-14,2026-06-19T23:33:01.811Z,5490,visible,14,115,2026-06-19T23:33:01.812Z,2026-06-19T23:34:23.845Z,37,visible,visible,"Holly, Labrador Retriever (1.5 y/o), Main St. & Jamestown Ave., Philadelphia, PA • “She’s obsessed with other dogs. She stalks – she thinks they can’t see her. "
DZVd_QlodIr,reel,https://www.instagram.com/thedogist/reel/DZVd_QlodIr/,complete,1,0,,93,,,,,90,705,7.58,1,47.08,27,2026-06-08T18:46:04.000Z,comments_exhausted_no_new_rounds,unknown_target_exhausted_min_50,20,worker-15,2026-06-19T23:34:29.344Z,5484,visible,15,,2026-06-19T23:34:29.345Z,2026-06-19T23:35:44.372Z,33,visible,visible,"ADOPTABLE! Yesterday I stopped by one of NYC’s largest adoption events! Here are some of the incredible adoptable dogs I got to meet, along with the incredible "
DZP9fjPRocs,reel,https://www.instagram.com/thedogist/reel/DZP9fjPRocs/,partial,1,20000,51,78,86,86,og_description,0.907,76,680,8.72,4,35.35,20.5,2026-06-06T15:25:45.000Z,comments_exhausted_no_new_rounds,comments_exhausted_no_new_rounds,20,worker-16,2026-06-19T23:35:49.867Z,5474,visible,16,86,2026-06-19T23:35:49.867Z,2026-06-19T23:36:52.367Z,28,visible,visible,"Remi, mix (5 y/o), Theodore Roosevelt Park, New York, NY • “She was found as a stray. I was living in Virginia at the time. I went to @homewardtrailsrescue and "
DZOCdKEhaDv,reel,https://www.instagram.com/thedogist/reel/DZOCdKEhaDv/,partial,1,29000,65,127,146,146,og_description,0.8699,122,965,7.6,3,35.39,25,2026-06-05T23:14:21.000Z,comments_exhausted_no_new_rounds,comments_exhausted_no_new_rounds,20,worker-17,2026-06-19T23:36:57.881Z,5498,visible,15,146,2026-06-19T23:36:57.882Z,2026-06-19T23:38:42.120Z,42,visible,visible,"thedogistVerified Edited•1wLily, Pit Bull mix (5 y/o), Gramercy Park, New York, NY • “She loves people; she’s a little selective with dogs. Unfortunately we los"
DZNHogCxDr9,reel,https://www.instagram.com/thedogist/reel/DZNHogCxDr9/,complete,1,0,,258,,,,,246,1079,4.18,1,68.43,49,2026-06-05T12:58:20.000Z,comments_exhausted_no_new_rounds,unknown_target_exhausted_min_50,20,worker-18,2026-06-19T23:38:48.826Z,6685,visible,15,,2026-06-19T23:38:48.826Z,2026-06-19T23:41:57.990Z,86,visible,visible,At least Elsa doesn’t reject all healthy foods… Any ideas where I can find an ube (purple yam) in NYC??
DZI1tQvIMGz,reel,https://www.instagram.com/thedogist/reel/DZI1tQvIMGz/,partial,1,53000,,301,356,356,og_description,0.8455,283,4430,14.72,1,34.92,23,2026-06-03T21:03:27.000Z,comments_exhausted_no_new_rounds,comments_exhausted_no_new_rounds,20,worker-19,2026-06-19T23:42:05.902Z,7895,visible,15,356,2026-06-19T23:42:05.903Z,2026-06-19T23:45:39.232Z,93,visible,visible,"Rigatoni, Golden Retriever (3 m/o), Theodore Roosevelt Park, New York, NY • “When I’m working from home, he just sleeps under my feet, but when he gets excited "
DZGUirTR4cX,reel,https://www.instagram.com/thedogist/reel/DZGUirTR4cX/,partial,1,47000,,238,260,260,og_description,0.9154,234,1474,6.19,1,30.88,18,2026-06-02T21:35:36.000Z,comments_exhausted_no_new_rounds,comments_exhausted_no_new_rounds,20,worker-20,2026-06-19T23:45:45.940Z,6690,visible,16,260,2026-06-19T23:45:45.941Z,2026-06-19T23:48:22.161Z,74,visible,visible,"Moody, mix (6 m/o), Court & Congress St., Brooklyn, NY • “He’s always in a mood. His name was Domino, but I changed it; because of his two faces. He’s normally "
DZDqSgRIFGB,reel,https://www.instagram.com/thedogist/reel/DZDqSgRIFGB/,partial,1,49000,,147,166,166,og_description,0.8855,142,1217,8.28,0,37.77,24,2026-06-01T20:47:48.000Z,comments_exhausted_no_new_rounds,comments_exhausted_no_new_rounds,20,worker-01,2026-06-19T23:48:32.821Z,5501,visible,16,166,2026-06-19T23:48:32.822Z,2026-06-19T23:50:23.962Z,51,visible,visible,"Brooks, Golden Retriever (4 y/o), King Street, Charleston, SC • “I think more people know Brooks than know me. We live in an old historic home. He used to look "
DZBhxuSEby7,p,https://www.instagram.com/thedogist/p/DZBhxuSEby7/,partial,1,34000,35,115,117,117,og_description,0.9829,109,169,1.47,1,34.3,21,2026-06-01T00:54:00.000Z,comments_exhausted_no_new_rounds,comments_exhausted_no_new_rounds,20,worker-02,2026-06-19T23:50:29.439Z,5460,visible,16,117,2026-06-19T23:50:29.440Z,2026-06-19T23:51:40.472Z,33,visible,visible,"May = Elsa snuggles, 1000 Dogists in Central Park, baseball puppers, rescued Beagles, Stanley Pup, Shorty Awards, Sam ❤️, Charleston, Pickleball, and a few othe"
DY-raT5kShI,p,https://www.instagram.com/thedogist/p/DY-raT5kShI/,partial,1,47000,84,198,216,216,og_description,0.9167,191,509,2.57,0,31.05,20,2026-05-30T22:20:26.000Z,comments_exhausted_no_new_rounds,comments_exhausted_no_new_rounds,20,worker-03,2026-06-19T23:51:48.348Z,7864,visible,16,216,2026-06-19T23:51:48.348Z,2026-06-19T23:53:57.173Z,61,visible,visible,"Togo, Siberian Husky (3 m/o), Goodings Plaza, Orlando, FL • “His dad’s still in Colombia.”"
DY7_nkWIudG,reel,https://www.instagram.com/thedogist/reel/DY7_nkWIudG/,partial,1,64000,,257,270,270,og_description,0.9519,252,1924,7.49,0,36.73,23,2026-05-29T21:19:40.000Z,comments_exhausted_no_new_rounds,comments_exhausted_no_new_rounds,20,worker-04,2026-06-19T23:54:05.064Z,7873,visible,16,270,2026-06-19T23:54:05.064Z,2026-06-19T23:56:52.133Z,78,visible,visible,"Dottie, Dalmatian (4 y/o), 80th & Amsterdam Ave., New York, NY • “She’s like a Golden Retriever in a Dalmatian body. Very goofy, very loyal, very snuggly, very "
DY5ialOxAJy,reel,https://www.instagram.com/thedogist/reel/DY5ialOxAJy/,partial,1,15000,,206,217,217,og_description,0.9493,202,203,0.99,0,59.2,47,2026-05-28T22:26:08.000Z,comments_exhausted_no_new_rounds,comments_exhausted_no_new_rounds,20,worker-05,2026-06-19T23:56:58.831Z,6673,visible,16,217,2026-06-19T23:56:58.832Z,2026-06-19T23:59:21.896Z,65,visible,visible,"I pet 27 dogs in 48 hours in Charleston! Not bad, but I think I can break that record on my next trip. Thank you @naphia_official for having me as your conferen"
DY2ya8JIzBL,reel,https://www.instagram.com/thedogist/reel/DY2ya8JIzBL/,partial,1,31000,,107,135,135,og_description,0.7926,98,1408,13.16,3,37.28,24,2026-05-27T20:48:14.000Z,comments_exhausted_no_new_rounds,comments_exhausted_no_new_rounds,20,worker-06,2026-06-19T23:59:29.795Z,7879,visible,16,135,2026-06-19T23:59:29.796Z,2026-06-20T00:01:19.945Z,44,visible,visible,"Frankie, Australian Shepherd (6 y/o), Washington Square Park, New York, NY • “He loves problematically everything – he ate rat poison one time. Would not recomm"
DYxt7vXEfe-,p,https://www.instagram.com/thedogist/p/DYxt7vXEfe-/,partial,1,59000,,813,870,870,og_description,0.9345,787,2610,3.21,0,38.08,29,2026-05-25T21:32:22.000Z,max_post_runtime_reached,max_post_runtime_reached,20,worker-07,2026-06-20T00:01:31.453Z,11487,visible,16,870,2026-06-20T00:01:31.453Z,2026-06-20T00:09:35.559Z,220,visible,visible,Dogs at the @Mets Bark At The Park. Comment your favorite photo from the set 🐶⚾️
DYubPMMRNWE,reel,https://www.instagram.com/thedogist/reel/DYubPMMRNWE/,partial,1,64000,,192,513,513,og_description,0.3743,181,4323,22.52,1,41.05,25,2026-05-24T15:56:51.000Z,comments_exhausted_no_new_rounds,comments_exhausted_no_new_rounds,20,worker-08,2026-06-20T00:09:42.275Z,6691,visible,16,513,2026-06-20T00:09:42.276Z,2026-06-20T00:12:08.236Z,62,visible,visible,"thedogistVerified Edited•3wRomeo, Groenendael (2 y/o), Bleecker & W 10th St., New York, NY • “My partner had one before and saw the same breed running along the"
DYsm8CwkfTu,p,https://www.instagram.com/thedogist/p/DYsm8CwkfTu/,partial,1,71000,,566,613,613,og_description,0.9233,560,4153,7.34,0,35.04,16,2026-05-23T21:55:01.000Z,comments_exhausted_no_new_rounds,comments_exhausted_no_new_rounds,20,worker-09,2026-06-20T00:12:19.767Z,11511,visible,16,613,2026-06-20T00:12:19.768Z,2026-06-20T00:18:00.025Z,159,visible,visible,"Olive, Pug/Pit Bull mix (12 y/o), 80th & Amsterdam Ave., New York, NY “She’s blind. You have to make sounds. She’s very resourceful. She can hear absolutely eve"
DYp4B3jgwSn,reel,https://www.instagram.com/shortyawards/reel/DYp4B3jgwSn/,partial,1,12000,55,159,166,166,og_description,0.9578,158,652,4.1,0,30.84,23,2026-05-22T20:29:44.000Z,comments_exhausted_no_new_rounds,comments_exhausted_no_new_rounds,20,worker-10,2026-06-20T00:18:04.325Z,4285,visible,16,166,2026-06-20T00:18:04.326Z,2026-06-20T00:19:49.261Z,50,visible,visible,"Congratulations to @thedogist Elias Weiss Friedman, who was named Photography Creator of the Year at the 18th #ShortyAwards!Through unforgettable portraits and "
DYptuk8GtGy,p,https://www.instagram.com/thedogist/p/DYptuk8GtGy/,partial,1,157000,781,15,541,541,og_description,0.0277,15,893,59.53,23,121.13,68,2026-05-22T18:59:19.000Z,comments_exhausted_no_new_rounds,comments_exhausted_no_new_rounds,20,worker-11,2026-06-20T00:20:00.793Z,11516,visible,15,541,2026-06-20T00:20:00.794Z,2026-06-20T00:20:37.466Z,17,visible,visible,"thedogistVerified Edited•4wBenny & Stephen Colbert, Boykin Spaniel (& a very funny human) • A few of my favorite photos from my photoshoot with Benny & Stephen "
DYpHHiuR3kU,reel,https://www.instagram.com/thedogist/reel/DYpHHiuR3kU/,complete,1,0,,59,,,,,59,245,4.15,1,172.36,65,2026-05-22T13:20:21.000Z,comments_exhausted_no_new_rounds,unknown_target_exhausted_min_50,20,worker-12,2026-06-20T00:20:48.984Z,11502,visible,16,,2026-06-20T00:20:48.985Z,2026-06-20T00:22:00.396Z,33,visible,visible,How has your dog changed your life?
DYnazeqxZh5,reel,https://www.instagram.com/thedogist/reel/DYnazeqxZh5/,partial,1,107000,,249,586,586,og_description,0.4249,213,13139,52.77,1,34.1,25,2026-05-21T22:14:18.000Z,comments_exhausted_no_new_rounds,comments_exhausted_no_new_rounds,20,worker-13,2026-06-20T00:22:11.915Z,11499,visible,16,586,2026-06-20T00:22:11.916Z,2026-06-20T00:26:23.919Z,86,visible,visible,"thedogistVerified Edited•4wMorty, Spaniel Mix (7 y/o), Hudson & Perry St., New York, NY • “He’s a mixture of a Cocker Spaniel, Shih Tzu, Pittie and some other t"
DYkzuZIRHFE,reel,https://www.instagram.com/thedogist/reel/DYkzuZIRHFE/,partial,1,23000,,287,321,321,og_description,0.8941,270,1640,5.71,1,49.25,29,2026-05-20T21:12:57.000Z,comments_exhausted_no_new_rounds,comments_exhausted_no_new_rounds,20,worker-14,2026-06-20T00:26:33.052Z,9114,visible,16,321,2026-06-20T00:26:33.053Z,2026-06-20T00:30:30.629Z,96,visible,visible,"Lando was recently found 20lbs underweight and tied to a pole at a bus stop in Brooklyn. Thanks to @animalrescueconsortium , Tony and his team were able to resc"
DYkDVQKN3Za,reel,https://www.instagram.com/nycacc/reel/DYkDVQKN3Za/,partial,1,9409,103,34,36,36,og_description,0.9444,34,97,2.85,1,50.47,26,2026-05-20T14:11:26.000Z,comments_exhausted_no_new_rounds,comments_exhausted_no_new_rounds,20,worker-15,2026-06-20T00:30:33.706Z,3062,visible,15,36,2026-06-20T00:30:33.707Z,2026-06-20T00:31:04.248Z,14,visible,visible,"nycaccVerified Edited•4wHappy National Rescue Dog Day. We were very excited to have a few of our Boroughbreds photographed by The Dogist (@thedogist), whose pho"
DYiXD3WEcwm,p,https://www.instagram.com/thedogist/p/DYiXD3WEcwm/,partial,1,35000,225,119,121,121,og_description,0.9835,113,381,3.2,1,31.77,23,2026-05-19T22:23:53.000Z,comments_exhausted_no_new_rounds,comments_exhausted_no_new_rounds,20,worker-16,2026-06-20T00:31:07.357Z,3088,visible,16,121,2026-06-20T00:31:07.358Z,2026-06-20T00:32:33.226Z,40,visible,visible,"ADOPTABLE! Tomorrow is National Rescue Dog Day, and shelters around the world are filled with incredible dogs waiting to find their families. Helping dogs in sh"
DYh1XcIxexg,reel,https://www.instagram.com/thedogist/reel/DYh1XcIxexg/,partial,1,39000,,149,181,181,og_description,0.8232,144,1313,8.81,1,33.73,23,2026-05-19T17:29:40.000Z,comments_exhausted_no_new_rounds,comments_exhausted_no_new_rounds,20,worker-17,2026-06-20T00:32:39.937Z,6693,visible,16,181,2026-06-20T00:32:39.938Z,2026-06-20T00:34:43.478Z,52,visible,visible,"Maple, Dachshund, Central Park, New York, NY • “She just moved to New York from London. She has nearly 2k Instagram followers.” @maple.the.minisausage"
DYfseNWRJdY,reel,https://www.instagram.com/thedogist/reel/DYfseNWRJdY/,partial,1,16000,,192,208,208,og_description,0.9231,184,369,1.92,1,44.39,28,2026-05-18T21:33:32.000Z,comments_exhausted_no_new_rounds,comments_exhausted_no_new_rounds,20,worker-18,2026-06-20T00:34:50.175Z,6678,visible,16,208,2026-06-20T00:34:50.175Z,2026-06-20T00:36:57.391Z,58,visible,visible,"Yesterday, about 1,000 people and their dogs walked through Central Park together for the first Dogist meetup in years. Since creating The Dogist almost 14 year"
DYdbhzSEdAy,p,https://www.instagram.com/thedogist/p/DYdbhzSEdAy/,partial,1,46000,,55,772,772,og_description,0.0712,46,1218,22.15,8,56.35,38,2026-05-18T00:26:43.000Z,comments_exhausted_no_new_rounds,comments_exhausted_no_new_rounds,20,worker-19,2026-06-20T00:37:05.338Z,7927,visible,16,772,2026-06-20T00:37:05.339Z,2026-06-20T00:38:22.042Z,29,visible,visible,"First Dogist Walk is in the books! I think we had ruffly 1,000 dogs today! I’m blown away by this community’s support and love of dogs. I can’t say I’m surprise"
DYZoGV5xc-7,reel,https://www.instagram.com/thedogist/reel/DYZoGV5xc-7/,partial,1,8952,,100,120,120,og_description,0.8333,97,234,2.34,1,50.05,40,2026-05-16T13:01:18.000Z,comments_exhausted_no_new_rounds,comments_exhausted_no_new_rounds,20,worker-20,2026-06-20T00:38:31.205Z,9146,visible,16,120,2026-06-20T00:38:31.205Z,2026-06-20T00:39:55.344Z,35,visible,visible,"The Dogist Walk is TOMORROW (May 17) at 1 PM in Central Park! Everyone’s welcome - bring your pup if you have one, or just come by yourself. Looking forward to "
DYYFuOQR_XO,reel,https://www.instagram.com/thedogist/reel/DYYFuOQR_XO/,partial,1,63000,,57,366,366,og_description,0.1557,46,13712,240.56,22,63.26,51,2026-05-15T22:40:11.000Z,comments_exhausted_no_new_rounds,comments_exhausted_no_new_rounds,20,worker-01,2026-06-20T00:40:08.875Z,7870,visible,16,366,2026-06-20T00:40:08.876Z,2026-06-20T00:41:25.379Z,26,visible,visible,"Mandoo, Shar Pei/Pug/Beagle mix, 17th & Irving Place, New York, NY • “Everyone says I have to find you because I have such a unique dog. Mandoo means dumpling i"
DYVizzrRutU,reel,https://www.instagram.com/thedogist/reel/DYVizzrRutU/,partial,1,8279,,56,61,61,og_description,0.918,56,210,3.75,3.5,48.38,41,2026-05-14T22:58:13.000Z,comments_exhausted_no_new_rounds,comments_exhausted_no_new_rounds,20,worker-02,2026-06-20T00:41:30.886Z,5488,visible,16,61,2026-06-20T00:41:30.887Z,2026-06-20T00:42:18.841Z,22,visible,visible,I rode my bike to Japan Village in Brooklyn to pick up ingredients for sushi night! Sam and I both love sushi night and I wanted to include Elsa this time. Salm
DYS0AD8xUHT,reel,https://www.instagram.com/thedogist/reel/DYS0AD8xUHT/,partial,1,65000,,353,378,378,og_description,0.9339,344,9975,28.26,2,44.59,28,2026-05-13T21:29:43.000Z,comments_exhausted_no_new_rounds,comments_exhausted_no_new_rounds,20,worker-03,2026-06-20T00:42:26.744Z,7885,visible,16,378,2026-06-20T00:42:26.745Z,2026-06-20T00:46:22.567Z,108,visible,visible,"Mikey & Havana, Wire-haired Dachshunds (8 & 14 y/o), Central Park, New York, NY • “They’re just great companions. When I come home at night, I say ‘I’m home’, a"
DYP8IqWkbhN,p,https://www.instagram.com/thedogist/p/DYP8IqWkbhN/,partial,1,100000,144,17,871,871,og_description,0.0195,16,2777,163.35,52,273.82,219,2026-05-12T18:42:17.000Z,comments_exhausted_no_new_rounds,comments_exhausted_no_new_rounds,20,worker-04,2026-06-20T00:46:34.094Z,11508,visible,16,871,2026-06-20T00:46:34.095Z,2026-06-20T00:47:13.167Z,17,visible,visible,"Dice, Dalmatian, Anchorage Place, Brooklyn, NY • ”He’s a tri-colored Dalmatian. He’s been getting a lot of attention here. He’s not too friendly, so you might n"
DYNqkPIhG0M,reel,https://www.instagram.com/thedogist/reel/DYNqkPIhG0M/,partial,1,32000,,225,261,261,og_description,0.8621,215,1665,7.4,2,50,34,2026-05-11T21:30:10.000Z,comments_exhausted_no_new_rounds,comments_exhausted_no_new_rounds,20,worker-05,2026-06-20T00:47:19.893Z,6707,visible,16,261,2026-06-20T00:47:19.893Z,2026-06-20T00:50:08.233Z,76,visible,visible,"Arthur, Wheaten Terrier, Cobble Hill Park, Brooklyn, NY • “He’s named after Arthur Shelby from Peaky Blinders. He’s my second Wheaten. I had one growing up name"
DYKLczCyeR7,reel,https://www.instagram.com/thedogist/reel/DYKLczCyeR7/,partial,1,26000,,121,210,210,og_description,0.5762,107,2688,22.21,1,53.19,43,2026-05-10T13:00:41.000Z,comments_exhausted_no_new_rounds,comments_exhausted_no_new_rounds,20,worker-06,2026-06-20T00:50:18.541Z,10288,visible,16,210,2026-06-20T00:50:18.542Z,2026-06-20T00:52:28.317Z,48,visible,visible,"thedogistVerified Edited•5wHappy Mother’s Day! Whether you’re a dog mom or a human mom (or grandmom), you mean so much to the people (and dogs) you care for! 💐"
DYIPkVcP3QY,reel,https://www.instagram.com/thedogist/reel/DYIPkVcP3QY/,partial,1,49000,,57,723,723,og_description,0.0788,46,4004,70.25,6,216.18,141,2026-05-09T18:58:12.000Z,comments_exhausted_no_new_rounds,comments_exhausted_no_new_rounds,20,worker-07,2026-06-20T00:52:38.637Z,10304,visible,16,723,2026-06-20T00:52:38.638Z,2026-06-20T00:54:25.337Z,42,visible,visible,"Dr. Jane Goodall changed the way we think about and treat animals. I had the great honor of spending the day with her last fall, during which she emphasized the"
DYF-_83xsIa,reel,https://www.instagram.com/thedogist/reel/DYF-_83xsIa/,partial,1,46000,,182,246,246,og_description,0.7398,174,2148,11.8,1,41.79,29,2026-05-08T21:56:15.000Z,active_visibility_lost,active_visibility_lost,20,worker-08,2026-06-20T00:54:36.859Z,11504,visible,16,246,2026-06-20T00:54:36.860Z,2026-06-20T00:56:45.560Z,55,visible|hidden,visible|hidden,"Pearl, Pug (3 y/o), Cobble Hill Park, Brooklyn, NY • “I’ve had other dogs; I’ve never had a Pug before. They’re very clingy, which I thought I’d be annoyed with"
DYDW2ezkeo6,p,https://www.instagram.com/thedogist/p/DYDW2ezkeo6/,partial,1,35000,45,89,96,96,og_description,0.9271,89,244,2.74,1,28.18,21,2026-05-07T21:25:36.000Z,comments_exhausted_no_new_rounds,comments_exhausted_no_new_rounds,20,worker-09,2026-06-20T00:56:49.972Z,4397,visible,16,96,2026-06-20T00:56:49.973Z,2026-06-20T00:57:56.434Z,30,visible,visible,"Raoul, Mishka, & Cosmo, Pomskies & Golden Retriever, Central Park, New York, NY • ”Cosmo is picky. He doesn’t really like treats. Raoul and Mishka (the Pomskies"
DYAytyKy1xb,reel,https://www.instagram.com/thedogist/reel/DYAytyKy1xb/,partial,1,25000,,116,141,141,og_description,0.8227,114,1458,12.57,0,48.9,32,2026-05-06T21:32:15.000Z,comments_exhausted_no_new_rounds,comments_exhausted_no_new_rounds,20,worker-10,2026-06-20T00:58:04.332Z,7884,visible,16,141,2026-06-20T00:58:04.333Z,2026-06-20T00:59:46.704Z,47,visible,visible,The chicken liver treats were a hit - thanks mom! (My mom closely guards the recipe 😅) What treats should I make next and where should I pass them out?
DX-NWSiSAfX,reel,https://www.instagram.com/thedogist/reel/DX-NWSiSAfX/,partial,1,32000,,283,305,305,og_description,0.9279,282,1830,6.47,0,57.82,42,2026-05-05T21:27:32.000Z,comments_exhausted_no_new_rounds,comments_exhausted_no_new_rounds,20,worker-11,2026-06-20T00:59:55.830Z,9110,visible,16,305,2026-06-20T00:59:55.831Z,2026-06-20T01:03:01.671Z,88,visible,visible,"Jago, Labrador Retriever (9 y/o), Cobble Hill Park, Brooklyn, NY • “He’s super calm and chill… as soon as he sees food he gets up. He’s not picky, except for an"
DX7q55aStyB,reel,https://www.instagram.com/thedogist/reel/DX7q55aStyB/,partial,1,112000,,48,1913,1913,og_description,0.0251,43,11894,247.79,1,114.81,64.5,2026-05-04T21:48:18.000Z,comments_exhausted_no_new_rounds,comments_exhausted_no_new_rounds,20,worker-12,2026-06-20T01:03:05.974Z,4285,visible,16,1913,2026-06-20T01:03:05.975Z,2026-06-20T01:04:06.461Z,24,visible,visible,These Beagles are lucky to have been saved by a team of people who refused to let them live their lives as laboratory test subjects.These sweet natured dogs wil
DX7N9SEkRMP,p,https://www.instagram.com/thedogist/p/DX7N9SEkRMP/,partial,1,25000,34,78,90,90,og_description,0.8667,76,75,0.96,0,44.96,36,2026-05-04T17:34:00.000Z,comments_exhausted_no_new_rounds,comments_exhausted_no_new_rounds,20,worker-13,2026-06-20T01:04:17.982Z,11501,visible,15,90,2026-06-20T01:04:17.983Z,2026-06-20T01:05:22.713Z,29,visible,visible,"April disappeared faster than my cup of Greek froyo. Oh, and I guess I play padel now too 😎"
DX1qRXNz7YJ,reel,https://www.instagram.com/thedogist/reel/DX1qRXNz7YJ/,partial,1,12000,,194,225,225,og_description,0.8622,173,202,1.04,0,52.22,37,2026-05-05T21:39:38.000Z,comments_exhausted_no_new_rounds,comments_exhausted_no_new_rounds,20,worker-14,2026-06-20T01:05:33.017Z,10290,visible,15,225,2026-06-20T01:05:33.017Z,2026-06-20T01:08:15.322Z,70,visible,visible,"thedogistVerified Edited•6wTHE DOGIST WALK 🐾 MAY 17 | CENTRAL PARKThis community, all of you, are pretty awesome, and it’s been a while since I’ve done a fun m"
DXzzFw7SqDt,reel,https://www.instagram.com/thedogist/reel/DXzzFw7SqDt/,partial,1,34000,,98,111,111,og_description,0.8829,96,1491,15.21,1,46.28,32,2026-05-01T20:24:42.000Z,comments_exhausted_no_new_rounds,comments_exhausted_no_new_rounds,20,worker-15,2026-06-20T01:08:20.809Z,5469,visible,16,111,2026-06-20T01:08:20.809Z,2026-06-20T01:09:47.450Z,37,visible,visible,"Cooper, Pembroke Welsh Corgi (12 y/o), Cobble Hill Park, Brooklyn, NY • “Two of our neighbors, his friends, you’ve already interviewed – Celly and Ravioli. I tr"
DXxZpZrSVod,reel,https://www.instagram.com/thedogist/reel/DXxZpZrSVod/,partial,1,36000,,303,326,326,og_description,0.9294,294,3549,11.71,0,51.81,33,2026-04-30T22:04:01.000Z,comments_exhausted_no_new_rounds,comments_exhausted_no_new_rounds,20,worker-16,2026-06-20T01:09:50.538Z,3068,visible,16,326,2026-06-20T01:09:50.539Z,2026-06-20T01:13:12.952Z,93,visible,visible,"Dogist Community, I need your help!On Tuesday, I took the amazing Ringo out of @nycacc for a boroughbreak. She’s an incredible senior dog, and it was heartbreak"
DXwg-gNlEQO,p,https://www.instagram.com/thedogist/p/DXwg-gNlEQO/,partial,1,22000,,93,99,99,og_description,0.9394,91,198,2.13,0,40.88,22,2026-04-30T13:48:30.000Z,comments_exhausted_no_new_rounds,comments_exhausted_no_new_rounds,20,worker-17,2026-06-20T01:13:18.471Z,5497,visible,16,99,2026-06-20T01:13:18.472Z,2026-06-20T01:14:27.960Z,32,visible,visible,"ADOPTABLE! Today is National Adopt a Shelter Pet Day! If you’re considering adding a four-legged friend to your family, I encourage you to visit your local shel"
DXsHI8VkbUP,reel,https://www.instagram.com/thedogist/reel/DXsHI8VkbUP/,partial,1,48000,,515,636,636,og_description,0.8097,502,5092,9.89,0,49.7,29,2026-04-28T20:49:21.000Z,comments_exhausted_no_new_rounds,comments_exhausted_no_new_rounds,20,worker-18,2026-06-20T01:14:32.259Z,4282,visible,16,636,2026-06-20T01:14:32.260Z,2026-06-20T01:19:51.722Z,146,visible,visible,"thedogistVerified Edited•7wThe story of @chasingelsa 🤍This Thursday is Adopt a Shelter Dog Day, so I wanted to share Elsa’s rescue story. If you’ve been thinki"
DXmOp93RV70,reel,https://www.instagram.com/thedogist/reel/DXmOp93RV70/,partial,1,31000,131,579,626,626,og_description,0.9249,564,6407,11.07,0,32.03,22,2026-04-26T13:56:11.000Z,comments_exhausted_no_new_rounds,comments_exhausted_no_new_rounds,20,worker-19,2026-06-20T01:19:54.829Z,3085,visible,15,626,2026-06-20T01:19:54.830Z,2026-06-20T01:26:07.343Z,171,visible,visible,Should Norman and Els make it official?
DXjqVIgBU3J,reel,https://www.instagram.com/thedogist/reel/DXjqVIgBU3J/,partial,1,60000,,266,299,299,og_description,0.8896,258,3491,13.12,0,36.67,24.5,2026-04-25T14:00:05.000Z,comments_exhausted_no_new_rounds,comments_exhausted_no_new_rounds,20,worker-20,2026-06-20T01:26:16.434Z,9071,visible,16,299,2026-06-20T01:26:16.438Z,2026-06-20T01:29:23.255Z,82,visible,visible,"James, Newfoundland (1 y/o), 20th & 10th Ave., New York, NY • “He’s 135lbs. He loves all dogs. He wants to meet every single dog in the city. He goes to Central"
DXh1oZBxUhq,reel,https://www.instagram.com/thedogist/reel/DXh1oZBxUhq/,complete,1,14000,,671,718,718,og_description_mixed_platform,0.9345,657,1300,1.94,0,79.5,64,2026-04-24T21:00:38.000Z,comments_exhausted_bottom_reached,unknown_target_exhausted_min_50,1,worker-01,2026-06-20T02:39:29.868Z,8660,visible,16,718,2026-06-20T02:39:29.869Z,2026-06-20T02:40:30.558Z,63,visible,visible,Does anyone’s dog happily eat all these healthy snacks? We went 0/10. I’m gonna try adding a few of these ingredients into Elsa’s next batch of biscuits!
DXceh4vxhPr,reel,https://www.instagram.com/thedogist/reel/DXceh4vxhPr/,complete,1,37000,,115,137,137,og_description_mixed_platform,0.8394,110,1501,13.05,2,41.59,31,2026-04-22T19:02:44.000Z,comments_exhausted_bottom_reached,unknown_target_exhausted_min_50,1,worker-01,2026-06-20T02:40:35.450Z,2656,visible,16,137,2026-06-20T02:40:35.451Z,2026-06-20T02:41:08.535Z,24,visible,visible,"June, Great Pyrenees mix (2 y/o), Cobble Hill Park, Brooklyn, NY • “I got her at Sean Casey (@nyanimalrescue ). We fell in love when she was 4.5 months old. She"
DXaEtasER4M,p,https://www.instagram.com/thedogist/p/DXaEtasER4M/,complete,1,96000,,52,608,608,og_description_mixed_platform,0.0855,46,1456,28,3,60.54,49.5,2026-04-21T20:38:13.000Z,comments_exhausted_bottom_reached,unknown_target_exhausted_min_50,1,worker-01,2026-06-20T02:41:19.430Z,8659,visible,16,608,2026-06-20T02:41:19.430Z,2026-06-20T02:42:38.314Z,13,visible,visible,"Penny, Cocker Spaniel (4 m/o), Grand Army Plaza, Brooklyn, NY • “We call her ‘loaf’. She’s the most chill puppy. She’s easy but has major separation anxiety. Sh"
DXXn2QcxAek,reel,https://www.instagram.com/thedogist/reel/DXXn2QcxAek/,failed,1,0,,0,0,0,,,0,0,0,0,0,0,,navigation_error:Could not establish connection. Receiving end does not exist.,navigation_error:Could not establish connection. Receiving end does not exist.,1,worker-01,,,,0,,,,,,,
DXVSjw2kVic,p,https://www.instagram.com/thedogist/p/DXVSjw2kVic/,complete,2,26000,,141,144,144,og_description_mixed_platform,0.9792,130,0,0,0,50.1,28,2026-04-20T00:05:11.000Z,comments_exhausted_bottom_reached,unknown_target_exhausted_min_50,1,worker-01,2026-06-20T03:08:48.260Z,2638,visible,15,144,2026-06-20T03:08:48.260Z,2026-06-20T03:09:22.903Z,26,visible,visible,"thedogistVerified Edited•8wPercy, Cocker Spaniel (4 y/o), Brooklyn Bridge Park, Brooklyn, NY • “My wife grew up with them. He’s my first dog – I’ve always wante"
DXPwZ6DRIAa,reel,https://www.instagram.com/thedogist/reel/DXPwZ6DRIAa/,complete,1,22000,,111,117,117,og_description_mixed_platform,0.9487,97,0,0,0,39.39,32,2026-04-17T20:29:24.000Z,comments_exhausted_bottom_reached,unknown_target_exhausted_min_50,1,worker-01,2026-06-20T03:09:32.716Z,7469,visible,22,117,2026-06-20T03:09:32.717Z,2026-06-20T03:10:03.158Z,24,visible,visible,"Henry, Poodle/Maltese mix (14 y/o), Cobble Hill Park, Brooklyn, NY • “We have the ‘Henry St’ sign right outside our window. And then a couple moved in and named"
DXNdMW8xP5f,reel,https://www.instagram.com/thedogist/reel/DXNdMW8xP5f/,complete,1,16000,,141,144,144,og_description_mixed_platform,0.9792,130,0,0,0,62.61,36,2026-04-16T23:02:28.000Z,comments_exhausted_bottom_reached,unknown_target_exhausted_min_50,1,worker-01,2026-06-20T03:10:12.960Z,7454,visible,26,144,2026-06-20T03:10:12.960Z,2026-06-20T03:10:47.927Z,29,visible,visible,A very special wish from a very special boy. RIP Kygo – you were the goodest boy. Thank you @kygomusic for making @empirestateofkygo wish come true 🙌 Go follow
DXK9knWRkVg,reel,https://www.instagram.com/thedogist/reel/DXK9knWRkVg/,complete,1,16000,,224,226,226,og_description_mixed_platform,0.9912,198,0,0,0,60.36,44,2026-04-15T23:47:29.000Z,comments_exhausted_bottom_reached,unknown_target_exhausted_min_50,1,worker-01,2026-06-20T03:10:58.852Z,8692,visible,28,226,2026-06-20T03:10:58.853Z,2026-06-20T03:11:56.255Z,34,visible,visible,I think I’m ready for my @foodnetwork debut after this one… Ingredients (about 20 small biscuits):-2 tbsp coconut oil-1 1/4 cup whole wheat flour-2 eggs-1/2 cup
DXKTQR1xlMJ,reel,https://www.instagram.com/thedogist/reel/DXKTQR1xlMJ/,complete,1,46000,,375,390,390,og_description_mixed_platform,0.9615,355,0,0,0,66.49,32,2026-04-15T17:38:17.000Z,comments_exhausted_bottom_reached,unknown_target_exhausted_min_50,1,worker-01,2026-06-20T03:12:04.710Z,6247,visible,20,390,2026-06-20T03:12:04.711Z,2026-06-20T03:13:39.845Z,39,visible,visible,"Moose, French Bulldog (10 y/o), Bleecker & W 10th St., New York, NY • “We’re probably gonna find out tomorrow why he lost his sight last week. He had an MRI and"
DXIKSiARwyc,reel,https://www.instagram.com/thedogist/reel/DXIKSiARwyc/,complete,1,60000,,336,382,382,og_description_mixed_platform,0.8796,303,0,0,0,65.96,49.5,2026-04-14T21:40:57.000Z,comments_exhausted_bottom_reached,unknown_target_exhausted_min_50,1,worker-01,2026-06-20T03:13:46.115Z,3849,visible,21,382,2026-06-20T03:13:46.115Z,2026-06-20T03:16:14.272Z,49,visible,visible,"Bella, Beagle (3 y/o), Cobble Hill Park, Brooklyn, NY • “Funny story actually, he had a different name for her. He wanted to call her Jessica…just a random name"
DXFn2gyR49z,reel,https://www.instagram.com/thedogist/reel/DXFn2gyR49z/,complete,1,11000,,162,167,167,og_description_mixed_platform,0.9701,139,0,0,0,56.46,37.5,2026-04-13T22:01:30.000Z,comments_exhausted_bottom_reached,unknown_target_exhausted_min_50,1,worker-01,2026-06-20T03:16:22.323Z,5031,visible,17,167,2026-06-20T03:16:22.323Z,2026-06-20T03:17:12.897Z,33,visible,visible,"The 2026 Dogist Fund beneficiaries are…Congratulations to @paws_and_affection @petswithdisabilitiesrescue and @animalrescueconsortium ! We received well over 5,"
DXCQQ6BR4Tr,reel,https://www.instagram.com/thedogist/reel/DXCQQ6BR4Tr/,partial_unknown_target,1,145000,,640,1058,1058,og_description_mixed_platform,0.6049,550,0,0,0,51.78,31,2026-04-13T12:43:07.000Z,active_visibility_lost,active_visibility_lost,1,worker-01,2026-06-20T03:17:24.006Z,8648,visible,25,1058,2026-06-20T03:17:24.007Z,2026-06-20T03:20:44.099Z,37,visible|hidden,visible|hidden,"thedogistVerified Edited•9wFergus, Great Dane/Poodle Mix (3 m/o), Chelsea Waterfront Dog Park, New York, NY • “He was born without his back paw. He was the only"
DXAjf57kemI,p,https://www.instagram.com/thedogist/p/DXAjf57kemI/,complete,1,48000,,267,271,271,og_description_mixed_platform,0.9852,257,0,0,0,31.78,22,2026-04-11T22:47:01.000Z,comments_exhausted_bottom_reached,unknown_target_exhausted_min_50,1,worker-01,2026-06-20T03:20:51.859Z,5048,visible,17,271,2026-06-20T03:20:51.860Z,2026-06-20T03:21:45.588Z,34,visible,visible,"Happy National Pet Day to the one and only Els! These past five years have been the best because of you. Looking forward to each day petting, loving, walking, f"
DW9xYBdRqu3,reel,https://www.instagram.com/thedogist/reel/DW9xYBdRqu3/,complete,1,0,,114,,,,,104,0,0,0,58.39,32,2026-04-10T20:50:38.000Z,comments_exhausted_bottom_reached,unknown_target_exhausted_min_50,1,worker-01,2026-06-20T03:21:55.334Z,7495,visible,27,,2026-06-20T03:21:55.335Z,2026-06-20T03:22:21.730Z,23,visible,visible,Don’t be a party pooper 💩
DW7dkWmEdP0,p,https://www.instagram.com/thedogist/p/DW7dkWmEdP0/,complete,1,59000,,422,443,443,og_description_mixed_platform,0.9526,407,0,0,0,32.55,24,2026-04-09T23:18:58.000Z,comments_exhausted_bottom_reached,unknown_target_exhausted_min_50,1,worker-01,2026-06-20T03:22:32.609Z,8668,visible,22,443,2026-06-20T03:22:32.609Z,2026-06-20T03:24:52.332Z,42,visible,visible,"Franny & Margo, French Bulldogs (2 y/o), Wooster & Spring St., New York, NY"
DW45QQoRZvE,reel,https://www.instagram.com/thedogist/reel/DW45QQoRZvE/,complete,1,32000,73,150,152,152,og_description_mixed_platform,0.9868,141,0,0,0,58.98,37.5,2026-04-08T23:23:22.000Z,comments_exhausted_bottom_reached,unknown_target_exhausted_min_50,1,worker-01,2026-06-20T03:24:57.188Z,2654,visible,15,152,2026-06-20T03:24:57.188Z,2026-06-20T03:25:38.852Z,29,visible,visible,"OG, Retriever/Shepherd mix, Washington Square Park South, New York, NY • “He’s named after OG Anunoby on the @nyknicks. He’s super loving and cuddly and also hy"
DW4iPKwxOhg,reel,https://www.instagram.com/thedogist/reel/DW4iPKwxOhg/,partial_unknown_target,1,0,,39,,,,,35,0,0,0,55.05,30,2026-04-08T23:39:00.000Z,comments_exhausted_bottom_reached,comments_exhausted_bottom_reached,1,worker-01,2026-06-20T03:25:46.265Z,5031,visible,17,,2026-06-20T03:25:46.266Z,2026-06-20T03:26:06.780Z,14,visible,visible,thedogistVerified Edited•10wThank you @jwbonnetcreek for hosting me during Global Pet Expo! Elsa loves the welcome goodies. What do you look for when booking a 
DW2KlZZRnr5,reel,https://www.instagram.com/thedogist/reel/DW2KlZZRnr5/,partial_unknown_target,1,40000,166,189,189,189,og_description_mixed_platform,1,178,0,0,0,39.47,24,2026-04-07T21:58:43.000Z,target_reached,target_reached,1,worker-01,2026-06-20T03:26:12.999Z,3892,visible,16,189,2026-06-20T03:26:13.000Z,2026-06-20T03:26:36.519Z,21,visible,visible,"Chappy, Siberian Husky, W 3rd & MacDougal St., New York, NY • “He was found tied up in somebody’s backyard, just being neglected. We rescued him, brought him to"
DWy_c5pRaGr,reel,https://www.instagram.com/thedogist/reel/DWy_c5pRaGr/,complete,1,0,,52,,,,,45,0,0,0,56.48,27.5,2026-04-06T16:22:43.000Z,comments_exhausted_bottom_reached,unknown_target_exhausted_min_50,1,worker-01,2026-06-20T03:26:46.274Z,7465,visible,20,,2026-06-20T03:26:46.275Z,2026-06-20T03:27:11.336Z,19,visible,visible,I’ve been reviewing the thousands of nominations that have come in over the last couple weeks! This level of community kind-heartedness is truly inspiring! I lo
DWwl8UOkTgk,p,https://www.instagram.com/thedogist/p/DWwl8UOkTgk/,complete,1,76000,246,254,259,259,og_description_mixed_platform,0.9807,214,0,0,0,43.88,29,2026-04-05T18:00:31.000Z,comments_exhausted_bottom_reached,unknown_target_exhausted_min_50,1,worker-01,2026-06-20T03:27:22.696Z,8694,visible,39,259,2026-06-20T03:27:22.697Z,2026-06-20T03:28:26.776Z,36,visible,visible,"Morpheus, Belle, Scuttle, Alfie, Kenzo, Lavender, Latte, Delilah, Tavi, Bodhi, Herman, Harold, & Bella – 2026 Easter Day Parade, New York, NY"
DWrw6ICBDkN,reel,https://www.instagram.com/thedogist/reel/DWrw6ICBDkN/,complete,1,31000,47,56,189,189,og_description_mixed_platform,0.2963,51,1004,17.93,3,49.89,26,2026-04-04T14:00:47.000Z,comments_exhausted_no_new_rounds,unknown_target_exhausted_min_50,1,worker-01,2026-06-20T01:56:52.110Z,5028,visible,15,189,2026-06-20T01:56:52.111Z,2026-06-20T01:57:16.281Z,28,visible,visible,"Pippa, Miniature Goldendoodle (7 y/o), Gansevoort Plaza, New York, NY • “She just got groomed like a week ago. I did tell him to make her ears really short caus"
DWrF_IPkXMe,p,https://www.instagram.com/thedogist/p/DWrF_IPkXMe/,partial_unknown_target,1,65000,155,30,247,247,og_description_mixed_platform,0.1215,30,356,11.87,3,51.27,32,2026-04-03T14:45:04.000Z,active_visibility_lost,active_visibility_lost,1,worker-01,2026-06-20T01:57:22.339Z,3849,visible,15,247,2026-06-20T01:57:22.340Z,2026-06-20T01:57:29.536Z,8,visible|hidden,visible|hidden,"Happy 92nd Birthday, Jane! Our day meeting dogs in Central Park is something I’ll always treasure. I’ll always be inspired to “Be like Jane.” @janegoodallinst"
DWopDXaRhM_,reel,https://www.instagram.com/thedogist/reel/DWopDXaRhM_/,complete,1,32000,110,282,350,350,og_description_mixed_platform,0.8057,271,1712,6.07,1,44.19,25,2026-04-02T15:55:57.000Z,comments_exhausted_no_new_rounds,unknown_target_exhausted_min_50,1,worker-01,2026-06-20T01:57:38.549Z,6924,hidden,15,350,2026-06-20T01:57:38.556Z,2026-06-20T01:59:21.177Z,91,visible,visible,"Maisie, Miniature Schnauzer (5 y/o), Spring & West Broadway, New York, NY • “She’s a very funny dog. She’s super quirky – she’s got a big personality, but also "
DWmMVPaRiie,reel,https://www.instagram.com/thedogist/reel/DWmMVPaRiie/,partial_unknown_target,1,0,,29,,,,,27,76,2.62,0,46,31,2026-04-01T17:04:36.000Z,comments_exhausted_no_new_rounds,comments_exhausted_no_new_rounds,1,worker-01,2026-06-20T01:59:27.178Z,3852,visible,14,,2026-06-20T01:59:27.179Z,2026-06-20T01:59:45.376Z,15,visible,visible,While at @globalpetexpo I found out my show DOGS is a finalist for the @shortyawards ! Creating the show has been a blast and it’s a huge honor to be nominated!
DWkacU4kfrp,p,https://www.instagram.com/thedogist/p/DWkacU4kfrp/,complete,1,29000,15,84,91,91,og_description_mixed_platform,0.9231,83,41,0.49,0,40.99,29.5,2026-04-01T00:29:10.000Z,comments_exhausted_no_new_rounds,unknown_target_exhausted_min_50,1,worker-01,2026-06-20T01:59:55.621Z,7493,visible,13,91,2026-06-20T01:59:55.621Z,2026-06-20T02:00:20.290Z,30,visible,visible,March was busy and fun! Looking forward to t-shirt weather 😎
DWjlIjyx_JO,reel,https://www.instagram.com/thedogist/reel/DWjlIjyx_JO/,complete,1,0,,133,,,,,131,162,1.22,0,66.04,49,2026-03-31T16:44:03.000Z,comments_exhausted_no_new_rounds,unknown_target_exhausted_min_50,1,worker-01,2026-06-20T02:00:27.520Z,5062,visible,15,,2026-06-20T02:00:27.521Z,2026-06-20T02:01:13.072Z,49,visible,visible,Here are some of the trends I saw at @globalpetexpo last week! One thing was very clear… People are very into their pets’ wellness! Which of these trends are yo
DWgjdtbBdWh,reel,https://www.instagram.com/thedogist/reel/DWgjdtbBdWh/,complete,1,35000,70,108,125,125,og_description_mixed_platform,0.864,104,1008,9.33,1,47.41,30.5,2026-03-30T12:30:05.000Z,comments_exhausted_no_new_rounds,unknown_target_exhausted_min_50,1,worker-01,2026-06-20T02:01:21.469Z,6233,visible,15,125,2026-06-20T02:01:21.470Z,2026-06-20T02:02:00.602Z,41,visible,visible,"Penny, Golden Retriever/Labrador Retriever mix (8 y/o), Prince & Thompson St., New York, NY • “This Saturday she tried to eat a whole chocolate croissant out of"
DWfXxOnEQrZ,p,https://www.instagram.com/thedogist/p/DWfXxOnEQrZ/,complete,1,48000,57,187,198,198,og_description_mixed_platform,0.9444,184,543,2.9,1,28.64,18,2026-03-30T01:29:34.000Z,comments_exhausted_no_new_rounds,unknown_target_exhausted_min_50,1,worker-01,2026-06-20T02:02:05.449Z,2656,visible,15,198,2026-06-20T02:02:05.450Z,2026-06-20T02:02:48.185Z,54,visible,visible,"Nikita, Shiba Inu (7 y/o), N Moore & Hudson St., New York, NY • “She is the typical ‘I don’t care’ and Miss Transactional.”"
DWcBZpAxjgc,reel,https://www.instagram.com/thedogist/reel/DWcBZpAxjgc/,complete,1,15000,47,119,140,140,og_description_mixed_platform,0.85,113,1044,8.77,0,39.74,30,2026-03-28T18:18:53.000Z,comments_exhausted_no_new_rounds,unknown_target_exhausted_min_50,1,worker-01,2026-06-20T02:02:58.996Z,8656,visible,15,140,2026-06-20T02:02:58.997Z,2026-06-20T02:03:33.809Z,39,visible,visible,"I asked dog owners at the #GlobalPetExpo to describe their dog in ONE word… and every answer was different! What’s your one word? Drop it in the comments, and m"
DWY1oOJhTNM,reel,https://www.instagram.com/thedogist/reel/DWY1oOJhTNM/,complete,1,25000,48,88,94,94,og_description_mixed_platform,0.9362,88,383,4.35,1,35.89,25.5,2026-03-27T12:35:07.000Z,comments_exhausted_no_new_rounds,unknown_target_exhausted_min_50,1,worker-01,2026-06-20T02:03:41.041Z,5033,visible,15,94,2026-06-20T02:03:41.041Z,2026-06-20T02:04:09.905Z,34,visible,visible,"Rupert, Chihuahua, Lafayette & Kenmare St., New York, NY • “He’s just the kindest, gentlest little baby. I call him the Shaquille O’Neill of Chihuahuas because "
DWWVCdhR5p-,reel,https://www.instagram.com/thedogist/reel/DWWVCdhR5p-/,complete,1,19000,33,466,471,471,og_description_mixed_platform,0.9894,448,0,0,0,77.8,62.5,2026-03-26T13:12:44.000Z,comments_exhausted_bottom_reached,unknown_target_exhausted_min_50,1,worker-01,2026-06-20T03:28:32.818Z,3862,visible,21,471,2026-06-20T03:28:32.819Z,2026-06-20T03:30:40.635Z,43,visible,visible,Elsa vs. a blueberry… What does your dog refuse to eat??
DWTsLwyxMya,reel,https://www.instagram.com/thedogist/reel/DWTsLwyxMya/,complete,1,25000,52,148,150,150,og_description_mixed_platform,0.9867,137,0,0,0,50.82,32.5,2026-03-25T12:37:55.000Z,comments_exhausted_bottom_reached,unknown_target_exhausted_min_50,1,worker-01,2026-06-20T03:30:48.087Z,5049,visible,18,150,2026-06-20T03:30:48.087Z,2026-06-20T03:31:31.189Z,30,visible,visible,"Izzy, Affenpinscher, Prince & Mott St., New York, NY • “A lot of artists have Affenpinschers. My partner is a painter, and he had a friend who had an Affenpinsc"
DWSAT71xd0u,reel,https://www.instagram.com/thedogist/reel/DWSAT71xd0u/,partial_unknown_target,1,0,,738,,,og_description_mixed_platform,,586,0,0,0,82.71,34.5,2026-03-24T22:23:48.000Z,max_post_runtime_reached,max_post_runtime_reached,1,worker-01,2026-06-20T03:31:42.642Z,8685,visible,20,0,2026-06-20T03:31:42.643Z,2026-06-20T03:40:00.120Z,98,visible,visible,"thedogistVerified Edited•12wI’m so proud of what The Dogist Fund has been able to do over the years, raising over $750,000 all together for canine nonprofits. T"
DWRHAqrEW4f,p,https://www.instagram.com/thedogist/p/DWRHAqrEW4f/,partial,1,0,,736,,,,,642,0,0,0,71.77,29,,worker_restarted_recovery,worker_restarted_recovery,1,,,,,0,,,,,,,
DWPcc1QkWcE,p,https://www.instagram.com/thedogist/p/DWPcc1QkWcE/,complete,1,59000,75,268,277,277,og_description_mixed_platform,0.9675,267,0,0,0,27.02,17.5,2026-03-23T21:02:38.000Z,comments_exhausted_bottom_reached,unknown_target_exhausted_min_50,1,worker-01,2026-06-20T03:49:27.003Z,2650,visible,15,277,2026-06-20T03:49:27.004Z,2026-06-20T03:50:18.127Z,31,visible,visible,"Pikachu, Shiba Inu (3 m/o), 14th & 9th Ave., New York, NY • “He’s quite popular around town. I’m making so many friends.” @pikachu_shiba"
DWOt11jR30C,reel,https://www.instagram.com/thedogist/reel/DWOt11jR30C/,complete,1,30000,565,139,150,150,og_description_mixed_platform,0.9267,136,0,0,0,26.06,17,2026-03-23T14:17:23.000Z,comments_exhausted_bottom_reached,unknown_target_exhausted_min_50,1,worker-01,2026-06-20T03:50:25.656Z,5042,visible,16,150,2026-06-20T03:50:25.657Z,2026-06-20T03:51:04.845Z,33,visible,visible,Happy National Puppy Day! What better way to celebrate than revisiting my favorite part of each episode of DOGS… The Puppy Promo Challenge! Link in bio to watch
DWNPb-LEQhe,p,https://www.instagram.com/thedogist/p/DWNPb-LEQhe/,complete,1,58000,97,522,551,551,og_description_mixed_platform,0.9474,492,0,0,0,52.88,33,2026-03-23T00:30:26.000Z,comments_exhausted_bottom_reached,unknown_target_exhausted_min_50,1,worker-01,2026-06-20T03:51:14.742Z,7485,visible,36,551,2026-06-20T03:51:14.743Z,2026-06-20T03:53:48.022Z,44,visible,visible,"Ellie & Maya, German Shorthaired Pointers (6 y/o), N 8th & Berry St., Brooklyn, NY • “Ellie, can you sit? They get to go upstate and hunt squirrels and rabbits."
DWJpicKBfLP,reel,https://www.instagram.com/thedogist/reel/DWJpicKBfLP/,partial_unknown_target,1,82000,342,386,465,465,og_description_mixed_platform,0.8301,302,0,0,0,96.02,40.5,2026-03-21T15:01:43.000Z,active_visibility_lost,active_visibility_lost,1,worker-01,2026-06-20T03:53:59.164Z,8692,visible,38,465,2026-06-20T03:53:59.165Z,2026-06-20T03:55:30.898Z,37,visible|hidden,visible|hidden,"Luna, Labrador Retriever (5 y/o), Broome & Greene St., New York, NY • “She’s for anxiety. She will alert to oncoming signs of anxiety, and she’ll respond to pan"
DWHxneBxw7w,reel,https://www.instagram.com/thedogist/reel/DWHxneBxw7w/,complete,1,20000,49,74,77,77,og_description_mixed_platform,0.961,67,0,0,0,40.69,30.5,2026-03-20T21:34:03.000Z,comments_exhausted_bottom_reached,unknown_target_exhausted_min_50,1,worker-01,2026-06-20T03:55:39.367Z,6226,visible,22,77,2026-06-20T03:55:39.368Z,2026-06-20T03:56:03.051Z,17,visible,visible,Halima and I had a blast looking for dogs in SoHo! @maisieschnauz sniffed ‘em all out. Which interview are you most excited to see?Who wants to join me next? Sh
DWHAgoZxkRK,reel,https://www.instagram.com/thedogist/reel/DWHAgoZxkRK/,partial_unknown_target,1,20000,103,85,85,85,og_description_mixed_platform,1,85,0,0,0,21.52,14,2026-03-20T14:26:20.000Z,target_reached,target_reached,1,worker-01,2026-06-20T03:56:07.985Z,2638,visible,15,85,2026-06-20T03:56:07.986Z,2026-06-20T03:56:16.064Z,9,visible,visible,TGIF. A reminder to appreciate the little things ❤️
DWFYXEMkftM,reel,https://www.instagram.com/thedogist/reel/DWFYXEMkftM/,complete,1,46000,126,154,161,161,og_description_mixed_platform,0.9565,139,0,0,0,50.29,35,2026-03-19T23:14:41.000Z,comments_exhausted_bottom_reached,unknown_target_exhausted_min_50,1,worker-01,2026-06-20T03:56:25.732Z,7464,visible,21,161,2026-06-20T03:56:25.732Z,2026-06-20T03:57:03.810Z,25,visible,visible,"Oaty & Marge, Golden Retriever & Labrador Retriever (6 y/o), McCarren Park, Brooklyn, NY • “I had Marge when I was with my ex-boyfriend. We broke up, and I took"
DWE4wC9EdAj,reel,https://www.instagram.com/thedogist/reel/DWE4wC9EdAj/,partial_unknown_target,1,0,,40,,,,,35,0,0,0,59.23,36.5,2026-03-19T18:38:38.000Z,comments_exhausted_bottom_reached,comments_exhausted_bottom_reached,1,worker-01,2026-06-20T03:57:13.527Z,7474,visible,17,,2026-06-20T03:57:13.528Z,2026-06-20T03:57:29.167Z,12,visible,visible,"It may be Thursday, but I had a really fun Monday with puppies and free pickles…"
DWCuxpij19W,p,https://www.instagram.com/thedogist/p/DWCuxpij19W/,complete,1,54000,100,391,393,393,og_description_mixed_platform,0.9949,383,0,0,0,33.77,19,2026-03-18T22:32:38.000Z,comments_exhausted_bottom_reached,unknown_target_exhausted_min_50,1,worker-01,2026-06-20T03:57:34.059Z,2641,visible,15,393,2026-06-20T03:57:34.060Z,2026-06-20T03:59:03.513Z,39,visible,visible,"Ciccia, German Shepherd (6 y/o), Hudson & Barrow St., New York, NY • “I haven’t had dogs before. She was so easy to train. She’s so funny and gorgeous with ever"
DV_u9toEW3m,reel,https://www.instagram.com/thedogist/reel/DV_u9toEW3m/,complete,1,32000,86,155,159,159,og_description_mixed_platform,0.9748,151,0,0,0,38.54,30,2026-03-17T18:38:29.000Z,comments_exhausted_bottom_reached,unknown_target_exhausted_min_50,1,worker-01,2026-06-20T03:59:09.695Z,3840,visible,16,159,2026-06-20T03:59:09.696Z,2026-06-20T03:59:45.910Z,28,visible,visible,"Hugo, Pointer mix (12 y/o), McCarren Park, Brooklyn, NY • “He’s from Georgia; he was saved at three weeks old. He’s obsessed with balls – he points as well. He "
DV9xqrukaNO,p,https://www.instagram.com/thedogist/p/DV9xqrukaNO/,complete,1,59000,85,521,532,532,og_description_mixed_platform,0.9793,486,0,0,0,32.03,22,2026-03-17T00:21:41.000Z,comments_exhausted_bottom_reached,unknown_target_exhausted_min_50,1,worker-01,2026-06-20T03:59:55.609Z,7480,visible,20,532,2026-06-20T03:59:55.609Z,2026-06-20T04:02:38.378Z,44,visible,visible,"Finley, Irish Terrier (10 m/o), Bleecker & 7th Ave., New York, NY • “He’s a goofball – he bounces a lot. He’s usually all over you wanting affection. He’s very "
DV4ewM3EXf1,reel,https://www.instagram.com/thedogist/reel/DV4ewM3EXf1/,complete,1,21000,67,347,355,355,og_description_mixed_platform,0.9775,329,0,0,0,39.47,29,2026-03-14T23:00:51.000Z,comments_exhausted_bottom_reached,unknown_target_exhausted_min_50,1,worker-01,2026-06-20T04:02:45.765Z,5056,visible,19,355,2026-06-20T04:02:45.765Z,2026-06-20T04:03:52.636Z,35,visible,visible,Things are starting to heat up between Elsa and Norman… What do you think their future holds? Is date three in the cards? 💛
DV13NSXkcuk,reel,https://www.instagram.com/thedogist/reel/DV13NSXkcuk/,partial,1,0,,959,,,,,888,0,0,0,69.3,48,,worker_restarted_recovery,worker_restarted_recovery,1,,,,,0,,,,,,,
DV1LzUAkXh-,reel,https://www.instagram.com/thedogist/reel/DV1LzUAkXh-/,complete,1,49000,134,214,218,218,og_description_mixed_platform,0.9817,199,0,0,0,50.26,30.5,2026-03-13T16:18:00.000Z,comments_exhausted_bottom_reached,unknown_target_exhausted_min_50,1,worker-01,2026-06-20T06:44:43.997Z,8705,visible,22,218,2026-06-20T06:44:43.998Z,2026-06-20T06:45:34.234Z,29,visible,visible,"Hanzi, Jindo/Corgi/Shiba Inu mix (5y/o), Metropolitan & Berry St., Brooklyn, NY • “He’s very silly – he loves to run and jump and play in the snow. He does sill"
DVzW-XlEbBx,reel,https://www.instagram.com/thedogist/reel/DVzW-XlEbBx/,complete,1,0,,196,,,,,159,0,0,0,72.12,50.5,2026-03-12T23:16:37.000Z,comments_exhausted_bottom_reached,unknown_target_exhausted_min_50,1,worker-01,2026-06-20T06:45:45.283Z,8670,visible,31,,2026-06-20T06:45:45.284Z,2026-06-20T06:46:42.284Z,33,visible,visible,Part 1 of our *attempt* to figure out Elsa’s birthday from a psychic… What could go wrong? What sign do you think Elsa is?! 🔮🐾
DVyXPX9kZt4,reel,https://www.instagram.com/thedogist/reel/DVyXPX9kZt4/,complete,1,26000,93,165,166,166,og_description_mixed_platform,0.994,159,0,0,0,37.64,23,2026-03-12T14:00:46.000Z,comments_exhausted_bottom_reached,unknown_target_exhausted_min_50,1,worker-01,2026-06-20T06:46:47.253Z,2654,visible,15,166,2026-06-20T06:46:47.254Z,2026-06-20T06:47:29.720Z,30,visible,visible,"Wednesday, Pug/Dachshund mix, N 4th & Wythe Ave., Brooklyn, NY • “I’m not sure of her backstory. I didn’t ask much because it made me sad. I got her at @truenor"
DVwmbKiES8H,reel,https://www.instagram.com/thedogist/reel/DVwmbKiES8H/,complete,1,30000,106,750,761,761,og_description_mixed_platform,0.9855,723,0,0,0,56.01,37,2026-03-11T21:34:52.000Z,comments_exhausted_bottom_reached,unknown_target_exhausted_min_50,1,worker-01,2026-06-20T06:47:41.161Z,8655,visible,28,761,2026-06-20T06:47:41.161Z,2026-06-20T06:53:20.955Z,63,visible,visible,Elsa’s test kitchen went pretty much as suspected… beefy delight or nothing 🏆
DVvy0ZakVyf,reel,https://www.instagram.com/thedogist/reel/DVvy0ZakVyf/,complete,1,36000,87,214,217,217,og_description_mixed_platform,0.9862,193,0,0,0,37.54,28,2026-03-11T14:02:54.000Z,comments_exhausted_bottom_reached,unknown_target_exhausted_min_50,1,worker-01,2026-06-20T06:53:31.980Z,8650,visible,23,217,2026-06-20T06:53:31.980Z,2026-06-20T06:54:39.519Z,38,visible,visible,"Cabbage, mix (1y/o), N 6th & Berry St., Brooklyn, NY • “It’s the year of the Cabbage, so we’re ahead of the curve. She’s from Georgia. She was dumped on a dirt "
DVrm5_wESyN,p,https://www.instagram.com/thedogist/p/DVrm5_wESyN/,complete,1,14000,14,85,86,86,og_description_mixed_platform,0.9884,83,0,0,0,26.72,21,2026-03-09T23:01:20.000Z,comments_exhausted_bottom_reached,unknown_target_exhausted_min_50,1,worker-01,2026-06-20T06:54:44.665Z,2631,visible,15,86,2026-06-20T06:54:44.666Z,2026-06-20T06:55:07.322Z,20,visible,visible,"Vinci, German Shepherd/Malinois mix, Parker, Palm Springs, CA • “I found him on the street in Mexico. He came and sat on my foot when he was a tiny baby, like s"
DVq4YdfEYXa,reel,https://www.instagram.com/thedogist/reel/DVq4YdfEYXa/,complete,1,0,,53,,,,,48,0,0,0,54.08,39,2026-03-09T17:13:48.000Z,comments_exhausted_bottom_reached,unknown_target_exhausted_min_50,1,worker-01,2026-06-20T06:55:12.232Z,2644,visible,15,,2026-06-20T06:55:12.233Z,2026-06-20T06:55:36.776Z,17,visible,visible,"thedogistVerified Edited•14wWhen you can’t travel with your dog, stay with other people’s dogsThanks for having me @parkerpalmsprings"
DVpIp49Ef2i,p,https://www.instagram.com/thedogist/p/DVpIp49Ef2i/,complete,1,31000,34,110,112,112,og_description_mixed_platform,0.9821,103,0,0,0,32.48,26,2026-03-08T23:58:31.000Z,comments_exhausted_bottom_reached,unknown_target_exhausted_min_50,1,worker-01,2026-06-20T06:55:42.996Z,3870,visible,15,112,2026-06-20T06:55:42.997Z,2026-06-20T06:56:16.600Z,23,visible,visible,Weekend recap 🐕🎾🌴📸
DVluVHWkSv6,reel,https://www.instagram.com/thedogist/reel/DVluVHWkSv6/,complete,1,30000,110,220,229,229,og_description_mixed_platform,0.9607,191,0,0,0,63.09,37,2026-03-07T16:12:37.000Z,comments_exhausted_bottom_reached,unknown_target_exhausted_min_50,1,worker-01,2026-06-20T06:56:28.291Z,8701,visible,37,229,2026-06-20T06:56:28.292Z,2026-06-20T06:57:29.029Z,39,visible,visible,"Zissou, West Highland White Terrier (7y/o), 8th & University Place, NewYork, NY • “You photographed him when he was a baby. He’s seven now. He’s very picky (abo"
DVgS1-tEaLN,reel,https://www.instagram.com/thedogist/reel/DVgS1-tEaLN/,complete,1,19000,34,134,143,143,og_description_mixed_platform,0.9371,112,0,0,0,41.66,29,2026-03-05T13:35:21.000Z,comments_exhausted_bottom_reached,unknown_target_exhausted_min_50,1,worker-01,2026-06-20T06:57:36.348Z,5048,visible,18,143,2026-06-20T06:57:36.349Z,2026-06-20T06:58:11.159Z,25,visible,visible,"I had a field day meeting dogs in Williamsburg yesterday, so I wanted to bring you along with me! Where should I go next?"
DVeE8GgkVNI,reel,https://www.instagram.com/thedogist/reel/DVeE8GgkVNI/,complete,1,53000,181,536,550,550,og_description_mixed_platform,0.9745,507,0,0,0,27.2,19,2026-03-04T18:08:27.000Z,comments_exhausted_bottom_reached,unknown_target_exhausted_min_50,1,worker-01,2026-06-20T06:58:18.574Z,5040,visible,18,550,2026-06-20T06:58:18.575Z,2026-06-20T07:01:15.472Z,49,visible,visible,"thedogistVerified Edited•15wBetsy, Chihuahua Mix (15 y/o), 16th & Union Square East, New York, NY • “She was a little homeless girl in Indiana, I found her on @"
DVcE0ogkf6z,reel,https://www.instagram.com/thedogist/reel/DVcE0ogkf6z/,complete,1,42000,104,134,140,140,og_description_mixed_platform,0.9571,120,0,0,0,37.43,24,2026-03-03T22:17:51.000Z,comments_exhausted_bottom_reached,unknown_target_exhausted_min_50,1,worker-01,2026-06-20T07:01:26.319Z,7473,visible,24,140,2026-06-20T07:01:26.320Z,2026-06-20T07:02:01.559Z,26,visible,visible,"Panda, Border Collie (10 y/o), 8th & University Place, New York, NY • “She managed to find all the coffee places with treats. She eats kibble. She fills your li"
DVZfWl6EWju,reel,https://www.instagram.com/thedogist/reel/DVZfWl6EWju/,complete,1,0,,273,,,,,229,0,0,0,128.83,67,2026-03-02T22:09:18.000Z,comments_exhausted_bottom_reached,unknown_target_exhausted_min_50,1,worker-01,2026-06-20T07:02:13.503Z,8675,visible,33,,2026-06-20T07:02:13.503Z,2026-06-20T07:03:58.512Z,61,visible,visible,I cooked for Elsa for the first time and it was fun! I’ve been learning to cook more this past year and wanted to try making a dog food recipe for Els. She can 
DVUlcT4keYo,p,https://www.instagram.com/thedogist/p/DVUlcT4keYo/,complete,1,36000,17,156,159,159,og_description_mixed_platform,0.9811,145,0,0,0,28.85,21,2026-03-01T00:26:01.000Z,comments_exhausted_bottom_reached,unknown_target_exhausted_min_50,1,worker-01,2026-06-20T07:04:10.294Z,7487,visible,20,159,2026-06-20T07:04:10.294Z,2026-06-20T07:04:52.227Z,37,visible,visible,Bye February 👋
DVR62dxETWm,p,https://www.instagram.com/thedogist/p/DVR62dxETWm/,partial_unknown_target,1,129000,146,966,1129,1129,og_description_mixed_platform,0.8556,938,0,0,0,45.06,30,2026-02-27T23:35:20.000Z,max_post_runtime_reached,max_post_runtime_reached,1,worker-01,2026-06-20T07:05:02.563Z,7491,visible,27,1129,2026-06-20T07:05:02.564Z,2026-06-20T07:13:09.276Z,73,visible,visible,"If wearing cargo pants is cool, consider me Miles Davis 😎"
DVRhJAxkbvo,reel,https://www.instagram.com/thedogist/reel/DVRhJAxkbvo/,complete,1,17000,28,65,68,68,og_description_mixed_platform,0.9559,65,0,0,0,26.55,19,2026-02-27T19:50:54.000Z,comments_exhausted_bottom_reached,unknown_target_exhausted_min_50,1,worker-01,2026-06-20T07:13:15.825Z,3868,visible,16,68,2026-06-20T07:13:15.825Z,2026-06-20T07:13:34.377Z,17,visible,visible,"Penny, Miniature Bernedoodle (4 y/o), Beverly Hills, Los Angeles, CA • “She is such a lover. She really loves people; food is a close second. She’s a caretaker."
DVOqoEwEc-P,reel,https://www.instagram.com/thedogist/reel/DVOqoEwEc-P/,partial_unknown_target,1,0,,655,,,,,536,0,0,0,178.68,116,2026-02-26T17:16:11.000Z,max_post_runtime_reached,max_post_runtime_reached,1,worker-01,2026-06-20T07:13:45.601Z,8700,visible,45,,2026-06-20T07:13:45.602Z,2026-06-20T07:21:56.502Z,129,visible,visible,It’s time to start cheffing it up for Elsa 👨🏻‍🍳 Do you cook for your dog? Comment your go-to recipes below!
DVMsTMvkWKf,reel,https://www.instagram.com/thedogist/reel/DVMsTMvkWKf/,complete,1,33000,71,133,137,137,og_description_mixed_platform,0.9708,119,0,0,0,50.33,37,2026-02-25T23:12:12.000Z,comments_exhausted_bottom_reached,unknown_target_exhausted_min_50,1,worker-01,2026-06-20T07:22:07.917Z,8686,visible,20,137,2026-06-20T07:22:07.918Z,2026-06-20T07:22:43.233Z,26,visible,visible,"thedogistVerified Edited•16wMorley, Maltese/Terrier Mix (9 y/o), Lafayette & Bond St., New York, NY • “He’s very anxious, very nervous, curious, and obsessed wi"
DVKcWxMEeL-,p,https://www.instagram.com/thedogist/p/DVKcWxMEeL-/,complete,1,29000,28,107,109,109,og_description_mixed_platform,0.9817,100,0,0,0,44.46,24,2026-02-25T01:54:11.000Z,comments_exhausted_bottom_reached,unknown_target_exhausted_min_50,1,worker-01,2026-06-20T07:22:53.191Z,6276,visible,30,109,2026-06-20T07:22:53.192Z,2026-06-20T07:23:19.703Z,27,visible,visible,"Baxter, Yorkshire Terrier mix (10 y/o), 11th & Ave A, New York, NY • “He was originally from the Dominican Republic, and came over to New York. His family had s"
DVHPCEbkdDQ,reel,https://www.instagram.com/thedogist/reel/DVHPCEbkdDQ/,complete,1,47000,124,332,337,337,og_description_mixed_platform,0.9852,303,0,0,0,39.83,29,2026-02-23T20:01:04.000Z,comments_exhausted_bottom_reached,unknown_target_exhausted_min_50,1,worker-01,2026-06-20T07:23:27.572Z,5072,visible,22,337,2026-06-20T07:23:27.572Z,2026-06-20T07:25:01.234Z,36,visible,visible,"Greg, Italian Greyhound, Prince & West Broadway, New York, NY • “He’s pretty cool, to be honest. This is like his twenty sixth or twenty seventh country. We’ve "
DVByn5agM44,reel,https://www.instagram.com/thedogist/reel/DVByn5agM44/,complete,1,22000,65,53,116,116,og_description_mixed_platform,0.4569,46,0,0,0,37.81,36,2026-02-21T17:18:11.000Z,comments_exhausted_bottom_reached,unknown_target_exhausted_min_50,1,worker-01,2026-06-20T07:25:06.365Z,2655,visible,15,116,2026-06-20T07:25:06.366Z,2026-06-20T07:25:29.002Z,16,visible,visible,"Ernie, Miguel, & Javier, Doodle mixes, Melrose Place @ireneneuwirth Los Angeles, CA • “They greet and like to bark at people. They work security. Miguel is very"
DU8jwpfETRF,reel,https://www.instagram.com/thedogist/reel/DU8jwpfETRF/,complete,1,20000,42,170,177,177,og_description_mixed_platform,0.9605,165,0,0,0,30.58,21.5,2026-02-19T16:30:19.000Z,comments_exhausted_bottom_reached,unknown_target_exhausted_min_50,1,worker-01,2026-06-20T07:25:39.479Z,7470,visible,19,177,2026-06-20T07:25:39.479Z,2026-06-20T07:26:19.733Z,37,visible,visible,The pigeon was a paid actor
DU38g69EQoe,reel,https://www.instagram.com/thedogist/reel/DU38g69EQoe/,complete,1,33000,77,113,117,117,og_description_mixed_platform,0.9658,106,0,0,0,46.83,29,2026-02-17T21:30:39.000Z,comments_exhausted_bottom_reached,unknown_target_exhausted_min_50,1,worker-01,2026-06-20T07:26:26.107Z,3854,visible,16,117,2026-06-20T07:26:26.108Z,2026-06-20T07:26:57.812Z,21,visible,visible,"Max & Roo, Chihuahua mixes (17 y/o & 7 y/o), Tompkins Square Park, New York, NY • “Max is 17 and he’s full of energy. I found him in Santa Monica cutting throug"
DU1l9H1kQUn,reel,https://www.instagram.com/thedogist/reel/DU1l9H1kQUn/,complete,1,20000,51,106,110,110,og_description_mixed_platform,0.9636,94,0,0,0,51.2,35,2026-02-16T23:34:31.000Z,comments_exhausted_bottom_reached,unknown_target_exhausted_min_50,1,worker-01,2026-06-20T07:27:04.554Z,3863,visible,17,110,2026-06-20T07:27:04.555Z,2026-06-20T07:27:36.306Z,22,visible,visible,"Poe, Catahoula Leopard Dog (2 y/o), Thompson & Houston St., New York, NY • “This is Poe, like Po’ Boy. He is a rescue from @arfhamptons in East Hampton. I’ve ha"
DUy-YeXkSj-,p,https://www.instagram.com/thedogist/p/DUy-YeXkSj-/,complete,1,33000,14,112,115,115,og_description_mixed_platform,0.9739,101,0,0,0,41.55,26,2026-02-15T23:09:46.000Z,comments_exhausted_bottom_reached,unknown_target_exhausted_min_50,1,worker-01,2026-06-20T07:27:41.622Z,2626,visible,15,115,2026-06-20T07:27:41.623Z,2026-06-20T07:28:16.146Z,23,visible,visible,"Valentine’s Day, Aguachile, coffee, waffles, creatine, First Wives Club, Supermarket Gary, Beanpot loss, tennis, and a lot of Els ❤️"
DUveH_zjO65,reel,https://www.instagram.com/thedogist/reel/DUveH_zjO65/,complete,1,34000,192,588,601,601,og_description_mixed_platform,0.9784,567,0,0,0,29.62,23,2026-02-14T14:30:04.000Z,comments_exhausted_bottom_reached,unknown_target_exhausted_min_50,1,worker-01,2026-06-20T07:28:22.794Z,3886,visible,16,601,2026-06-20T07:28:22.795Z,2026-06-20T07:31:53.048Z,57,visible,visible,Happy Pawlentine’s Day! 🩷 Do you think Norman and I make a cute couple? @paws_and_unwind_
DUt3iaKkYKX,p,https://www.instagram.com/thedogist/p/DUt3iaKkYKX/,complete,1,61000,67,362,375,375,og_description_mixed_platform,0.9653,345,0,0,0,29.83,19,2026-02-14T04:27:24.000Z,comments_exhausted_bottom_reached,unknown_target_exhausted_min_50,1,worker-01,2026-06-20T07:31:59.314Z,3850,visible,16,375,2026-06-20T07:31:59.315Z,2026-06-20T07:33:20.826Z,39,visible,visible,"thedogistVerified Edited•18wKitty, Husky/Australian Shepherd mix (11 m/o), E 10th & 1st Ave., New York, NY • “She’s chill; not as energetic as you’d think. She "
DUowAQAEcw1,reel,https://www.instagram.com/thedogist/reel/DUowAQAEcw1/,complete,1,35000,79,164,169,169,og_description_mixed_platform,0.9704,158,0,0,0,29.24,23.5,2026-02-11T23:54:33.000Z,comments_exhausted_bottom_reached,unknown_target_exhausted_min_50,1,worker-01,2026-06-20T07:33:26.102Z,2676,visible,15,169,2026-06-20T07:33:26.103Z,2026-06-20T07:34:06.538Z,32,visible,visible,"Party, Pomeranian (4 y/o) McCarran Park, Brooklyn, NY • “He’s the life of the party. He’s feisty, mischievous, playful, high energy… he’s a sweet man too. A lot"
DUmCmxkkXBV,reel,https://www.instagram.com/thedogist/reel/DUmCmxkkXBV/,complete,1,27000,72,209,214,214,og_description_mixed_platform,0.9766,186,0,0,0,34.78,22,2026-02-10T22:36:54.000Z,comments_exhausted_bottom_reached,unknown_target_exhausted_min_50,1,worker-01,2026-06-20T07:34:15.258Z,6294,visible,21,214,2026-06-20T07:34:15.259Z,2026-06-20T07:35:06.880Z,30,visible,visible,"Rico, Pug (13 y/o), Franklin & Commercial St., Brooklyn, NY • “He was my husband’s dog, and my husband passed away. Apparently, he ran into a barbed wire fence "
DUjyiWGkThn,reel,https://www.instagram.com/thedogist/reel/DUjyiWGkThn/,partial_unknown_target,1,0,,771,,,,,724,0,0,0,89.23,72,2026-02-10T01:39:27.000Z,max_post_runtime_reached,max_post_runtime_reached,1,worker-01,2026-06-20T07:35:19.382Z,8712,visible,30,,2026-06-20T07:35:19.383Z,2026-06-20T07:43:35.181Z,115,visible,visible,Let’s spread some puppy love! ♥️
DUjN01BkSt-,p,https://www.instagram.com/thedogist/p/DUjN01BkSt-/,complete,1,26000,27,207,211,211,og_description_mixed_platform,0.981,187,0,0,0,63.64,40,2026-02-09T20:16:51.000Z,comments_exhausted_bottom_reached,unknown_target_exhausted_min_50,1,worker-01,2026-06-20T07:43:41.713Z,3844,visible,18,211,2026-06-20T07:43:41.714Z,2026-06-20T07:44:35.784Z,40,visible,visible,"Bookie, Australian Cattle Dog (5 y/o), McCarren Park, Brooklyn, NY • “She’s a COVID dog. She’s not a technical rescue, but she was rescued. She was neglected by"
DUeUAeoEc17,p,https://www.instagram.com/thedogist/p/DUeUAeoEc17/,complete,1,64000,48,176,179,179,og_description_mixed_platform,0.9832,166,0,0,0,41.18,24,2026-02-07T22:34:41.000Z,comments_exhausted_bottom_reached,unknown_target_exhausted_min_50,1,worker-01,2026-06-20T07:44:43.271Z,5072,visible,22,179,2026-06-20T07:44:43.272Z,2026-06-20T07:45:19.921Z,32,visible,visible,"Rescue dogs, show dogs, Elsa, Sam, coffee, ramen, Subaru popsicle, Puppy Bowl, Jim Henson, birthday parties, and a few other things from my week 👋"
DUYKdNukb34,reel,https://www.instagram.com/thedogist/reel/DUYKdNukb34/,complete,1,42000,142,338,341,341,og_description_mixed_platform,0.9912,331,0,0,0,36.9,20,2026-02-05T13:16:37.000Z,comments_exhausted_bottom_reached,unknown_target_exhausted_min_50,1,worker-01,2026-06-20T07:45:26.086Z,3886,visible,16,341,2026-06-20T07:45:26.087Z,2026-06-20T07:46:29.752Z,36,visible,visible,"GOOD NEWS! Sugar, the dog we found tied to a pole in St. Lucia with @helpaws , has officially found her forever home! After being transported to @animalhaven in"
DUUvbVpDVqG,p,https://www.instagram.com/thedogist/p/DUUvbVpDVqG/,partial_unknown_target,1,192000,2100,962,3195,3195,og_description_mixed_platform,0.3011,906,0,0,0,40.08,24,2026-02-04T05:21:50.000Z,max_post_runtime_reached,max_post_runtime_reached,1,worker-01,2026-06-20T07:46:41.674Z,8702,visible,30,3195,2026-06-20T07:46:41.675Z,2026-06-20T07:54:50.096Z,70,visible,visible,"BEST IN SHOW: Penny, Doberman Pinscher (4 y/o), 150th Westminster Kennel Club Dog Show, New York, NY @westminsterkennelclub"
DUTq0lhEaz5,p,https://www.instagram.com/thedogist/p/DUTq0lhEaz5/,complete,1,87000,347,742,758,758,og_description_mixed_platform,0.9789,689,0,0,0,44.55,29,2026-02-03T19:22:23.000Z,comments_exhausted_bottom_reached,unknown_target_exhausted_min_50,1,worker-01,2026-06-20T07:55:01.348Z,8694,visible,22,758,2026-06-20T07:55:01.348Z,2026-06-20T08:01:08.055Z,70,visible,visible,"Dogs of the 150th Westminster Kennel Club Dog Show. Can you name all these breeds?Featuring: Kite, Oscar, Ember, Quinn, Argo & Oak, Lance, Greta, Gatsby, Billy,"
DUTKI1WEXdJ,reel,https://www.instagram.com/thedogist/reel/DUTKI1WEXdJ/,complete,1,42000,155,200,206,206,og_description_mixed_platform,0.9709,188,0,0,0,53.52,41.5,2026-02-03T14:36:55.000Z,comments_exhausted_bottom_reached,unknown_target_exhausted_min_50,1,worker-01,2026-06-20T08:01:14.512Z,3891,visible,16,206,2026-06-20T08:01:14.512Z,2026-06-20T08:02:03.535Z,29,visible,visible,"Luna & Isolde, Xoloitzcuintli & Scottish Deerhound, 150th Westminster Kennel Club Dog Show, New York, NY • “There’s not another Xolo on the planet that will com"
DURm8CdkZwJ,reel,https://www.instagram.com/thedogist/reel/DURm8CdkZwJ/,complete,1,43000,109,491,494,494,og_description_mixed_platform,0.9939,459,0,0,0,66.01,45,2026-02-03T00:10:34.000Z,comments_exhausted_bottom_reached,unknown_target_exhausted_min_50,1,worker-01,2026-06-20T08:02:12.216Z,6266,visible,20,494,2026-06-20T08:02:12.216Z,2026-06-20T08:04:36.012Z,46,visible,visible,"Ragna, Husky mix, Franklin & Dupont St., Brooklyn, NY • “He’s very friendly, playful. Energetic. He’s my best friend. Very loyal. We’ll walk for like an hour, s"
DUPAaofEbgy,p,https://www.instagram.com/thedogist/p/DUPAaofEbgy/,complete,1,73000,86,380,395,395,og_description_mixed_platform,0.962,367,0,0,0,39.14,23,2026-02-01T23:54:51.000Z,comments_exhausted_bottom_reached,unknown_target_exhausted_min_50,1,worker-01,2026-06-20T08:04:46.415Z,7456,visible,17,395,2026-06-20T08:04:46.416Z,2026-06-20T08:06:37.169Z,49,visible,visible,"George, Golden Retriever (9 y/o), 22nd & 9th Ave., New York, NY • “He has lymphoma, but it doesn’t slow him down. We were living in LA and we moved here six mon"
DUMIyIjEWUX,reel,https://www.instagram.com/thedogist/reel/DUMIyIjEWUX/,complete,1,20000,54,200,208,208,og_description_mixed_platform,0.9615,192,0,0,0,26.41,16.5,2026-01-31T21:10:24.000Z,comments_exhausted_bottom_reached,unknown_target_exhausted_min_50,1,worker-01,2026-06-20T08:06:43.785Z,3853,visible,16,208,2026-06-20T08:06:43.786Z,2026-06-20T08:07:25.078Z,30,visible,visible,See you soon at the Agility Finals! @westminsterkennelclub Who would you bet on in the finals?
DULbrcVkYk2,reel,https://www.instagram.com/thedogist/reel/DULbrcVkYk2/,partial_unknown_target,1,24000,34,118,118,118,og_description_mixed_platform,1,96,0,0,0,40.7,32,2026-01-31T14:36:23.000Z,target_reached,target_reached,1,worker-01,2026-06-20T08:07:36.173Z,8698,visible,26,118,2026-06-20T08:07:36.174Z,2026-06-20T08:07:55.982Z,14,visible,visible,"Watch me fail at coffee and delivering Elsa’s breakfast on time, but win at tennis and ramen 🍜😋"
DUJlxqEkciR,reel,https://www.instagram.com/thedogist/reel/DUJlxqEkciR/,complete,1,77000,244,369,395,395,og_description_mixed_platform,0.9342,344,0,0,0,43.69,29,2026-01-30T21:26:02.000Z,comments_exhausted_bottom_reached,unknown_target_exhausted_min_50,1,worker-01,2026-06-20T08:08:07.729Z,8686,visible,26,395,2026-06-20T08:08:07.730Z,2026-06-20T08:10:00.330Z,43,visible,visible,"Alfredo, Golden Retriever (1 y/o), McCarren Park, Brooklyn, NY • ”I’m taking care of him. He tore my toilet paper apart overnight, so I didn’t know until I woke"
DUHUa-EkRzB,reel,https://www.instagram.com/thedogist/reel/DUHUa-EkRzB/,complete,1,17000,80,123,128,128,og_description_mixed_platform,0.9609,119,0,0,0,50.1,38,2026-01-30T00:16:13.000Z,comments_exhausted_bottom_reached,unknown_target_exhausted_min_50,1,worker-01,2026-06-20T08:10:07.867Z,5079,visible,17,128,2026-06-20T08:10:07.868Z,2026-06-20T08:10:40.333Z,26,visible,visible,Had so much fun at the @museumofthedog 🐕 I can’t wait to go @westminsterkennelclub starting this weekend! Which breed do you think will win Best in Show?
DUGIvxzkRlk,p,https://www.instagram.com/thedogist/p/DUGIvxzkRlk/,partial,1,0,,755,,,,,715,0,0,0,35.09,22,,worker_restarted_recovery,worker_restarted_recovery,1,,,,,0,,,,,,,
DUD9zUPkaRw,reel,https://www.instagram.com/thedogist/reel/DUD9zUPkaRw/,complete,1,50000,381,324,339,339,og_description_mixed_platform,0.9558,303,0,0,0,47.83,29,2026-01-28T17:22:12.000Z,comments_exhausted_bottom_reached,unknown_target_exhausted_min_50,1,worker-01,2026-06-20T18:15:54.043Z,8681,visible,23,339,2026-06-20T18:15:54.044Z,2026-06-20T18:17:27.265Z,49,visible,visible,thedogistVerified Edited•20wVivian Tu explains how many bones Applejacks needs to get rich! Watch the full episode now on YouTube! Link in bio 🐾 @your.richbff
DUBAQIgkcoq,reel,https://www.instagram.com/thedogist/reel/DUBAQIgkcoq/,complete,1,71000,159,366,399,399,og_description_mixed_platform,0.9173,312,0,0,0,54.08,34,2026-01-27T13:26:03.000Z,comments_exhausted_bottom_reached,unknown_target_exhausted_min_50,1,worker-01,2026-06-20T18:17:32.565Z,2656,visible,15,399,2026-06-20T18:17:32.566Z,2026-06-20T18:19:25.646Z,41,visible,visible,"Boston, Labrador Retriever, Orchard & Broome St., New York, NY • “I bought this jacket yesterday and was like, wait, now I look like my dog. I’m from Boston, an"
DT_ZlgsEcZw,p,https://www.instagram.com/thedogist/p/DT_ZlgsEcZw/,complete,1,65000,150,529,548,548,og_description_mixed_platform,0.9653,496,0,0,0,42.4,28,2026-01-26T23:16:54.000Z,comments_exhausted_bottom_reached,unknown_target_exhausted_min_50,1,worker-01,2026-06-20T18:19:37.040Z,8671,visible,19,548,2026-06-20T18:19:37.041Z,2026-06-20T18:22:43.729Z,57,visible,visible,"thedogistVerified Edited•20wSnow dogs in Central Park! Does your pup like the snow?Hudson (Golden Retriever), Oden (Boykin Spaniel), Zaha (Bernese Mountain Dog "
DT8WWBPEZSs,reel,https://www.instagram.com/thedogist/reel/DT8WWBPEZSs/,complete,1,45000,136,555,564,564,og_description_mixed_platform,0.984,533,0,0,0,38.07,29,2026-01-25T18:05:22.000Z,comments_exhausted_bottom_reached,unknown_target_exhausted_min_50,1,worker-01,2026-06-20T18:22:55.082Z,8680,visible,25,564,2026-06-20T18:22:55.083Z,2026-06-20T18:25:39.751Z,51,visible,visible,"Elsa’s snow day, featuring Pepper, Smoke, Teddy, Riley, and Juni ❄️💙 @chasingelsa"
DT6fNUCEXI1,reel,https://www.instagram.com/thedogist/reel/DT6fNUCEXI1/,partial,1,0,,952,,,,,932,0,0,0,36.52,23,,worker_restarted_recovery,worker_restarted_recovery,1,,,,,0,,,,,,,
DT6UmlbEZww,p,https://www.instagram.com/thedogist/p/DT6UmlbEZww/,partial_unknown_target,1,48000,33,67,172,172,og_description_mixed_platform,0.3895,63,0,0,0,27.46,20,2026-01-24T23:07:11.000Z,active_visibility_lost,active_visibility_lost,1,worker-01,2026-06-20T19:28:55.416Z,2667,visible,15,172,2026-06-20T19:28:55.417Z,2026-06-20T19:29:07.759Z,8,visible|hidden,visible|hidden,"Buffy, Samoyed, 37th & Madison Ave., New York, NY • “She just got spayed. She was doing so good, but then she was licking her front paw IV spot too much, so she"
DT262Q6kaok,reel,https://www.instagram.com/thedogist/reel/DT262Q6kaok/,complete,1,44000,116,419,470,470,og_description_mixed_platform,0.8915,310,0,0,0,63.02,40,2026-01-23T16:13:26.000Z,comments_exhausted_bottom_reached,unknown_target_exhausted_min_50,1,worker-01,2026-06-20T19:29:19.368Z,8652,visible,21,470,2026-06-20T19:29:19.369Z,2026-06-20T19:31:58.156Z,37,visible,visible,"thedogistVerified Edited•21wPhoebe, Scottish Terrier, Manhattan & Greenpoint Ave., Brooklyn, NY • “She’s my second Scottie. They’re very stubborn, very willful…"
DT1RwUrESVf,reel,https://www.instagram.com/thedogist/reel/DT1RwUrESVf/,complete,1,23000,45,176,181,181,og_description_mixed_platform,0.9724,145,0,0,0,46.91,34.5,2026-01-23T00:07:13.000Z,comments_exhausted_bottom_reached,unknown_target_exhausted_min_50,1,worker-01,2026-06-20T19:32:09.538Z,8663,visible,22,181,2026-06-20T19:32:09.538Z,2026-06-20T19:33:07.784Z,31,visible,visible,"Not every day looks like this, but this was a fun one! What more BTS would you like to see?”"
DTwDROzkfE2,reel,https://www.instagram.com/thedogist/reel/DTwDROzkfE2/,complete,1,54000,161,389,400,400,og_description_mixed_platform,0.9725,347,0,0,0,64.2,42,2026-01-20T23:24:31.000Z,comments_exhausted_bottom_reached,unknown_target_exhausted_min_50,1,worker-01,2026-06-20T19:33:15.838Z,5052,visible,18,400,2026-06-20T19:33:15.839Z,2026-06-20T19:35:20.918Z,48,visible,visible,"Kodi, Rhodesian Ridgeback (9 y/o), Houston & West Broadway, New York, NY • “He’s gonna be nine in a month. I feed him well; we walk a lot; he has siblings; I ke"
DTqcUAdkR4K,p,https://www.instagram.com/thedogist/p/DTqcUAdkR4K/,complete,1,42000,44,670,690,690,og_description_mixed_platform,0.971,636,0,0,0,52.54,35,2026-01-18T19:06:43.000Z,comments_exhausted_bottom_reached,unknown_target_exhausted_min_50,1,worker-01,2026-06-20T19:35:31.024Z,7494,visible,31,690,2026-06-20T19:35:31.025Z,2026-06-20T19:40:56.106Z,67,visible,visible,"Hampton, Standard Poodle (6 y/o), Armstrong & Travis St., Dallas, TX • “I get him groomed about once every two months. I try to do it myself, sometimes. He’s al"
DToI7dvEWQq,p,https://www.instagram.com/thedogist/p/DToI7dvEWQq/,complete,1,40000,31,189,198,198,og_description_mixed_platform,0.9545,175,0,0,0,36.48,27,2026-01-17T21:38:52.000Z,comments_exhausted_bottom_reached,unknown_target_exhausted_min_50,1,worker-01,2026-06-20T19:41:07.494Z,8681,visible,23,198,2026-06-20T19:41:07.494Z,2026-06-20T19:41:54.698Z,37,visible,visible,"Atlas & Beans, mixes, N 2nd & Main St., Dallas, TX • “Atlas is rescue from Korea. They’re not the best at modeling.”"
DTlJZLnkYvq,reel,https://www.instagram.com/thedogist/reel/DTlJZLnkYvq/,complete,1,30000,86,232,233,233,og_description_mixed_platform,0.9957,183,0,0,0,45.81,34,2026-01-16T17:47:02.000Z,comments_exhausted_bottom_reached,unknown_target_exhausted_min_50,1,worker-01,2026-06-20T19:42:06.383Z,8688,visible,29,233,2026-06-20T19:42:06.384Z,2026-06-20T19:43:21.567Z,29,visible,visible,"Cora, mix (8 y/o), Elizabeth & Kenmare St., New York, NY • “She’s not mine, I’m a dog walker. This is my first time walking her, actually. I get to meet differe"
DTitvqFEdhb,p,https://www.instagram.com/thedogist/p/DTitvqFEdhb/,complete,1,44000,26,79,83,83,og_description_mixed_platform,0.9518,63,0,0,0,33.9,31,2026-01-15T19:05:08.000Z,comments_exhausted_bottom_reached,unknown_target_exhausted_min_50,1,worker-01,2026-06-20T19:43:31.550Z,7495,visible,20,83,2026-06-20T19:43:31.551Z,2026-06-20T19:44:04.561Z,18,visible,visible,"2016 Elias: a lot of mirror selfies, car pics, IG filters, dogs… and @lilbieber 😎"
DTiUEM1kWLC,reel,https://www.instagram.com/thedogist/reel/DTiUEM1kWLC/,complete,1,28000,57,467,471,471,og_description_mixed_platform,0.9915,396,0,0,0,256.46,207,2026-01-15T15:21:55.000Z,comments_exhausted_bottom_reached,unknown_target_exhausted_min_50,1,worker-01,2026-06-20T19:44:16.252Z,8700,visible,31,471,2026-06-20T19:44:16.253Z,2026-06-20T19:47:28.336Z,59,visible,visible,Meeting Togo and Kodo was a reminder that every pet owner does things a little differently to support their dog’s health! So I’m curious… what are your daily do
DTf1IJPEcEp,reel,https://www.instagram.com/thedogist/reel/DTf1IJPEcEp/,complete,1,72000,180,358,367,367,og_description_mixed_platform,0.9755,334,0,0,0,39.77,28,2026-01-14T16:58:36.000Z,comments_exhausted_bottom_reached,unknown_target_exhausted_min_50,1,worker-01,2026-06-20T19:47:36.255Z,5067,visible,19,367,2026-06-20T19:47:36.256Z,2026-06-20T19:48:56.666Z,38,visible,visible,"thedogistVerified Edited•22wDoes your dog have a special diet? Kodo, Japanese Akita (6 y/o), Lafayette & Broome St., New York, NY • “When you’re kinda down, you"
DTa3vIJkaVi,p,https://www.instagram.com/thedogist/p/DTa3vIJkaVi/,complete,1,29000,17,104,106,106,og_description_mixed_platform,0.9811,101,0,0,0,24.03,19,2026-01-12T17:58:29.000Z,comments_exhausted_bottom_reached,unknown_target_exhausted_min_50,1,worker-01,2026-06-20T19:49:03.074Z,3868,visible,16,106,2026-06-20T19:49:03.075Z,2026-06-20T19:49:27.667Z,23,visible,visible,"Rupert, Bernedoodle (3 y/o), W Broadway & Duane St., New York, NY • “He’s originally from Orlando, FL. He’s got endless energy. He’s extremely loyal and tends t"
DTYFOcyEQTk,reel,https://www.instagram.com/thedogist/reel/DTYFOcyEQTk/,complete,1,59000,132,436,455,455,og_description_mixed_platform,0.9582,414,0,0,0,54.47,37,2026-01-11T15:59:40.000Z,comments_exhausted_bottom_reached,unknown_target_exhausted_min_50,1,worker-01,2026-06-20T19:49:36.788Z,6293,visible,18,455,2026-06-20T19:49:36.788Z,2026-06-20T19:51:38.650Z,40,visible,visible,"Cassie, Cavapoo (1y/o), Bleecker & 6th Ave., New York, NY • “She likes CeraVe cream. CeraVe cream is her favorite thing in the world; that’s why she has soft sk"
DTV1i8-kRs_,reel,https://www.instagram.com/thedogist/reel/DTV1i8-kRs_/,partial_unknown_target,1,182000,779,693,707,707,og_description_mixed_platform,0.9802,646,0,0,0,41.5,26,2026-01-10T21:12:14.000Z,post_detail_timeout,post_detail_timeout,1,worker-01,2026-06-20T19:51:50.013Z,8690,visible,32,707,2026-06-20T19:51:50.013Z,2026-06-20T20:00:20.016Z,,,,"thedogistVerified Edited•22wTogo, Akita, Washington Square Park, New York • “He’s super quirky. He’s just really, really funny. (His dating red flag) would be s"
DTSknobka-0,p,https://www.instagram.com/thedogist/p/DTSknobka-0/,complete,1,28000,44,274,280,280,og_description_mixed_platform,0.9786,270,0,0,0,25.48,17,2026-01-09T12:37:31.000Z,comments_exhausted_bottom_reached,unknown_target_exhausted_min_50,1,worker-01,2026-06-20T20:00:27.386Z,2633,visible,15,280,2026-06-20T20:00:27.387Z,2026-06-20T20:01:18.091Z,29,visible,visible,"Melissa, Standard Poodle, Union Square, New York, NY"
DTRBduZEV6q,reel,https://www.instagram.com/thedogist/reel/DTRBduZEV6q/,partial,1,0,,795,,,,,710,0,0,0,57.9,34,,worker_restarted_recovery,worker_restarted_recovery,1,,,,,0,,,,,,,
DTOpuOGkYp-,reel,https://www.instagram.com/thedogist/reel/DTOpuOGkYp-/,partial_unknown_target,1,128000,838,669,1373,1373,og_description_mixed_platform,0.4873,615,0,0,0,131.82,52,2026-01-08T00:08:04.000Z,post_detail_step_timeout,post_detail_step_timeout,1,worker-01,2026-06-20T21:15:45.073Z,9053,visible,23,1373,2026-06-20T21:15:45.073Z,2026-06-20T21:18:59.672Z,,,,"I’m grateful to have met Jack yesterday, whose owner reminded me of the lengths people go to care for their dogs as they age. The love people have for their dog"
DTGVuquj4os,reel,https://www.instagram.com/thedogist/reel/DTGVuquj4os/,partial,1,35000,71,158,176,176,view_all_comments_button,0.8977,145,0,0,0,47.15,34.5,2026-01-04T18:37:33.000Z,comments_exhausted_bottom_reached,comments_exhausted_bottom_reached,1,worker-01,2026-06-20T21:19:11.488Z,9094,visible,19,176,2026-06-20T21:19:11.488Z,2026-06-20T21:20:14.208Z,25,visible,visible,"Lola, Chihuahua (4 y/o), S 2nd & Wythe Ave., Brooklyn, NY • “She just turned four in August, but she has forever puppy energy. She’s a cucumber and apple girl, "
DTEPGesERKa,reel,https://www.instagram.com/thedogist/reel/DTEPGesERKa/,partial,1,41000,113,264,271,271,view_all_comments_button,0.9742,249,0,0,0,32.99,21,2026-01-05T01:12:31.000Z,comments_exhausted_bottom_reached,comments_exhausted_bottom_reached,1,worker-01,2026-06-20T21:20:22.183Z,5454,visible,16,271,2026-06-20T21:20:22.184Z,2026-06-20T21:21:44.007Z,30,visible,visible,"thedogistVerified Edited•23wKoba, Jack Russell/Chihuahua mix (8 y/o), N 6th & Berry St., Brooklyn, NY • “He’s a Sato – a Puerto Rican street dog. He goes betwee"
DTBhNIMEUoB,p,https://www.instagram.com/thedogist/p/DTBhNIMEUoB/,partial,1,31000,30,81,85,85,view_all_comments_button,0.9529,75,0,0,0,41.78,21,2026-01-02T21:40:36.000Z,comments_exhausted_bottom_reached,comments_exhausted_bottom_reached,1,worker-01,2026-06-20T21:21:50.795Z,4265,visible,17,85,2026-06-20T21:21:50.795Z,2026-06-20T21:22:24.773Z,18,visible,visible,"Snowy, Siberian Husky, Union Square, New York, NY • “She’s all grown up now. She’s very popular here.”"
DS7p32hEcvt,reel,https://www.instagram.com/thedogist/reel/DS7p32hEcvt/,partial_unknown_target,1,247000,1300,659,1147,1147,og_description_mixed_platform,0.5745,629,0,0,0,36.05,25,2026-01-08T03:35:17.000Z,post_detail_step_timeout,post_detail_step_timeout,1,worker-01,2026-06-20T21:22:36.662Z,9081,visible,34,1147,2026-06-20T21:22:36.663Z,2026-06-20T21:25:08.417Z,,,,"thedogistVerified Edited•23wLondon, Great Pyrenees mix, N 8th & Berry St., Brooklyn, NY • “She’s a rescue through @muddypawsrescue, and they got her from a shel"
DS46gCZEVua,reel,https://www.instagram.com/thedogist/reel/DS46gCZEVua/,partial,1,21000,89,196,199,199,view_all_comments_button,0.9849,194,0,0,0,45.74,30,2025-12-30T13:29:18.000Z,comments_exhausted_bottom_reached,comments_exhausted_bottom_reached,1,worker-01,2026-06-20T21:25:15.382Z,4275,visible,16,199,2026-06-20T21:25:15.383Z,2026-06-20T21:26:17.239Z,34,visible,visible,*Almost* every dog from 2025… can’t wait to meet your dogs in 2026!Comment below if I’ve photographed your dog! 📸
DS0KvPjEaJS,p,https://www.instagram.com/thedogist/p/DS0KvPjEaJS/,partial,1,116000,103,416,448,448,view_all_comments_button,0.9286,387,0,0,0,38.4,24.5,2025-12-28T17:14:09.000Z,comments_exhausted_bottom_reached,comments_exhausted_bottom_reached,1,worker-01,2026-06-20T21:26:27.803Z,6683,visible,24,448,2026-06-20T21:26:27.804Z,2026-06-20T21:28:39.814Z,30,visible,visible,"Granger, Miniature Schnauzer (6 m/o), 39th & Madison Ave., New York, NY • “She’s a wheaten colored mini Schnauzer. She loves chasing birds, so I think that soun"
DSx_k3zEdKP,reel,https://www.instagram.com/thedogist/reel/DSx_k3zEdKP/,partial,1,82000,262,296,302,302,view_all_comments_button,0.9801,276,0,0,0,54.75,33,2025-12-27T21:00:14.000Z,comments_exhausted_bottom_reached,comments_exhausted_bottom_reached,1,worker-01,2026-06-20T21:28:49.279Z,6683,visible,24,302,2026-06-20T21:28:49.280Z,2026-06-20T21:30:18.495Z,23,visible,visible,"Saint & puppies, S 1st & Kent Ave., Brooklyn, NY • “I’m fostering them. My neighbor met her the day after I got her and already adopted her, so she didn’t even "
DSu1o6AEfeq,reel,https://www.instagram.com/thedogist/reel/DSu1o6AEfeq/,partial_unknown_target,1,142000,697,658,1181,1181,view_all_comments_button,0.5572,612,0,0,0,47.82,33,2025-12-26T16:38:52.000Z,post_detail_step_timeout,post_detail_step_timeout,1,worker-01,2026-06-20T21:30:30.259Z,9115,visible,28,1181,2026-06-20T21:30:30.260Z,2026-06-20T21:33:41.974Z,,,,"thedogistVerified Edited•25wFinley, Oslo, Rusty, & Roxy – Dachshunds, Duane & Greenwich St, New York, NY • “I started with Finley; she was my OG. Then Oslo, and"
DSsvYJcEcdL,reel,https://www.instagram.com/thedogist/reel/DSsvYJcEcdL/,complete,1,15000,73,87,87,87,view_all_comments_button,1,75,0,0,0,56.94,35,2025-12-25T20:00:04.000Z,target_reached,target_reached,1,worker-01,2026-06-20T21:33:50.873Z,5486,visible,23,87,2026-06-20T21:33:50.874Z,2026-06-20T21:34:13.614Z,10,visible,visible,"The fun at @nycacc continues! Santa Paws made his way inside to drop off toys to more adoptable dogs! Each of them made the “Nice” list (obviously), and though "
DSsGJl9kb6R,reel,https://www.instagram.com/thedogist/reel/DSsGJl9kb6R/,partial,1,17000,166,181,183,183,view_all_comments_button,0.9891,162,0,0,0,46.34,32,2025-12-25T14:00:06.000Z,comments_exhausted_bottom_reached,comments_exhausted_bottom_reached,1,worker-01,2026-06-20T21:34:20.505Z,4291,visible,17,183,2026-06-20T21:34:20.506Z,2026-06-20T21:35:35.366Z,36,visible,visible,"Merry Christmas! 🎄🐾 I cosplayed Santa Paws at @nycacc last week to spread some holiday cheer with the adoptable shelter dogs. I got to meet Summit, Renaissanc"
DSp860vEV59,reel,https://www.instagram.com/thedogist/reel/DSp860vEV59/,partial,1,37000,74,138,139,139,view_all_comments_button,0.9928,130,0,0,0,33.38,22,2025-12-25T02:02:38.000Z,comments_exhausted_bottom_reached,comments_exhausted_bottom_reached,1,worker-01,2026-06-20T21:35:43.468Z,5494,visible,17,139,2026-06-20T21:35:43.468Z,2026-06-20T21:36:37.336Z,27,visible,visible,"thedogistVerified Edited•25wRosco, German Shepherd Mix (8 y/o), N 9th & Berry St., Brooklyn, NY • “I got him off Craigslist in college. He’s super lazy unless t"
DSm6maGEfgd,p,https://www.instagram.com/thedogist/p/DSm6maGEfgd/,partial_unknown_target,1,27000,52,72,137,137,og_description_mixed_platform,0.5255,61,0,0,0,46.03,28,2025-12-23T13:43:01.000Z,post_detail_step_timeout,post_detail_step_timeout,1,worker-01,2026-06-20T21:36:47.803Z,7871,visible,18,137,2026-06-20T21:36:47.803Z,2026-06-20T21:37:16.088Z,,,,Looking for holiday travel stress relief?Golden good boy James is here to melt it away for all of us – one dance move at a time 🐾Feeling better already?👉 Go w
DSlIb6Lkdd9,reel,https://www.instagram.com/thedogist/reel/DSlIb6Lkdd9/,partial,1,16000,35,63,64,64,view_all_comments_button,0.9844,52,0,0,0,33.41,31,2025-12-22T21:05:05.000Z,comments_exhausted_bottom_reached,comments_exhausted_bottom_reached,1,worker-01,2026-06-20T21:37:26.644Z,7910,visible,19,64,2026-06-20T21:37:26.644Z,2026-06-20T21:38:01.728Z,15,visible,visible,@kanebrown and @katelynbrown help me spread paw-liday cheer around NYC! Watch the full episode on YouTube 🎄 Link in bio
DSiePczERTP,reel,https://www.instagram.com/thedogist/reel/DSiePczERTP/,partial,1,40000,83,218,223,223,view_all_comments_button,0.9776,210,0,0,0,51.11,30,2025-12-21T20:19:24.000Z,comments_exhausted_bottom_reached,comments_exhausted_bottom_reached,1,worker-01,2026-06-20T21:38:10.253Z,5490,visible,17,223,2026-06-20T21:38:10.254Z,2026-06-20T21:39:18.599Z,28,visible,visible,"Ace, Chihuahua (12 y/o), S 2nd & Wythe Ave., Brooklyn, NY • “He’s super friendly. He acts like a puppy – he’s actually twelve. He almost died when he was six mo"
DSfktSdkeL4,p,https://www.instagram.com/thedogist/p/DSfktSdkeL4/,partial_unknown_target,1,45000,40,857,2177,2177,view_all_comments_button,0.3937,829,0,0,0,201.54,141,2025-12-20T17:17:01.000Z,post_detail_step_timeout,post_detail_step_timeout,1,worker-01,2026-06-20T21:39:25.690Z,4254,visible,17,2177,2026-06-20T21:39:25.691Z,2026-06-20T21:44:27.615Z,,,,⭐️BIRTHDAY GIVEAWAY! ⭐️It’s my birthday today and I want to celebrate with one of you!I’m extremely lucky that I get to share the joy of dogs everyday for a liv
DSdonnpEXOI,p,https://www.instagram.com/thedogist/p/DSdonnpEXOI/,partial,1,47000,78,151,178,178,view_all_comments_button,0.8483,149,0,0,0,34.32,20,2025-12-19T23:12:44.000Z,comments_exhausted_bottom_reached,comments_exhausted_bottom_reached,1,worker-01,2026-06-20T21:44:38.376Z,6686,visible,16,178,2026-06-20T21:44:38.377Z,2026-06-20T21:45:52.025Z,30,visible,visible,"On my trip to @brotherwolfanimalrescue , I also got the chance to meet some rescue alums! It was amazing to hear their unique backstories and see them now livin"
DScvUwVEXYc,reel,https://www.instagram.com/thedogist/reel/DScvUwVEXYc/,partial,1,12000,125,156,161,161,view_all_comments_button,0.9689,145,0,0,0,80.18,58.5,2025-12-19T14:54:50.000Z,comments_exhausted_bottom_reached,comments_exhausted_bottom_reached,1,worker-01,2026-06-20T21:46:00.739Z,5466,visible,18,161,2026-06-20T21:46:00.739Z,2026-06-20T21:47:10.752Z,33,visible,visible,"I had the privilege of visiting the @brotherwolfanimalrescue team down in Asheville, NC as part of this year’s Dogist Fund effort. Despite having their entire s"
DSaK_Z-ESVC,reel,https://www.instagram.com/thedogist/reel/DSaK_Z-ESVC/,partial,1,17000,44,90,91,91,view_all_comments_button,0.989,67,0,0,0,35.21,29,2025-12-19T19:35:17.000Z,comments_exhausted_bottom_reached,comments_exhausted_bottom_reached,1,worker-01,2026-06-20T21:47:21.157Z,7882,visible,21,91,2026-06-20T21:47:21.157Z,2026-06-20T21:48:10.027Z,19,visible,visible,thedogistVerified Edited•26w‘Tis the season for hoop jumping! Charlotte is the Golden standard at spreading joy and de-stressing everyone during the busy holida
DSX0YmtEZmM,reel,https://www.instagram.com/thedogist/reel/DSX0YmtEZmM/,partial,1,33000,57,69,75,75,view_all_comments_button,0.92,59,0,0,0,57.32,42,2025-12-17T17:00:07.000Z,comments_exhausted_bottom_reached,comments_exhausted_bottom_reached,1,worker-01,2026-06-20T21:48:18.155Z,5474,visible,18,75,2026-06-20T21:48:18.156Z,2026-06-20T21:49:04.912Z,23,visible,visible,@zooeydeschanel and I met a dog who might be on the naughty list 🎄 Which list is your pup on?! Full episode on YouTube!
DSVel8OkUUh,reel,https://www.instagram.com/thedogist/reel/DSVel8OkUUh/,partial_unknown_target,1,71000,117,200,222,222,og_description_mixed_platform,0.9009,186,0,0,0,36.69,25,2025-12-16T19:11:28.000Z,post_detail_step_timeout,post_detail_step_timeout,1,worker-01,2026-06-20T21:49:16.904Z,9096,visible,24,222,2026-06-20T21:49:16.905Z,2026-06-20T21:50:10.058Z,,,,Wednesday?! WEDNESDAY! New episode of DOGS out tomorrow with @zooeydeschanel on YouTube! It’s gonna be a fun one ☃️🎁
DSS5mWzEU9k,p,https://www.instagram.com/thedogist/p/DSS5mWzEU9k/,partial,1,42000,46,459,468,468,view_all_comments_button,0.9808,445,0,0,0,30.79,21,2025-12-15T19:09:28.000Z,comments_exhausted_bottom_reached,comments_exhausted_bottom_reached,1,worker-01,2026-06-20T21:50:18.328Z,5491,visible,18,468,2026-06-20T21:50:18.329Z,2026-06-20T21:52:25.354Z,29,visible,visible,"Let it go, let it go… the cold doesn’t bother Elsa anyway ❄️🎶"
DSQeCzBkdxd,p,https://www.instagram.com/thedogist/p/DSQeCzBkdxd/,partial,1,34000,32,120,126,126,view_all_comments_button,0.9524,113,0,0,0,38.92,24.5,2025-12-14T20:30:11.000Z,comments_exhausted_bottom_reached,comments_exhausted_bottom_reached,1,worker-01,2026-06-20T21:52:37.114Z,9121,visible,27,126,2026-06-20T21:52:37.115Z,2026-06-20T21:53:19.312Z,21,visible,visible,"Rocco, Toy Manchester Terrier, 26th & 9th Ave., New York, NY • “I didn’t buy him. He’s from the pound. He’s very vocal. He sometimes scares the other dogs by ba"
DSNzr9EESMo,reel,https://www.instagram.com/thedogist/reel/DSNzr9EESMo/,partial,1,32000,92,253,259,259,view_all_comments_button,0.9768,234,0,0,0,37.72,28,2025-12-13T19:43:34.000Z,comments_exhausted_bottom_reached,comments_exhausted_bottom_reached,1,worker-01,2026-06-20T21:53:29.812Z,7873,visible,19,259,2026-06-20T21:53:29.812Z,2026-06-20T21:54:57.253Z,29,visible,visible,"Beta, Maltese/Poodle mix, Metropolitan & Berry St., Brooklyn, NY • “She has a different hat for different days. My life would be infinitesimally different witho"
DSLF83Zkafe,reel,https://www.instagram.com/thedogist/reel/DSLF83Zkafe/,partial,1,69000,237,581,591,591,view_all_comments_button,0.9831,556,0,0,0,46.91,33,2025-12-12T18:24:35.000Z,comments_exhausted_bottom_reached,comments_exhausted_bottom_reached,1,worker-01,2026-06-20T21:55:09.824Z,9121,visible,22,591,2026-06-20T21:55:09.824Z,2026-06-20T21:58:41.119Z,37,visible,visible,They said it couldn’t be done. I said “woof” 😎
DSJCgs8kXh0,reel,https://www.instagram.com/thedogist/reel/DSJCgs8kXh0/,partial,1,59000,144,315,346,346,view_all_comments_button,0.9104,294,0,0,0,47.56,29,2025-12-11T23:16:08.000Z,comments_exhausted_bottom_reached,comments_exhausted_bottom_reached,1,worker-01,2026-06-20T21:58:46.982Z,3092,visible,15,346,2026-06-20T21:58:46.983Z,2026-06-20T22:00:16.237Z,27,visible,visible,"Charlie, Labrador Retriever (5 y/o), N 7th & Berry St., Brooklyn, NY • “He loves every animal, every person… everything. He loves hiking and loves to chase pige"
DSFyz8-kUzv,reel,https://www.instagram.com/thedogist/reel/DSFyz8-kUzv/,partial,1,31000,1600,317,325,325,view_all_comments_button,0.9754,290,0,0,0,27.98,16,2025-12-10T17:00:45.000Z,comments_exhausted_bottom_reached,comments_exhausted_bottom_reached,1,worker-01,2026-06-20T22:00:25.667Z,6706,visible,19,325,2026-06-20T22:00:25.668Z,2026-06-20T22:01:48.796Z,25,visible,visible,It’s officially sweater weather in NYC and @marktuan helped me find a doodle puppy wearing one! 🐶🧣Full episode out now on YouTube!
DSDe6u8kS6O,p,https://www.instagram.com/thedogist/p/DSDe6u8kS6O/,partial,1,45000,61,375,381,381,view_all_comments_button,0.9843,359,0,0,0,36.27,22,2025-12-09T19:27:42.000Z,comments_exhausted_bottom_reached,comments_exhausted_bottom_reached,1,worker-01,2026-06-20T22:01:56.986Z,5469,visible,20,381,2026-06-20T22:01:56.987Z,2026-06-20T22:03:42.231Z,29,visible,visible,"Wally, Pug, 16th & Union Square W, New York, NY • “He’s a one-eyed Pug. I adopted him @waggytailrescue in the city; he’s from Texas. He was a stray and he came "
DR-aHhzkXgF,reel,https://www.instagram.com/thedogist/reel/DR-aHhzkXgF/,partial,1,6341,14,73,79,79,view_all_comments_button,0.9241,55,0,0,0,66.74,45,2025-12-07T20:12:20.000Z,comments_exhausted_bottom_reached,comments_exhausted_bottom_reached,1,worker-01,2026-06-20T22:03:54.051Z,9139,visible,26,79,2026-06-20T22:03:54.052Z,2026-06-20T22:04:30.878Z,17,visible,visible,"The Hotdogist goes to Flushing, Queens to try a Korean cheese dog 🧀🌭Would you try it? Which dog should I try next?"
DR72mfKEedE,reel,https://www.instagram.com/thedogist/reel/DR72mfKEedE/,partial,1,69000,316,322,338,338,view_all_comments_button,0.9527,302,0,0,0,40.91,27,2025-12-06T20:35:59.000Z,comments_exhausted_bottom_reached,comments_exhausted_bottom_reached,1,worker-01,2026-06-20T22:04:41.473Z,7927,visible,19,338,2026-06-20T22:04:41.474Z,2026-06-20T22:06:24.836Z,29,visible,visible,"thedogistVerified Edited•28wBronson, Pembroke Welsh Corgi, N 9th & Berry St., Brooklyn, NY • “He’s very sassy. Very food motivated. He ate two pounds of charcut"
DR7aTBTkebB,reel,https://www.instagram.com/empirestatebldg/reel/DR7aTBTkebB/,partial,1,23000,48,85,87,87,view_all_comments_button,0.977,80,0,0,0,48.39,26,2025-12-06T16:14:29.000Z,comments_exhausted_bottom_reached,comments_exhausted_bottom_reached,1,worker-01,2026-06-20T22:06:35.602Z,7896,visible,19,87,2026-06-20T22:06:35.603Z,2026-06-20T22:07:18.932Z,23,visible,visible,She’s the World’s Most Famous Dog at the World’s Most Famous Building
DR5O3P_jycm,p,https://www.instagram.com/thedogist/p/DR5O3P_jycm/,partial,1,20000,13,74,77,77,view_all_comments_button,0.961,69,0,0,0,37.12,32,2025-12-05T19:55:01.000Z,comments_exhausted_bottom_reached,comments_exhausted_bottom_reached,1,worker-01,2026-06-20T22:07:29.555Z,6723,visible,19,77,2026-06-20T22:07:29.555Z,2026-06-20T22:08:06.158Z,19,visible,visible,"I went to the tippy-top of the Empire State Building to take photos of dogs! I got to meet Gemma, their detection dog, and may or may not have gotten vertigo lo"
DR4mTwyESDm,reel,https://www.instagram.com/thedogist/reel/DR4mTwyESDm/,partial,1,91000,421,454,474,474,view_all_comments_button,0.9578,437,0,0,0,39.35,28,2025-12-05T13:24:03.000Z,comments_exhausted_bottom_reached,comments_exhausted_bottom_reached,1,worker-01,2026-06-20T22:08:12.898Z,4325,visible,16,474,2026-06-20T22:08:12.898Z,2026-06-20T22:10:34.747Z,33,visible,visible,"Cain & Abel, Dachshunds, N 7th & Driggs Ave., Brooklyn, NY • “Cain is much calmer and more cuddly. Abel is a bit more reactive. They like to eat everything on t"
DR2VEONkdPT,reel,https://www.instagram.com/thedogist/reel/DR2VEONkdPT/,partial_unknown_target,1,7824,22,78,145,145,view_all_comments_button,0.5379,46,0,0,0,54.5,46.5,2025-12-04T16:53:40.000Z,post_detail_step_timeout,post_detail_step_timeout,1,worker-01,2026-06-20T22:10:46.713Z,9099,visible,22,145,2026-06-20T22:10:46.714Z,2026-06-20T22:11:15.010Z,,,,"I stopped by my buddy @pasquale spot to meet his new dog, Spark (@spark.lingonberry ), and his robotic dog Spot he’s “fostering” for a few months from @bostondy"
DRzx0o2Ed0i,reel,https://www.instagram.com/thedogist/reel/DRzx0o2Ed0i/,partial,1,29000,93,167,177,177,view_all_comments_button,0.9435,154,0,0,0,44.38,29,2025-12-03T17:05:04.000Z,comments_exhausted_bottom_reached,comments_exhausted_bottom_reached,1,worker-01,2026-06-20T22:11:26.953Z,9111,visible,19,177,2026-06-20T22:11:26.954Z,2026-06-20T22:12:28.414Z,26,visible,visible,"@zacharyquinto faces off Bill the adoptable puppy on this episode DOGS, on YouTube! Link in bio for the full episode!"
DRw-IF6EaT_,reel,https://www.instagram.com/thedogist/reel/DRw-IF6EaT_/,partial,1,4586,25,35,38,38,view_all_comments_button,0.9211,31,0,0,0,47.06,22,2025-12-02T15:46:53.000Z,comments_exhausted_bottom_reached,comments_exhausted_bottom_reached,1,worker-01,2026-06-20T22:12:36.500Z,5501,visible,17,38,2026-06-20T22:12:36.501Z,2026-06-20T22:13:07.642Z,13,visible,visible,thedogistVerified Edited•28wIt’s Giving Tuesday! This year I’m excited to partner with @gofundme to raise money for The Dogist Fund and its three 2025 beneficia
DRqGWbcEVvW,p,https://www.instagram.com/thedogist/p/DRqGWbcEVvW/,partial,1,90000,214,468,472,472,view_all_comments_button,0.9915,449,0,0,0,55.2,27,2025-11-29T22:52:01.000Z,comments_exhausted_bottom_reached,comments_exhausted_bottom_reached,1,worker-01,2026-06-20T22:13:19.456Z,9098,visible,28,472,2026-06-20T22:13:19.457Z,2026-06-20T22:16:05.865Z,39,visible,visible,Street dogs of Saint Lucia.I met a few friendly stray dogs during the Gros Islet street party in Saint Lucia in the Caribbean. While these dogs’ lives may be un
DRnCa95EcVk,reel,https://www.instagram.com/thedogist/reel/DRnCa95EcVk/,partial,1,36000,68,156,157,157,view_all_comments_button,0.9936,145,0,0,0,69.15,49.5,2025-11-28T18:23:18.000Z,comments_exhausted_bottom_reached,comments_exhausted_bottom_reached,1,worker-01,2026-06-20T22:16:13.953Z,5510,visible,17,157,2026-06-20T22:16:13.954Z,2026-06-20T22:17:08.864Z,27,visible,visible,"Spend a day with us in Saint Lucia! It was my wife Sam’s birthday, so we got some special spa treatments and then cancelled the dinner I had planned to check ou"
DRk1drPEZWn,p,https://www.instagram.com/thedogist/p/DRk1drPEZWn/,partial,1,87000,72,299,303,303,view_all_comments_button,0.9868,285,0,0,0,44.81,28,2025-11-27T21:48:16.000Z,comments_exhausted_bottom_reached,comments_exhausted_bottom_reached,1,worker-01,2026-06-20T22:17:20.674Z,9143,visible,20,303,2026-06-20T22:17:20.675Z,2026-06-20T22:18:44.937Z,25,visible,visible,"Happy Thanksgiving from Elsa, Sam & me! I’m thankful for the people and dogs in my life and Elsa’s thankful for table scraps (and family) ☺️ Post your dogs at t"
DRhwQ_TEZP_,reel,https://www.instagram.com/thedogist/reel/DRhwQ_TEZP_/,partial,1,17000,29,70,74,74,view_all_comments_button,0.9459,62,0,0,0,40.71,23,2025-11-26T17:05:05.000Z,comments_exhausted_bottom_reached,comments_exhausted_bottom_reached,1,worker-01,2026-06-20T22:18:52.107Z,4312,visible,16,74,2026-06-20T22:18:52.108Z,2026-06-20T22:19:30.542Z,17,visible,visible,@anagasteyer gets maternal with the adoptable puppy from @animalhaven on today’s episode of DOGS. Watch now on YouTube!
DRfHWUmEVx6,reel,https://www.instagram.com/thedogist/reel/DRfHWUmEVx6/,partial_unknown_target,1,36000,174,667,2080,2080,view_all_comments_button,0.3207,628,0,0,0,30.27,10,2025-11-25T16:49:14.000Z,post_detail_step_timeout,post_detail_step_timeout,1,worker-01,2026-06-20T22:19:42.352Z,9098,visible,27,2080,2026-06-20T22:19:42.353Z,2026-06-20T22:23:22.551Z,,,,"While here in Saint Lucia, Sam and I have seen dozens of stray dogs wandering the streets wherever we go. We decided to stop by @helpaws animal shelter to learn"
DRcOFufETTf,reel,https://www.instagram.com/thedogist/reel/DRcOFufETTf/,partial,1,84000,311,567,581,581,view_all_comments_button,0.9759,533,0,0,0,41.16,27,2025-11-24T13:45:04.000Z,comments_exhausted_bottom_reached,comments_exhausted_bottom_reached,1,worker-01,2026-06-20T22:23:35.112Z,9162,visible,24,581,2026-06-20T22:23:35.113Z,2026-06-20T22:26:44.195Z,35,visible,visible,"Toffee, Poodle mix, Prince & Mercer St., New York, NY • “He’s calm and chill. We’ve had him for three months. We live in LA – we got him in Bakersfield from Tho"
DRZrBchkaoj,reel,https://www.instagram.com/thedogist/reel/DRZrBchkaoj/,partial_unknown_target,1,27000,57,55,126,126,og_description_mixed_platform,0.4365,44,0,0,0,31.96,22,2025-11-23T13:45:10.000Z,post_detail_step_timeout,post_detail_step_timeout,1,worker-01,2026-06-20T22:26:56.156Z,9122,visible,19,126,2026-06-20T22:26:56.156Z,2026-06-20T22:27:24.460Z,,,,"Uzume, Chihuahua mix, Thompson & Prince St., New York, NY • “(Her name means) Japanese goddess of happiness. She brings happiness all the time. She’s extremely "
DRYAGz0ERpH,reel,https://www.instagram.com/thedogist/reel/DRYAGz0ERpH/,partial,1,12000,19,157,158,158,view_all_comments_button,0.9937,155,0,0,0,58.6,30,2025-11-22T22:11:55.000Z,comments_exhausted_bottom_reached,comments_exhausted_bottom_reached,1,worker-01,2026-06-20T22:27:32.685Z,5529,visible,17,158,2026-06-20T22:27:32.686Z,2026-06-20T22:28:29.644Z,27,visible,visible,Getting to know St Lucia with @sjcutler 😎🌴 What’s your favorite Caribbean island?
DRXGMXFEQex,reel,https://www.instagram.com/thedogist/reel/DRXGMXFEQex/,partial,1,30000,45,180,182,182,view_all_comments_button,0.989,165,0,0,0,43.45,31,2025-11-22T13:45:05.000Z,comments_exhausted_bottom_reached,comments_exhausted_bottom_reached,1,worker-01,2026-06-20T22:28:38.465Z,5515,visible,18,182,2026-06-20T22:28:38.465Z,2026-06-20T22:29:50.998Z,30,visible,visible,"Perdita, Pit Bull mix (6 y/o), Washington Square Park, New York, NY • “This is Perdy – short for Perdita. The shelter we got her from named her after the mother"
DRVV6FrEc03,p,https://www.instagram.com/thedogist/p/DRVV6FrEc03/,partial,1,40000,43,201,205,205,view_all_comments_button,0.9805,195,0,0,0,23.11,17,2025-11-21T21:23:54.000Z,comments_exhausted_bottom_reached,comments_exhausted_bottom_reached,1,worker-01,2026-06-20T22:29:59.071Z,5490,visible,17,205,2026-06-20T22:29:59.072Z,2026-06-20T22:31:00.215Z,23,visible,visible,"Biron, English Bulldog (9 y/o), 25th & 7th Ave., New York, NY"
DRSxJXVEdom,reel,https://www.instagram.com/thedogist/reel/DRSxJXVEdom/,partial,1,24000,29,386,398,398,view_all_comments_button,0.9698,357,0,0,0,42.78,27,2025-11-20T21:32:49.000Z,comments_exhausted_bottom_reached,comments_exhausted_bottom_reached,1,worker-01,2026-06-20T22:31:11.832Z,9135,visible,23,398,2026-06-20T22:31:11.833Z,2026-06-20T22:33:00.547Z,28,visible,visible,"A surprise birthday trip for Sam – beaches, pitons, and local pups ❤️🌴🐕🎂 Any recommendations for places to go/things to do?"
DRSS7Vsj5Yl,p,https://www.instagram.com/ballantinebooks/p/DRSS7Vsj5Yl/,partial,1,1705,6,231,239,239,view_all_comments_button,0.9665,225,0,0,0,140.07,107,2025-11-20T17:00:18.000Z,comments_exhausted_bottom_reached,comments_exhausted_bottom_reached,1,worker-01,2026-06-20T22:33:07.777Z,4307,visible,13,239,2026-06-20T22:33:07.777Z,2026-06-20T22:34:26.816Z,38,visible,visible,"To celebrate This Dog Will Change Your Life by @TheDogist, we’re hosting a giveaway filled with goodies every dog lover will adore!⁣ ⁣One winner will receive:⁣✨"
DRR65IkkYw0,reel,https://www.instagram.com/thedogist/reel/DRR65IkkYw0/,partial,1,46000,89,192,195,195,view_all_comments_button,0.9846,180,0,0,0,48.06,25.5,2025-11-20T13:30:04.000Z,comments_exhausted_bottom_reached,comments_exhausted_bottom_reached,1,worker-01,2026-06-20T22:34:36.350Z,6721,visible,20,195,2026-06-20T22:34:36.351Z,2026-06-20T22:35:44.496Z,34,visible,visible,"Zen, German Shepherd mix (5 y/o), Washington Square Park, New York, NY • “Zen – she came with the name. We rescued her. She tends to just eat everything. She li"
DRPu6dJkRMt,reel,https://www.instagram.com/thedogist/reel/DRPu6dJkRMt/,partial,1,43000,73,210,217,217,view_all_comments_button,0.9677,191,0,0,0,44.62,33,2025-11-19T17:08:08.000Z,comments_exhausted_bottom_reached,comments_exhausted_bottom_reached,1,worker-01,2026-06-20T22:35:54.024Z,6720,visible,21,217,2026-06-20T22:35:54.025Z,2026-06-20T22:37:10.210Z,30,visible,visible,"Norman rejects treats from food connoisseur @phil.rosenthal on this episode of DOGS, on YouTube!"
DRN8ZXTEe2B,reel,https://www.instagram.com/thedogist/reel/DRN8ZXTEe2B/,partial,1,32000,61,253,257,257,view_all_comments_button,0.9844,247,0,0,0,51.32,37,2025-11-19T00:29:03.000Z,comments_exhausted_bottom_reached,comments_exhausted_bottom_reached,1,worker-01,2026-06-20T22:37:20.931Z,7904,visible,23,257,2026-06-20T22:37:20.931Z,2026-06-20T22:38:50.641Z,38,visible,visible,"Maisie, Poodle mix, 20th & 10th Ave., New York, NY • “This is her new look. We decided to keep the head puffy, her tail long. The intelligence factor of this do"
DRLXw4cEcbt,reel,https://www.instagram.com/thedogist/reel/DRLXw4cEcbt/,partial,1,67000,344,505,519,519,view_all_comments_button,0.973,494,0,0,0,49.54,34,2025-11-18T00:28:42.000Z,comments_exhausted_bottom_reached,comments_exhausted_bottom_reached,1,worker-01,2026-06-20T22:39:00.098Z,6754,visible,28,519,2026-06-20T22:39:00.098Z,2026-06-20T22:41:30.640Z,30,visible,visible,"Gudi, Siberian Husky (9 y/o), E 5th & Ave B, New York, NY • “That Gudi. G-U-D-I, it’s short for Gudinde which is Danish for goddess. She’s nine. Oh my god, I do"
DRIxw4JEcVg,reel,https://www.instagram.com/thedogist/reel/DRIxw4JEcVg/,partial,1,58000,162,258,263,263,view_all_comments_button,0.981,247,0,0,0,33.06,25,2025-11-17T01:13:24.000Z,comments_exhausted_bottom_reached,comments_exhausted_bottom_reached,1,worker-01,2026-06-20T22:41:39.819Z,5532,visible,23,263,2026-06-20T22:41:39.820Z,2026-06-20T22:42:55.999Z,29,visible,visible,"thedogistVerified Edited•30wDart, Dachshund (6 m/o), Sullivan & Houston St., New York, NY • “This is Dart. It’s short for D’Artagnan – from The Three Musketeers"
DRDaiAWEQW6,reel,https://www.instagram.com/thedogist/reel/DRDaiAWEQW6/,partial,1,44000,95,268,278,278,view_all_comments_button,0.964,252,0,0,0,42.5,27,2025-11-14T22:18:59.000Z,comments_exhausted_bottom_reached,comments_exhausted_bottom_reached,1,worker-01,2026-06-20T22:43:04.340Z,5547,visible,23,278,2026-06-20T22:43:04.341Z,2026-06-20T22:44:29.543Z,31,visible,visible,"Kepler, Basenji (11 y/o), W 3rd & Sullivan St., New York, NY • “We had two Basenji’s but we lost one a couple years ago. We run the Basenji meet-ups. Anywhere f"
DRA3Ip-EbrP,p,https://www.instagram.com/thedogist/p/DRA3Ip-EbrP/,partial,1,52000,89,175,192,192,view_all_comments_button,0.9115,173,0,0,0,29.32,19,2025-11-13T22:30:12.000Z,comments_exhausted_bottom_reached,comments_exhausted_bottom_reached,1,worker-01,2026-06-20T22:44:41.244Z,9114,visible,15,192,2026-06-20T22:44:41.245Z,2026-06-20T22:45:47.179Z,27,visible,visible,"Ka, Pomsky, 40th & Park Ave., New York, NY"
DQ9slrTkS5V,reel,https://www.instagram.com/thedogist/reel/DQ9slrTkS5V/,partial,1,9623,36,19,21,21,view_all_comments_button,0.9048,17,0,0,0,39.84,26,2025-11-12T17:11:21.000Z,comments_exhausted_bottom_reached,comments_exhausted_bottom_reached,1,worker-01,2026-06-20T22:45:55.256Z,5529,visible,17,21,2026-06-20T22:45:55.257Z,2026-06-20T22:46:19.258Z,11,visible,visible,thedogistVerified Edited•31w@Ariana_Greenblatt used magic to conjure two Golden Retrievers on this week’s episode of DOGS!And don’t forget to see Ariana in @nys
DQ71c8OERz8,reel,https://www.instagram.com/thedogist/reel/DQ71c8OERz8/,partial,1,44000,92,267,284,284,view_all_comments_button,0.9401,241,0,0,0,42.78,31,2025-11-11T23:40:28.000Z,comments_exhausted_bottom_reached,comments_exhausted_bottom_reached,1,worker-01,2026-06-20T22:46:31.044Z,9186,visible,46,284,2026-06-20T22:46:31.045Z,2026-06-20T22:48:06.308Z,34,visible,visible,"Cheddar, Hound Mix, E 10th & Ave A, New York, NY • “This is Cheddar. His mom was a Beagle-Bassett mix. The whole litter was named after bagel flavors, and his w"
DQ1pMhSEWbl,reel,https://www.instagram.com/thedogist/reel/DQ1pMhSEWbl/,partial,1,43000,95,237,253,253,view_all_comments_button,0.9368,229,0,0,0,29.63,24,2025-11-09T13:57:53.000Z,comments_exhausted_bottom_reached,comments_exhausted_bottom_reached,1,worker-01,2026-06-20T22:48:19.546Z,9188,visible,26,253,2026-06-20T22:48:19.546Z,2026-06-20T22:49:37.344Z,27,visible,visible,"Mocha, Miniature Poodle (3 y/o), Broadway & Broome St., New York, NY • “He loves people, food, and rats… wild rats. He almost got one. My favorite is every time"
DQzLz-LEZ9L,reel,https://www.instagram.com/thedogist/reel/DQzLz-LEZ9L/,partial,1,34000,63,131,138,138,view_all_comments_button,0.9493,119,0,0,0,58.31,40,2025-11-08T15:19:58.000Z,comments_exhausted_bottom_reached,comments_exhausted_bottom_reached,1,worker-01,2026-06-20T22:49:47.890Z,7978,visible,27,138,2026-06-20T22:49:47.891Z,2026-06-20T22:50:37.633Z,25,visible,visible,"thedogistVerified Edited•32wPangur & Nessie, mixes, Prince & West Broadway, New York, NY • “This is Pangur, and this is Nessie – she’s very shy; she might not p"
DQwZJGKDcvk,reel,https://www.instagram.com/thedogist/reel/DQwZJGKDcvk/,partial,1,47000,98,444,481,481,view_all_comments_button,0.9231,377,0,0,0,64.72,39,2025-11-07T13:00:06.000Z,comments_exhausted_bottom_reached,comments_exhausted_bottom_reached,1,worker-01,2026-06-20T22:50:48.287Z,7982,visible,34,481,2026-06-20T22:50:48.288Z,2026-06-20T22:53:34.614Z,34,visible,visible,"Lola, French Bulldog (5 y/o), Stuyvesant Square Park, New York, NY • “She’s obsessed with the ball – any ball. She’s cute and fun and all for the good.”"
DQrq9DwkctG,reel,https://www.instagram.com/thedogist/reel/DQrq9DwkctG/,partial,1,14000,17,35,40,40,view_all_comments_button,0.875,34,0,0,0,27.06,18,2025-11-05T17:01:29.000Z,comments_exhausted_bottom_reached,comments_exhausted_bottom_reached,1,worker-01,2026-06-20T22:53:42.740Z,5540,visible,18,40,2026-06-20T22:53:42.741Z,2026-06-20T22:54:13.259Z,13,visible,visible,"Peca doesn’t just give his paw to anyone, it’s gotta be Allison Williams @aw (or whoever has a cookie).Watch the full episode on YouTube 🐶"
DQpWw3xkQmi,p,https://www.instagram.com/thedogist/p/DQpWw3xkQmi/,partial,1,42000,30,267,277,277,view_all_comments_button,0.9639,242,0,0,0,49.62,25,2025-11-04T19:24:48.000Z,comments_exhausted_bottom_reached,comments_exhausted_bottom_reached,1,worker-01,2026-06-20T22:54:22.782Z,6706,visible,20,277,2026-06-20T22:54:22.782Z,2026-06-20T22:56:16.987Z,34,visible,visible,"Darcy, Miniature Goldendoodle (3 y/o), Astor Place, New York, NY • “He’s a mini Goldendoodle but everyone thinks he’s an Aussie.”"
DQm2gBzkXxA,reel,https://www.instagram.com/thedogist/reel/DQm2gBzkXxA/,partial,1,54000,115,413,420,420,view_all_comments_button,0.9833,382,0,0,0,52.89,31,2025-11-03T20:05:40.000Z,comments_exhausted_bottom_reached,comments_exhausted_bottom_reached,1,worker-01,2026-06-20T22:56:22.784Z,3159,visible,15,420,2026-06-20T22:56:22.785Z,2026-06-20T22:58:56.848Z,37,visible,visible,"Frankie, mix, Fort Greene Park, Brooklyn, NY • “She’s from @muddypawsrescuenyc – from Kentucky originally. We’ve had her for less than three months. I don’t kno"
DQjp7YdkQrq,p,https://www.instagram.com/thedogist/p/DQjp7YdkQrq/,partial,1,29000,18,32,36,36,view_all_comments_button,0.8889,31,0,0,0,25.13,18.5,2025-11-02T14:17:29.000Z,comments_exhausted_bottom_reached,comments_exhausted_bottom_reached,1,worker-01,2026-06-20T22:59:03.910Z,4330,visible,15,36,2026-06-20T22:59:03.910Z,2026-06-20T22:59:31.870Z,13,visible,visible,"thedogistVerified Edited•32wDog names or 1950s jazz quartet? Junie, Stanley, Hudson & Harriet 🎷🎶 The dogs @roywoodjr and I met on the latest episode of DOGS.W"
DQhvQnAkWTB,reel,https://www.instagram.com/thedogist/reel/DQhvQnAkWTB/,partial,1,6955,8,52,57,57,view_all_comments_button,0.9123,51,0,0,0,33.63,22,2025-11-01T20:26:00.000Z,comments_exhausted_bottom_reached,comments_exhausted_bottom_reached,1,worker-01,2026-06-20T22:59:38.916Z,4345,visible,16,57,2026-06-20T22:59:38.917Z,2026-06-20T23:00:11.977Z,15,visible,visible,Elsa (The Big Bad Wolf) and I (Little Red Riding Hood) loved all the comments everyone left from my latest show in CT! The Dogist LIVE returns to my hometown ne
DQesUHfERO9,reel,https://www.instagram.com/thedogist/reel/DQesUHfERO9/,partial,1,12000,15,61,63,63,view_all_comments_button,0.9683,57,0,0,0,31.64,22,2025-10-31T16:02:44.000Z,comments_exhausted_bottom_reached,comments_exhausted_bottom_reached,1,worker-01,2026-06-20T23:00:21.386Z,6731,visible,18,63,2026-06-20T23:00:21.387Z,2026-06-20T23:00:57.902Z,16,visible,visible,"Can dogs be Karens? @roywoodjr and I discuss on this latest episode of DOGS, on Youtube."
DQc-u9QEUr6,p,https://www.instagram.com/thedogist/p/DQc-u9QEUr6/,partial,1,38000,79,212,220,220,view_all_comments_button,0.9636,192,0,0,0,36.21,28,2025-10-31T00:22:49.000Z,comments_exhausted_bottom_reached,comments_exhausted_bottom_reached,1,worker-01,2026-06-20T23:01:09.933Z,9119,visible,25,220,2026-06-20T23:01:09.933Z,2026-06-20T23:02:31.986Z,27,visible,visible,thedogistVerified Edited•33wTrick or treat… or maybe just treat or treat? Which is your favorite costume and what’s your pup dressing up as tomorrow? Happy Hall
DQcQTgaiCyj,reel,https://www.instagram.com/susieabromeit/reel/DQcQTgaiCyj/,complete,1,4663,30,28,28,28,view_all_comments_button,1,28,0,0,0,78.96,39.5,2025-10-30T17:20:13.000Z,target_reached,target_reached,1,worker-01,2026-06-20T23:02:37.866Z,3103,visible,15,28,2026-06-20T23:02:37.867Z,2026-06-20T23:02:45.792Z,2,visible,visible,New episode is out now with @thedogist #dog #dogsofinstagram #dogsarethebest #dogsofinsta #dogist #dogstagram #dogslife #dogoftheday #doggo #mathias777dogs #dog
DQcNaOUEWed,reel,https://www.instagram.com/thedogist/reel/DQcNaOUEWed/,partial,1,40000,291,370,371,371,view_all_comments_button,0.9973,353,0,0,0,61.96,36.5,2025-10-31T00:54:32.000Z,comments_exhausted_bottom_reached,comments_exhausted_bottom_reached,1,worker-01,2026-06-20T23:02:54.409Z,4371,visible,16,371,2026-06-20T23:02:54.410Z,2026-06-20T23:04:54.122Z,32,visible,visible,"thedogistVerified Edited•33wI recently visited the @crisiscanines team, one of our 2025 Dogist Fund beneficiaries, at Temple University Hospital in Philadelphia"
DQaaJ-OEYRA,p,https://www.instagram.com/thedogist/p/DQaaJ-OEYRA/,partial,1,34000,26,65,68,68,view_all_comments_button,0.9559,63,0,0,0,34.11,22,2025-10-30T12:07:14.000Z,comments_exhausted_bottom_reached,comments_exhausted_bottom_reached,1,worker-01,2026-06-20T23:05:02.553Z,5529,visible,19,68,2026-06-20T23:05:02.553Z,2026-06-20T23:05:40.754Z,17,visible,visible,"thedogistVerified Edited•33wDo you think I turned @ihatejoelkim into a dog person or was it the pups we ran into on our walk? Leo, Alfie, Bruce, Shaq, Kelly (ad"
DQZjMytES4g,reel,https://www.instagram.com/thedogist/reel/DQZjMytES4g/,partial,1,5115,7,18,19,19,view_all_comments_button,0.9474,18,0,0,0,32.39,20.5,2025-10-29T16:05:03.000Z,comments_exhausted_bottom_reached,comments_exhausted_bottom_reached,1,worker-01,2026-06-20T23:05:50.283Z,6740,visible,18,19,2026-06-20T23:05:50.283Z,2026-06-20T23:06:11.623Z,9,visible,visible,@ihatejoelkim and I come up with canine drag names on today’s episode of DOGS! RuPAW might be my favorite – what’s yours?
DQX0219ES_9,reel,https://www.instagram.com/thedogist/reel/DQX0219ES_9/,partial,1,5202,11,28,37,37,view_all_comments_button,0.7568,28,0,0,0,37.86,27.5,2025-10-29T00:03:58.000Z,comments_exhausted_bottom_reached,comments_exhausted_bottom_reached,1,worker-01,2026-06-20T23:06:17.367Z,3123,visible,14,37,2026-06-20T23:06:17.367Z,2026-06-20T23:06:39.502Z,10,visible,visible,Joel Kim Booster’s childhood dog reminds us that love is love! 🏳️‍🌈 @ihatejoelkim New episode of DOGS tomorrow on YouTube at 12pm ET!
DQUzDMikdxQ,reel,https://www.instagram.com/thedogist/reel/DQUzDMikdxQ/,partial,1,48000,107,162,168,168,view_all_comments_button,0.9643,154,0,0,0,59.9,33.5,2025-10-27T19:49:12.000Z,comments_exhausted_bottom_reached,comments_exhausted_bottom_reached,1,worker-01,2026-06-20T23:06:50.392Z,7964,visible,25,168,2026-06-20T23:06:50.393Z,2026-06-20T23:07:55.406Z,30,visible,visible,"Duncan, Golden Retriever, 49th & Vernon Blvd., Queens, NY • “He’s named after King Duncan from Macbeth. He is very energetic—we thought golden retrievers were s"
DQR_3makRIQ,reel,https://www.instagram.com/thedogist/reel/DQR_3makRIQ/,partial,1,7642,19,26,29,29,view_all_comments_button,0.8966,26,0,0,0,31.92,18,2025-10-26T17:43:24.000Z,comments_exhausted_bottom_reached,comments_exhausted_bottom_reached,1,worker-01,2026-06-20T23:08:01.274Z,3128,visible,14,29,2026-06-20T23:08:01.275Z,2026-06-20T23:08:28.083Z,11,visible,visible,Who would you cast to play a dog in a movie — @ijessewilliams or Willem Dafoe?
DQPlTnoESNh,reel,https://www.instagram.com/thedogist/reel/DQPlTnoESNh/,partial,1,41000,241,251,257,257,view_all_comments_button,0.9767,237,0,0,0,35.07,26,2025-10-25T19:12:54.000Z,comments_exhausted_bottom_reached,comments_exhausted_bottom_reached,1,worker-01,2026-06-20T23:08:36.280Z,5523,visible,23,257,2026-06-20T23:08:36.281Z,2026-06-20T23:10:00.412Z,29,visible,visible,"Tompkins Square Halloween Dog Parade 2025!Petunia, Mochi, George, Mama, Bruce, Konga, Raphie, Agnes, Pepper, Winnie, Ducky and Mac 🎃"
DQNWvUWkTPU,p,https://www.instagram.com/thedogist/p/DQNWvUWkTPU/,partial,1,24000,23,28,29,29,view_all_comments_button,0.9655,26,0,0,0,45.57,36.5,2025-10-24T22:25:52.000Z,comments_exhausted_bottom_reached,comments_exhausted_bottom_reached,1,worker-01,2026-06-20T23:10:07.778Z,4345,visible,17,29,2026-06-20T23:10:07.779Z,2026-06-20T23:10:34.564Z,11,visible,visible,"Have you watched DOGS with @laurabrown99 on YouTube yet? Finn, Peanut, Phoebe, and Poppy say it’s their favorite episode yet 🐾"
DQMripRkbiS,reel,https://www.instagram.com/thedogist/reel/DQMripRkbiS/,partial,1,6327,21,32,33,33,view_all_comments_button,0.9697,28,0,0,0,39.19,24.5,2025-10-24T16:08:56.000Z,comments_exhausted_bottom_reached,comments_exhausted_bottom_reached,1,worker-01,2026-06-20T23:10:45.428Z,6835,visible,17,33,2026-06-20T23:10:45.429Z,2026-06-20T23:11:16.631Z,12,visible,visible,"@laurabrown99 shows off her knowledge of dog breeds in a new episode of DOGS!Thank you @animalhaven for bringing another adorable, adoptable puppy! Watch the fu"
DQKrzYVkf3M,reel,https://www.instagram.com/thedogist/reel/DQKrzYVkf3M/,partial,1,34000,56,149,153,153,view_all_comments_button,0.9739,140,0,0,0,49.15,31,2025-10-23T21:34:40.000Z,comments_exhausted_bottom_reached,comments_exhausted_bottom_reached,1,worker-01,2026-06-20T23:11:26.104Z,6761,visible,18,153,2026-06-20T23:11:26.105Z,2026-06-20T23:12:25.658Z,26,visible,visible,"@ijessewilliams and I met a Schnauzer named Jackson with Eugene Levy-esque eyebrows! Watch the full interview on YouTube, eyebrows and all! 🎥"
DQKGs17EYxt,reel,https://www.instagram.com/thedogist/reel/DQKGs17EYxt/,partial,1,39000,65,214,217,217,view_all_comments_button,0.9862,209,0,0,0,38.13,29,2025-10-23T16:12:09.000Z,comments_exhausted_bottom_reached,comments_exhausted_bottom_reached,1,worker-01,2026-06-20T23:12:31.478Z,3169,visible,15,217,2026-06-20T23:12:31.479Z,2026-06-20T23:13:38.554Z,26,visible,visible,"Bennie, Swiss Shepherd/Australian Shepherd mix, 49th & Vernon Blvd., Queens, NY • “He’s named after Bennie and the Jets, like Elton John. Every night when I go "
DQIAYRtkYSl,reel,https://www.instagram.com/thedogist/reel/DQIAYRtkYSl/,partial,1,34000,78,75,79,79,view_all_comments_button,0.9494,72,0,0,0,34,22,2025-10-22T20:36:52.000Z,comments_exhausted_bottom_reached,comments_exhausted_bottom_reached,1,worker-01,2026-06-20T23:13:46.939Z,5519,visible,23,79,2026-06-20T23:13:46.939Z,2026-06-20T23:14:22.892Z,15,visible,visible,"thedogistVerified Edited•34w@ijessewilliams star shines bright, but can he outshine an adoptable puppy? Watch the full episode on @thedogist YouTube and visit @"
DQHs8PSD6e1,p,https://www.instagram.com/thedogist/p/DQHs8PSD6e1/,partial,1,97000,82,136,146,146,view_all_comments_button,0.9315,131,0,0,0,34.96,20.5,2025-10-22T17:44:26.000Z,comments_exhausted_bottom_reached,comments_exhausted_bottom_reached,1,worker-01,2026-06-20T23:14:32.721Z,6788,visible,23,146,2026-06-20T23:14:32.721Z,2026-06-20T23:15:30.959Z,26,visible,visible,"DOGS with @ijessewilliams is now on YouTube! We met some very photogenic pups on the Upper West Side 😍 Emory, Milo and Jackson 🐾He even proposed a new show fe"
DQFMjvmEWSq,p,https://www.instagram.com/thedogist/p/DQFMjvmEWSq/,partial,1,64000,63,118,123,123,view_all_comments_button,0.9593,117,0,0,0,42.9,33.5,2025-10-21T18:22:59.000Z,comments_exhausted_bottom_reached,comments_exhausted_bottom_reached,1,worker-01,2026-06-20T23:15:36.828Z,3121,visible,14,123,2026-06-20T23:15:36.829Z,2026-06-20T23:16:32.362Z,23,visible,visible,"Here are some of the dogs we got to meet during my last two episodes of DOGS on YouTube, with @janegoodallinst & @shailenewoodley ! From German Shepherds, to Ak"
DQCz3TxkUgU,p,https://www.instagram.com/thedogist/p/DQCz3TxkUgU/,partial,1,17000,44,47,50,50,view_all_comments_button,0.94,46,0,0,0,22.43,12,2025-10-20T20:08:43.000Z,comments_exhausted_bottom_reached,comments_exhausted_bottom_reached,1,worker-01,2026-06-20T23:16:38.332Z,3154,visible,15,50,2026-06-20T23:16:38.333Z,2026-06-20T23:17:08.419Z,14,visible,visible,"ADOPTABLE dogs at @animalleague! I had the pleasure of meeting several long-stay dogs at @animalleague that could use the extra attention: Bobby (7 y/o), Hunter"
DP_rqaxEW78,reel,https://www.instagram.com/thedogist/reel/DP_rqaxEW78/,partial_unknown_target,1,23000,45,119,549,549,og_description_mixed_platform,0.2168,97,0,0,0,100.71,75,2025-10-19T23:29:29.000Z,post_detail_step_timeout,post_detail_step_timeout,1,worker-01,2026-06-20T23:17:20.719Z,9183,visible,37,549,2026-06-20T23:17:20.719Z,2026-06-20T23:17:49.036Z,,,,thedogistVerified Edited•34wElsa and I stopped by @australia ‘s G’Day Dogs truck in SoHo for a Hot-Dogist review. We tried what Australians call a “sausage sizz
DP92PuEEaea,reel,https://www.instagram.com/thedogist/reel/DP92PuEEaea/,partial,1,12000,20,20,21,21,view_all_comments_button,0.9524,19,0,0,0,48.45,22.5,2025-10-18T21:57:37.000Z,comments_exhausted_bottom_reached,comments_exhausted_bottom_reached,1,worker-01,2026-06-20T23:17:57.274Z,5535,visible,17,21,2026-06-20T23:17:57.275Z,2026-06-20T23:18:22.303Z,11,visible,visible,@shailenewoodley reminds us there is no feeling like coming home to your pet!Watch the full episode on @thedogist YouTube!
DP9BjsDEV5M,reel,https://www.instagram.com/thedogist/reel/DP9BjsDEV5M/,partial,1,42000,,347,354,354,view_all_comments_button,0.9802,335,0,0,0,37.35,27,2025-10-18T14:14:59.000Z,comments_exhausted_bottom_reached,comments_exhausted_bottom_reached,1,worker-01,2026-06-20T23:18:30.718Z,5560,visible,31,354,2026-06-20T23:18:30.719Z,2026-06-20T23:19:57.425Z,24,visible,visible,"Parker, Scottish Terrier mix (4 y/o), Gantry Plaza State Park, Queens, NY • “He’s super friendly. He loves to play ball – that’s his favorite game. He’s from @s"
DP7NakjEVQD,reel,https://www.instagram.com/thedogist/reel/DP7NakjEVQD/,partial_unknown_target,1,120000,471,153,2357,2357,og_description_mixed_platform,0.0649,133,0,0,0,78.01,56,2025-10-17T21:20:29.000Z,post_detail_step_timeout,post_detail_step_timeout,1,worker-01,2026-06-20T23:20:09.312Z,9143,visible,22,2357,2026-06-20T23:20:09.313Z,2026-06-20T23:20:37.627Z,,,,"Zuzu, Mini Xoloitzcuintle (4 y/o), Gantry Plaza State Park, Queens, NY • “I only put sunscreen on her when she’s in Mexico. Look at her – she’s super fun! She’s"
DP6ukCuEY9c,reel,https://www.instagram.com/thedogist/reel/DP6ukCuEY9c/,partial_unknown_target,1,20000,42,29,92,92,og_description_mixed_platform,0.3152,27,0,0,0,38.24,26,2025-10-20T16:58:39.000Z,post_detail_step_timeout,post_detail_step_timeout,1,worker-01,2026-06-20T23:20:49.367Z,9177,visible,16,92,2026-06-20T23:20:49.368Z,2026-06-20T23:21:17.686Z,,,,"thedogistVerified Edited•34wI’m in SoHo with actress, advocate, and Mars ambassador @shailenewoodley . I asked Shailene to match each character she’s played wit"
DP4qS0ukUCn,reel,https://www.instagram.com/thedogist/reel/DP4qS0ukUCn/,partial,1,12000,49,46,51,51,view_all_comments_button,0.902,44,0,0,0,68.15,52,2025-10-16T21:36:05.000Z,comments_exhausted_bottom_reached,comments_exhausted_bottom_reached,1,worker-01,2026-06-20T23:21:23.637Z,3132,visible,14,51,2026-06-20T23:21:23.639Z,2026-06-20T23:21:54.515Z,15,visible,visible,"October is Adopt a Shelter Dog Month! This week, I visited @animalleague , where I met so many incredible adoptable dogs — including a “velvet hippo”, Bobby (7 "
DPy1oIokcdz,p,https://www.instagram.com/thedogist/p/DPy1oIokcdz/,partial_unknown_target,1,26000,40,34,272,272,og_description_mixed_platform,0.125,33,0,0,0,30.91,18,2025-10-14T15:16:15.000Z,post_detail_step_timeout,post_detail_step_timeout,1,worker-01,2026-06-20T23:22:06.350Z,9158,visible,15,272,2026-06-20T23:22:06.351Z,2026-06-20T23:22:34.662Z,,,,"I’m thrilled to announce that I have a new show! It’s called DOGS (with me!), Elias Weiss Friedman, and it premieres TOMORROW on YouTube. If you love dogs and d"
DPw4IwbERaA,p,https://www.instagram.com/thedogist/p/DPw4IwbERaA/,partial_unknown_target,1,45000,51,30,212,212,og_description_mixed_platform,0.1415,30,0,0,0,34.77,21,2025-10-13T20:59:42.000Z,post_detail_step_timeout,post_detail_step_timeout,1,worker-01,2026-06-20T23:22:47.191Z,9154,visible,15,212,2026-06-20T23:22:47.191Z,2026-06-20T23:23:16.427Z,,,,"I had the honor of photographing adoptable dogs at each of my recent The Dogist LIVE shows on stage in each city. Every dog deserves a home, and these pups are "
DPrqrQMkQq4,reel,https://www.instagram.com/thedogist/reel/DPrqrQMkQq4/,partial_unknown_target,1,40000,84,61,331,331,og_description_mixed_platform,0.1843,56,0,0,0,66.16,51,2025-10-11T20:26:53.000Z,post_detail_step_timeout,post_detail_step_timeout,1,worker-01,2026-06-20T23:23:28.348Z,9167,visible,19,331,2026-06-20T23:23:28.348Z,2026-06-20T23:23:56.671Z,,,,"ADOPTABLE: Lucy, Chihuahua mix, 46th & Vernon Blvd., Queens, NY • “Lucy is adoptable through Waggy Tail Rescue. She’s on her third day now (as a foster dog). Lu"
DPpSZf0EZ6W,reel,https://www.instagram.com/thedogist/reel/DPpSZf0EZ6W/,partial,1,103000,478,454,472,472,view_all_comments_button,0.9619,434,0,0,0,42.26,28,2025-10-10T22:17:56.000Z,comments_exhausted_bottom_reached,comments_exhausted_bottom_reached,1,worker-01,2026-06-20T23:24:05.116Z,4378,visible,15,472,2026-06-20T23:24:05.116Z,2026-06-20T23:26:52.080Z,36,visible,visible,"Hugo & Gaston, French Bulldogs (9 y/o & 5 y/o), Gantry Plaza State Park, Queens, NY • “Hugo had soft tissue sarcoma, and they had to cut off a piece of his shou"
DPmtu5KEZ4y,p,https://www.instagram.com/thedogist/p/DPmtu5KEZ4y/,partial,1,27000,17,106,112,112,view_all_comments_button,0.9464,93,0,0,0,38.5,29,2025-10-09T22:16:23.000Z,comments_exhausted_bottom_reached,comments_exhausted_bottom_reached,1,worker-01,2026-06-20T23:27:03.129Z,7946,visible,28,112,2026-06-20T23:27:03.129Z,2026-06-20T23:27:57.063Z,21,visible,visible,"Charlie, Chihuahua mix (11 y/o) Rockaway Brewing Company, Queens, NY • “She just had a bath, so she’s ready for her close-up. She does not like the bath — she t"
DPjjLuNEZ2B,p,https://www.instagram.com/thedogist/p/DPjjLuNEZ2B/,partial,1,31000,13,149,156,156,view_all_comments_button,0.9551,138,0,0,0,39.17,24,2025-10-08T16:46:29.000Z,comments_exhausted_bottom_reached,comments_exhausted_bottom_reached,1,worker-01,2026-06-20T23:28:03.165Z,3152,visible,15,156,2026-06-20T23:28:03.165Z,2026-06-20T23:29:09.283Z,26,visible,visible,"Bijou, mix, 35th Ave & 80th St., Queens, NY • “It’s funny when other people dogsit him, they ask, ‘Is it okay that he ate a piece of Styrofoam?’ And we’re like,"
DPhfThlkWw9,reel,https://www.instagram.com/thedogist/reel/DPhfThlkWw9/,partial,1,35000,45,127,128,128,view_all_comments_button,0.9922,125,0,0,0,35.17,26,2025-10-07T21:35:10.000Z,comments_exhausted_bottom_reached,comments_exhausted_bottom_reached,1,worker-01,2026-06-20T23:29:15.287Z,3144,visible,15,128,2026-06-20T23:29:15.287Z,2026-06-20T23:30:05.449Z,23,visible,visible,"Luna, mix (3 y/o), Travers Park, Queens, NY • “Her name is Luna, but she goes by Tuna a lot because she ate my son’s dinner… and she pushed my son into a reserv"
DPeuIlkkQME,p,https://www.instagram.com/thedogist/p/DPeuIlkkQME/,partial_unknown_target,1,96000,105,442,526,526,og_description_mixed_platform,0.8403,437,0,0,0,28.31,20.5,2025-10-06T19:45:58.000Z,post_detail_step_timeout,post_detail_step_timeout,1,worker-01,2026-06-20T23:30:12.033Z,3164,visible,15,526,2026-06-20T23:30:12.034Z,2026-06-20T23:31:48.964Z,,,,"Andy, Golden Retriever (2 y/o), 79th & 34th Ave., Queens, NY • “She is my first Golden and my wife’s first dog. She always wanted a Golden. She will do her best"
DPbgCLpkV78,reel,https://www.instagram.com/thedogist/reel/DPbgCLpkV78/,partial,1,50000,71,140,144,144,view_all_comments_button,0.9722,133,0,0,0,41.95,25.5,2025-10-05T13:46:20.000Z,comments_exhausted_bottom_reached,comments_exhausted_bottom_reached,1,worker-01,2026-06-20T23:31:55.653Z,3175,visible,15,144,2026-06-20T23:31:55.654Z,2026-06-20T23:32:48.510Z,24,visible,visible,"Luna, Samoyed (10 y/o), 79th & 34th Ave., Queens, NY • ”She’s a very social dog – says hi to humans and dogs. She’s my first dog. We got her from a friend who b"
DPXI3YskR7t,reel,https://www.instagram.com/thedogist/reel/DPXI3YskR7t/,partial,1,46000,90,340,428,428,view_all_comments_button,0.7944,305,0,0,0,74.99,28,2025-10-03T21:09:32.000Z,comments_exhausted_bottom_reached,comments_exhausted_bottom_reached,1,worker-01,2026-06-20T23:32:54.764Z,3164,visible,15,428,2026-06-20T23:32:54.765Z,2026-06-20T23:34:43.264Z,30,visible,visible,"Elaine Benes, Pit Bull mix (4 y/o), Travers Park, Queens, NY • “We’re working on training the (Elaine Benes) dance. I feel like she is typical of the breed – ve"
DPUitY1kWjO,reel,https://www.instagram.com/thedogist/reel/DPUitY1kWjO/,partial,1,57000,579,363,380,380,view_all_comments_button,0.9553,344,0,0,0,46.67,31,2025-10-02T20:57:21.000Z,comments_exhausted_bottom_reached,comments_exhausted_bottom_reached,1,worker-01,2026-06-20T23:34:53.782Z,5548,visible,19,380,2026-06-20T23:34:53.783Z,2026-06-20T23:37:03.281Z,32,visible,visible,"I had the pleasure of meeting the star of the upcoming horror film @goodboy.film Indy, and his dad, and director, Ben Leonberg!“We definitely didn’t get Indy th"
DPR55gFkXmL,p,https://www.instagram.com/thedogist/p/DPR55gFkXmL/,partial_unknown_target,1,249000,461,825,2140,2140,og_description_mixed_platform,0.3855,816,0,0,0,56.34,37,2025-10-01T20:18:39.000Z,post_detail_step_timeout,post_detail_step_timeout,1,worker-01,2026-06-20T23:37:14.336Z,7974,visible,35,2140,2026-06-20T23:37:14.337Z,2026-06-20T23:41:45.210Z,,,,"I had the incredible honor of meeting one of my heroes last week, Dr. Jane Goodall, and am deeply saddened by the news of her passing today. She dedicated her l"
DPPk2bKkTMX,reel,https://www.instagram.com/thedogist/reel/DPPk2bKkTMX/,partial,1,15000,21,143,151,151,view_all_comments_button,0.947,135,0,0,0,45.61,33,2025-09-30T22:38:14.000Z,comments_exhausted_bottom_reached,comments_exhausted_bottom_reached,1,worker-01,2026-06-20T23:41:51.353Z,3176,visible,15,151,2026-06-20T23:41:51.354Z,2026-06-20T23:42:53.915Z,30,visible,visible,The Hot-Dogist visits Dickson’s in Chelsea Market! We officially have a new leader with a score of 9.3! @eatmeaty (@chasingelsa gives it a 10)... Which hotdog s
DPMotkkEay5,p,https://www.instagram.com/thedogist/p/DPMotkkEay5/,partial,1,135000,331,557,581,581,view_all_comments_button,0.9587,549,0,0,0,34.84,18,2025-09-29T19:12:16.000Z,comments_exhausted_bottom_reached,comments_exhausted_bottom_reached,1,worker-01,2026-06-20T23:43:03.501Z,6760,visible,24,581,2026-06-20T23:43:03.502Z,2026-06-20T23:46:25.401Z,36,visible,visible,"RIP Roscoe Hamilton, English Bulldog (9 y/o), Grand Army Plaza, New York, NY • I had the privilege of meeting @lewishamilton dog Roscoe four years ago, though t"
DPJtlRckQd9,p,https://www.instagram.com/thedogist/p/DPJtlRckQd9/,partial,1,32000,17,91,100,100,view_all_comments_button,0.91,87,0,0,0,42.14,29,2025-09-28T15:57:06.000Z,comments_exhausted_bottom_reached,comments_exhausted_bottom_reached,1,worker-01,2026-06-20T23:46:32.534Z,4350,visible,17,100,2026-06-20T23:46:32.534Z,2026-06-20T23:47:14.695Z,19,visible,visible,"Cooper, Mondo, Marvin, Sprout, & Rosie – Goldendoodle, Old English Sheepdog, Goldendoodles & Shih Tzu, East Hampton, NY @mondodoggo"
DPHQ5n7ESrc,reel,https://www.instagram.com/thedogist/reel/DPHQ5n7ESrc/,partial,1,40000,53,287,294,294,view_all_comments_button,0.9762,275,0,0,0,47.4,29,2025-09-27T17:09:51.000Z,comments_exhausted_bottom_reached,comments_exhausted_bottom_reached,1,worker-01,2026-06-20T23:47:22.036Z,4397,visible,17,294,2026-06-20T23:47:22.037Z,2026-06-20T23:49:08.493Z,36,visible,visible,"Ravello, German Shepherd (1 y/o), Battery Park City Esplanade, New York, NY • “We always name our animals after places. He just likes to have fun – he loves eve"
DPFG5AWEV3N,reel,https://www.instagram.com/thedogist/reel/DPFG5AWEV3N/,partial,1,54000,94,345,353,353,view_all_comments_button,0.9773,327,0,0,0,42.68,31,2025-09-26T21:04:56.000Z,comments_exhausted_bottom_reached,comments_exhausted_bottom_reached,1,worker-01,2026-06-20T23:49:15.905Z,4396,visible,21,353,2026-06-20T23:49:15.906Z,2026-06-20T23:51:26.249Z,34,visible,visible,"Gremlin, Chinese Crested (5 m/o), Spring & Elizabeth St., New York, NY • “He’s a little terror – he lives up to the Gremlin name. He runs around nipping, becaus"
DPCeYl6EZnO,reel,https://www.instagram.com/thedogist/reel/DPCeYl6EZnO/,partial,1,52000,71,245,248,248,view_all_comments_button,0.9879,233,0,0,0,44.61,32,2025-09-25T20:32:18.000Z,comments_exhausted_bottom_reached,comments_exhausted_bottom_reached,1,worker-01,2026-06-20T23:51:33.530Z,4419,visible,27,248,2026-06-20T23:51:33.531Z,2026-06-20T23:52:57.983Z,31,visible,visible,"Nugget, Dalmatian (7 y/o), Fulton & Cliff St., New York, NY • “He’s my friend’s dog – they’re on their honeymoon. He’s really shy. He’s from Tennessee. He’s ver"
DO_1XlAEQOy,reel,https://www.instagram.com/thedogist/reel/DO_1XlAEQOy/,partial_unknown_target,1,54000,90,77,225,225,og_description_mixed_platform,0.3422,68,0,0,0,39.86,29,2025-09-24T20:30:15.000Z,post_detail_step_timeout,post_detail_step_timeout,1,worker-01,2026-06-20T23:53:08.378Z,6769,visible,19,225,2026-06-20T23:53:08.378Z,2026-06-20T23:53:37.213Z,,,,"thedogistVerified Edited•38wRemi, Pembroke Welsh Corgi (8 m/o), Fulton & Water St., New York, NY • “I’m just walking him. He likes to stop for everybody. I thin"
DO9OnVfkYN-,reel,https://www.instagram.com/thedogist/reel/DO9OnVfkYN-/,partial,1,6534,41,47,49,49,view_all_comments_button,0.9592,46,0,0,0,38.91,21,2025-09-23T19:37:25.000Z,comments_exhausted_bottom_reached,comments_exhausted_bottom_reached,1,worker-01,2026-06-20T23:53:43.432Z,3153,visible,15,49,2026-06-20T23:53:43.433Z,2026-06-20T23:54:12.032Z,14,visible,visible,"We all know how important our relationships with our dogs are. It can be literally life saving. @thestreetdogcoalition knows that, and works diligently to do ev"
DO6_EFWEbHS,reel,https://www.instagram.com/thedogist/reel/DO6_EFWEbHS/,partial_unknown_target,1,98000,325,74,477,477,og_description_mixed_platform,0.1551,68,0,0,0,68.45,65,2025-09-22T22:43:05.000Z,post_detail_step_timeout,post_detail_step_timeout,1,worker-01,2026-06-20T23:54:24.031Z,9186,visible,17,477,2026-06-20T23:54:24.032Z,2026-06-20T23:54:52.366Z,,,,"Zumi & Kaya, Siberian Huskies, Broome & Mercer St., New York, NY • “Zumi loves his grandma. They go out to California a lot to see her – they’re Delta Gold stat"
DO1lVG3EWSa,reel,https://www.instagram.com/thedogist/reel/DO1lVG3EWSa/,partial,1,66000,,437,444,444,view_all_comments_button,0.9842,410,0,0,0,59.37,30,2025-09-20T20:21:54.000Z,comments_exhausted_bottom_reached,comments_exhausted_bottom_reached,1,worker-01,2026-06-20T23:54:59.861Z,4357,visible,30,444,2026-06-20T23:54:59.862Z,2026-06-20T23:57:16.056Z,33,visible,visible,"Tulip, Siberian Husky mix (10 m/o), Warren & W Broadway, New York, NY • “She’s pretty sweet – she likes people, she likes other dogs. She is still a puppy, so s"
DOzZkjMEcX0,reel,https://www.instagram.com/thedogist/reel/DOzZkjMEcX0/,partial,1,73000,,425,466,466,view_all_comments_button,0.912,411,0,0,0,41.7,29,2025-09-19T23:59:36.000Z,comments_exhausted_bottom_reached,comments_exhausted_bottom_reached,1,worker-01,2026-06-20T23:57:25.799Z,6792,visible,20,466,2026-06-20T23:57:25.800Z,2026-06-21T00:00:28.365Z,33,visible,visible,"Goose, Pug/Shih Tzu, 5th Ave & President St., Brooklyn, NY • “The nickname for his mix is Pug Zu. A year after the pandemic, I really wanted a dog. My grandmoth"
DOwXHRWkV2_,reel,https://www.instagram.com/thedogist/reel/DOwXHRWkV2_/,partial,1,14000,60,118,128,128,view_all_comments_button,0.9219,110,0,0,0,67.12,32,2025-09-18T19:40:49.000Z,comments_exhausted_bottom_reached,comments_exhausted_bottom_reached,1,worker-01,2026-06-21T00:00:39.381Z,7992,visible,16,128,2026-06-21T00:00:39.381Z,2026-06-21T00:01:41.170Z,25,visible,visible,"I visited a @thestreetdogcoalition clinic, one of this year’s non-profit recipients of The Dogist Fund. They provide free veterinary care to those experiencing "
DOtRt1skXJ5,reel,https://www.instagram.com/thedogist/reel/DOtRt1skXJ5/,partial,1,7828,,53,64,64,view_all_comments_button,0.8281,51,0,0,0,36.64,24,2025-09-17T14:56:17.000Z,comments_exhausted_bottom_reached,comments_exhausted_bottom_reached,1,worker-01,2026-06-21T00:01:53.485Z,9176,visible,11,64,2026-06-21T00:01:53.486Z,2026-06-21T00:02:24.203Z,15,visible,visible,"🚨Attention New Yorkers!🚨What are you doing on September 28th? That’s the first night of my brand new show, The Dogist Live, and you won’t want to miss it!I’ll"
DOrf76ekXEy,reel,https://www.instagram.com/thedogist/reel/DOrf76ekXEy/,partial_unknown_target,1,65000,256,675,908,908,og_description_mixed_platform,0.7434,653,0,0,0,41.01,27,2025-09-16T22:22:04.000Z,post_detail_step_timeout,post_detail_step_timeout,1,worker-01,2026-06-21T00:02:30.791Z,3197,visible,15,908,2026-06-21T00:02:30.791Z,2026-06-21T00:05:20.652Z,,,,"Tika, Italian Greyhound (14 y/o), Spring & W Broadway, New York, NY • “We’re from Canada – we come here twice a year for New York Fashion Week. She’s always col"
DOpFHoLETQj,reel,https://www.instagram.com/thedogist/reel/DOpFHoLETQj/,partial_unknown_target,1,72000,273,86,433,433,og_description_mixed_platform,0.1986,73,0,0,0,57.93,41,2025-09-16T00:28:48.000Z,post_detail_step_timeout,post_detail_step_timeout,1,worker-01,2026-06-21T00:05:32.702Z,9183,visible,24,433,2026-06-21T00:05:32.703Z,2026-06-21T00:06:01.054Z,,,,"thedogistVerified Edited•39wSully, Milton & Lulabelle, French Bulldog & Pugs (4, 13, & 5 y/o), 6th St & 6th Ave., Brooklyn, NY • “They found Lulabelle on the st"
DOl_SCTEZqP,reel,https://www.instagram.com/thedogist/reel/DOl_SCTEZqP/,partial,1,49000,66,263,280,280,view_all_comments_button,0.9393,257,0,0,0,41.93,29,2025-09-14T18:59:29.000Z,comments_exhausted_bottom_reached,comments_exhausted_bottom_reached,1,worker-01,2026-06-21T00:06:13.151Z,9152,visible,17,280,2026-06-21T00:06:13.152Z,2026-06-21T00:07:37.393Z,29,visible,visible,"Mika, Chihuahua (1 y/o), 3rd St & 7th Ave., Brooklyn, NY • “She’s very mellow.”“She poops everywhere.”“Not everywhere!”"
DOjapJPEXI2,reel,https://www.instagram.com/thedogist/reel/DOjapJPEXI2/,partial,1,34000,41,270,283,283,view_all_comments_button,0.9541,258,0,0,0,47.98,38,2025-09-13T19:02:20.000Z,comments_exhausted_bottom_reached,comments_exhausted_bottom_reached,1,worker-01,2026-06-21T00:07:48.613Z,7988,visible,17,283,2026-06-21T00:07:48.614Z,2026-06-21T00:09:34.650Z,39,visible,visible,"This episode of The Hot-Dogist takes place poolside at the Troutbeck resort. Sometimes, all you need after a dip in the pool is a fresh hot dog, shared with you"
DOhHHsKEV77,reel,https://www.instagram.com/thedogist/reel/DOhHHsKEV77/,partial,1,57000,,358,377,377,view_all_comments_button,0.9496,349,0,0,0,45.94,29.5,2025-09-12T21:32:13.000Z,comments_exhausted_bottom_reached,comments_exhausted_bottom_reached,1,worker-01,2026-06-21T00:09:43.405Z,5577,visible,21,377,2026-06-21T00:09:43.406Z,2026-06-21T00:11:30.068Z,28,visible,visible,"Ayra, mix (5 y/o), Prospect Park, Brooklyn, NY • “We had her, and then it was an immediate foster fail. I thought I was gonna be stronger, but all my friends we"
DOekHujEaVd,reel,https://www.instagram.com/thedogist/reel/DOekHujEaVd/,partial,1,34000,31,123,136,136,view_all_comments_button,0.9044,118,0,0,0,44.33,28,2025-09-11T21:47:50.000Z,comments_exhausted_bottom_reached,comments_exhausted_bottom_reached,1,worker-01,2026-06-21T00:11:40.946Z,7974,visible,18,136,2026-06-21T00:11:40.946Z,2026-06-21T00:12:39.559Z,23,visible,visible,"Dga’ Dga’, mix, Prospect Park, Brooklyn, NY • “He likes chicken, broccoli, and carrots, but not dog food. He’s very friendly and chill – he never barks. Dga’ Dg"
DOZKm9AkQty,reel,https://www.instagram.com/thedogist/reel/DOZKm9AkQty/,partial_unknown_target,1,64000,113,454,742,742,og_description_mixed_platform,0.6119,438,0,0,0,51.87,34.5,2025-09-09T19:29:28.000Z,post_detail_step_timeout,post_detail_step_timeout,1,worker-01,2026-06-21T00:12:50.506Z,8005,visible,36,742,2026-06-21T00:12:50.506Z,2026-06-21T00:14:52.486Z,,,,"Ruby, Irish Setter (15 m/o), Clinton & Gates Ave., Brooklyn, NY • “He’s so goofy and just a happy boy. He’s good at stealing treats, though. He’s known to grab "
DOWnZNTkbfg,reel,https://www.instagram.com/thedogist/reel/DOWnZNTkbfg/,partial_unknown_target,1,65000,,149,693,693,og_description_mixed_platform,0.215,114,0,0,0,56.21,37,2025-09-08T20:16:26.000Z,post_detail_step_timeout,post_detail_step_timeout,1,worker-01,2026-06-21T00:15:02.149Z,6762,visible,17,693,2026-06-21T00:15:02.149Z,2026-06-21T00:15:55.711Z,,,,"thedogistVerified Edited•40wAddy, Pembroke Welsh Corgi (13 y/o), 19th & 10th Ave., New York, NY • “She has arthritis, that’s why we have the stroller. She’s not"
DOTy5AtkYED,reel,https://www.instagram.com/thedogist/reel/DOTy5AtkYED/,partial,1,41000,44,293,313,313,view_all_comments_button,0.9361,267,0,0,0,40.38,30,2025-09-07T18:04:49.000Z,comments_exhausted_bottom_reached,comments_exhausted_bottom_reached,1,worker-01,2026-06-21T00:16:07.790Z,9198,visible,37,313,2026-06-21T00:16:07.790Z,2026-06-21T00:17:31.486Z,22,visible,visible,"thedogistVerified Edited•40wCookie, Cavalier King Charles Spaniel (10 y/o), 20th & 9th Ave., New York, NY • “He loves treats – he’s obsessed with food. He’ll do"
DOPUvMyEbVy,reel,https://www.instagram.com/thedogist/reel/DOPUvMyEbVy/,partial_unknown_target,1,154000,397,816,4434,4434,view_all_comments_button,0.184,774,0,0,0,51.44,26,2025-09-05T23:44:51.000Z,post_detail_step_timeout,post_detail_step_timeout,1,worker-01,2026-06-21T00:17:40.462Z,5598,visible,28,4434,2026-06-21T00:17:40.463Z,2026-06-21T00:22:04.665Z,,,,"Coco has been saved and reunited with Ian! Thank you to everyone for helping to find Coco, and an extra special thanks to Tony of @animalrescueconsortium for be"
DOMLniDkSrs,p,https://www.instagram.com/thedogist/p/DOMLniDkSrs/,partial_unknown_target,1,86000,1200,591,1837,1837,og_description_mixed_platform,0.3217,511,0,0,0,63.74,44,2025-09-05T20:51:52.000Z,post_detail_step_timeout,post_detail_step_timeout,1,worker-01,2026-06-21T00:22:17.213Z,9234,visible,29,1837,2026-06-21T00:22:17.213Z,2026-06-21T00:24:44.507Z,,,,thedogistVerified Edited•41wRECOVERED!!!: Thank you everyone for your hard work in returning Coco to safety. Thank you to Tony from @animalrescueconsortium for 
DOBvlRDkSP4,reel,https://www.instagram.com/thedogist/reel/DOBvlRDkSP4/,partial_unknown_target,1,136000,605,97,1578,1578,og_description_mixed_platform,0.0615,80,0,0,0,143.58,96,2025-09-05T21:20:10.000Z,post_detail_step_timeout,post_detail_step_timeout,1,worker-01,2026-06-21T00:24:57.342Z,9186,visible,15,1578,2026-06-21T00:24:57.342Z,2026-06-21T00:25:25.683Z,,,,thedogistVerified Edited•41wRECOVERED!!!: Thank you everyone for your hard work in returning Coco to safety. Thank you to Tony from @animalrescueconsortium for 
DN_OndAkQ5q,reel,https://www.instagram.com/thedogist/reel/DN_OndAkQ5q/,partial,1,15000,17,112,117,117,view_all_comments_button,0.9573,106,0,0,0,51.2,37.5,2025-08-30T17:43:42.000Z,comments_exhausted_bottom_reached,comments_exhausted_bottom_reached,1,worker-01,2026-06-21T00:25:36.984Z,8019,visible,20,117,2026-06-21T00:25:36.984Z,2026-06-21T00:26:17.429Z,19,visible,visible,"The Hot-Dogist takes on the US Open. Watching tennis requires some serious fuel, so I tried two promising spots, which resulted in two very different ratings. H"
DN8qC0Xkcyn,reel,https://www.instagram.com/thedogist/reel/DN8qC0Xkcyn/,partial,1,19000,39,184,194,194,view_all_comments_button,0.9485,181,0,0,0,53.91,36,2025-09-16T14:42:32.000Z,comments_exhausted_bottom_reached,comments_exhausted_bottom_reached,1,worker-01,2026-06-21T00:26:23.339Z,3157,visible,15,194,2026-06-21T00:26:23.340Z,2026-06-21T00:27:29.694Z,30,visible,visible,thedogistVerified Edited•39wComing soon to a (tri-state area) theatre near you: The Dogist Live 🎉 Next month I’ll be starting a brand new live show! Through my
DN6f07FEXEk,reel,https://www.instagram.com/thedogist/reel/DN6f07FEXEk/,partial_unknown_target,1,42000,44,97,383,383,og_description_mixed_platform,0.2533,90,0,0,0,50.24,37,2025-08-28T21:38:02.000Z,post_detail_step_timeout,post_detail_step_timeout,1,worker-01,2026-06-21T00:27:37.027Z,4387,visible,15,383,2026-06-21T00:27:37.028Z,2026-06-21T00:28:05.372Z,,,,"Belle, Miniature Poodle (2 y/o), 49th & 6th Ave., New York, NY • “Poodles are very, very sweet. They just stick to you. She’s originally from Israel. She gives "
DN32v9BEZyo,p,https://www.instagram.com/thedogist/p/DN32v9BEZyo/,partial_unknown_target,1,66000,33,90,329,329,og_description_mixed_platform,0.2736,77,0,0,0,51,41.5,2025-09-06T22:47:52.000Z,post_detail_step_timeout,post_detail_step_timeout,1,worker-01,2026-06-21T00:28:17.419Z,9198,visible,17,329,2026-06-21T00:28:17.419Z,2026-06-21T00:28:45.754Z,,,,"thedogistVerified Edited•41wKifr, mix (7 m/o), Wiborg Beach - @wiborgdogclub, East Hampton, NY • “He’s Husky/Chow/Pit, and he’s from the Carolinas. He’s really "
DN1LnFV4su-,reel,https://www.instagram.com/thedogist/reel/DN1LnFV4su-/,partial,1,28000,30,121,126,126,view_all_comments_button,0.9603,111,0,0,0,39.35,29,2025-08-26T20:04:36.000Z,comments_exhausted_bottom_reached,comments_exhausted_bottom_reached,1,worker-01,2026-06-21T00:28:55.321Z,6826,visible,18,126,2026-06-21T00:28:55.322Z,2026-06-21T00:29:49.558Z,23,visible,visible,"Luna, Labrador Retriever, Wiborg Beach - @wiborgdogclub, East Hampton, NY • “At 7:45 in the morning, it’s like, okay, it’s time to go to the beach. She jumps in"
DNywKiq4pks,reel,https://www.instagram.com/thedogist/reel/DNywKiq4pks/,partial,1,20000,22,94,103,103,view_all_comments_button,0.9126,88,0,0,0,40.38,27.5,2025-08-25T21:27:02.000Z,comments_exhausted_bottom_reached,comments_exhausted_bottom_reached,1,worker-01,2026-06-21T00:30:00.170Z,7966,visible,18,103,2026-06-21T00:30:00.171Z,2026-06-21T00:30:45.212Z,20,visible,visible,"Bodhi & Luna, Labrador Retriever & mix, Wiborg Beach - @wiborgdogclub, East Hampton, NY • “Bodhi is a water dog. He’s here every morning. There’s some sick pict"
DNs8Kn84lCC,reel,https://www.instagram.com/thedogist/reel/DNs8Kn84lCC/,failed,1,53000,100,0,890,890,view_all_comments_button,0,0,0,0,0,0,0,2025-08-23T15:16:41.000Z,partial_scroll_stalled_before_bottom,partial_scroll_stalled_before_bottom,1,worker-01,2026-06-21T00:30:51.273Z,2613,visible,0,890,2026-06-21T00:30:51.293Z,2026-06-21T00:31:41.964Z,24,visible,visible,
DNrCd3zYhPo,reel,https://www.instagram.com/thedogist/reel/DNrCd3zYhPo/,partial,1,65000,69,567,584,584,view_all_comments_button,0.9709,558,0,0,0,30.84,22,2025-08-22T21:32:18.000Z,comments_exhausted_bottom_reached,comments_exhausted_bottom_reached,1,worker-01,2026-06-21T00:31:48.349Z,3176,visible,15,584,2026-06-21T00:31:48.350Z,2026-06-21T00:35:16.358Z,36,visible,visible,"Margaux, Siberian Husky mix (4 y/o), McCarren Park, Brooklyn, NY • “She’s half Husky, and then a mix of a few things… German Shepherd, Great Dane, Doberman. She"
DNou0n4x9DO,reel,https://www.instagram.com/thedogist/reel/DNou0n4x9DO/,partial,1,22000,49,200,209,209,view_all_comments_button,0.9569,148,0,0,0,49.27,26.5,2025-08-22T00:06:04.000Z,comments_exhausted_bottom_reached,comments_exhausted_bottom_reached,1,worker-01,2026-06-21T00:35:22.289Z,3145,visible,15,209,2026-06-21T00:35:22.290Z,2026-06-21T00:37:28.890Z,29,visible,visible,"ADOPTABLE: Arlo, Chance, Oden, Tango, Swiss, Miss Pickles, Bryce, Denali, Joshua, Smokey, via @arfhamptons • I got a chance to tour @arfhamptons brand new facil"
DNoLO2pxfCU,reel,https://www.instagram.com/thedogist/reel/DNoLO2pxfCU/,partial,1,15000,13,368,380,380,view_all_comments_button,0.9684,337,0,0,0,59.24,44.5,2025-08-21T18:51:43.000Z,comments_exhausted_bottom_reached,comments_exhausted_bottom_reached,1,worker-01,2026-06-21T00:37:36.294Z,4381,visible,14,380,2026-06-21T00:37:36.294Z,2026-06-21T00:39:33.637Z,30,visible,visible,"You already know I love dogs, but did you know that I also consider myself to be a hot dog enthusiast? 🌭 It’s one of my other obsessions, and frankly speaking,"
DNmCr7mRajv,reel,https://www.instagram.com/thedogist/reel/DNmCr7mRajv/,partial,1,30000,,216,239,239,view_all_comments_button,0.9038,211,0,0,0,50.35,36,2025-08-20T22:58:28.000Z,comments_exhausted_bottom_reached,comments_exhausted_bottom_reached,1,worker-01,2026-06-21T00:39:40.064Z,3194,visible,14,239,2026-06-21T00:39:40.064Z,2026-06-21T00:41:07.601Z,29,visible,visible,"Elsa takes the Hamptons! Elsa accompanied us on our trip to Montauk, where we enjoyed all the best summer activities… the beach, tennis, cornhole, and s’mores b"
DNjQA1sxGvd,reel,https://www.instagram.com/thedogist/reel/DNjQA1sxGvd/,partial,1,56000,55,429,453,453,view_all_comments_button,0.947,400,0,0,0,36.5,28,2025-08-19T21:38:06.000Z,comments_exhausted_bottom_reached,comments_exhausted_bottom_reached,1,worker-01,2026-06-21T00:41:13.843Z,3179,visible,15,453,2026-06-21T00:41:13.844Z,2026-06-21T00:43:58.105Z,32,visible,visible,"thedogistVerified Edited•43wSpike, mix (1 y/o), McCarren Park, Brooklyn, NY • “He’s from Atlanta, Georgia – we got him from a hoarding house. He was one of 42 d"
DNgEDL-RHc6,reel,https://www.instagram.com/thedogist/reel/DNgEDL-RHc6/,partial,1,40000,61,204,223,223,view_all_comments_button,0.9148,197,0,0,0,38.2,27,2025-08-18T15:16:43.000Z,comments_exhausted_bottom_reached,comments_exhausted_bottom_reached,1,worker-01,2026-06-21T00:44:04.264Z,3184,visible,15,223,2026-06-21T00:44:04.265Z,2026-06-21T00:45:32.321Z,25,visible,visible,Rescue is the new runway. 🐾✨ I got to work with @muddypawsrescuenyc and photograph some of the most stylish models around — adoptable dogs. Check out the featu
DNeVpGVxWGV,reel,https://www.instagram.com/thedogist/reel/DNeVpGVxWGV/,partial,1,55000,58,404,425,425,view_all_comments_button,0.9506,378,0,0,0,48.08,33,2025-08-17T23:10:23.000Z,comments_exhausted_bottom_reached,comments_exhausted_bottom_reached,1,worker-01,2026-06-21T00:45:38.260Z,3175,visible,15,425,2026-06-21T00:45:38.261Z,2026-06-21T00:48:01.994Z,33,visible,visible,"Sprinkle Donut & Dewey, mix & Poodle/Siberian Husky mix (2.5 & 5 y/o), McCarren Park, Brooklyn, NY • “Sprinkles was brought in as a stray – she was super pregna"
DNdqB39Rph3,reel,https://www.instagram.com/thedogist/reel/DNdqB39Rph3/,complete,1,22000,19,163,163,163,view_all_comments_button,1,143,0,0,0,65.31,44,2025-08-17T16:49:06.000Z,target_reached,target_reached,1,worker-01,2026-06-21T00:48:07.916Z,3201,visible,15,163,2026-06-21T00:48:07.917Z,2026-06-21T00:48:59.261Z,19,visible,visible,Elsa thinks it’s #RATsummer
DNbdtOXxjqi,reel,https://www.instagram.com/thedogist/reel/DNbdtOXxjqi/,partial,1,62000,69,418,442,442,view_all_comments_button,0.9457,385,0,0,0,48.38,32,2025-08-16T20:23:08.000Z,comments_exhausted_bottom_reached,comments_exhausted_bottom_reached,1,worker-01,2026-06-21T00:49:05.276Z,3214,visible,15,442,2026-06-21T00:49:05.277Z,2026-06-21T00:51:34.811Z,34,visible,visible,"Wilson, mix (9 m/o), McCarren Park, Brooklyn, NY • “We got him from a shelter – he’s from Tennessee. He has mostly Mountain Cur, as well as some Great Pyrenees,"
DNY2MaZxUNQ,reel,https://www.instagram.com/thedogist/reel/DNY2MaZxUNQ/,partial,1,54000,68,294,318,318,view_all_comments_button,0.9245,266,0,0,0,56.53,36,2025-08-15T19:59:10.000Z,comments_exhausted_bottom_reached,comments_exhausted_bottom_reached,1,worker-01,2026-06-21T00:51:40.879Z,3200,visible,15,318,2026-06-21T00:51:40.879Z,2026-06-21T00:53:20.327Z,27,visible,visible,"Daisy, Sato mix (5 y/o), N 14th & Berry St., Brooklyn, NY • “She’s not the most friendly dog – she barks a lot. I’m Puerto Rican, so I adopted her back home. I’"
DNV6sneRHGz,reel,https://www.instagram.com/thedogist/reel/DNV6sneRHGz/,partial,1,32000,,300,310,310,view_all_comments_button,0.9677,275,0,0,0,56.22,33,2025-08-14T16:41:04.000Z,comments_exhausted_bottom_reached,comments_exhausted_bottom_reached,1,worker-01,2026-06-21T00:53:26.628Z,3215,visible,15,310,2026-06-21T00:53:26.628Z,2026-06-21T00:55:10.426Z,29,visible,visible,"Kaya, Boonie mix, McCarren Park, Brooklyn, NY • “She’s from Saipan. I think there’s almost the same amount of dogs as there are people at this point, because th"
DNUFQhjRwcF,reel,https://www.instagram.com/thedogist/reel/DNUFQhjRwcF/,partial,1,43000,,581,590,590,view_all_comments_button,0.9847,552,0,0,0,56.67,38,2025-08-14T03:57:26.000Z,comments_exhausted_bottom_reached,comments_exhausted_bottom_reached,1,worker-01,2026-06-21T00:55:17.163Z,3226,visible,15,590,2026-06-21T00:55:17.164Z,2026-06-21T00:58:59.777Z,38,visible,visible,"thedogistVerified Edited•44wElsa’s favorite place on earth is Upstate, NY (so far). What’s your dog’s favorite place? Where should I take Els next? Ft: @giddyup"
DNRXG6jRTTP,reel,https://www.instagram.com/thedogist/reel/DNRXG6jRTTP/,partial,1,65000,75,476,485,485,view_all_comments_button,0.9814,459,0,0,0,37.21,25,2025-08-12T22:12:57.000Z,comments_exhausted_bottom_reached,comments_exhausted_bottom_reached,1,worker-01,2026-06-21T00:59:06.469Z,3230,visible,15,485,2026-06-21T00:59:06.470Z,2026-06-21T01:01:56.975Z,34,visible,visible,"Beck, Scottish Terrier, Berry & Grand St., Brooklyn, NY• “He doesn’t like to walk. He lives with a cat – they get along, but the cat’s in charge. He chases squi"
DNOh07JxOgl,reel,https://www.instagram.com/thedogist/reel/DNOh07JxOgl/,partial,1,76000,72,524,556,556,view_all_comments_button,0.9424,507,0,0,0,43.37,29.5,2025-08-11T19:50:13.000Z,comments_exhausted_bottom_reached,comments_exhausted_bottom_reached,1,worker-01,2026-06-21T01:02:03.805Z,3216,visible,15,556,2026-06-21T01:02:03.805Z,2026-06-21T01:05:11.626Z,30,visible,visible,"Benjamin & Tim, Cocker Spaniel & mix (1.5 & 10 y/o), S 3rd & Berry St., Brooklyn, NY • “I’ve had Tim since 2015 – I found him when I was a senior in college. He"
DNMcdvNRszT,reel,https://www.instagram.com/thedogist/reel/DNMcdvNRszT/,partial,1,40000,49,232,239,239,view_all_comments_button,0.9707,224,0,0,0,40.41,28.5,2025-08-11T01:46:32.000Z,comments_exhausted_bottom_reached,comments_exhausted_bottom_reached,1,worker-01,2026-06-21T01:05:18.856Z,4409,visible,16,239,2026-06-21T01:05:18.857Z,2026-06-21T01:06:48.004Z,32,visible,visible,"thedogistVerified Edited•44wADOPTABLE: Fred, mix (4 y/o), McCarren Park, Brooklyn, NY • “We don’t know much about his history. He seems to favor women a little "
DNMATKnxNR3,reel,https://www.instagram.com/thedogist/reel/DNMATKnxNR3/,partial,1,44000,36,238,245,245,view_all_comments_button,0.9714,219,0,0,0,51.35,31,2025-08-10T20:20:20.000Z,comments_exhausted_bottom_reached,comments_exhausted_bottom_reached,1,worker-01,2026-06-21T01:06:55.439Z,4433,visible,16,245,2026-06-21T01:06:55.439Z,2026-06-21T01:08:33.491Z,32,visible,visible,"Ernest, mix (8 y/o), McCarren Park, Brooklyn, NY • “You took a picture of him and his brother, Oscar, who died. I was told he’s Shih Tzu/Puggle, but it turns ou"
DNJmAjSxqgx,reel,https://www.instagram.com/thedogist/reel/DNJmAjSxqgx/,partial,1,60000,43,262,273,273,view_all_comments_button,0.9597,245,0,0,0,32.6,22,2025-08-09T21:49:17.000Z,comments_exhausted_bottom_reached,comments_exhausted_bottom_reached,1,worker-01,2026-06-21T01:08:39.720Z,3239,visible,14,273,2026-06-21T01:08:39.720Z,2026-06-21T01:10:27.265Z,34,visible,visible,"Lucy, mix (4 y/o), S 3rd & Berry St., Brooklyn, NY • “Over COVID, I got into fostering – she was supposed to be my fifth foster. I didn’t know anything – the or"
DNIqYK5zNrC,p,https://www.instagram.com/troutbeck.ny/p/DNIqYK5zNrC/,complete,1,1198,5,10,10,10,view_all_comments_button,1,9,0,0,0,86,69,2025-08-09T13:07:18.000Z,target_reached,target_reached,1,worker-01,2026-06-21T01:10:34.396Z,4413,visible,10,10,2026-06-21T01:10:34.397Z,2026-06-21T01:10:39.498Z,0,visible,visible,"Selling Fast! Join @thedogist in conversation with special guest host Bunny Williams (@bunnys_eye) on Sunday, August 24 at 3pm in @troutbeck.ny's Pole Barn. ⁠⁠T"
DNG_RHaxxkY,reel,https://www.instagram.com/thedogist/reel/DNG_RHaxxkY/,partial,1,68000,59,558,569,569,view_all_comments_button,0.9807,544,0,0,0,37.64,25,2025-08-08T21:32:33.000Z,comments_exhausted_bottom_reached,comments_exhausted_bottom_reached,1,worker-01,2026-06-21T01:10:46.850Z,3200,visible,15,569,2026-06-21T01:10:46.851Z,2026-06-21T01:15:01.460Z,42,visible,visible,"Alvin, mix (5 y/o), S 3rd & Berry St., Brooklyn, NY • “He’s Chihuahua, Beagle, Pekingese, and Corgi. He was rescued from a hoard. He was found in an abandoned c"
DNEX1gsx0Dk,reel,https://www.instagram.com/thedogist/reel/DNEX1gsx0Dk/,partial,1,66000,49,234,240,240,view_all_comments_button,0.975,221,0,0,0,41.13,31,2025-08-07T21:08:51.000Z,comments_exhausted_bottom_reached,comments_exhausted_bottom_reached,1,worker-01,2026-06-21T01:15:07.464Z,3238,visible,14,240,2026-06-21T01:15:07.465Z,2026-06-21T01:16:41.768Z,31,visible,visible,"Leo & Joey, Golden Retriever & Chihuahua mix, S 3rd & Bedford Ave., Brooklyn, NY • “He’s gonna be nine in October, so we got her to keep his energy up. They hav"
DM_QacaxNjc,reel,https://www.instagram.com/thedogist/reel/DM_QacaxNjc/,partial,1,45000,11,204,223,223,view_all_comments_button,0.9148,187,0,0,0,47.38,29.5,2025-08-05T21:29:12.000Z,comments_exhausted_bottom_reached,comments_exhausted_bottom_reached,1,worker-01,2026-06-21T01:16:47.820Z,3196,visible,13,223,2026-06-21T01:16:47.821Z,2026-06-21T01:18:22.381Z,30,visible,visible,"Cooper, Golden Retriever (5 y/o), 17th & Irving Place, New York, NY • “We’re from the suburbs – this is his first time to New York City. We’re exposing him to t"
DM86qKAxOoh,reel,https://www.instagram.com/thedogist/reel/DM86qKAxOoh/,partial_unknown_target,1,165000,166,622,1165,1165,og_description_mixed_platform,0.5339,601,0,0,0,30.22,22,2025-08-04T23:40:01.000Z,post_detail_step_timeout,post_detail_step_timeout,1,worker-01,2026-06-21T01:18:29.420Z,3220,visible,14,1165,2026-06-21T01:18:29.421Z,2026-06-21T01:20:53.689Z,,,,"Hercules & Apollo, Samoyeds, 18th & Irving Place, New York, NY • “They speak Portuguese. They’re totally opposite – Hercules was really docile when he was a pup"
DM6J5JNxlaQ,p,https://www.instagram.com/thedogist/p/DM6J5JNxlaQ/,partial,1,7005,3,59,63,63,view_all_comments_button,0.9365,55,0,0,0,37.25,26,2025-08-03T21:53:51.000Z,comments_exhausted_bottom_reached,comments_exhausted_bottom_reached,1,worker-01,2026-06-21T01:21:00.040Z,3212,visible,13,63,2026-06-21T01:21:00.040Z,2026-06-21T01:21:35.369Z,14,visible,visible,"Are you in The Dogist Club? We’ve got you covered. Shop our limited collection of the coziest sweatshirts, tees, totes, and hats. The dog days of summer are jus"
DM3dPzDRfvV,reel,https://www.instagram.com/thedogist/reel/DM3dPzDRfvV/,partial,1,50000,6,245,252,252,view_all_comments_button,0.9722,237,0,0,0,40.28,27,2025-08-02T20:48:14.000Z,comments_exhausted_bottom_reached,comments_exhausted_bottom_reached,1,worker-01,2026-06-21T01:21:41.653Z,3197,visible,14,252,2026-06-21T01:21:41.654Z,2026-06-21T01:23:11.943Z,33,visible,visible,"Maya, Siberian Husky mix (5 y/o), E 6th & Cooper Square, New York, NY • “I’ve had dogs my whole life – I think she’s the eight or ninth. I love that dogs are au"
DM08LEJxSju,reel,https://www.instagram.com/thedogist/reel/DM08LEJxSju/,partial,1,66000,11,581,597,597,view_all_comments_button,0.9732,559,0,0,0,50.26,31,2025-08-01T21:21:35.000Z,comments_exhausted_bottom_reached,comments_exhausted_bottom_reached,1,worker-01,2026-06-21T01:23:18.397Z,3214,visible,15,597,2026-06-21T01:23:18.398Z,2026-06-21T01:27:02.602Z,38,visible,visible,"Toby, mix, Astor Place, New York, NY • “I just got him today from the ACC. I’m carrying him because he had neuter surgery, and I don’t want him to rip his stitc"
DMyZ2M3xqF1,reel,https://www.instagram.com/thedogist/reel/DMyZ2M3xqF1/,partial,1,40000,1,438,475,475,view_all_comments_button,0.9221,426,0,0,0,31.65,21,2025-07-31T21:40:28.000Z,comments_exhausted_bottom_reached,comments_exhausted_bottom_reached,1,worker-01,2026-06-21T01:27:09.237Z,3225,visible,15,475,2026-06-21T01:27:09.238Z,2026-06-21T01:30:19.065Z,33,visible,visible,"Opal, Siberian Husky/German Shepherd mix (3.5 y/o), W 4th & Perry St., New York, NY • “She’s amazing. She shadows humans everywhere she goes. She loves our roof"
DMvrs_0RCI0,reel,https://www.instagram.com/thedogist/reel/DMvrs_0RCI0/,partial,1,38000,1,294,296,296,view_all_comments_button,0.9932,266,0,0,0,48.14,27.5,2025-07-30T20:20:11.000Z,comments_exhausted_bottom_reached,comments_exhausted_bottom_reached,1,worker-01,2026-06-21T01:30:25.479Z,3228,visible,14,296,2026-06-21T01:30:25.479Z,2026-06-21T01:32:25.979Z,40,visible,visible,"Scout, Rough Collie (1 y/o), Main & Cross St., Belfast, ME • “We have a path behind our house – he’ll run down it and go torment our neighbor’s chickens. He’s n"
DMtkh4Jx0LT,reel,https://www.instagram.com/thedogist/reel/DMtkh4Jx0LT/,partial,1,63000,10,441,445,445,view_all_comments_button,0.991,432,0,0,0,30.78,22,2025-07-30T00:37:21.000Z,comments_exhausted_bottom_reached,comments_exhausted_bottom_reached,1,worker-01,2026-06-21T01:32:32.449Z,3212,visible,15,445,2026-06-21T01:32:32.450Z,2026-06-21T01:35:14.999Z,36,visible,visible,"Leo, Siberian Husky/Golden Retriever mix (8 y/o), Main Street, Bar Harbor, ME • “He’s a little lad. He roams the streets of Bar Harbor every day. He’s good like"
DMqro1ixqaS,reel,https://www.instagram.com/thedogist/reel/DMqro1ixqaS/,partial,1,97000,11,616,640,640,view_all_comments_button,0.9625,588,0,0,0,45.87,32,2025-07-28T21:41:56.000Z,comments_exhausted_bottom_reached,comments_exhausted_bottom_reached,1,worker-01,2026-06-21T01:35:21.308Z,3248,visible,15,640,2026-06-21T01:35:21.309Z,2026-06-21T01:39:36.168Z,37,visible,visible,"Poppy & Flare, Golden Retrievers, Forest Lake, Cumberland, ME • “My daughter is a TikTok influencer. The older dog had 16 million views of her bunking a ball of"
DMoNrYixyMh,p,https://www.instagram.com/thedogist/p/DMoNrYixyMh/,partial,1,57000,2,227,240,240,view_all_comments_button,0.9458,223,0,0,0,31.87,21,2025-07-27T22:40:36.000Z,comments_exhausted_bottom_reached,comments_exhausted_bottom_reached,1,worker-01,2026-06-21T01:39:42.388Z,3203,visible,14,240,2026-06-21T01:39:42.388Z,2026-06-21T01:41:02.542Z,26,visible,visible,"Rudy, mix (10 y/o), Middle St & Bath Rd, Wiscasset, ME • “He’s an orphan from Virginia, and we’ve had him for about nine years. He’s amazing – he’s extremely sm"
DMlN3egR85a,p,https://www.instagram.com/thedogist/p/DMlN3egR85a/,partial,1,67000,4,252,262,262,view_all_comments_button,0.9618,247,0,0,0,31.1,23,2025-07-26T18:44:31.000Z,comments_exhausted_bottom_reached,comments_exhausted_bottom_reached,1,worker-01,2026-06-21T01:41:09.359Z,3198,visible,14,262,2026-06-21T01:41:09.360Z,2026-06-21T01:42:37.354Z,29,visible,visible,"Coraline, Beagle mix, Middle & India St., Portland, ME • “She’s excited because she was just sitting in the car for hours and she just got out. She’s a COVID pu"
DMgWm6Fx0ND,reel,https://www.instagram.com/thedogist/reel/DMgWm6Fx0ND/,partial,1,46000,6,310,318,318,view_all_comments_button,0.9748,283,0,0,0,41.67,29.5,2025-07-24T21:26:32.000Z,comments_exhausted_bottom_reached,comments_exhausted_bottom_reached,1,worker-01,2026-06-21T01:42:44.677Z,4256,visible,15,318,2026-06-21T01:42:44.678Z,2026-06-21T01:44:42.280Z,27,visible,visible,"Yuuki, Jack Russell Terrier (2 y/o), 44th & 9th Ave., New York, NY • “She usually has tons of energy, but I think it’s a little hot for her. She’s super fun, an"
DMdgTOLxut4,reel,https://www.instagram.com/thedogist/reel/DMdgTOLxut4/,partial_unknown_target,1,71000,13,657,961,961,og_description_mixed_platform,0.6837,610,0,0,0,32.78,24,2025-07-23T18:53:04.000Z,post_detail_step_timeout,post_detail_step_timeout,1,worker-01,2026-06-21T01:44:49.251Z,3238,visible,15,961,2026-06-21T01:44:49.252Z,2026-06-21T01:48:32.997Z,,,,"Baker, Beagle/Pekingese mix (14 y/o), 43rd & 9th Ave., New York, NY• “April 1st he had surgery – they found 36 bladder stones. He’s been the best thing in the w"
DMbb1gFRYro,reel,https://www.instagram.com/thedogist/reel/DMbb1gFRYro/,partial,1,57000,3,364,369,369,view_all_comments_button,0.9864,333,0,0,0,48.91,34,2025-07-22T23:35:14.000Z,comments_exhausted_bottom_reached,comments_exhausted_bottom_reached,1,worker-01,2026-06-21T01:48:39.217Z,3208,visible,15,369,2026-06-21T01:48:39.217Z,2026-06-21T01:50:43.470Z,30,visible,visible,"Pockets, Terrier mix (11 y/o), 43rd & 9th Ave., New York • “She just had her anal glands expressed, so she’s feeling great right now. She’s from South Korea – s"
DMYtHjfRwD_,reel,https://www.instagram.com/thedogist/reel/DMYtHjfRwD_/,partial,1,58000,,507,530,530,view_all_comments_button,0.9566,498,0,0,0,34.85,24,2025-07-21T22:10:22.000Z,comments_exhausted_bottom_reached,comments_exhausted_bottom_reached,1,worker-01,2026-06-21T01:50:49.957Z,3258,visible,14,530,2026-06-21T01:50:49.957Z,2026-06-21T01:54:01.121Z,33,visible,visible,"Stinky, mix (1 y/o), 43rd & 9th Ave., New York, NY • “Stinky is a family name – my dad’s nickname was Stinky when he was a baby. She’s my third dog. I didn’t gr"
DMTOgH0xKpl,reel,https://www.instagram.com/thedogist/reel/DMTOgH0xKpl/,partial_unknown_target,1,75000,,634,1039,1039,og_description_mixed_platform,0.6102,600,0,0,0,55.91,31,2025-07-19T19:05:15.000Z,post_detail_step_timeout,post_detail_step_timeout,1,worker-01,2026-06-21T01:54:07.634Z,3239,visible,15,1039,2026-06-21T01:54:07.635Z,2026-06-21T01:56:37.474Z,,,,"Dory, Labradoodle (14 y/o), 64th & 3rd Ave., New York, NY • “This dog has survived a splenectomy with a bleeding tumor the size of a grapefruit, ocular melanoma"
DMRQrp9RUCS,reel,https://www.instagram.com/thedogist/reel/DMRQrp9RUCS/,partial,1,41000,6,324,334,334,view_all_comments_button,0.9701,317,0,0,0,68.29,32.5,2025-07-19T00:49:35.000Z,comments_exhausted_bottom_reached,comments_exhausted_bottom_reached,1,worker-01,2026-06-21T01:56:43.721Z,3247,visible,15,334,2026-06-21T01:56:43.722Z,2026-06-21T01:58:49.201Z,36,visible,visible,I got to pay another visit to @theseeingeye and learn more about their process of raising and training guide dogs for the blind and visually impaired. I was als
DMN51J1xp4T,reel,https://www.instagram.com/thedogist/reel/DMN51J1xp4T/,partial_unknown_target,1,84000,66,790,1188,1188,og_description_mixed_platform,0.665,771,0,0,0,49.55,32,2025-07-17T17:27:56.000Z,post_detail_step_timeout,post_detail_step_timeout,1,worker-01,2026-06-21T01:58:56.043Z,3432,visible,14,1188,2026-06-21T01:58:56.044Z,2026-06-21T02:03:28.942Z,,,,"Carl, Beagle (3 y/o), Gansevoort Plaza, New York, NY • “They told me he was six years old when I got him, and then the vet said he’s closer to one. Someone tied"
DMLn1gNsk9L,reel,https://www.instagram.com/theviewabc/reel/DMLn1gNsk9L/,partial_unknown_target,1,20000,3,72,131,131,og_description_mixed_platform,0.5496,70,0,0,0,55.1,24,2025-07-16T20:40:31.000Z,post_detail_step_timeout,post_detail_step_timeout,1,worker-01,2026-06-21T02:03:35.195Z,3256,visible,14,131,2026-06-21T02:03:35.196Z,2026-06-21T02:04:03.574Z,,,,"""When you get a dog, they help you open up a whole other chamber of your heart that you didn't know was there."" Elias Weiss Friedman (@thedogist), author of 'Th"
DMLfJ8ToQCu,reel,https://www.instagram.com/theviewabc/reel/DMLfJ8ToQCu/,complete,1,5769,1,71,71,71,view_all_comments_button,1,68,0,0,0,73.97,34,2025-07-16T18:56:25.000Z,target_reached,target_reached,1,worker-01,2026-06-21T02:04:10.992Z,4425,visible,16,71,2026-06-21T02:04:10.993Z,2026-06-21T02:04:37.640Z,8,visible,visible,"Elias Weiss Friedman, founder of @TheDogist, joins @AlyssaFarah to share his favorite moments from documenting the lives of dogs and his new book, 'This Dog Wil"
DMLe5dRROwI,p,https://www.instagram.com/thedogist/p/DMLe5dRROwI/,partial,1,49000,1,175,187,187,view_all_comments_button,0.9358,172,0,0,0,39.99,29,2025-07-16T18:53:05.000Z,comments_exhausted_bottom_reached,comments_exhausted_bottom_reached,1,worker-01,2026-06-21T02:04:43.656Z,3206,visible,15,187,2026-06-21T02:04:43.656Z,2026-06-21T02:05:58.281Z,30,visible,visible,"Carmela, Vizsla/Labrador Retriever mix, Tompkins Square Park, New York, NYCarmela’s tennis ball…"
DMI_Fg6x-ej,reel,https://www.instagram.com/thedogist/reel/DMI_Fg6x-ej/,partial_unknown_target,1,86000,,571,609,609,og_description_mixed_platform,0.9376,557,0,0,0,32.3,21,2025-07-15T19:38:38.000Z,post_detail_step_timeout,post_detail_step_timeout,1,worker-01,2026-06-21T02:06:04.775Z,3253,visible,15,609,2026-06-21T02:06:04.776Z,2026-06-21T02:08:28.815Z,,,,"Pushkin, White Swiss Shepherd (8 y/o), 63rd & 3rd Ave., New York, NY • “We’ve met before – his video got 21 million views on TikTok. He’s named after the poet A"
DMG4lLhxLJM,reel,https://www.instagram.com/thedogist/reel/DMG4lLhxLJM/,complete,1,10000,3,51,51,51,view_all_comments_button,1,49,0,0,0,62.84,41,2025-07-15T00:02:06.000Z,target_reached,target_reached,1,worker-01,2026-06-21T02:08:35.090Z,3226,visible,15,51,2026-06-21T02:08:35.090Z,2026-06-21T02:08:52.999Z,6,visible,visible,"I had a quick but awesome trip to the Hamptons! Thank you to everyone who came to my live show at @guild_hall, and to @therealaliwentworth for being an incredib"
DMBP1XRRc9A,p,https://www.instagram.com/thedogist/p/DMBP1XRRc9A/,partial,1,36000,3,87,96,96,view_all_comments_button,0.9063,86,0,0,0,37.03,21,2025-07-12T19:29:03.000Z,comments_exhausted_bottom_reached,comments_exhausted_bottom_reached,1,worker-01,2026-06-21T02:08:59.278Z,3237,visible,14,96,2026-06-21T02:08:59.279Z,2026-06-21T02:09:46.291Z,19,visible,visible,"Quinn, Ava, Bailey, Dixie, & Mr. 305, Martha’s Vineyard, MA • Quinn is the official Dogager of the @thewinnetu, and Ava, Bailey, Dixie, & Mr. 305 are all ADOPTA"
DL_O225RLQm,p,https://www.instagram.com/thedogist/p/DL_O225RLQm/,partial,1,40000,3,101,116,116,view_all_comments_button,0.8707,97,0,0,0,36.05,22,2025-07-12T00:42:44.000Z,comments_exhausted_bottom_reached,comments_exhausted_bottom_reached,1,worker-01,2026-06-21T02:09:52.520Z,3227,visible,12,116,2026-06-21T02:09:52.522Z,2026-06-21T02:10:48.607Z,20,visible,visible,"thedogistVerified Edited•49wADOPTABLE: Manny, George, & Ganache, via @nishanimals, Nantucket, MA • If you’re interested in fostering or adopting any of these pu"
DL5dbaCxIni,reel,https://www.instagram.com/thedogist/reel/DL5dbaCxIni/,partial,1,66000,5,538,555,555,view_all_comments_button,0.9694,515,0,0,0,43.91,27,2025-07-09T18:56:29.000Z,comments_exhausted_bottom_reached,comments_exhausted_bottom_reached,1,worker-01,2026-06-21T02:10:54.804Z,3257,visible,14,555,2026-06-21T02:10:54.804Z,2026-06-21T02:14:23.864Z,37,visible,visible,"Bear, Labrador Retriever mix (11 y/o), The Nantucket Hotel, Nantucket, MA • “You took his photo ten years ago. He was diagnosed with hemangiosarcoma three month"
DL3HHleJZix,reel,https://www.instagram.com/washingtonpost/reel/DL3HHleJZix/,partial,1,28000,2,45,50,50,view_all_comments_button,0.9,44,0,0,0,42.38,23,2025-07-08T21:01:20.000Z,comments_exhausted_bottom_reached,comments_exhausted_bottom_reached,1,worker-01,2026-06-21T02:14:32.656Z,5627,visible,17,50,2026-06-21T02:14:32.657Z,2026-06-21T02:15:04.511Z,13,visible,visible,More than 11 million people follow Elias Weiss Friedman’s posts featuring pictures he’s taken of dogs (and their owners) on the streets of New York and elsewher
DLyOdV8RrLJ,reel,https://www.instagram.com/thedogist/reel/DLyOdV8RrLJ/,partial_unknown_target,1,88000,50,498,701,701,og_description_mixed_platform,0.7104,480,0,0,0,39.66,22,2025-07-06T23:30:22.000Z,post_detail_step_timeout,post_detail_step_timeout,1,worker-01,2026-06-21T02:15:13.344Z,5651,visible,19,701,2026-06-21T02:15:13.345Z,2026-06-21T02:16:55.031Z,,,,"Sully, Beagle (11 m/o), Central Park, New York, NY • “He’s my boss’ dog, but I spend a lot of time with him. He’s a chewer — the TV remote. My favorite part of "
DLvEP1ogZYq,reel,https://www.instagram.com/thedogist/reel/DLvEP1ogZYq/,partial,1,43000,2,307,322,322,view_all_comments_button,0.9534,295,0,0,0,57.27,40,2025-07-05T18:05:55.000Z,comments_exhausted_bottom_reached,comments_exhausted_bottom_reached,1,worker-01,2026-06-21T02:17:02.463Z,4458,visible,15,322,2026-06-21T02:17:02.464Z,2026-06-21T02:18:44.199Z,29,visible,visible,"Shea, Tibetan Terrier (5 y/o), 64th & 2nd Ave., New York, NY • “My niece recently got diagnosed with cancer, and she’s being treated at Sloan, so we’re training"
DLqSAADxHC4,reel,https://www.instagram.com/thedogist/reel/DLqSAADxHC4/,partial_unknown_target,1,93000,5,670,753,753,og_description_mixed_platform,0.8898,620,0,0,0,50.52,30,2025-07-03T21:27:41.000Z,post_detail_step_timeout,post_detail_step_timeout,1,worker-01,2026-06-21T02:18:51.251Z,3239,visible,15,753,2026-06-21T02:18:51.252Z,2026-06-21T02:22:29.761Z,,,,"Loki, Border Collie/Golden Retriever mix (5 y/o), St. Marks & 2nd Ave., New York, NY • “I got him from the shelter here in the city. He’s a very one-person dog,"
DLni_YuRuwM,p,https://www.instagram.com/thedogist/p/DLni_YuRuwM/,partial,1,70000,4,443,460,460,view_all_comments_button,0.963,417,0,0,0,32.57,22,2025-07-02T21:19:43.000Z,comments_exhausted_bottom_reached,comments_exhausted_bottom_reached,1,worker-01,2026-06-21T02:22:36.362Z,3198,visible,11,460,2026-06-21T02:22:36.363Z,2026-06-21T02:25:11.022Z,32,visible,visible,"thedogistVerified Edited•50wTori, Jack Russell Terrier (4 y/o), Lafayette & Bleecker St., New York, NY • “She’s very playful. She likes to just walk around New "
DLkuiTkRuxu,reel,https://www.instagram.com/thedogist/reel/DLkuiTkRuxu/,partial,1,67000,3,330,342,342,view_all_comments_button,0.9649,316,0,0,0,54.37,30,2025-07-01T17:45:08.000Z,comments_exhausted_bottom_reached,comments_exhausted_bottom_reached,1,worker-01,2026-06-21T02:25:17.944Z,3263,visible,15,342,2026-06-21T02:25:17.945Z,2026-06-21T02:27:13.241Z,30,visible,visible,"thedogistVerified Edited•50wLoki, German Shepherd (5 m/o), Coffey Park, Brooklyn, NY • “You’ve taken a picture of our other dog, Mia. Loki is so shy with people"
DLidBoSx9to,reel,https://www.instagram.com/thedogist/reel/DLidBoSx9to/,partial,1,46000,1,271,280,280,view_all_comments_button,0.9679,257,0,0,0,34.91,24,2025-06-30T20:28:52.000Z,comments_exhausted_bottom_reached,comments_exhausted_bottom_reached,1,worker-01,2026-06-21T02:27:19.338Z,3238,visible,15,280,2026-06-21T02:27:19.339Z,2026-06-21T02:29:07.137Z,31,visible,visible,"Loki & Gucci, Yorkshire Terriers, Coffey Park, Brooklyn, NY • “Loki is very friendly, and Gucci is a bully. We rescued him in December. He’ll eat anything, but "
DLgPLWbxWaD,reel,https://www.instagram.com/thedogist/reel/DLgPLWbxWaD/,partial,1,76000,5,345,375,375,view_all_comments_button,0.92,334,0,0,0,34.81,25,2025-06-29T23:49:29.000Z,active_visibility_lost,active_visibility_lost,1,worker-01,2026-06-21T02:29:13.637Z,3241,visible,13,375,2026-06-21T02:29:13.637Z,2026-06-21T02:30:54.042Z,25,visible|hidden,visible|hidden,"Rigby, Golden Retriever mix (4 y/o), Cobble Hill Park, Brooklyn, NY • “She’s named after the song – Eleanor is her alter ego when she’s not behaving. She’s usua"
DLdj9PNxECH,p,https://www.instagram.com/thedogist/p/DLdj9PNxECH/,partial,1,40000,28,84,93,93,view_all_comments_button,0.9032,82,0,0,0,32.58,21.5,2025-06-28T22:52:13.000Z,comments_exhausted_bottom_reached,comments_exhausted_bottom_reached,1,worker-01,2026-06-21T02:31:00.456Z,3263,visible,11,93,2026-06-21T02:31:00.457Z,2026-06-21T02:31:51.930Z,18,visible,visible,"Cashew, Pomsky (2 y/o), Union Square Park, New York, NY"
DLc3BgGRnSn,reel,https://www.instagram.com/thedogist/reel/DLc3BgGRnSn/,partial_unknown_target,1,102000,16,728,1002,1002,og_description_mixed_platform,0.7265,693,0,0,0,34.73,24,2025-06-28T16:20:55.000Z,post_detail_step_timeout,post_detail_step_timeout,1,worker-01,2026-06-21T02:31:58.316Z,3224,visible,15,1002,2026-06-21T02:31:58.317Z,2026-06-21T02:36:04.980Z,,,,"Audrey, Biewer Terrier (13 y/o), W 12th & Hudson St., New York, NY • “She’s named after Audrey Hepburn. She was supposed to be bigger – she’s only four pounds. "
DLa7FkgRKho,p,https://www.instagram.com/thedogist/p/DLa7FkgRKho/,partial,1,64000,2,381,402,402,view_all_comments_button,0.9478,360,0,0,0,36.28,22,2025-06-27T22:16:37.000Z,comments_exhausted_bottom_reached,comments_exhausted_bottom_reached,1,worker-01,2026-06-21T02:36:11.948Z,3263,visible,14,402,2026-06-21T02:36:11.948Z,2026-06-21T02:38:30.079Z,27,visible,visible,"Fully & Lil Mamas, Siberian Huskies, Tompkins Square Park, New York, NY • “Fully, like automatic. It’s an energy thing. They’re litter mates, but Lil Mamas came"
DLYJ71tR9Fl,p,https://www.instagram.com/thedogist/p/DLYJ71tR9Fl/,partial,1,46000,3,437,450,450,view_all_comments_button,0.9711,371,0,0,0,43.16,30,2025-06-26T20:28:39.000Z,comments_exhausted_bottom_reached,comments_exhausted_bottom_reached,1,worker-01,2026-06-21T02:38:37.760Z,4457,visible,15,450,2026-06-21T02:38:37.761Z,2026-06-21T02:42:22.097Z,43,visible,visible,"Frankie, Boston Terrier (2 y/o), Brooklyn Bridge Park Greenway, Brooklyn, NY • “He chases squirrels nonstop, and he loves to cuddle. He just likes to chill. I j"
DLVfM7AxPbI,reel,https://www.instagram.com/thedogist/reel/DLVfM7AxPbI/,partial_unknown_target,1,99000,40,523,683,683,og_description_mixed_platform,0.7657,491,0,0,0,40.12,27,2025-06-25T19:38:02.000Z,post_detail_step_timeout,post_detail_step_timeout,1,worker-01,2026-06-21T02:42:28.794Z,3273,visible,14,683,2026-06-21T02:42:28.795Z,2026-06-21T02:44:55.543Z,,,,"Celly, Dachshund (2 y/o), 2nd & Henry St., Brooklyn, NY • “Celly is short for celebration. He’s changed my life – he totally opened my heart and changed everyth"
DLSyeFKRIrd,reel,https://www.instagram.com/thedogist/reel/DLSyeFKRIrd/,partial,1,82000,,476,494,494,view_all_comments_button,0.9636,428,0,0,0,49.24,29,2025-06-24T23:36:21.000Z,comments_exhausted_bottom_reached,comments_exhausted_bottom_reached,1,worker-01,2026-06-21T02:45:02.759Z,3272,visible,14,494,2026-06-21T02:45:02.760Z,2026-06-21T02:48:39.596Z,39,visible,visible,"thedogistVerified Edited•51wRavioli, Siberian Husky, Henry & Union St., Brooklyn, NY • “She ate a lot of weed once. She climbed on my couch, on top of the stove"
DLQVD-exbuk,reel,https://www.instagram.com/thedogist/reel/DLQVD-exbuk/,partial_unknown_target,1,144000,62,620,983,983,og_description_mixed_platform,0.6307,610,0,0,0,36.28,24,2025-06-23T19:33:23.000Z,post_detail_step_timeout,post_detail_step_timeout,1,worker-01,2026-06-21T02:48:47.398Z,4471,visible,14,983,2026-06-21T02:48:47.399Z,2026-06-21T02:51:23.275Z,,,,"Uni, Golden Retriever (1 y/o), Wycoff & Court St., Brooklyn, NY • “She’s named after the sea urchin. We had a Golden named Toro, and my dream is to have a halo "
DLNk_OARr15,reel,https://www.instagram.com/thedogist/reel/DLNk_OARr15/,partial,1,53000,22,186,198,198,view_all_comments_button,0.9394,182,0,0,0,35.88,27,2025-06-22T17:54:21.000Z,comments_exhausted_bottom_reached,comments_exhausted_bottom_reached,1,worker-01,2026-06-21T02:51:29.700Z,3223,visible,12,198,2026-06-21T02:51:29.701Z,2026-06-21T02:52:43.361Z,33,visible,visible,"Milo, Chihuahua/Dachshund mix, Henry & Union St., Brooklyn, NY • “He thinks everyone is his friend. He was born in Texas. He was in a hoarding situation, and th"
DLLPoF5RdhP,reel,https://www.instagram.com/thedogist/reel/DLLPoF5RdhP/,failed,1,64000,5,0,217,217,view_all_comments_button,0,0,0,0,0,0,0,2025-06-21T20:08:56.000Z,partial_scroll_stalled_before_bottom,partial_scroll_stalled_before_bottom,1,worker-01,2026-06-21T02:52:48.802Z,2609,visible,0,217,2026-06-21T02:52:48.828Z,2026-06-21T02:53:41.360Z,24,visible,visible,
DLKsEuxReQF,p,https://www.instagram.com/thedogist/p/DLKsEuxReQF/,partial,1,52000,1,166,180,180,view_all_comments_button,0.9222,156,0,0,0,33.01,22,2025-06-21T14:57:35.000Z,comments_exhausted_bottom_reached,comments_exhausted_bottom_reached,1,worker-01,2026-06-21T02:53:47.357Z,3225,visible,15,180,2026-06-21T02:53:47.358Z,2026-06-21T02:55:11.912Z,29,visible,visible,"Alvy, Goldendoodle (5 y/o), Little W 12th & 9th Ave., New York, NY • “His birthday was three days ago. He is the most neurotic but loving dog you can imagine. H"
DLIznI5xR9i,reel,https://www.instagram.com/thedogist/reel/DLIznI5xR9i/,partial,1,119000,17,594,619,619,view_all_comments_button,0.9596,553,0,0,0,44.25,29,2025-06-20T21:27:31.000Z,comments_exhausted_bottom_reached,comments_exhausted_bottom_reached,1,worker-01,2026-06-21T02:55:18.845Z,3232,visible,15,619,2026-06-21T02:55:18.846Z,2026-06-21T02:59:30.138Z,40,visible,visible,"Poppy, Labrador Retriever (4.5 y/o), Plymouth & Pearl St., Brooklyn, NY • “She’s eaten an airpod before. It fell out of someone’s ear at a dog park, and she imm"
DLGInbkxZUE,reel,https://www.instagram.com/thedogist/reel/DLGInbkxZUE/,partial_unknown_target,1,75000,5,751,990,990,og_description_mixed_platform,0.7586,720,0,0,0,38.22,23,2025-06-19T20:31:38.000Z,post_detail_step_timeout,post_detail_step_timeout,1,worker-01,2026-06-21T02:59:36.967Z,3252,visible,15,990,2026-06-21T02:59:36.968Z,2026-06-21T03:03:22.560Z,,,,"Otis, Rottweiler (5 y/o), Plymouth & Pearl St., Brooklyn, NY • “He’s pretty chill. Loves babies, loves dogs. He’s a big sweetie. He sort of always eats anything"
DLD8DE4xxwW,reel,https://www.instagram.com/thedogist/reel/DLD8DE4xxwW/,partial,1,45000,2,54,291,291,view_all_comments_button,0.1856,49,0,0,0,66.31,35.5,2025-06-19T00:03:42.000Z,user_stop_requested,user_stop_requested,1,,2026-06-21T03:03:29.172Z,3253,visible,15,291,2026-06-21T03:03:29.173Z,2026-06-21T03:03:46.522Z,,,,"Sage & Whisper, mix & Chihuahua, Perry & Hudson St., New York, NY • “Whisper is so sweet. She travels all over – she’s been to Rome, Paris… Sage is very sweet, "
DLA8Or_xyPl,reel,https://www.instagram.com/thedogist/reel/DLA8Or_xyPl/,queued,0,0,,0,0,0,,,0,0,0,0,0,0,,,,,,,,,0,,,,,,,
DK94a9uPb0z,reel,https://www.instagram.com/lauriesantosofficial/reel/DK94a9uPb0z/,queued,0,0,,0,0,0,,,0,0,0,0,0,0,,,,,,,,,0,,,,,,,
DK7kOF1RpfP,reel,https://www.instagram.com/thedogist/reel/DK7kOF1RpfP/,queued,0,0,,0,0,0,,,0,0,0,0,0,0,,,,,,,,,0,,,,,,,
DK5ZnzyR65F,reel,https://www.instagram.com/thedogist/reel/DK5ZnzyR65F/,queued,0,0,,0,0,0,,,0,0,0,0,0,0,,,,,,,,,0,,,,,,,
DK2lv-2xKjr,p,https://www.instagram.com/thedogist/p/DK2lv-2xKjr/,queued,0,0,,0,0,0,,,0,0,0,0,0,0,,,,,,,,,0,,,,,,,
DK0L_m5R1Uk,reel,https://www.instagram.com/thedogist/reel/DK0L_m5R1Uk/,queued,0,0,,0,0,0,,,0,0,0,0,0,0,,,,,,,,,0,,,,,,,
DKxhpCJRrlF,p,https://www.instagram.com/thedogist/p/DKxhpCJRrlF/,queued,0,0,,0,0,0,,,0,0,0,0,0,0,,,,,,,,,0,,,,,,,
DKxILB1RTj6,p,https://www.instagram.com/thedogist/p/DKxILB1RTj6/,queued,0,0,,0,0,0,,,0,0,0,0,0,0,,,,,,,,,0,,,,,,,
DKuv5ijx8kg,p,https://www.instagram.com/thedogist/p/DKuv5ijx8kg/,queued,0,0,,0,0,0,,,0,0,0,0,0,0,,,,,,,,,0,,,,,,,
DKsjH2FR8Nd,reel,https://www.instagram.com/thedogist/reel/DKsjH2FR8Nd/,queued,0,0,,0,0,0,,,0,0,0,0,0,0,,,,,,,,,0,,,,,,,
DKr5U74sM4m,reel,https://www.instagram.com/ubereats/reel/DKr5U74sM4m/,queued,0,0,,0,0,0,,,0,0,0,0,0,0,,,,,,,,,0,,,,,,,
DKpqTFqxpeM,reel,https://www.instagram.com/thedogist/reel/DKpqTFqxpeM/,queued,0,0,,0,0,0,,,0,0,0,0,0,0,,,,,,,,,0,,,,,,,
DKmtK7gxRVA,reel,https://www.instagram.com/thedogist/reel/DKmtK7gxRVA/,queued,0,0,,0,0,0,,,0,0,0,0,0,0,,,,,,,,,0,,,,,,,
DKk9kPBxrrj,reel,https://www.instagram.com/thedogist/reel/DKk9kPBxrrj/,queued,0,0,,0,0,0,,,0,0,0,0,0,0,,,,,,,,,0,,,,,,,
DKfR5VAxlna,p,https://www.instagram.com/thedogist/p/DKfR5VAxlna/,queued,0,0,,0,0,0,,,0,0,0,0,0,0,,,,,,,,,0,,,,,,,
DKexk5_xg3b,p,https://www.instagram.com/thedogist/p/DKexk5_xg3b/,queued,0,0,,0,0,0,,,0,0,0,0,0,0,,,,,,,,,0,,,,,,,
DKejqzCxwh7,p,https://www.instagram.com/thedogist/p/DKejqzCxwh7/,queued,0,0,,0,0,0,,,0,0,0,0,0,0,,,,,,,,,0,,,,,,,
DKcChruxzYc,reel,https://www.instagram.com/thedogist/reel/DKcChruxzYc/,queued,0,0,,0,0,0,,,0,0,0,0,0,0,,,,,,,,,0,,,,,,,
DKaWzewxUw8,p,https://www.instagram.com/thedogist/p/DKaWzewxUw8/,queued,0,0,,0,0,0,,,0,0,0,0,0,0,,,,,,,,,0,,,,,,,
DKYYJEuR1Ih,reel,https://www.instagram.com/thedogist/reel/DKYYJEuR1Ih/,queued,0,0,,0,0,0,,,0,0,0,0,0,0,,,,,,,,,0,,,,,,,
DKX0ylZxnRh,reel,https://www.instagram.com/thedogist/reel/DKX0ylZxnRh/,queued,0,0,,0,0,0,,,0,0,0,0,0,0,,,,,,,,,0,,,,,,,
DKVWo-BR65v,reel,https://www.instagram.com/thedogist/reel/DKVWo-BR65v/,queued,0,0,,0,0,0,,,0,0,0,0,0,0,,,,,,,,,0,,,,,,,
DKUfeloxb3I,reel,https://www.instagram.com/cbssaturday/reel/DKUfeloxb3I/,queued,0,0,,0,0,0,,,0,0,0,0,0,0,,,,,,,,,0,,,,,,,
DKTCOqax-WT,reel,https://www.instagram.com/thedogist/reel/DKTCOqax-WT/,queued,0,0,,0,0,0,,,0,0,0,0,0,0,,,,,,,,,0,,,,,,,
DKQeYiGMG-P,reel,https://www.instagram.com/abcnewslive/reel/DKQeYiGMG-P/,queued,0,0,,0,0,0,,,0,0,0,0,0,0,,,,,,,,,0,,,,,,,
DKPwtDxRXlm,p,https://www.instagram.com/thedogist/p/DKPwtDxRXlm/,queued,0,0,,0,0,0,,,0,0,0,0,0,0,,,,,,,,,0,,,,,,,
DKNN__FRaSO,reel,https://www.instagram.com/thedogist/reel/DKNN__FRaSO/,queued,0,0,,0,0,0,,,0,0,0,0,0,0,,,,,,,,,0,,,,,,,
DKLuLtStmAe,reel,https://www.instagram.com/thedogist/reel/DKLuLtStmAe/,queued,0,0,,0,0,0,,,0,0,0,0,0,0,,,,,,,,,0,,,,,,,
DKKv2SORM2C,p,https://www.instagram.com/thedogist/p/DKKv2SORM2C/,queued,0,0,,0,0,0,,,0,0,0,0,0,0,,,,,,,,,0,,,,,,,
DKIDL_uRvHg,reel,https://www.instagram.com/thedogist/reel/DKIDL_uRvHg/,queued,0,0,,0,0,0,,,0,0,0,0,0,0,,,,,,,,,0,,,,,,,
DKFo0I2xSzO,p,https://www.instagram.com/thedogist/p/DKFo0I2xSzO/,queued,0,0,,0,0,0,,,0,0,0,0,0,0,,,,,,,,,0,,,,,,,
DKC7kGJxtbf,p,https://www.instagram.com/thedogist/p/DKC7kGJxtbf/,queued,0,0,,0,0,0,,,0,0,0,0,0,0,,,,,,,,,0,,,,,,,
DKAw0wdR6xr,p,https://www.instagram.com/thedogist/p/DKAw0wdR6xr/,queued,0,0,,0,0,0,,,0,0,0,0,0,0,,,,,,,,,0,,,,,,,
DJ97JA7RFBT,reel,https://www.instagram.com/thedogist/reel/DJ97JA7RFBT/,queued,0,0,,0,0,0,,,0,0,0,0,0,0,,,,,,,,,0,,,,,,,
DJ6-3WCR_OW,reel,https://www.instagram.com/thedogist/reel/DJ6-3WCR_OW/,queued,0,0,,0,0,0,,,0,0,0,0,0,0,,,,,,,,,0,,,,,,,
DJ4c1FaRRNE,reel,https://www.instagram.com/thedogist/reel/DJ4c1FaRRNE/,queued,0,0,,0,0,0,,,0,0,0,0,0,0,,,,,,,,,0,,,,,,,
DJ2nyDBRr-9,reel,https://www.instagram.com/thedogist/reel/DJ2nyDBRr-9/,queued,0,0,,0,0,0,,,0,0,0,0,0,0,,,,,,,,,0,,,,,,,
DJzuid7xYND,reel,https://www.instagram.com/thedogist/reel/DJzuid7xYND/,queued,0,0,,0,0,0,,,0,0,0,0,0,0,,,,,,,,,0,,,,,,,
DJw6706xEn9,reel,https://www.instagram.com/thedogist/reel/DJw6706xEn9/,queued,0,0,,0,0,0,,,0,0,0,0,0,0,,,,,,,,,0,,,,,,,
DJuggFeRa8a,reel,https://www.instagram.com/thedogist/reel/DJuggFeRa8a/,queued,0,0,,0,0,0,,,0,0,0,0,0,0,,,,,,,,,0,,,,,,,
DJr9rcWR1N9,reel,https://www.instagram.com/thedogist/reel/DJr9rcWR1N9/,queued,0,0,,0,0,0,,,0,0,0,0,0,0,,,,,,,,,0,,,,,,,
DJp0d7iRH9x,reel,https://www.instagram.com/thedogist/reel/DJp0d7iRH9x/,queued,0,0,,0,0,0,,,0,0,0,0,0,0,,,,,,,,,0,,,,,,,
DJpmoEZxudw,reel,https://www.instagram.com/thedogist/reel/DJpmoEZxudw/,queued,0,0,,0,0,0,,,0,0,0,0,0,0,,,,,,,,,0,,,,,,,
DJmwOEgxFAP,reel,https://www.instagram.com/thedogist/reel/DJmwOEgxFAP/,queued,0,0,,0,0,0,,,0,0,0,0,0,0,,,,,,,,,0,,,,,,,
DJkUp37x_Kp,reel,https://www.instagram.com/thedogist/reel/DJkUp37x_Kp/,queued,0,0,,0,0,0,,,0,0,0,0,0,0,,,,,,,,,0,,,,,,,
DJhCw5_x0jx,reel,https://www.instagram.com/thedogist/reel/DJhCw5_x0jx/,queued,0,0,,0,0,0,,,0,0,0,0,0,0,,,,,,,,,0,,,,,,,
DJfBBxux0DB,reel,https://www.instagram.com/thedogist/reel/DJfBBxux0DB/,queued,0,0,,0,0,0,,,0,0,0,0,0,0,,,,,,,,,0,,,,,,,
DJcVFiAx-aJ,p,https://www.instagram.com/thedogist/p/DJcVFiAx-aJ/,queued,0,0,,0,0,0,,,0,0,0,0,0,0,,,,,,,,,0,,,,,,,
DJXtxy0x3Q4,reel,https://www.instagram.com/thedogist/reel/DJXtxy0x3Q4/,queued,0,0,,0,0,0,,,0,0,0,0,0,0,,,,,,,,,0,,,,,,,
DJW5ovYRxNh,p,https://www.instagram.com/thedogist/p/DJW5ovYRxNh/,queued,0,0,,0,0,0,,,0,0,0,0,0,0,,,,,,,,,0,,,,,,,
DJU1vxaRTKO,p,https://www.instagram.com/thedogist/p/DJU1vxaRTKO/,queued,0,0,,0,0,0,,,0,0,0,0,0,0,,,,,,,,,0,,,,,,,
DJSGmLKRjFF,p,https://www.instagram.com/thedogist/p/DJSGmLKRjFF/,queued,0,0,,0,0,0,,,0,0,0,0,0,0,,,,,,,,,0,,,,,,,
DJPNVWcRvac,reel,https://www.instagram.com/thedogist/reel/DJPNVWcRvac/,queued,0,0,,0,0,0,,,0,0,0,0,0,0,,,,,,,,,0,,,,,,,
DJMrBr8Rb61,reel,https://www.instagram.com/thedogist/reel/DJMrBr8Rb61/,queued,0,0,,0,0,0,,,0,0,0,0,0,0,,,,,,,,,0,,,,,,,
DJKcIzHx1zu,reel,https://www.instagram.com/thedogist/reel/DJKcIzHx1zu/,queued,0,0,,0,0,0,,,0,0,0,0,0,0,,,,,,,,,0,,,,,,,
DJIUz9lxLbU,reel,https://www.instagram.com/thedogist/reel/DJIUz9lxLbU/,queued,0,0,,0,0,0,,,0,0,0,0,0,0,,,,,,,,,0,,,,,,,
DJH7IPMPmS6,reel,https://www.instagram.com/livenation/reel/DJH7IPMPmS6/,queued,0,0,,0,0,0,,,0,0,0,0,0,0,,,,,,,,,0,,,,,,,
DJFtnHoRhz6,reel,https://www.instagram.com/thedogist/reel/DJFtnHoRhz6/,queued,0,0,,0,0,0,,,0,0,0,0,0,0,,,,,,,,,0,,,,,,,
DJE4EuexxZH,reel,https://www.instagram.com/thedogist/reel/DJE4EuexxZH/,queued,0,0,,0,0,0,,,0,0,0,0,0,0,,,,,,,,,0,,,,,,,
DJDCZGDRBmH,reel,https://www.instagram.com/thedogist/reel/DJDCZGDRBmH/,queued,0,0,,0,0,0,,,0,0,0,0,0,0,,,,,,,,,0,,,,,,,
DJCWXJoxrOF,reel,https://www.instagram.com/thedogist/reel/DJCWXJoxrOF/,queued,0,0,,0,0,0,,,0,0,0,0,0,0,,,,,,,,,0,,,,,,,
DI_ie4iuKP-,reel,https://www.instagram.com/uber/reel/DI_ie4iuKP-/,queued,0,0,,0,0,0,,,0,0,0,0,0,0,,,,,,,,,0,,,,,,,
DI9rQsBxzBe,reel,https://www.instagram.com/thedogist/reel/DI9rQsBxzBe/,queued,0,0,,0,0,0,,,0,0,0,0,0,0,,,,,,,,,0,,,,,,,
DI7cd-MxPqK,reel,https://www.instagram.com/thedogist/reel/DI7cd-MxPqK/,queued,0,0,,0,0,0,,,0,0,0,0,0,0,,,,,,,,,0,,,,,,,
DI4myR_xw69,reel,https://www.instagram.com/thedogist/reel/DI4myR_xw69/,queued,0,0,,0,0,0,,,0,0,0,0,0,0,,,,,,,,,0,,,,,,,
DI2KUs_x9tj,reel,https://www.instagram.com/thedogist/reel/DI2KUs_x9tj/,queued,0,0,,0,0,0,,,0,0,0,0,0,0,,,,,,,,,0,,,,,,,
DIyxxrTpzCE,reel,https://www.instagram.com/thedogist/reel/DIyxxrTpzCE/,queued,0,0,,0,0,0,,,0,0,0,0,0,0,,,,,,,,,0,,,,,,,
DIwMbwZRSpx,p,https://www.instagram.com/thedogist/p/DIwMbwZRSpx/,queued,0,0,,0,0,0,,,0,0,0,0,0,0,,,,,,,,,0,,,,,,,
DIuXHnnR_NZ,reel,https://www.instagram.com/thedogist/reel/DIuXHnnR_NZ/,queued,0,0,,0,0,0,,,0,0,0,0,0,0,,,,,,,,,0,,,,,,,
DIrks3wRYaU,reel,https://www.instagram.com/thedogist/reel/DIrks3wRYaU/,queued,0,0,,0,0,0,,,0,0,0,0,0,0,,,,,,,,,0,,,,,,,
DIon09Oxdg8,reel,https://www.instagram.com/thedogist/reel/DIon09Oxdg8/,queued,0,0,,0,0,0,,,0,0,0,0,0,0,,,,,,,,,0,,,,,,,
DImAQhtxhcZ,reel,https://www.instagram.com/thedogist/reel/DImAQhtxhcZ/,queued,0,0,,0,0,0,,,0,0,0,0,0,0,,,,,,,,,0,,,,,,,
DIkG24ZRSNx,reel,https://www.instagram.com/thedogist/reel/DIkG24ZRSNx/,queued,0,0,,0,0,0,,,0,0,0,0,0,0,,,,,,,,,0,,,,,,,
DIg9UMZx4Ln,p,https://www.instagram.com/thedogist/p/DIg9UMZx4Ln/,queued,0,0,,0,0,0,,,0,0,0,0,0,0,,,,,,,,,0,,,,,,,
DIekkXNTU-C,reel,https://www.instagram.com/thedogist/reel/DIekkXNTU-C/,queued,0,0,,0,0,0,,,0,0,0,0,0,0,,,,,,,,,0,,,,,,,
DIcG63qRmek,reel,https://www.instagram.com/thedogist/reel/DIcG63qRmek/,queued,0,0,,0,0,0,,,0,0,0,0,0,0,,,,,,,,,0,,,,,,,
DIWWj1Ex63L,p,https://www.instagram.com/thedogist/p/DIWWj1Ex63L/,queued,0,0,,0,0,0,,,0,0,0,0,0,0,,,,,,,,,0,,,,,,,
DITqAYeA28U,reel,https://www.instagram.com/uber/reel/DITqAYeA28U/,queued,0,0,,0,0,0,,,0,0,0,0,0,0,,,,,,,,,0,,,,,,,
DIPUZvRR75M,reel,https://www.instagram.com/thedogist/reel/DIPUZvRR75M/,queued,0,0,,0,0,0,,,0,0,0,0,0,0,,,,,,,,,0,,,,,,,
DIMBMIdxfmF,reel,https://www.instagram.com/thedogist/reel/DIMBMIdxfmF/,queued,0,0,,0,0,0,,,0,0,0,0,0,0,,,,,,,,,0,,,,,,,
DIHwhNYRXFG,reel,https://www.instagram.com/thedogist/reel/DIHwhNYRXFG/,queued,0,0,,0,0,0,,,0,0,0,0,0,0,,,,,,,,,0,,,,,,,
DIFGrP4ROaT,reel,https://www.instagram.com/thedogist/reel/DIFGrP4ROaT/,queued,0,0,,0,0,0,,,0,0,0,0,0,0,,,,,,,,,0,,,,,,,
DIC9ncLRjNy,reel,https://www.instagram.com/thedogist/reel/DIC9ncLRjNy/,queued,0,0,,0,0,0,,,0,0,0,0,0,0,,,,,,,,,0,,,,,,,
DICks87Riue,reel,https://www.instagram.com/thedogist/reel/DICks87Riue/,queued,0,0,,0,0,0,,,0,0,0,0,0,0,,,,,,,,,0,,,,,,,
DH_694XxeUL,reel,https://www.instagram.com/thedogist/reel/DH_694XxeUL/,queued,0,0,,0,0,0,,,0,0,0,0,0,0,,,,,,,,,0,,,,,,,
DH8tr3aRwQV,reel,https://www.instagram.com/thedogist/reel/DH8tr3aRwQV/,queued,0,0,,0,0,0,,,0,0,0,0,0,0,,,,,,,,,0,,,,,,,
DH6lnJbRx71,reel,https://www.instagram.com/thedogist/reel/DH6lnJbRx71/,queued,0,0,,0,0,0,,,0,0,0,0,0,0,,,,,,,,,0,,,,,,,
DH3q5c9R-H6,reel,https://www.instagram.com/thedogist/reel/DH3q5c9R-H6/,queued,0,0,,0,0,0,,,0,0,0,0,0,0,,,,,,,,,0,,,,,,,
DHzM9VaRpIw,reel,https://www.instagram.com/thedogist/reel/DHzM9VaRpIw/,queued,0,0,,0,0,0,,,0,0,0,0,0,0,,,,,,,,,0,,,,,,,
DHwjgvuR4EU,reel,https://www.instagram.com/thedogist/reel/DHwjgvuR4EU/,queued,0,0,,0,0,0,,,0,0,0,0,0,0,,,,,,,,,0,,,,,,,
DHuDReyRGF0,reel,https://www.instagram.com/thedogist/reel/DHuDReyRGF0/,queued,0,0,,0,0,0,,,0,0,0,0,0,0,,,,,,,,,0,,,,,,,
DHri0eDRlk2,reel,https://www.instagram.com/thedogist/reel/DHri0eDRlk2/,queued,0,0,,0,0,0,,,0,0,0,0,0,0,,,,,,,,,0,,,,,,,
DHo4FZYxg5Z,reel,https://www.instagram.com/thedogist/reel/DHo4FZYxg5Z/,queued,0,0,,0,0,0,,,0,0,0,0,0,0,,,,,,,,,0,,,,,,,
DHmeNPJRHAs,reel,https://www.instagram.com/thedogist/reel/DHmeNPJRHAs/,queued,0,0,,0,0,0,,,0,0,0,0,0,0,,,,,,,,,0,,,,,,,
DHjkcMZxwCl,reel,https://www.instagram.com/thedogist/reel/DHjkcMZxwCl/,queued,0,0,,0,0,0,,,0,0,0,0,0,0,,,,,,,,,0,,,,,,,
DHhLFVVxwuk,reel,https://www.instagram.com/thedogist/reel/DHhLFVVxwuk/,queued,0,0,,0,0,0,,,0,0,0,0,0,0,,,,,,,,,0,,,,,,,
DHelpwxRc0_,p,https://www.instagram.com/thedogist/p/DHelpwxRc0_/,queued,0,0,,0,0,0,,,0,0,0,0,0,0,,,,,,,,,0,,,,,,,
DHbXfaxgqzY,reel,https://www.instagram.com/thedogist/reel/DHbXfaxgqzY/,queued,0,0,,0,0,0,,,0,0,0,0,0,0,,,,,,,,,0,,,,,,,
DHZYrpZxzwa,reel,https://www.instagram.com/thedogist/reel/DHZYrpZxzwa/,queued,0,0,,0,0,0,,,0,0,0,0,0,0,,,,,,,,,0,,,,,,,
DHW0uF0R4rB,reel,https://www.instagram.com/thedogist/reel/DHW0uF0R4rB/,queued,0,0,,0,0,0,,,0,0,0,0,0,0,,,,,,,,,0,,,,,,,
DHUP1w0Rk3X,reel,https://www.instagram.com/thedogist/reel/DHUP1w0Rk3X/,queued,0,0,,0,0,0,,,0,0,0,0,0,0,,,,,,,,,0,,,,,,,
DHRsY1UR4xT,reel,https://www.instagram.com/thedogist/reel/DHRsY1UR4xT/,queued,0,0,,0,0,0,,,0,0,0,0,0,0,,,,,,,,,0,,,,,,,
DHPJ-YMRV3Y,reel,https://www.instagram.com/thedogist/reel/DHPJ-YMRV3Y/,queued,0,0,,0,0,0,,,0,0,0,0,0,0,,,,,,,,,0,,,,,,,
DHMVPYJRGYA,reel,https://www.instagram.com/thedogist/reel/DHMVPYJRGYA/,queued,0,0,,0,0,0,,,0,0,0,0,0,0,,,,,,,,,0,,,,,,,
DHJ-D-tRGa1,reel,https://www.instagram.com/thedogist/reel/DHJ-D-tRGa1/,queued,0,0,,0,0,0,,,0,0,0,0,0,0,,,,,,,,,0,,,,,,,
DHHEhdTRzev,reel,https://www.instagram.com/thedogist/reel/DHHEhdTRzev/,queued,0,0,,0,0,0,,,0,0,0,0,0,0,,,,,,,,,0,,,,,,,
DHEJ3_exUE-,p,https://www.instagram.com/thedogist/p/DHEJ3_exUE-/,queued,0,0,,0,0,0,,,0,0,0,0,0,0,,,,,,,,,0,,,,,,,
DG8zw05RLKA,p,https://www.instagram.com/thedogist/p/DG8zw05RLKA/,queued,0,0,,0,0,0,,,0,0,0,0,0,0,,,,,,,,,0,,,,,,,
DG6QJ7BR54-,p,https://www.instagram.com/thedogist/p/DG6QJ7BR54-/,queued,0,0,,0,0,0,,,0,0,0,0,0,0,,,,,,,,,0,,,,,,,
DG33R-URL8F,p,https://www.instagram.com/thedogist/p/DG33R-URL8F/,queued,0,0,,0,0,0,,,0,0,0,0,0,0,,,,,,,,,0,,,,,,,
DGtaHA3xBQI,reel,https://www.instagram.com/thedogist/reel/DGtaHA3xBQI/,queued,0,0,,0,0,0,,,0,0,0,0,0,0,,,,,,,,,0,,,,,,,
DGoOpPlRUxJ,reel,https://www.instagram.com/thedogist/reel/DGoOpPlRUxJ/,queued,0,0,,0,0,0,,,0,0,0,0,0,0,,,,,,,,,0,,,,,,,
DGi_UFjxlMJ,p,https://www.instagram.com/thedogist/p/DGi_UFjxlMJ/,queued,0,0,,0,0,0,,,0,0,0,0,0,0,,,,,,,,,0,,,,,,,
DGd4HarRHHB,reel,https://www.instagram.com/thedogist/reel/DGd4HarRHHB/,queued,0,0,,0,0,0,,,0,0,0,0,0,0,,,,,,,,,0,,,,,,,
DGbao-uxWGg,p,https://www.instagram.com/thedogist/p/DGbao-uxWGg/,queued,0,0,,0,0,0,,,0,0,0,0,0,0,,,,,,,,,0,,,,,,,
DGYyq_vxgel,reel,https://www.instagram.com/thedogist/reel/DGYyq_vxgel/,queued,0,0,,0,0,0,,,0,0,0,0,0,0,,,,,,,,,0,,,,,,,
DGWftJRRhOp,reel,https://www.instagram.com/thedogist/reel/DGWftJRRhOp/,queued,0,0,,0,0,0,,,0,0,0,0,0,0,,,,,,,,,0,,,,,,,
DGT0W0oRJ-E,p,https://www.instagram.com/thedogist/p/DGT0W0oRJ-E/,queued,0,0,,0,0,0,,,0,0,0,0,0,0,,,,,,,,,0,,,,,,,
DGRJKXOxY_2,p,https://www.instagram.com/thedogist/p/DGRJKXOxY_2/,queued,0,0,,0,0,0,,,0,0,0,0,0,0,,,,,,,,,0,,,,,,,
DGOfy-exDuR,p,https://www.instagram.com/thedogist/p/DGOfy-exDuR/,queued,0,0,,0,0,0,,,0,0,0,0,0,0,,,,,,,,,0,,,,,,,
DGMOAQAx1Gv,p,https://www.instagram.com/thedogist/p/DGMOAQAx1Gv/,queued,0,0,,0,0,0,,,0,0,0,0,0,0,,,,,,,,,0,,,,,,,
DGJpvpExffK,p,https://www.instagram.com/thedogist/p/DGJpvpExffK/,queued,0,0,,0,0,0,,,0,0,0,0,0,0,,,,,,,,,0,,,,,,,
DGHCmIPxDfN,p,https://www.instagram.com/thedogist/p/DGHCmIPxDfN/,queued,0,0,,0,0,0,,,0,0,0,0,0,0,,,,,,,,,0,,,,,,,
DGEbFlFR8Ui,reel,https://www.instagram.com/thedogist/reel/DGEbFlFR8Ui/,queued,0,0,,0,0,0,,,0,0,0,0,0,0,,,,,,,,,0,,,,,,,
DGBlPo-xmYW,reel,https://www.instagram.com/thedogist/reel/DGBlPo-xmYW/,queued,0,0,,0,0,0,,,0,0,0,0,0,0,,,,,,,,,0,,,,,,,
DF_Cn7MxYYF,reel,https://www.instagram.com/thedogist/reel/DF_Cn7MxYYF/,queued,0,0,,0,0,0,,,0,0,0,0,0,0,,,,,,,,,0,,,,,,,
DF8_KfyRJLC,reel,https://www.instagram.com/thedogist/reel/DF8_KfyRJLC/,queued,0,0,,0,0,0,,,0,0,0,0,0,0,,,,,,,,,0,,,,,,,
DF8kmNYxgXB,reel,https://www.instagram.com/thedogist/reel/DF8kmNYxgXB/,queued,0,0,,0,0,0,,,0,0,0,0,0,0,,,,,,,,,0,,,,,,,
DF6E8yKRgZD,reel,https://www.instagram.com/thedogist/reel/DF6E8yKRgZD/,queued,0,0,,0,0,0,,,0,0,0,0,0,0,,,,,,,,,0,,,,,,,
DF3IBHfRAqb,reel,https://www.instagram.com/thedogist/reel/DF3IBHfRAqb/,queued,0,0,,0,0,0,,,0,0,0,0,0,0,,,,,,,,,0,,,,,,,
DF03Srcxe7M,reel,https://www.instagram.com/thedogist/reel/DF03Srcxe7M/,queued,0,0,,0,0,0,,,0,0,0,0,0,0,,,,,,,,,0,,,,,,,
DFyQVSRx3u9,reel,https://www.instagram.com/thedogist/reel/DFyQVSRx3u9/,queued,0,0,,0,0,0,,,0,0,0,0,0,0,,,,,,,,,0,,,,,,,
DFvgerGRrpb,p,https://www.instagram.com/thedogist/p/DFvgerGRrpb/,queued,0,0,,0,0,0,,,0,0,0,0,0,0,,,,,,,,,0,,,,,,,
DFs6VkTxk9B,reel,https://www.instagram.com/thedogist/reel/DFs6VkTxk9B/,queued,0,0,,0,0,0,,,0,0,0,0,0,0,,,,,,,,,0,,,,,,,
DFqNVgIRakG,p,https://www.instagram.com/thedogist/p/DFqNVgIRakG/,queued,0,0,,0,0,0,,,0,0,0,0,0,0,,,,,,,,,0,,,,,,,
DFnyLCDRowl,reel,https://www.instagram.com/thedogist/reel/DFnyLCDRowl/,queued,0,0,,0,0,0,,,0,0,0,0,0,0,,,,,,,,,0,,,,,,,
DFlX41txC9V,reel,https://www.instagram.com/thedogist/reel/DFlX41txC9V/,queued,0,0,,0,0,0,,,0,0,0,0,0,0,,,,,,,,,0,,,,,,,
DFivjcPxS8T,reel,https://www.instagram.com/thedogist/reel/DFivjcPxS8T/,queued,0,0,,0,0,0,,,0,0,0,0,0,0,,,,,,,,,0,,,,,,,
DFgLMxzR-Yr,reel,https://www.instagram.com/thedogist/reel/DFgLMxzR-Yr/,queued,0,0,,0,0,0,,,0,0,0,0,0,0,,,,,,,,,0,,,,,,,
DFd51qwRZ4O,reel,https://www.instagram.com/thedogist/reel/DFd51qwRZ4O/,queued,0,0,,0,0,0,,,0,0,0,0,0,0,,,,,,,,,0,,,,,,,
DFdeWcQxrRW,reel,https://www.instagram.com/thedogist/reel/DFdeWcQxrRW/,queued,0,0,,0,0,0,,,0,0,0,0,0,0,,,,,,,,,0,,,,,,,
DFazGBdxD9L,p,https://www.instagram.com/thedogist/p/DFazGBdxD9L/,queued,0,0,,0,0,0,,,0,0,0,0,0,0,,,,,,,,,0,,,,,,,
DFYWSXsxBdQ,reel,https://www.instagram.com/thedogist/reel/DFYWSXsxBdQ/,queued,0,0,,0,0,0,,,0,0,0,0,0,0,,,,,,,,,0,,,,,,,
DFVsPFVxTfo,reel,https://www.instagram.com/thedogist/reel/DFVsPFVxTfo/,queued,0,0,,0,0,0,,,0,0,0,0,0,0,,,,,,,,,0,,,,,,,
DFTOT2vxuFf,reel,https://www.instagram.com/thedogist/reel/DFTOT2vxuFf/,queued,0,0,,0,0,0,,,0,0,0,0,0,0,,,,,,,,,0,,,,,,,
DFQref6xc1l,reel,https://www.instagram.com/thedogist/reel/DFQref6xc1l/,queued,0,0,,0,0,0,,,0,0,0,0,0,0,,,,,,,,,0,,,,,,,
DFOMBMURWkh,reel,https://www.instagram.com/thedogist/reel/DFOMBMURWkh/,queued,0,0,,0,0,0,,,0,0,0,0,0,0,,,,,,,,,0,,,,,,,
DFJB44IxROp,reel,https://www.instagram.com/thedogist/reel/DFJB44IxROp/,queued,0,0,,0,0,0,,,0,0,0,0,0,0,,,,,,,,,0,,,,,,,
DFGktnPRqMZ,reel,https://www.instagram.com/thedogist/reel/DFGktnPRqMZ/,queued,0,0,,0,0,0,,,0,0,0,0,0,0,,,,,,,,,0,,,,,,,
DFDuuNsRkif,reel,https://www.instagram.com/thedogist/reel/DFDuuNsRkif/,queued,0,0,,0,0,0,,,0,0,0,0,0,0,,,,,,,,,0,,,,,,,
DFA_VsUxTQ8,reel,https://www.instagram.com/thedogist/reel/DFA_VsUxTQ8/,queued,0,0,,0,0,0,,,0,0,0,0,0,0,,,,,,,,,0,,,,,,,
DE-SSCBxA9v,reel,https://www.instagram.com/thedogist/reel/DE-SSCBxA9v/,queued,0,0,,0,0,0,,,0,0,0,0,0,0,,,,,,,,,0,,,,,,,
DE8XY71x7OG,reel,https://www.instagram.com/thedogist/reel/DE8XY71x7OG/,queued,0,0,,0,0,0,,,0,0,0,0,0,0,,,,,,,,,0,,,,,,,
DE3EG_aR2WV,p,https://www.instagram.com/thedogist/p/DE3EG_aR2WV/,queued,0,0,,0,0,0,,,0,0,0,0,0,0,,,,,,,,,0,,,,,,,
DE0ZTs8Rti6,reel,https://www.instagram.com/thedogist/reel/DE0ZTs8Rti6/,queued,0,0,,0,0,0,,,0,0,0,0,0,0,,,,,,,,,0,,,,,,,
DEx8bK6RLri,reel,https://www.instagram.com/thedogist/reel/DEx8bK6RLri/,queued,0,0,,0,0,0,,,0,0,0,0,0,0,,,,,,,,,0,,,,,,,
DEv0fz_xRm8,reel,https://www.instagram.com/thedogist/reel/DEv0fz_xRm8/,queued,0,0,,0,0,0,,,0,0,0,0,0,0,,,,,,,,,0,,,,,,,
DEvEdrWRvoA,reel,https://www.instagram.com/thedogist/reel/DEvEdrWRvoA/,queued,0,0,,0,0,0,,,0,0,0,0,0,0,,,,,,,,,0,,,,,,,
DEtN-poxuad,reel,https://www.instagram.com/thedogist/reel/DEtN-poxuad/,queued,0,0,,0,0,0,,,0,0,0,0,0,0,,,,,,,,,0,,,,,,,
DEscUDySJMq,reel,https://www.instagram.com/thedogist/reel/DEscUDySJMq/,queued,0,0,,0,0,0,,,0,0,0,0,0,0,,,,,,,,,0,,,,,,,
DElRPV-RaYg,reel,https://www.instagram.com/thedogist/reel/DElRPV-RaYg/,queued,0,0,,0,0,0,,,0,0,0,0,0,0,,,,,,,,,0,,,,,,,
DEiZCTZRpQ7,reel,https://www.instagram.com/thedogist/reel/DEiZCTZRpQ7/,queued,0,0,,0,0,0,,,0,0,0,0,0,0,,,,,,,,,0,,,,,,,
DEgKAK8xwiI,reel,https://www.instagram.com/thedogist/reel/DEgKAK8xwiI/,queued,0,0,,0,0,0,,,0,0,0,0,0,0,,,,,,,,,0,,,,,,,
DEdLTp7xk4m,reel,https://www.instagram.com/thedogist/reel/DEdLTp7xk4m/,queued,0,0,,0,0,0,,,0,0,0,0,0,0,,,,,,,,,0,,,,,,,
DEa1C83x1Ar,reel,https://www.instagram.com/thedogist/reel/DEa1C83x1Ar/,queued,0,0,,0,0,0,,,0,0,0,0,0,0,,,,,,,,,0,,,,,,,
DEVlJMIxxUx,reel,https://www.instagram.com/thedogist/reel/DEVlJMIxxUx/,queued,0,0,,0,0,0,,,0,0,0,0,0,0,,,,,,,,,0,,,,,,,
DESyGR7R_2t,p,https://www.instagram.com/thedogist/p/DESyGR7R_2t/,queued,0,0,,0,0,0,,,0,0,0,0,0,0,,,,,,,,,0,,,,,,,
DEQSXB0x0tX,reel,https://www.instagram.com/thedogist/reel/DEQSXB0x0tX/,queued,0,0,,0,0,0,,,0,0,0,0,0,0,,,,,,,,,0,,,,,,,
DENzQV8x148,reel,https://www.instagram.com/thedogist/reel/DENzQV8x148/,queued,0,0,,0,0,0,,,0,0,0,0,0,0,,,,,,,,,0,,,,,,,
DELDjKIREut,reel,https://www.instagram.com/thedogist/reel/DELDjKIREut/,queued,0,0,,0,0,0,,,0,0,0,0,0,0,,,,,,,,,0,,,,,,,
DEIh5yGxZs6,reel,https://www.instagram.com/thedogist/reel/DEIh5yGxZs6/,queued,0,0,,0,0,0,,,0,0,0,0,0,0,,,,,,,,,0,,,,,,,
DEGR_tYRPFh,reel,https://www.instagram.com/thedogist/reel/DEGR_tYRPFh/,queued,0,0,,0,0,0,,,0,0,0,0,0,0,,,,,,,,,0,,,,,,,
DEDriykRLs5,reel,https://www.instagram.com/thedogist/reel/DEDriykRLs5/,queued,0,0,,0,0,0,,,0,0,0,0,0,0,,,,,,,,,0,,,,,,,
DEAajZnxgAG,reel,https://www.instagram.com/thedogist/reel/DEAajZnxgAG/,queued,0,0,,0,0,0,,,0,0,0,0,0,0,,,,,,,,,0,,,,,,,
DD-Hmegx_IF,reel,https://www.instagram.com/thedogist/reel/DD-Hmegx_IF/,queued,0,0,,0,0,0,,,0,0,0,0,0,0,,,,,,,,,0,,,,,,,
DD79aDUxGBK,reel,https://www.instagram.com/thedogist/reel/DD79aDUxGBK/,queued,0,0,,0,0,0,,,0,0,0,0,0,0,,,,,,,,,0,,,,,,,
DD5B4gmxZu_,reel,https://www.instagram.com/thedogist/reel/DD5B4gmxZu_/,queued,0,0,,0,0,0,,,0,0,0,0,0,0,,,,,,,,,0,,,,,,,
DD2qFqcRiqB,reel,https://www.instagram.com/thedogist/reel/DD2qFqcRiqB/,queued,0,0,,0,0,0,,,0,0,0,0,0,0,,,,,,,,,0,,,,,,,
DD0HNS2RZkw,reel,https://www.instagram.com/thedogist/reel/DD0HNS2RZkw/,queued,0,0,,0,0,0,,,0,0,0,0,0,0,,,,,,,,,0,,,,,,,
DDxrY-VxarH,reel,https://www.instagram.com/thedogist/reel/DDxrY-VxarH/,queued,0,0,,0,0,0,,,0,0,0,0,0,0,,,,,,,,,0,,,,,,,
DDw9I7jRHph,reel,https://www.instagram.com/thedogist/reel/DDw9I7jRHph/,queued,0,0,,0,0,0,,,0,0,0,0,0,0,,,,,,,,,0,,,,,,,
DDsnMePxlUd,reel,https://www.instagram.com/thedogist/reel/DDsnMePxlUd/,queued,0,0,,0,0,0,,,0,0,0,0,0,0,,,,,,,,,0,,,,,,,
DDqGXBgx9pN,reel,https://www.instagram.com/thedogist/reel/DDqGXBgx9pN/,queued,0,0,,0,0,0,,,0,0,0,0,0,0,,,,,,,,,0,,,,,,,
DDnM_dIRvy4,reel,https://www.instagram.com/thedogist/reel/DDnM_dIRvy4/,queued,0,0,,0,0,0,,,0,0,0,0,0,0,,,,,,,,,0,,,,,,,
DDklC4CxtGP,reel,https://www.instagram.com/thedogist/reel/DDklC4CxtGP/,queued,0,0,,0,0,0,,,0,0,0,0,0,0,,,,,,,,,0,,,,,,,
DDiEWzKRDKf,reel,https://www.instagram.com/thedogist/reel/DDiEWzKRDKf/,queued,0,0,,0,0,0,,,0,0,0,0,0,0,,,,,,,,,0,,,,,,,
DDfJIAWRvuA,reel,https://www.instagram.com/thedogist/reel/DDfJIAWRvuA/,queued,0,0,,0,0,0,,,0,0,0,0,0,0,,,,,,,,,0,,,,,,,
DDcNFBkxNYw,reel,https://www.instagram.com/thedogist/reel/DDcNFBkxNYw/,queued,0,0,,0,0,0,,,0,0,0,0,0,0,,,,,,,,,0,,,,,,,
DDas2eiRqcI,reel,https://www.instagram.com/thedogist/reel/DDas2eiRqcI/,queued,0,0,,0,0,0,,,0,0,0,0,0,0,,,,,,,,,0,,,,,,,
DDXtukfxuLx,reel,https://www.instagram.com/thedogist/reel/DDXtukfxuLx/,queued,0,0,,0,0,0,,,0,0,0,0,0,0,,,,,,,,,0,,,,,,,
DDVJV79xBaf,reel,https://www.instagram.com/thedogist/reel/DDVJV79xBaf/,queued,0,0,,0,0,0,,,0,0,0,0,0,0,,,,,,,,,0,,,,,,,
DDR4QEOxPvy,reel,https://www.instagram.com/thedogist/reel/DDR4QEOxPvy/,queued,0,0,,0,0,0,,,0,0,0,0,0,0,,,,,,,,,0,,,,,,,
DDP65rdRRb6,reel,https://www.instagram.com/thedogist/reel/DDP65rdRRb6/,queued,0,0,,0,0,0,,,0,0,0,0,0,0,,,,,,,,,0,,,,,,,
DDK7icoxhq1,reel,https://www.instagram.com/thedogist/reel/DDK7icoxhq1/,queued,0,0,,0,0,0,,,0,0,0,0,0,0,,,,,,,,,0,,,,,,,
DDIIyx6xEzR,reel,https://www.instagram.com/thedogist/reel/DDIIyx6xEzR/,queued,0,0,,0,0,0,,,0,0,0,0,0,0,,,,,,,,,0,,,,,,,
DDF8tHzR_EH,reel,https://www.instagram.com/thedogist/reel/DDF8tHzR_EH/,queued,0,0,,0,0,0,,,0,0,0,0,0,0,,,,,,,,,0,,,,,,,
DDDG1-ERmM7,reel,https://www.instagram.com/thedogist/reel/DDDG1-ERmM7/,queued,0,0,,0,0,0,,,0,0,0,0,0,0,,,,,,,,,0,,,,,,,
DDAhgpHRAaV,reel,https://www.instagram.com/thedogist/reel/DDAhgpHRAaV/,queued,0,0,,0,0,0,,,0,0,0,0,0,0,,,,,,,,,0,,,,,,,
DC-BD8PRBmk,reel,https://www.instagram.com/thedogist/reel/DC-BD8PRBmk/,queued,0,0,,0,0,0,,,0,0,0,0,0,0,,,,,,,,,0,,,,,,,
DC7D30QxkjG,reel,https://www.instagram.com/thedogist/reel/DC7D30QxkjG/,queued,0,0,,0,0,0,,,0,0,0,0,0,0,,,,,,,,,0,,,,,,,
DC5JK5wxOwS,reel,https://www.instagram.com/thedogist/reel/DC5JK5wxOwS/,queued,0,0,,0,0,0,,,0,0,0,0,0,0,,,,,,,,,0,,,,,,,
DCz-_LbRa4e,reel,https://www.instagram.com/thedogist/reel/DCz-_LbRa4e/,queued,0,0,,0,0,0,,,0,0,0,0,0,0,,,,,,,,,0,,,,,,,
DCw5De-xd38,reel,https://www.instagram.com/thedogist/reel/DCw5De-xd38/,queued,0,0,,0,0,0,,,0,0,0,0,0,0,,,,,,,,,0,,,,,,,
DCuc97dRNHT,reel,https://www.instagram.com/thedogist/reel/DCuc97dRNHT/,queued,0,0,,0,0,0,,,0,0,0,0,0,0,,,,,,,,,0,,,,,,,
DCrxUVcxMdE,reel,https://www.instagram.com/thedogist/reel/DCrxUVcxMdE/,queued,0,0,,0,0,0,,,0,0,0,0,0,0,,,,,,,,,0,,,,,,,
DCpQvKHRFCa,reel,https://www.instagram.com/thedogist/reel/DCpQvKHRFCa/,queued,0,0,,0,0,0,,,0,0,0,0,0,0,,,,,,,,,0,,,,,,,
DCmrGILRTu9,reel,https://www.instagram.com/thedogist/reel/DCmrGILRTu9/,queued,0,0,,0,0,0,,,0,0,0,0,0,0,,,,,,,,,0,,,,,,,
DCkH0vYRK7_,reel,https://www.instagram.com/thedogist/reel/DCkH0vYRK7_/,queued,0,0,,0,0,0,,,0,0,0,0,0,0,,,,,,,,,0,,,,,,,
DChcNo1RlP_,reel,https://www.instagram.com/thedogist/reel/DChcNo1RlP_/,queued,0,0,,0,0,0,,,0,0,0,0,0,0,,,,,,,,,0,,,,,,,
DCfBul6R8TB,reel,https://www.instagram.com/thedogist/reel/DCfBul6R8TB/,queued,0,0,,0,0,0,,,0,0,0,0,0,0,,,,,,,,,0,,,,,,,
DCb7MxARLOR,reel,https://www.instagram.com/thedogist/reel/DCb7MxARLOR/,queued,0,0,,0,0,0,,,0,0,0,0,0,0,,,,,,,,,0,,,,,,,
DCZrrDbx4ih,p,https://www.instagram.com/thedogist/p/DCZrrDbx4ih/,queued,0,0,,0,0,0,,,0,0,0,0,0,0,,,,,,,,,0,,,,,,,
DCXQcOyRXPx,reel,https://www.instagram.com/thedogist/reel/DCXQcOyRXPx/,queued,0,0,,0,0,0,,,0,0,0,0,0,0,,,,,,,,,0,,,,,,,
DCUrObWRbAH,reel,https://www.instagram.com/thedogist/reel/DCUrObWRbAH/,queued,0,0,,0,0,0,,,0,0,0,0,0,0,,,,,,,,,0,,,,,,,
DCSFkNwxka1,reel,https://www.instagram.com/thedogist/reel/DCSFkNwxka1/,queued,0,0,,0,0,0,,,0,0,0,0,0,0,,,,,,,,,0,,,,,,,
DCPlgw6xs_s,reel,https://www.instagram.com/thedogist/reel/DCPlgw6xs_s/,queued,0,0,,0,0,0,,,0,0,0,0,0,0,,,,,,,,,0,,,,,,,
DCM3bYaRlX8,p,https://www.instagram.com/thedogist/p/DCM3bYaRlX8/,queued,0,0,,0,0,0,,,0,0,0,0,0,0,,,,,,,,,0,,,,,,,
DCKTwQIxzwA,reel,https://www.instagram.com/thedogist/reel/DCKTwQIxzwA/,queued,0,0,,0,0,0,,,0,0,0,0,0,0,,,,,,,,,0,,,,,,,
DCHryjpR1K2,p,https://www.instagram.com/thedogist/p/DCHryjpR1K2/,queued,0,0,,0,0,0,,,0,0,0,0,0,0,,,,,,,,,0,,,,,,,
DCFh6KJPnGs,reel,https://www.instagram.com/thedogist/reel/DCFh6KJPnGs/,queued,0,0,,0,0,0,,,0,0,0,0,0,0,,,,,,,,,0,,,,,,,
DCCsI06RP4D,reel,https://www.instagram.com/thedogist/reel/DCCsI06RP4D/,queued,0,0,,0,0,0,,,0,0,0,0,0,0,,,,,,,,,0,,,,,,,
DCAB4kMR8aR,p,https://www.instagram.com/thedogist/p/DCAB4kMR8aR/,queued,0,0,,0,0,0,,,0,0,0,0,0,0,,,,,,,,,0,,,,,,,
DB9qY0_x7zg,reel,https://www.instagram.com/thedogist/reel/DB9qY0_x7zg/,queued,0,0,,0,0,0,,,0,0,0,0,0,0,,,,,,,,,0,,,,,,,
DB7EJpnxvKg,reel,https://www.instagram.com/thedogist/reel/DB7EJpnxvKg/,queued,0,0,,0,0,0,,,0,0,0,0,0,0,,,,,,,,,0,,,,,,,
DB3_7HBxvYP,reel,https://www.instagram.com/thedogist/reel/DB3_7HBxvYP/,queued,0,0,,0,0,0,,,0,0,0,0,0,0,,,,,,,,,0,,,,,,,
DB1l3vjxqr_,reel,https://www.instagram.com/thedogist/reel/DB1l3vjxqr_/,queued,0,0,,0,0,0,,,0,0,0,0,0,0,,,,,,,,,0,,,,,,,
DBzK-tBx_q5,reel,https://www.instagram.com/thedogist/reel/DBzK-tBx_q5/,queued,0,0,,0,0,0,,,0,0,0,0,0,0,,,,,,,,,0,,,,,,,
DBywEAMx3wh,reel,https://www.instagram.com/thedogist/reel/DBywEAMx3wh/,queued,0,0,,0,0,0,,,0,0,0,0,0,0,,,,,,,,,0,,,,,,,
DBwc6OsxgeR,reel,https://www.instagram.com/thedogist/reel/DBwc6OsxgeR/,queued,0,0,,0,0,0,,,0,0,0,0,0,0,,,,,,,,,0,,,,,,,
DBuBib5RcZd,reel,https://www.instagram.com/thedogist/reel/DBuBib5RcZd/,queued,0,0,,0,0,0,,,0,0,0,0,0,0,,,,,,,,,0,,,,,,,
DBrIuR3xcOY,reel,https://www.instagram.com/thedogist/reel/DBrIuR3xcOY/,queued,0,0,,0,0,0,,,0,0,0,0,0,0,,,,,,,,,0,,,,,,,
DBo-aHTRVHB,reel,https://www.instagram.com/thedogist/reel/DBo-aHTRVHB/,queued,0,0,,0,0,0,,,0,0,0,0,0,0,,,,,,,,,0,,,,,,,
DBmRDRFRhnw,reel,https://www.instagram.com/thedogist/reel/DBmRDRFRhnw/,queued,0,0,,0,0,0,,,0,0,0,0,0,0,,,,,,,,,0,,,,,,,
DBjlOkHx_R8,reel,https://www.instagram.com/thedogist/reel/DBjlOkHx_R8/,queued,0,0,,0,0,0,,,0,0,0,0,0,0,,,,,,,,,0,,,,,,,
DBeYo4gRLlg,reel,https://www.instagram.com/thedogist/reel/DBeYo4gRLlg/,queued,0,0,,0,0,0,,,0,0,0,0,0,0,,,,,,,,,0,,,,,,,
DBcBByfROfM,reel,https://www.instagram.com/thedogist/reel/DBcBByfROfM/,queued,0,0,,0,0,0,,,0,0,0,0,0,0,,,,,,,,,0,,,,,,,
DBZb189RE-t,reel,https://www.instagram.com/thedogist/reel/DBZb189RE-t/,queued,0,0,,0,0,0,,,0,0,0,0,0,0,,,,,,,,,0,,,,,,,
DBWw0gdRLL9,reel,https://www.instagram.com/thedogist/reel/DBWw0gdRLL9/,queued,0,0,,0,0,0,,,0,0,0,0,0,0,,,,,,,,,0,,,,,,,
DBUGHXsx4JH,reel,https://www.instagram.com/thedogist/reel/DBUGHXsx4JH/,queued,0,0,,0,0,0,,,0,0,0,0,0,0,,,,,,,,,0,,,,,,,
DBRwH4ER2z4,reel,https://www.instagram.com/thedogist/reel/DBRwH4ER2z4/,queued,0,0,,0,0,0,,,0,0,0,0,0,0,,,,,,,,,0,,,,,,,
DBPXyEvPRgz,p,https://www.instagram.com/pac_nyc/p/DBPXyEvPRgz/,queued,0,0,,0,0,0,,,0,0,0,0,0,0,,,,,,,,,0,,,,,,,
DBO_uXbRMoQ,reel,https://www.instagram.com/thedogist/reel/DBO_uXbRMoQ/,queued,0,0,,0,0,0,,,0,0,0,0,0,0,,,,,,,,,0,,,,,,,
DBMR5sBxjbL,reel,https://www.instagram.com/thedogist/reel/DBMR5sBxjbL/,queued,0,0,,0,0,0,,,0,0,0,0,0,0,,,,,,,,,0,,,,,,,
DBJ20ZLx_Id,reel,https://www.instagram.com/thedogist/reel/DBJ20ZLx_Id/,queued,0,0,,0,0,0,,,0,0,0,0,0,0,,,,,,,,,0,,,,,,,
DBEtZWfxSro,reel,https://www.instagram.com/thedogist/reel/DBEtZWfxSro/,queued,0,0,,0,0,0,,,0,0,0,0,0,0,,,,,,,,,0,,,,,,,
DBCCD7gRsHz,reel,https://www.instagram.com/thedogist/reel/DBCCD7gRsHz/,queued,0,0,,0,0,0,,,0,0,0,0,0,0,,,,,,,,,0,,,,,,,
DA_1Y-_R-kE,reel,https://www.instagram.com/thedogist/reel/DA_1Y-_R-kE/,queued,0,0,,0,0,0,,,0,0,0,0,0,0,,,,,,,,,0,,,,,,,
DA9MlcoRZzp,reel,https://www.instagram.com/thedogist/reel/DA9MlcoRZzp/,queued,0,0,,0,0,0,,,0,0,0,0,0,0,,,,,,,,,0,,,,,,,
DA6auonxddH,reel,https://www.instagram.com/thedogist/reel/DA6auonxddH/,queued,0,0,,0,0,0,,,0,0,0,0,0,0,,,,,,,,,0,,,,,,,
DA3jm9QRK_O,reel,https://www.instagram.com/thedogist/reel/DA3jm9QRK_O/,queued,0,0,,0,0,0,,,0,0,0,0,0,0,,,,,,,,,0,,,,,,,
DA1VRq2xHWi,reel,https://www.instagram.com/thedogist/reel/DA1VRq2xHWi/,queued,0,0,,0,0,0,,,0,0,0,0,0,0,,,,,,,,,0,,,,,,,
DAy3qZCR8wM,reel,https://www.instagram.com/thedogist/reel/DAy3qZCR8wM/,queued,0,0,,0,0,0,,,0,0,0,0,0,0,,,,,,,,,0,,,,,,,
DAwH-5yxWsu,reel,https://www.instagram.com/thedogist/reel/DAwH-5yxWsu/,queued,0,0,,0,0,0,,,0,0,0,0,0,0,,,,,,,,,0,,,,,,,
DAttAtXxVdv,reel,https://www.instagram.com/thedogist/reel/DAttAtXxVdv/,queued,0,0,,0,0,0,,,0,0,0,0,0,0,,,,,,,,,0,,,,,,,
DAq6T29R052,reel,https://www.instagram.com/thedogist/reel/DAq6T29R052/,queued,0,0,,0,0,0,,,0,0,0,0,0,0,,,,,,,,,0,,,,,,,
DAodARaxY0D,reel,https://www.instagram.com/thedogist/reel/DAodARaxY0D/,queued,0,0,,0,0,0,,,0,0,0,0,0,0,,,,,,,,,0,,,,,,,
DAlzmu0x54D,reel,https://www.instagram.com/thedogist/reel/DAlzmu0x54D/,queued,0,0,,0,0,0,,,0,0,0,0,0,0,,,,,,,,,0,,,,,,,
DAjVu2oRb2k,reel,https://www.instagram.com/thedogist/reel/DAjVu2oRb2k/,queued,0,0,,0,0,0,,,0,0,0,0,0,0,,,,,,,,,0,,,,,,,
DAgvRCRRG0J,reel,https://www.instagram.com/thedogist/reel/DAgvRCRRG0J/,queued,0,0,,0,0,0,,,0,0,0,0,0,0,,,,,,,,,0,,,,,,,
DAeCAp5x-KF,reel,https://www.instagram.com/thedogist/reel/DAeCAp5x-KF/,queued,0,0,,0,0,0,,,0,0,0,0,0,0,,,,,,,,,0,,,,,,,
DAbgYtWRDEa,reel,https://www.instagram.com/thedogist/reel/DAbgYtWRDEa/,queued,0,0,,0,0,0,,,0,0,0,0,0,0,,,,,,,,,0,,,,,,,
DAZGGbKRWcq,reel,https://www.instagram.com/thedogist/reel/DAZGGbKRWcq/,queued,0,0,,0,0,0,,,0,0,0,0,0,0,,,,,,,,,0,,,,,,,
DAW-woCx_Ng,reel,https://www.instagram.com/thedogist/reel/DAW-woCx_Ng/,queued,0,0,,0,0,0,,,0,0,0,0,0,0,,,,,,,,,0,,,,,,,
DAUIMB8xVzR,reel,https://www.instagram.com/thedogist/reel/DAUIMB8xVzR/,queued,0,0,,0,0,0,,,0,0,0,0,0,0,,,,,,,,,0,,,,,,,
DARsN9ox6hc,reel,https://www.instagram.com/thedogist/reel/DARsN9ox6hc/,queued,0,0,,0,0,0,,,0,0,0,0,0,0,,,,,,,,,0,,,,,,,
DAO9wsYxEYc,reel,https://www.instagram.com/thedogist/reel/DAO9wsYxEYc/,queued,0,0,,0,0,0,,,0,0,0,0,0,0,,,,,,,,,0,,,,,,,
DAMTwIsxbkA,reel,https://www.instagram.com/thedogist/reel/DAMTwIsxbkA/,queued,0,0,,0,0,0,,,0,0,0,0,0,0,,,,,,,,,0,,,,,,,
DAJiQuhxGcS,reel,https://www.instagram.com/thedogist/reel/DAJiQuhxGcS/,queued,0,0,,0,0,0,,,0,0,0,0,0,0,,,,,,,,,0,,,,,,,
DAG8ridxf1l,reel,https://www.instagram.com/thedogist/reel/DAG8ridxf1l/,queued,0,0,,0,0,0,,,0,0,0,0,0,0,,,,,,,,,0,,,,,,,
DAEfqDERHNV,reel,https://www.instagram.com/thedogist/reel/DAEfqDERHNV/,queued,0,0,,0,0,0,,,0,0,0,0,0,0,,,,,,,,,0,,,,,,,
C__CozSx0C7,p,https://www.instagram.com/thedogist/p/C__CozSx0C7/,queued,0,0,,0,0,0,,,0,0,0,0,0,0,,,,,,,,,0,,,,,,,
C_8ofhdx_0M,reel,https://www.instagram.com/thedogist/reel/C_8ofhdx_0M/,queued,0,0,,0,0,0,,,0,0,0,0,0,0,,,,,,,,,0,,,,,,,
C_59I8IRPin,reel,https://www.instagram.com/thedogist/reel/C_59I8IRPin/,queued,0,0,,0,0,0,,,0,0,0,0,0,0,,,,,,,,,0,,,,,,,
C_3WaNWvyg9,reel,https://www.instagram.com/thedogist/reel/C_3WaNWvyg9/,queued,0,0,,0,0,0,,,0,0,0,0,0,0,,,,,,,,,0,,,,,,,
C_0xvoYxmMD,reel,https://www.instagram.com/thedogist/reel/C_0xvoYxmMD/,queued,0,0,,0,0,0,,,0,0,0,0,0,0,,,,,,,,,0,,,,,,,
C_yRcqdx3Z5,reel,https://www.instagram.com/thedogist/reel/C_yRcqdx3Z5/,queued,0,0,,0,0,0,,,0,0,0,0,0,0,,,,,,,,,0,,,,,,,
C_wJtg7xmA9,reel,https://www.instagram.com/thedogist/reel/C_wJtg7xmA9/,queued,0,0,,0,0,0,,,0,0,0,0,0,0,,,,,,,,,0,,,,,,,
C_tNd5HRZV0,reel,https://www.instagram.com/thedogist/reel/C_tNd5HRZV0/,queued,0,0,,0,0,0,,,0,0,0,0,0,0,,,,,,,,,0,,,,,,,
C_qiNEzRLpF,reel,https://www.instagram.com/thedogist/reel/C_qiNEzRLpF/,queued,0,0,,0,0,0,,,0,0,0,0,0,0,,,,,,,,,0,,,,,,,
C_nx0o8x0vE,reel,https://www.instagram.com/thedogist/reel/C_nx0o8x0vE/,queued,0,0,,0,0,0,,,0,0,0,0,0,0,,,,,,,,,0,,,,,,,
C_lIyzfRQg9,reel,https://www.instagram.com/thedogist/reel/C_lIyzfRQg9/,queued,0,0,,0,0,0,,,0,0,0,0,0,0,,,,,,,,,0,,,,,,,
C_jC4JNRcOK,reel,https://www.instagram.com/thedogist/reel/C_jC4JNRcOK/,queued,0,0,,0,0,0,,,0,0,0,0,0,0,,,,,,,,,0,,,,,,,
C_gpzWnRUII,reel,https://www.instagram.com/thedogist/reel/C_gpzWnRUII/,queued,0,0,,0,0,0,,,0,0,0,0,0,0,,,,,,,,,0,,,,,,,
C_d2MwlxYah,reel,https://www.instagram.com/thedogist/reel/C_d2MwlxYah/,queued,0,0,,0,0,0,,,0,0,0,0,0,0,,,,,,,,,0,,,,,,,
C_bHam2xpY3,reel,https://www.instagram.com/thedogist/reel/C_bHam2xpY3/,queued,0,0,,0,0,0,,,0,0,0,0,0,0,,,,,,,,,0,,,,,,,
C_YtUy0xdKf,reel,https://www.instagram.com/thedogist/reel/C_YtUy0xdKf/,queued,0,0,,0,0,0,,,0,0,0,0,0,0,,,,,,,,,0,,,,,,,
C_V1qpZRLbv,reel,https://www.instagram.com/thedogist/reel/C_V1qpZRLbv/,queued,0,0,,0,0,0,,,0,0,0,0,0,0,,,,,,,,,0,,,,,,,
C_TWi9rRs6m,reel,https://www.instagram.com/thedogist/reel/C_TWi9rRs6m/,queued,0,0,,0,0,0,,,0,0,0,0,0,0,,,,,,,,,0,,,,,,,
C_OZwEvx7fL,reel,https://www.instagram.com/thedogist/reel/C_OZwEvx7fL/,queued,0,0,,0,0,0,,,0,0,0,0,0,0,,,,,,,,,0,,,,,,,
C_LuxckxW2F,reel,https://www.instagram.com/thedogist/reel/C_LuxckxW2F/,queued,0,0,,0,0,0,,,0,0,0,0,0,0,,,,,,,,,0,,,,,,,
C_JF7KlxwqX,reel,https://www.instagram.com/thedogist/reel/C_JF7KlxwqX/,queued,0,0,,0,0,0,,,0,0,0,0,0,0,,,,,,,,,0,,,,,,,
C_GUWDYx4CL,reel,https://www.instagram.com/thedogist/reel/C_GUWDYx4CL/,queued,0,0,,0,0,0,,,0,0,0,0,0,0,,,,,,,,,0,,,,,,,
C_EBFQ_RTuE,reel,https://www.instagram.com/thedogist/reel/C_EBFQ_RTuE/,queued,0,0,,0,0,0,,,0,0,0,0,0,0,,,,,,,,,0,,,,,,,
C_Bin0QRS2X,reel,https://www.instagram.com/thedogist/reel/C_Bin0QRS2X/,queued,0,0,,0,0,0,,,0,0,0,0,0,0,,,,,,,,,0,,,,,,,
C--2gAKxKde,reel,https://www.instagram.com/thedogist/reel/C--2gAKxKde/,queued,0,0,,0,0,0,,,0,0,0,0,0,0,,,,,,,,,0,,,,,,,
C-8MyDYP_e5,reel,https://www.instagram.com/thedogist/reel/C-8MyDYP_e5/,queued,0,0,,0,0,0,,,0,0,0,0,0,0,,,,,,,,,0,,,,,,,
C-51er9xS_o,reel,https://www.instagram.com/thedogist/reel/C-51er9xS_o/,queued,0,0,,0,0,0,,,0,0,0,0,0,0,,,,,,,,,0,,,,,,,
C-3eby7xx9a,reel,https://www.instagram.com/thedogist/reel/C-3eby7xx9a/,queued,0,0,,0,0,0,,,0,0,0,0,0,0,,,,,,,,,0,,,,,,,
C-0dKCQxgQL,reel,https://www.instagram.com/thedogist/reel/C-0dKCQxgQL/,queued,0,0,,0,0,0,,,0,0,0,0,0,0,,,,,,,,,0,,,,,,,
C-x5C3ovqHr,reel,https://www.instagram.com/thedogist/reel/C-x5C3ovqHr/,queued,0,0,,0,0,0,,,0,0,0,0,0,0,,,,,,,,,0,,,,,,,
C-vhw-kSe_8,reel,https://www.instagram.com/thedogist/reel/C-vhw-kSe_8/,queued,0,0,,0,0,0,,,0,0,0,0,0,0,,,,,,,,,0,,,,,,,
C-sx7PovfgK,reel,https://www.instagram.com/thedogist/reel/C-sx7PovfgK/,queued,0,0,,0,0,0,,,0,0,0,0,0,0,,,,,,,,,0,,,,,,,
C-qHS2tx9ei,reel,https://www.instagram.com/thedogist/reel/C-qHS2tx9ei/,queued,0,0,,0,0,0,,,0,0,0,0,0,0,,,,,,,,,0,,,,,,,
C-n-w4Cxbv1,reel,https://www.instagram.com/thedogist/reel/C-n-w4Cxbv1/,queued,0,0,,0,0,0,,,0,0,0,0,0,0,,,,,,,,,0,,,,,,,
C-lM0j3RblT,reel,https://www.instagram.com/thedogist/reel/C-lM0j3RblT/,queued,0,0,,0,0,0,,,0,0,0,0,0,0,,,,,,,,,0,,,,,,,
C-iuS7mx6nb,reel,https://www.instagram.com/thedogist/reel/C-iuS7mx6nb/,queued,0,0,,0,0,0,,,0,0,0,0,0,0,,,,,,,,,0,,,,,,,
C-fwPiART4u,reel,https://www.instagram.com/thedogist/reel/C-fwPiART4u/,queued,0,0,,0,0,0,,,0,0,0,0,0,0,,,,,,,,,0,,,,,,,
C-dt1yaRCIT,reel,https://www.instagram.com/thedogist/reel/C-dt1yaRCIT/,queued,0,0,,0,0,0,,,0,0,0,0,0,0,,,,,,,,,0,,,,,,,
C-a319Cxgue,reel,https://www.instagram.com/thedogist/reel/C-a319Cxgue/,queued,0,0,,0,0,0,,,0,0,0,0,0,0,,,,,,,,,0,,,,,,,
C-YpGarRhFl,reel,https://www.instagram.com/thedogist/reel/C-YpGarRhFl/,queued,0,0,,0,0,0,,,0,0,0,0,0,0,,,,,,,,,0,,,,,,,
C-TaEyyRS6O,reel,https://www.instagram.com/thedogist/reel/C-TaEyyRS6O/,queued,0,0,,0,0,0,,,0,0,0,0,0,0,,,,,,,,,0,,,,,,,
C-QfCuRRMoV,reel,https://www.instagram.com/thedogist/reel/C-QfCuRRMoV/,queued,0,0,,0,0,0,,,0,0,0,0,0,0,,,,,,,,,0,,,,,,,
C-OGDJWRG9T,reel,https://www.instagram.com/thedogist/reel/C-OGDJWRG9T/,queued,0,0,,0,0,0,,,0,0,0,0,0,0,,,,,,,,,0,,,,,,,
C-LniWxRgPk,reel,https://www.instagram.com/thedogist/reel/C-LniWxRgPk/,queued,0,0,,0,0,0,,,0,0,0,0,0,0,,,,,,,,,0,,,,,,,
C-IvOlqxOzi,reel,https://www.instagram.com/thedogist/reel/C-IvOlqxOzi/,queued,0,0,,0,0,0,,,0,0,0,0,0,0,,,,,,,,,0,,,,,,,
C-GK39GRdeG,reel,https://www.instagram.com/thedogist/reel/C-GK39GRdeG/,queued,0,0,,0,0,0,,,0,0,0,0,0,0,,,,,,,,,0,,,,,,,
C-DrvT7Rs2a,reel,https://www.instagram.com/thedogist/reel/C-DrvT7Rs2a/,queued,0,0,,0,0,0,,,0,0,0,0,0,0,,,,,,,,,0,,,,,,,
C-BMIxwxPo6,reel,https://www.instagram.com/thedogist/reel/C-BMIxwxPo6/,queued,0,0,,0,0,0,,,0,0,0,0,0,0,,,,,,,,,0,,,,,,,
C9-xG0-RHTm,reel,https://www.instagram.com/thedogist/reel/C9-xG0-RHTm/,queued,0,0,,0,0,0,,,0,0,0,0,0,0,,,,,,,,,0,,,,,,,
C98QGhGxW6-,reel,https://www.instagram.com/thedogist/reel/C98QGhGxW6-/,queued,0,0,,0,0,0,,,0,0,0,0,0,0,,,,,,,,,0,,,,,,,
C95rHKAxmKE,reel,https://www.instagram.com/thedogist/reel/C95rHKAxmKE/,queued,0,0,,0,0,0,,,0,0,0,0,0,0,,,,,,,,,0,,,,,,,
C90GgXdRGL9,reel,https://www.instagram.com/thedogist/reel/C90GgXdRGL9/,queued,0,0,,0,0,0,,,0,0,0,0,0,0,,,,,,,,,0,,,,,,,
C9xi2RHxhb4,reel,https://www.instagram.com/thedogist/reel/C9xi2RHxhb4/,queued,0,0,,0,0,0,,,0,0,0,0,0,0,,,,,,,,,0,,,,,,,
C9u7B62xLN6,reel,https://www.instagram.com/thedogist/reel/C9u7B62xLN6/,queued,0,0,,0,0,0,,,0,0,0,0,0,0,,,,,,,,,0,,,,,,,
C9sr6xFRXlb,reel,https://www.instagram.com/thedogist/reel/C9sr6xFRXlb/,queued,0,0,,0,0,0,,,0,0,0,0,0,0,,,,,,,,,0,,,,,,,
C9pikS_Rail,reel,https://www.instagram.com/thedogist/reel/C9pikS_Rail/,queued,0,0,,0,0,0,,,0,0,0,0,0,0,,,,,,,,,0,,,,,,,
C9nMhVdxa9j,reel,https://www.instagram.com/thedogist/reel/C9nMhVdxa9j/,queued,0,0,,0,0,0,,,0,0,0,0,0,0,,,,,,,,,0,,,,,,,
C9k1L9MRkMC,reel,https://www.instagram.com/thedogist/reel/C9k1L9MRkMC/,queued,0,0,,0,0,0,,,0,0,0,0,0,0,,,,,,,,,0,,,,,,,
C9f9EEXxlL6,reel,https://www.instagram.com/thedogist/reel/C9f9EEXxlL6/,queued,0,0,,0,0,0,,,0,0,0,0,0,0,,,,,,,,,0,,,,,,,
C9c73M2RVNJ,reel,https://www.instagram.com/thedogist/reel/C9c73M2RVNJ/,queued,0,0,,0,0,0,,,0,0,0,0,0,0,,,,,,,,,0,,,,,,,
C9akKGtR3RF,reel,https://www.instagram.com/thedogist/reel/C9akKGtR3RF/,queued,0,0,,0,0,0,,,0,0,0,0,0,0,,,,,,,,,0,,,,,,,
C9X3xaPRxqK,reel,https://www.instagram.com/thedogist/reel/C9X3xaPRxqK/,queued,0,0,,0,0,0,,,0,0,0,0,0,0,,,,,,,,,0,,,,,,,
C9VfrHgxx3O,reel,https://www.instagram.com/thedogist/reel/C9VfrHgxx3O/,queued,0,0,,0,0,0,,,0,0,0,0,0,0,,,,,,,,,0,,,,,,,
C9SqVpmRFKN,reel,https://www.instagram.com/thedogist/reel/C9SqVpmRFKN/,queued,0,0,,0,0,0,,,0,0,0,0,0,0,,,,,,,,,0,,,,,,,
C9QO52TRkVB,reel,https://www.instagram.com/thedogist/reel/C9QO52TRkVB/,queued,0,0,,0,0,0,,,0,0,0,0,0,0,,,,,,,,,0,,,,,,,
C9N9RtfRbsW,p,https://www.instagram.com/thedogist/p/C9N9RtfRbsW/,queued,0,0,,0,0,0,,,0,0,0,0,0,0,,,,,,,,,0,,,,,,,
C9Na9GbRiJ2,reel,https://www.instagram.com/thedogist/reel/C9Na9GbRiJ2/,queued,0,0,,0,0,0,,,0,0,0,0,0,0,,,,,,,,,0,,,,,,,
C9LCinvRjwD,reel,https://www.instagram.com/thedogist/reel/C9LCinvRjwD/,queued,0,0,,0,0,0,,,0,0,0,0,0,0,,,,,,,,,0,,,,,,,
C9IfIfqxEnp,reel,https://www.instagram.com/thedogist/reel/C9IfIfqxEnp/,queued,0,0,,0,0,0,,,0,0,0,0,0,0,,,,,,,,,0,,,,,,,
C9FvCY1uWBB,reel,https://www.instagram.com/thedogist/reel/C9FvCY1uWBB/,queued,0,0,,0,0,0,,,0,0,0,0,0,0,,,,,,,,,0,,,,,,,
C9DXqaOR8mB,reel,https://www.instagram.com/thedogist/reel/C9DXqaOR8mB/,queued,0,0,,0,0,0,,,0,0,0,0,0,0,,,,,,,,,0,,,,,,,
C9AS0uiRBoW,reel,https://www.instagram.com/thedogist/reel/C9AS0uiRBoW/,queued,0,0,,0,0,0,,,0,0,0,0,0,0,,,,,,,,,0,,,,,,,
C8-AJ6tRMVk,reel,https://www.instagram.com/thedogist/reel/C8-AJ6tRMVk/,queued,0,0,,0,0,0,,,0,0,0,0,0,0,,,,,,,,,0,,,,,,,
C871oHVRscZ,reel,https://www.instagram.com/thedogist/reel/C871oHVRscZ/,queued,0,0,,0,0,0,,,0,0,0,0,0,0,,,,,,,,,0,,,,,,,
C849HG3x5qE,reel,https://www.instagram.com/thedogist/reel/C849HG3x5qE/,queued,0,0,,0,0,0,,,0,0,0,0,0,0,,,,,,,,,0,,,,,,,
C82RH-eR5xi,reel,https://www.instagram.com/thedogist/reel/C82RH-eR5xi/,queued,0,0,,0,0,0,,,0,0,0,0,0,0,,,,,,,,,0,,,,,,,
C8zn5KgRCji,reel,https://www.instagram.com/thedogist/reel/C8zn5KgRCji/,queued,0,0,,0,0,0,,,0,0,0,0,0,0,,,,,,,,,0,,,,,,,
C8xjyZHxeMz,reel,https://www.instagram.com/thedogist/reel/C8xjyZHxeMz/,queued,0,0,,0,0,0,,,0,0,0,0,0,0,,,,,,,,,0,,,,,,,
C8un5sYRW1M,reel,https://www.instagram.com/thedogist/reel/C8un5sYRW1M/,queued,0,0,,0,0,0,,,0,0,0,0,0,0,,,,,,,,,0,,,,,,,
C8sMFjYRQx2,reel,https://www.instagram.com/thedogist/reel/C8sMFjYRQx2/,queued,0,0,,0,0,0,,,0,0,0,0,0,0,,,,,,,,,0,,,,,,,
C8piVyyxwe5,reel,https://www.instagram.com/thedogist/reel/C8piVyyxwe5/,queued,0,0,,0,0,0,,,0,0,0,0,0,0,,,,,,,,,0,,,,,,,
C8mqnxeR2kO,reel,https://www.instagram.com/thedogist/reel/C8mqnxeR2kO/,queued,0,0,,0,0,0,,,0,0,0,0,0,0,,,,,,,,,0,,,,,,,
C8hl-VJR1G0,reel,https://www.instagram.com/thedogist/reel/C8hl-VJR1G0/,queued,0,0,,0,0,0,,,0,0,0,0,0,0,,,,,,,,,0,,,,,,,
C8fS9zmxpuY,reel,https://www.instagram.com/thedogist/reel/C8fS9zmxpuY/,queued,0,0,,0,0,0,,,0,0,0,0,0,0,,,,,,,,,0,,,,,,,
C8e7Je0R4Uz,reel,https://www.instagram.com/thedogist/reel/C8e7Je0R4Uz/,queued,0,0,,0,0,0,,,0,0,0,0,0,0,,,,,,,,,0,,,,,,,
C8c6pagRfu1,p,https://www.instagram.com/thedogist/p/C8c6pagRfu1/,queued,0,0,,0,0,0,,,0,0,0,0,0,0,,,,,,,,,0,,,,,,,
C8aW5axRj8Q,reel,https://www.instagram.com/thedogist/reel/C8aW5axRj8Q/,queued,0,0,,0,0,0,,,0,0,0,0,0,0,,,,,,,,,0,,,,,,,
C8Xi97SxhMq,reel,https://www.instagram.com/thedogist/reel/C8Xi97SxhMq/,queued,0,0,,0,0,0,,,0,0,0,0,0,0,,,,,,,,,0,,,,,,,
C8SgsKQx-Yu,reel,https://www.instagram.com/thedogist/reel/C8SgsKQx-Yu/,queued,0,0,,0,0,0,,,0,0,0,0,0,0,,,,,,,,,0,,,,,,,
C8P06OuxlDT,reel,https://www.instagram.com/thedogist/reel/C8P06OuxlDT/,queued,0,0,,0,0,0,,,0,0,0,0,0,0,,,,,,,,,0,,,,,,,
C8NXE-1Rd9z,reel,https://www.instagram.com/thedogist/reel/C8NXE-1Rd9z/,queued,0,0,,0,0,0,,,0,0,0,0,0,0,,,,,,,,,0,,,,,,,
C8KeolVRWOj,reel,https://www.instagram.com/thedogist/reel/C8KeolVRWOj/,queued,0,0,,0,0,0,,,0,0,0,0,0,0,,,,,,,,,0,,,,,,,
C8FcwfIxmvk,reel,https://www.instagram.com/thedogist/reel/C8FcwfIxmvk/,queued,0,0,,0,0,0,,,0,0,0,0,0,0,,,,,,,,,0,,,,,,,
C8DHr2Kxzj7,reel,https://www.instagram.com/thedogist/reel/C8DHr2Kxzj7/,queued,0,0,,0,0,0,,,0,0,0,0,0,0,,,,,,,,,0,,,,,,,
C8AV6k5RC0F,reel,https://www.instagram.com/thedogist/reel/C8AV6k5RC0F/,queued,0,0,,0,0,0,,,0,0,0,0,0,0,,,,,,,,,0,,,,,,,
C79p6FAxsbR,reel,https://www.instagram.com/thedogist/reel/C79p6FAxsbR/,queued,0,0,,0,0,0,,,0,0,0,0,0,0,,,,,,,,,0,,,,,,,
C77RmP9xBw9,reel,https://www.instagram.com/thedogist/reel/C77RmP9xBw9/,queued,0,0,,0,0,0,,,0,0,0,0,0,0,,,,,,,,,0,,,,,,,
C74xX-zxmVN,reel,https://www.instagram.com/thedogist/reel/C74xX-zxmVN/,queued,0,0,,0,0,0,,,0,0,0,0,0,0,,,,,,,,,0,,,,,,,
C72Hh3Uxpfn,reel,https://www.instagram.com/thedogist/reel/C72Hh3Uxpfn/,queued,0,0,,0,0,0,,,0,0,0,0,0,0,,,,,,,,,0,,,,,,,
C7zk3ngRqmG,reel,https://www.instagram.com/thedogist/reel/C7zk3ngRqmG/,queued,0,0,,0,0,0,,,0,0,0,0,0,0,,,,,,,,,0,,,,,,,
C7xEpbmRJjG,reel,https://www.instagram.com/thedogist/reel/C7xEpbmRJjG/,queued,0,0,,0,0,0,,,0,0,0,0,0,0,,,,,,,,,0,,,,,,,
C7uBEkJxF_Y,reel,https://www.instagram.com/thedogist/reel/C7uBEkJxF_Y/,queued,0,0,,0,0,0,,,0,0,0,0,0,0,,,,,,,,,0,,,,,,,
C7rfA2lRSvc,reel,https://www.instagram.com/thedogist/reel/C7rfA2lRSvc/,queued,0,0,,0,0,0,,,0,0,0,0,0,0,,,,,,,,,0,,,,,,,
C7pHB-Xxd-S,reel,https://www.instagram.com/thedogist/reel/C7pHB-Xxd-S/,queued,0,0,,0,0,0,,,0,0,0,0,0,0,,,,,,,,,0,,,,,,,
C7msbisxF0J,reel,https://www.instagram.com/thedogist/reel/C7msbisxF0J/,queued,0,0,,0,0,0,,,0,0,0,0,0,0,,,,,,,,,0,,,,,,,
C7kHzoXR5n2,reel,https://www.instagram.com/thedogist/reel/C7kHzoXR5n2/,queued,0,0,,0,0,0,,,0,0,0,0,0,0,,,,,,,,,0,,,,,,,
C7hf5dsxps0,reel,https://www.instagram.com/thedogist/reel/C7hf5dsxps0/,queued,0,0,,0,0,0,,,0,0,0,0,0,0,,,,,,,,,0,,,,,,,
C7fFsuzxBqN,reel,https://www.instagram.com/thedogist/reel/C7fFsuzxBqN/,queued,0,0,,0,0,0,,,0,0,0,0,0,0,,,,,,,,,0,,,,,,,
C7cVWHqx9-G,reel,https://www.instagram.com/thedogist/reel/C7cVWHqx9-G/,queued,0,0,,0,0,0,,,0,0,0,0,0,0,,,,,,,,,0,,,,,,,
C7Zls2VxXFj,reel,https://www.instagram.com/thedogist/reel/C7Zls2VxXFj/,queued,0,0,,0,0,0,,,0,0,0,0,0,0,,,,,,,,,0,,,,,,,
C7XHdQWRhOU,reel,https://www.instagram.com/thedogist/reel/C7XHdQWRhOU/,queued,0,0,,0,0,0,,,0,0,0,0,0,0,,,,,,,,,0,,,,,,,
C7UxAZ3RRLq,p,https://www.instagram.com/thedogist/p/C7UxAZ3RRLq/,queued,0,0,,0,0,0,,,0,0,0,0,0,0,,,,,,,,,0,,,,,,,
C7UMqOHxmMc,reel,https://www.instagram.com/thedogist/reel/C7UMqOHxmMc/,queued,0,0,,0,0,0,,,0,0,0,0,0,0,,,,,,,,,0,,,,,,,
C7SIXQhRaU8,reel,https://www.instagram.com/thedogist/reel/C7SIXQhRaU8/,queued,0,0,,0,0,0,,,0,0,0,0,0,0,,,,,,,,,0,,,,,,,
C7PnziZxrWh,reel,https://www.instagram.com/thedogist/reel/C7PnziZxrWh/,queued,0,0,,0,0,0,,,0,0,0,0,0,0,,,,,,,,,0,,,,,,,
C7NCmLyxCYk,reel,https://www.instagram.com/thedogist/reel/C7NCmLyxCYk/,queued,0,0,,0,0,0,,,0,0,0,0,0,0,,,,,,,,,0,,,,,,,
C7KbFkyxu6t,reel,https://www.instagram.com/thedogist/reel/C7KbFkyxu6t/,queued,0,0,,0,0,0,,,0,0,0,0,0,0,,,,,,,,,0,,,,,,,
C7HzX6vxmEN,reel,https://www.instagram.com/thedogist/reel/C7HzX6vxmEN/,queued,0,0,,0,0,0,,,0,0,0,0,0,0,,,,,,,,,0,,,,,,,
C7FI5QVxEWu,reel,https://www.instagram.com/thedogist/reel/C7FI5QVxEWu/,queued,0,0,,0,0,0,,,0,0,0,0,0,0,,,,,,,,,0,,,,,,,
C7DCJn4r4BJ,reel,https://www.instagram.com/thedogist/reel/C7DCJn4r4BJ/,queued,0,0,,0,0,0,,,0,0,0,0,0,0,,,,,,,,,0,,,,,,,
C7ADLVsxExn,reel,https://www.instagram.com/thedogist/reel/C7ADLVsxExn/,queued,0,0,,0,0,0,,,0,0,0,0,0,0,,,,,,,,,0,,,,,,,
C69hpm7R0Qr,reel,https://www.instagram.com/thedogist/reel/C69hpm7R0Qr/,queued,0,0,,0,0,0,,,0,0,0,0,0,0,,,,,,,,,0,,,,,,,
C66sIC-L_th,reel,https://www.instagram.com/thedogist/reel/C66sIC-L_th/,queued,0,0,,0,0,0,,,0,0,0,0,0,0,,,,,,,,,0,,,,,,,
C64bsGpRxXd,p,https://www.instagram.com/thedogist/p/C64bsGpRxXd/,queued,0,0,,0,0,0,,,0,0,0,0,0,0,,,,,,,,,0,,,,,,,
C61hsXRL1Nu,reel,https://www.instagram.com/thedogist/reel/C61hsXRL1Nu/,queued,0,0,,0,0,0,,,0,0,0,0,0,0,,,,,,,,,0,,,,,,,
C6zWOX9Rjqn,reel,https://www.instagram.com/thedogist/reel/C6zWOX9Rjqn/,queued,0,0,,0,0,0,,,0,0,0,0,0,0,,,,,,,,,0,,,,,,,
C6war16LdnB,reel,https://www.instagram.com/thedogist/reel/C6war16LdnB/,queued,0,0,,0,0,0,,,0,0,0,0,0,0,,,,,,,,,0,,,,,,,
C6uAAPfLvAY,reel,https://www.instagram.com/thedogist/reel/C6uAAPfLvAY/,queued,0,0,,0,0,0,,,0,0,0,0,0,0,,,,,,,,,0,,,,,,,
C6reNj-x5ZU,reel,https://www.instagram.com/thedogist/reel/C6reNj-x5ZU/,queued,0,0,,0,0,0,,,0,0,0,0,0,0,,,,,,,,,0,,,,,,,
C6otowFr_tf,reel,https://www.instagram.com/thedogist/reel/C6otowFr_tf/,queued,0,0,,0,0,0,,,0,0,0,0,0,0,,,,,,,,,0,,,,,,,
C6mHG1dLMc9,reel,https://www.instagram.com/thedogist/reel/C6mHG1dLMc9/,queued,0,0,,0,0,0,,,0,0,0,0,0,0,,,,,,,,,0,,,,,,,
C6jRKcCrP8k,reel,https://www.instagram.com/thedogist/reel/C6jRKcCrP8k/,queued,0,0,,0,0,0,,,0,0,0,0,0,0,,,,,,,,,0,,,,,,,
C6g-TbIrDR0,reel,https://www.instagram.com/thedogist/reel/C6g-TbIrDR0/,queued,0,0,,0,0,0,,,0,0,0,0,0,0,,,,,,,,,0,,,,,,,
C6ff0HVOhfg,reel,https://www.instagram.com/thedogist/reel/C6ff0HVOhfg/,queued,0,0,,0,0,0,,,0,0,0,0,0,0,,,,,,,,,0,,,,,,,
C6b73QoRSZj,reel,https://www.instagram.com/thedogist/reel/C6b73QoRSZj/,queued,0,0,,0,0,0,,,0,0,0,0,0,0,,,,,,,,,0,,,,,,,
C6ZXwciR9PR,reel,https://www.instagram.com/thedogist/reel/C6ZXwciR9PR/,queued,0,0,,0,0,0,,,0,0,0,0,0,0,,,,,,,,,0,,,,,,,
C6W4ObXRE9F,reel,https://www.instagram.com/thedogist/reel/C6W4ObXRE9F/,queued,0,0,,0,0,0,,,0,0,0,0,0,0,,,,,,,,,0,,,,,,,
C6USTjbRANM,reel,https://www.instagram.com/thedogist/reel/C6USTjbRANM/,queued,0,0,,0,0,0,,,0,0,0,0,0,0,,,,,,,,,0,,,,,,,
C6RTpptrLP5,reel,https://www.instagram.com/thedogist/reel/C6RTpptrLP5/,queued,0,0,,0,0,0,,,0,0,0,0,0,0,,,,,,,,,0,,,,,,,
C6POkV_x38T,reel,https://www.instagram.com/thedogist/reel/C6POkV_x38T/,queued,0,0,,0,0,0,,,0,0,0,0,0,0,,,,,,,,,0,,,,,,,
C6M4kXMLMYd,reel,https://www.instagram.com/thedogist/reel/C6M4kXMLMYd/,queued,0,0,,0,0,0,,,0,0,0,0,0,0,,,,,,,,,0,,,,,,,
C6KDmr_xa-x,reel,https://www.instagram.com/thedogist/reel/C6KDmr_xa-x/,queued,0,0,,0,0,0,,,0,0,0,0,0,0,,,,,,,,,0,,,,,,,
C6HR4KCx_Lt,reel,https://www.instagram.com/thedogist/reel/C6HR4KCx_Lt/,queued,0,0,,0,0,0,,,0,0,0,0,0,0,,,,,,,,,0,,,,,,,
C6EyDp3RNxF,reel,https://www.instagram.com/thedogist/reel/C6EyDp3RNxF/,queued,0,0,,0,0,0,,,0,0,0,0,0,0,,,,,,,,,0,,,,,,,
C6CQ95LRyBZ,reel,https://www.instagram.com/thedogist/reel/C6CQ95LRyBZ/,queued,0,0,,0,0,0,,,0,0,0,0,0,0,,,,,,,,,0,,,,,,,
C5_Xy-5LP3s,reel,https://www.instagram.com/thedogist/reel/C5_Xy-5LP3s/,queued,0,0,,0,0,0,,,0,0,0,0,0,0,,,,,,,,,0,,,,,,,
C59HbkGxC92,reel,https://www.instagram.com/thedogist/reel/C59HbkGxC92/,queued,0,0,,0,0,0,,,0,0,0,0,0,0,,,,,,,,,0,,,,,,,
C56cdYBxw2t,reel,https://www.instagram.com/thedogist/reel/C56cdYBxw2t/,queued,0,0,,0,0,0,,,0,0,0,0,0,0,,,,,,,,,0,,,,,,,
C537le9xN3Q,reel,https://www.instagram.com/thedogist/reel/C537le9xN3Q/,queued,0,0,,0,0,0,,,0,0,0,0,0,0,,,,,,,,,0,,,,,,,
C51cxWqxVBz,reel,https://www.instagram.com/thedogist/reel/C51cxWqxVBz/,queued,0,0,,0,0,0,,,0,0,0,0,0,0,,,,,,,,,0,,,,,,,
C5ys4yTRmh2,reel,https://www.instagram.com/thedogist/reel/C5ys4yTRmh2/,queued,0,0,,0,0,0,,,0,0,0,0,0,0,,,,,,,,,0,,,,,,,
C5wIwPWxRTq,reel,https://www.instagram.com/thedogist/reel/C5wIwPWxRTq/,queued,0,0,,0,0,0,,,0,0,0,0,0,0,,,,,,,,,0,,,,,,,
C5tMbX-LnNK,reel,https://www.instagram.com/thedogist/reel/C5tMbX-LnNK/,queued,0,0,,0,0,0,,,0,0,0,0,0,0,,,,,,,,,0,,,,,,,
C5q6yT-rG6j,reel,https://www.instagram.com/thedogist/reel/C5q6yT-rG6j/,queued,0,0,,0,0,0,,,0,0,0,0,0,0,,,,,,,,,0,,,,,,,
C5oe4cmRXoy,reel,https://www.instagram.com/thedogist/reel/C5oe4cmRXoy/,queued,0,0,,0,0,0,,,0,0,0,0,0,0,,,,,,,,,0,,,,,,,
C5l7My4xVjI,reel,https://www.instagram.com/thedogist/reel/C5l7My4xVjI/,queued,0,0,,0,0,0,,,0,0,0,0,0,0,,,,,,,,,0,,,,,,,
C5jVXIDxnlF,reel,https://www.instagram.com/thedogist/reel/C5jVXIDxnlF/,queued,0,0,,0,0,0,,,0,0,0,0,0,0,,,,,,,,,0,,,,,,,
C5g8MnbR0G0,reel,https://www.instagram.com/thedogist/reel/C5g8MnbR0G0/,queued,0,0,,0,0,0,,,0,0,0,0,0,0,,,,,,,,,0,,,,,,,
C5eHWm1R0yW,reel,https://www.instagram.com/thedogist/reel/C5eHWm1R0yW/,queued,0,0,,0,0,0,,,0,0,0,0,0,0,,,,,,,,,0,,,,,,,
C5bnKh0RcYZ,reel,https://www.instagram.com/thedogist/reel/C5bnKh0RcYZ/,queued,0,0,,0,0,0,,,0,0,0,0,0,0,,,,,,,,,0,,,,,,,
C5Y4PFTruIH,reel,https://www.instagram.com/thedogist/reel/C5Y4PFTruIH/,queued,0,0,,0,0,0,,,0,0,0,0,0,0,,,,,,,,,0,,,,,,,
C5V546rLEMO,reel,https://www.instagram.com/thedogist/reel/C5V546rLEMO/,queued,0,0,,0,0,0,,,0,0,0,0,0,0,,,,,,,,,0,,,,,,,
C5RSVHerhSW,reel,https://www.instagram.com/thedogist/reel/C5RSVHerhSW/,queued,0,0,,0,0,0,,,0,0,0,0,0,0,,,,,,,,,0,,,,,,,
C5O8QGox7rx,reel,https://www.instagram.com/thedogist/reel/C5O8QGox7rx/,queued,0,0,,0,0,0,,,0,0,0,0,0,0,,,,,,,,,0,,,,,,,
C5MNaIBR8WG,reel,https://www.instagram.com/thedogist/reel/C5MNaIBR8WG/,queued,0,0,,0,0,0,,,0,0,0,0,0,0,,,,,,,,,0,,,,,,,
C5JX4K6rv9M,reel,https://www.instagram.com/thedogist/reel/C5JX4K6rv9M/,queued,0,0,,0,0,0,,,0,0,0,0,0,0,,,,,,,,,0,,,,,,,
C5G_iXExy8R,reel,https://www.instagram.com/thedogist/reel/C5G_iXExy8R/,queued,0,0,,0,0,0,,,0,0,0,0,0,0,,,,,,,,,0,,,,,,,
C5EjQQbxf_Z,reel,https://www.instagram.com/thedogist/reel/C5EjQQbxf_Z/,queued,0,0,,0,0,0,,,0,0,0,0,0,0,,,,,,,,,0,,,,,,,
C5B8qoARAUO,reel,https://www.instagram.com/thedogist/reel/C5B8qoARAUO/,queued,0,0,,0,0,0,,,0,0,0,0,0,0,,,,,,,,,0,,,,,,,
C4_XBJJRe9m,reel,https://www.instagram.com/thedogist/reel/C4_XBJJRe9m/,queued,0,0,,0,0,0,,,0,0,0,0,0,0,,,,,,,,,0,,,,,,,
C48uh8KRGS4,reel,https://www.instagram.com/thedogist/reel/C48uh8KRGS4/,queued,0,0,,0,0,0,,,0,0,0,0,0,0,,,,,,,,,0,,,,,,,
C45_R_WL-UB,reel,https://www.instagram.com/thedogist/reel/C45_R_WL-UB/,queued,0,0,,0,0,0,,,0,0,0,0,0,0,,,,,,,,,0,,,,,,,
C43XhN9rpHx,reel,https://www.instagram.com/thedogist/reel/C43XhN9rpHx/,queued,0,0,,0,0,0,,,0,0,0,0,0,0,,,,,,,,,0,,,,,,,
C41BoqHRr-W,reel,https://www.instagram.com/thedogist/reel/C41BoqHRr-W/,queued,0,0,,0,0,0,,,0,0,0,0,0,0,,,,,,,,,0,,,,,,,
C4yNndZLto5,reel,https://www.instagram.com/thedogist/reel/C4yNndZLto5/,queued,0,0,,0,0,0,,,0,0,0,0,0,0,,,,,,,,,0,,,,,,,
C4vyLRmxCw8,reel,https://www.instagram.com/thedogist/reel/C4vyLRmxCw8/,queued,0,0,,0,0,0,,,0,0,0,0,0,0,,,,,,,,,0,,,,,,,
C4trL4RLc7v,reel,https://www.instagram.com/thedogist/reel/C4trL4RLc7v/,queued,0,0,,0,0,0,,,0,0,0,0,0,0,,,,,,,,,0,,,,,,,
C4qtc7SRg5E,reel,https://www.instagram.com/thedogist/reel/C4qtc7SRg5E/,queued,0,0,,0,0,0,,,0,0,0,0,0,0,,,,,,,,,0,,,,,,,
C4n7jOZrSa3,reel,https://www.instagram.com/thedogist/reel/C4n7jOZrSa3/,queued,0,0,,0,0,0,,,0,0,0,0,0,0,,,,,,,,,0,,,,,,,
C4l56nAr9r_,reel,https://www.instagram.com/thedogist/reel/C4l56nAr9r_/,queued,0,0,,0,0,0,,,0,0,0,0,0,0,,,,,,,,,0,,,,,,,
C4jAoajRNsl,reel,https://www.instagram.com/thedogist/reel/C4jAoajRNsl/,queued,0,0,,0,0,0,,,0,0,0,0,0,0,,,,,,,,,0,,,,,,,
C4hIBCWrZ6n,reel,https://www.instagram.com/thedogist/reel/C4hIBCWrZ6n/,queued,0,0,,0,0,0,,,0,0,0,0,0,0,,,,,,,,,0,,,,,,,
C4eLgceLePK,reel,https://www.instagram.com/thedogist/reel/C4eLgceLePK/,queued,0,0,,0,0,0,,,0,0,0,0,0,0,,,,,,,,,0,,,,,,,
C4bTFOVxcwU,reel,https://www.instagram.com/thedogist/reel/C4bTFOVxcwU/,queued,0,0,,0,0,0,,,0,0,0,0,0,0,,,,,,,,,0,,,,,,,
C4YqVkNRpAt,reel,https://www.instagram.com/thedogist/reel/C4YqVkNRpAt/,queued,0,0,,0,0,0,,,0,0,0,0,0,0,,,,,,,,,0,,,,,,,
C4V0AfNL_w5,reel,https://www.instagram.com/thedogist/reel/C4V0AfNL_w5/,queued,0,0,,0,0,0,,,0,0,0,0,0,0,,,,,,,,,0,,,,,,,
C4TnuKHRW6s,reel,https://www.instagram.com/thedogist/reel/C4TnuKHRW6s/,queued,0,0,,0,0,0,,,0,0,0,0,0,0,,,,,,,,,0,,,,,,,
C4Q6PozxFwA,reel,https://www.instagram.com/thedogist/reel/C4Q6PozxFwA/,queued,0,0,,0,0,0,,,0,0,0,0,0,0,,,,,,,,,0,,,,,,,
C4O0rvlrhkB,reel,https://www.instagram.com/thedogist/reel/C4O0rvlrhkB/,queued,0,0,,0,0,0,,,0,0,0,0,0,0,,,,,,,,,0,,,,,,,
C4Ly2y6xrgL,reel,https://www.instagram.com/thedogist/reel/C4Ly2y6xrgL/,queued,0,0,,0,0,0,,,0,0,0,0,0,0,,,,,,,,,0,,,,,,,
C4JVEyFxV8K,reel,https://www.instagram.com/thedogist/reel/C4JVEyFxV8K/,queued,0,0,,0,0,0,,,0,0,0,0,0,0,,,,,,,,,0,,,,,,,
C4GhtYvxyhD,reel,https://www.instagram.com/thedogist/reel/C4GhtYvxyhD/,queued,0,0,,0,0,0,,,0,0,0,0,0,0,,,,,,,,,0,,,,,,,
C4EEiztR-tI,reel,https://www.instagram.com/thedogist/reel/C4EEiztR-tI/,queued,0,0,,0,0,0,,,0,0,0,0,0,0,,,,,,,,,0,,,,,,,
C4BdUUqRJl4,reel,https://www.instagram.com/thedogist/reel/C4BdUUqRJl4/,queued,0,0,,0,0,0,,,0,0,0,0,0,0,,,,,,,,,0,,,,,,,
C3_F_PRRpp5,reel,https://www.instagram.com/thedogist/reel/C3_F_PRRpp5/,queued,0,0,,0,0,0,,,0,0,0,0,0,0,,,,,,,,,0,,,,,,,
C38a7NQxIVE,reel,https://www.instagram.com/thedogist/reel/C38a7NQxIVE/,queued,0,0,,0,0,0,,,0,0,0,0,0,0,,,,,,,,,0,,,,,,,
C36CSrGR8Cr,p,https://www.instagram.com/thedogist/p/C36CSrGR8Cr/,queued,0,0,,0,0,0,,,0,0,0,0,0,0,,,,,,,,,0,,,,,,,
C35tdL8xPhY,reel,https://www.instagram.com/thedogist/reel/C35tdL8xPhY/,queued,0,0,,0,0,0,,,0,0,0,0,0,0,,,,,,,,,0,,,,,,,
C3213y8LqC6,reel,https://www.instagram.com/thedogist/reel/C3213y8LqC6/,queued,0,0,,0,0,0,,,0,0,0,0,0,0,,,,,,,,,0,,,,,,,
C30icrfREtC,reel,https://www.instagram.com/thedogist/reel/C30icrfREtC/,queued,0,0,,0,0,0,,,0,0,0,0,0,0,,,,,,,,,0,,,,,,,
C3yHUvhx668,reel,https://www.instagram.com/thedogist/reel/C3yHUvhx668/,queued,0,0,,0,0,0,,,0,0,0,0,0,0,,,,,,,,,0,,,,,,,
C3vcU4RxpPN,reel,https://www.instagram.com/thedogist/reel/C3vcU4RxpPN/,queued,0,0,,0,0,0,,,0,0,0,0,0,0,,,,,,,,,0,,,,,,,
C3s0KjKxgjo,reel,https://www.instagram.com/thedogist/reel/C3s0KjKxgjo/,queued,0,0,,0,0,0,,,0,0,0,0,0,0,,,,,,,,,0,,,,,,,
C3qnfnzrwvr,reel,https://www.instagram.com/thedogist/reel/C3qnfnzrwvr/,queued,0,0,,0,0,0,,,0,0,0,0,0,0,,,,,,,,,0,,,,,,,
C3lPFm_xzoh,reel,https://www.instagram.com/thedogist/reel/C3lPFm_xzoh/,queued,0,0,,0,0,0,,,0,0,0,0,0,0,,,,,,,,,0,,,,,,,
C3isLN2RmYq,reel,https://www.instagram.com/thedogist/reel/C3isLN2RmYq/,queued,0,0,,0,0,0,,,0,0,0,0,0,0,,,,,,,,,0,,,,,,,
C3f7aBpRMBM,reel,https://www.instagram.com/thedogist/reel/C3f7aBpRMBM/,queued,0,0,,0,0,0,,,0,0,0,0,0,0,,,,,,,,,0,,,,,,,
C3db6B2xWla,reel,https://www.instagram.com/thedogist/reel/C3db6B2xWla/,queued,0,0,,0,0,0,,,0,0,0,0,0,0,,,,,,,,,0,,,,,,,
C3bIolmrO4L,reel,https://www.instagram.com/thedogist/reel/C3bIolmrO4L/,queued,0,0,,0,0,0,,,0,0,0,0,0,0,,,,,,,,,0,,,,,,,
C3YLNpTrFP6,reel,https://www.instagram.com/thedogist/reel/C3YLNpTrFP6/,queued,0,0,,0,0,0,,,0,0,0,0,0,0,,,,,,,,,0,,,,,,,
C3WFCAirlmN,reel,https://www.instagram.com/thedogist/reel/C3WFCAirlmN/,queued,0,0,,0,0,0,,,0,0,0,0,0,0,,,,,,,,,0,,,,,,,
C3TGvIxRMRg,p,https://www.instagram.com/thedogist/p/C3TGvIxRMRg/,queued,0,0,,0,0,0,,,0,0,0,0,0,0,,,,,,,,,0,,,,,,,
C3Qez6ertjq,reel,https://www.instagram.com/thedogist/reel/C3Qez6ertjq/,queued,0,0,,0,0,0,,,0,0,0,0,0,0,,,,,,,,,0,,,,,,,
C3N-NHdRrjq,reel,https://www.instagram.com/thedogist/reel/C3N-NHdRrjq/,queued,0,0,,0,0,0,,,0,0,0,0,0,0,,,,,,,,,0,,,,,,,
C3LfdeLxTFY,reel,https://www.instagram.com/thedogist/reel/C3LfdeLxTFY/,queued,0,0,,0,0,0,,,0,0,0,0,0,0,,,,,,,,,0,,,,,,,
C3Iy9lyxpHn,reel,https://www.instagram.com/thedogist/reel/C3Iy9lyxpHn/,queued,0,0,,0,0,0,,,0,0,0,0,0,0,,,,,,,,,0,,,,,,,
C3GMpVTx8zY,reel,https://www.instagram.com/thedogist/reel/C3GMpVTx8zY/,queued,0,0,,0,0,0,,,0,0,0,0,0,0,,,,,,,,,0,,,,,,,
C3EDV81rXP1,reel,https://www.instagram.com/thedogist/reel/C3EDV81rXP1/,queued,0,0,,0,0,0,,,0,0,0,0,0,0,,,,,,,,,0,,,,,,,
C3BTSj9RqZH,reel,https://www.instagram.com/thedogist/reel/C3BTSj9RqZH/,queued,0,0,,0,0,0,,,0,0,0,0,0,0,,,,,,,,,0,,,,,,,
C2-zidCRiJP,reel,https://www.instagram.com/thedogist/reel/C2-zidCRiJP/,queued,0,0,,0,0,0,,,0,0,0,0,0,0,,,,,,,,,0,,,,,,,
C28BJU8xYA0,p,https://www.instagram.com/thedogist/p/C28BJU8xYA0/,queued,0,0,,0,0,0,,,0,0,0,0,0,0,,,,,,,,,0,,,,,,,
C25XO7RxYRJ,p,https://www.instagram.com/thedogist/p/C25XO7RxYRJ/,queued,0,0,,0,0,0,,,0,0,0,0,0,0,,,,,,,,,0,,,,,,,
C22nR-GrQ3s,reel,https://www.instagram.com/thedogist/reel/C22nR-GrQ3s/,queued,0,0,,0,0,0,,,0,0,0,0,0,0,,,,,,,,,0,,,,,,,
C20YHvxxL9w,reel,https://www.instagram.com/thedogist/reel/C20YHvxxL9w/,queued,0,0,,0,0,0,,,0,0,0,0,0,0,,,,,,,,,0,,,,,,,
C2xlfZfxIx5,reel,https://www.instagram.com/thedogist/reel/C2xlfZfxIx5/,queued,0,0,,0,0,0,,,0,0,0,0,0,0,,,,,,,,,0,,,,,,,
C2vCwwJrRDs,reel,https://www.instagram.com/thedogist/reel/C2vCwwJrRDs/,queued,0,0,,0,0,0,,,0,0,0,0,0,0,,,,,,,,,0,,,,,,,
C2slynNxpkf,reel,https://www.instagram.com/thedogist/reel/C2slynNxpkf/,queued,0,0,,0,0,0,,,0,0,0,0,0,0,,,,,,,,,0,,,,,,,
C2pzEm1x0aL,reel,https://www.instagram.com/thedogist/reel/C2pzEm1x0aL/,queued,0,0,,0,0,0,,,0,0,0,0,0,0,,,,,,,,,0,,,,,,,
C2nhbEmxoh2,reel,https://www.instagram.com/thedogist/reel/C2nhbEmxoh2/,queued,0,0,,0,0,0,,,0,0,0,0,0,0,,,,,,,,,0,,,,,,,
C2lGf2HLDCA,reel,https://www.instagram.com/thedogist/reel/C2lGf2HLDCA/,queued,0,0,,0,0,0,,,0,0,0,0,0,0,,,,,,,,,0,,,,,,,
C2iKuHlxRlK,reel,https://www.instagram.com/thedogist/reel/C2iKuHlxRlK/,queued,0,0,,0,0,0,,,0,0,0,0,0,0,,,,,,,,,0,,,,,,,
C2f-3hnreJq,reel,https://www.instagram.com/thedogist/reel/C2f-3hnreJq/,queued,0,0,,0,0,0,,,0,0,0,0,0,0,,,,,,,,,0,,,,,,,
C2dGYoBxqSH,reel,https://www.instagram.com/thedogist/reel/C2dGYoBxqSH/,queued,0,0,,0,0,0,,,0,0,0,0,0,0,,,,,,,,,0,,,,,,,
C2a5BpcLE2K,reel,https://www.instagram.com/thedogist/reel/C2a5BpcLE2K/,queued,0,0,,0,0,0,,,0,0,0,0,0,0,,,,,,,,,0,,,,,,,
C2X_M0Kx_3K,p,https://www.instagram.com/thedogist/p/C2X_M0Kx_3K/,queued,0,0,,0,0,0,,,0,0,0,0,0,0,,,,,,,,,0,,,,,,,
C2VenQTxbLW,p,https://www.instagram.com/thedogist/p/C2VenQTxbLW/,queued,0,0,,0,0,0,,,0,0,0,0,0,0,,,,,,,,,0,,,,,,,
C2SwqzbRVEZ,reel,https://www.instagram.com/thedogist/reel/C2SwqzbRVEZ/,queued,0,0,,0,0,0,,,0,0,0,0,0,0,,,,,,,,,0,,,,,,,
C2QMor7xpvy,reel,https://www.instagram.com/thedogist/reel/C2QMor7xpvy/,queued,0,0,,0,0,0,,,0,0,0,0,0,0,,,,,,,,,0,,,,,,,
C2NwnI0RNL4,reel,https://www.instagram.com/thedogist/reel/C2NwnI0RNL4/,queued,0,0,,0,0,0,,,0,0,0,0,0,0,,,,,,,,,0,,,,,,,
C2LErYQR7gp,reel,https://www.instagram.com/thedogist/reel/C2LErYQR7gp/,queued,0,0,,0,0,0,,,0,0,0,0,0,0,,,,,,,,,0,,,,,,,
C2ItdJFxina,reel,https://www.instagram.com/thedogist/reel/C2ItdJFxina/,queued,0,0,,0,0,0,,,0,0,0,0,0,0,,,,,,,,,0,,,,,,,
C2FvxUXrlJ1,reel,https://www.instagram.com/thedogist/reel/C2FvxUXrlJ1/,queued,0,0,,0,0,0,,,0,0,0,0,0,0,,,,,,,,,0,,,,,,,
C2DYBxhxPg1,p,https://www.instagram.com/thedogist/p/C2DYBxhxPg1/,queued,0,0,,0,0,0,,,0,0,0,0,0,0,,,,,,,,,0,,,,,,,
C199y4bL0Td,p,https://www.instagram.com/thedogist/p/C199y4bL0Td/,queued,0,0,,0,0,0,,,0,0,0,0,0,0,,,,,,,,,0,,,,,,,
C17uxh0RjIb,reel,https://www.instagram.com/thedogist/reel/C17uxh0RjIb/,queued,0,0,,0,0,0,,,0,0,0,0,0,0,,,,,,,,,0,,,,,,,
C15CvaNxzq9,reel,https://www.instagram.com/thedogist/reel/C15CvaNxzq9/,queued,0,0,,0,0,0,,,0,0,0,0,0,0,,,,,,,,,0,,,,,,,
C12pzYsxhjn,reel,https://www.instagram.com/thedogist/reel/C12pzYsxhjn/,queued,0,0,,0,0,0,,,0,0,0,0,0,0,,,,,,,,,0,,,,,,,
C1z2Zlfxyo_,reel,https://www.instagram.com/thedogist/reel/C1z2Zlfxyo_/,queued,0,0,,0,0,0,,,0,0,0,0,0,0,,,,,,,,,0,,,,,,,
C1xT9lbxQJE,reel,https://www.instagram.com/thedogist/reel/C1xT9lbxQJE/,queued,0,0,,0,0,0,,,0,0,0,0,0,0,,,,,,,,,0,,,,,,,
C1u0Sk1RfHT,reel,https://www.instagram.com/thedogist/reel/C1u0Sk1RfHT/,queued,0,0,,0,0,0,,,0,0,0,0,0,0,,,,,,,,,0,,,,,,,
C1sPEncRYH4,reel,https://www.instagram.com/thedogist/reel/C1sPEncRYH4/,queued,0,0,,0,0,0,,,0,0,0,0,0,0,,,,,,,,,0,,,,,,,
C1p97fBLtR2,reel,https://www.instagram.com/thedogist/reel/C1p97fBLtR2/,queued,0,0,,0,0,0,,,0,0,0,0,0,0,,,,,,,,,0,,,,,,,
C1iqP5HrhYO,p,https://www.instagram.com/thedogist/p/C1iqP5HrhYO/,queued,0,0,,0,0,0,,,0,0,0,0,0,0,,,,,,,,,0,,,,,,,
C1c71r0xKve,p,https://www.instagram.com/thedogist/p/C1c71r0xKve/,queued,0,0,,0,0,0,,,0,0,0,0,0,0,,,,,,,,,0,,,,,,,
C1XPObmLYum,reel,https://www.instagram.com/thedogist/reel/C1XPObmLYum/,queued,0,0,,0,0,0,,,0,0,0,0,0,0,,,,,,,,,0,,,,,,,
C1UtVtCLcbt,p,https://www.instagram.com/thedogist/p/C1UtVtCLcbt/,queued,0,0,,0,0,0,,,0,0,0,0,0,0,,,,,,,,,0,,,,,,,
C1SGYUtLSvR,reel,https://www.instagram.com/thedogist/reel/C1SGYUtLSvR/,queued,0,0,,0,0,0,,,0,0,0,0,0,0,,,,,,,,,0,,,,,,,
C1PdtmPr9IZ,reel,https://www.instagram.com/thedogist/reel/C1PdtmPr9IZ/,queued,0,0,,0,0,0,,,0,0,0,0,0,0,,,,,,,,,0,,,,,,,
C1NROIhxb4m,reel,https://www.instagram.com/thedogist/reel/C1NROIhxb4m/,queued,0,0,,0,0,0,,,0,0,0,0,0,0,,,,,,,,,0,,,,,,,
C1KjoVSxlsY,p,https://www.instagram.com/thedogist/p/C1KjoVSxlsY/,queued,0,0,,0,0,0,,,0,0,0,0,0,0,,,,,,,,,0,,,,,,,
C1ICaCexCPm,reel,https://www.instagram.com/thedogist/reel/C1ICaCexCPm/,queued,0,0,,0,0,0,,,0,0,0,0,0,0,,,,,,,,,0,,,,,,,
C1FWHdCrtEe,reel,https://www.instagram.com/thedogist/reel/C1FWHdCrtEe/,queued,0,0,,0,0,0,,,0,0,0,0,0,0,,,,,,,,,0,,,,,,,
C1DVJQyrGf0,p,https://www.instagram.com/thedogist/p/C1DVJQyrGf0/,queued,0,0,,0,0,0,,,0,0,0,0,0,0,,,,,,,,,0,,,,,,,
C1AVJslxYr3,reel,https://www.instagram.com/thedogist/reel/C1AVJslxYr3/,queued,0,0,,0,0,0,,,0,0,0,0,0,0,,,,,,,,,0,,,,,,,
C0906AaRDEE,reel,https://www.instagram.com/thedogist/reel/C0906AaRDEE/,queued,0,0,,0,0,0,,,0,0,0,0,0,0,,,,,,,,,0,,,,,,,
C07L_HDRG0X,reel,https://www.instagram.com/thedogist/reel/C07L_HDRG0X/,queued,0,0,,0,0,0,,,0,0,0,0,0,0,,,,,,,,,0,,,,,,,
C04wOBrxpWE,reel,https://www.instagram.com/thedogist/reel/C04wOBrxpWE/,queued,0,0,,0,0,0,,,0,0,0,0,0,0,,,,,,,,,0,,,,,,,
C02OYTExpNR,reel,https://www.instagram.com/thedogist/reel/C02OYTExpNR/,queued,0,0,,0,0,0,,,0,0,0,0,0,0,,,,,,,,,0,,,,,,,
C0zkEH1xU_k,reel,https://www.instagram.com/thedogist/reel/C0zkEH1xU_k/,queued,0,0,,0,0,0,,,0,0,0,0,0,0,,,,,,,,,0,,,,,,,
C0xFLjhRhq9,reel,https://www.instagram.com/thedogist/reel/C0xFLjhRhq9/,queued,0,0,,0,0,0,,,0,0,0,0,0,0,,,,,,,,,0,,,,,,,
C0upxF5rjiy,reel,https://www.instagram.com/thedogist/reel/C0upxF5rjiy/,queued,0,0,,0,0,0,,,0,0,0,0,0,0,,,,,,,,,0,,,,,,,
C0re2xBrcF5,reel,https://www.instagram.com/thedogist/reel/C0re2xBrcF5/,queued,0,0,,0,0,0,,,0,0,0,0,0,0,,,,,,,,,0,,,,,,,
C0pB42UrxvP,reel,https://www.instagram.com/thedogist/reel/C0pB42UrxvP/,queued,0,0,,0,0,0,,,0,0,0,0,0,0,,,,,,,,,0,,,,,,,
C0mlM9YRk37,reel,https://www.instagram.com/thedogist/reel/C0mlM9YRk37/,queued,0,0,,0,0,0,,,0,0,0,0,0,0,,,,,,,,,0,,,,,,,
C0kDhj7xt5y,reel,https://www.instagram.com/thedogist/reel/C0kDhj7xt5y/,queued,0,0,,0,0,0,,,0,0,0,0,0,0,,,,,,,,,0,,,,,,,
C0hoDI6xGNi,reel,https://www.instagram.com/thedogist/reel/C0hoDI6xGNi/,queued,0,0,,0,0,0,,,0,0,0,0,0,0,,,,,,,,,0,,,,,,,
C0e3pDpxVXk,reel,https://www.instagram.com/thedogist/reel/C0e3pDpxVXk/,queued,0,0,,0,0,0,,,0,0,0,0,0,0,,,,,,,,,0,,,,,,,
C0cZzz-xxRR,reel,https://www.instagram.com/thedogist/reel/C0cZzz-xxRR/,queued,0,0,,0,0,0,,,0,0,0,0,0,0,,,,,,,,,0,,,,,,,
C0ZumHrxpKL,reel,https://www.instagram.com/thedogist/reel/C0ZumHrxpKL/,queued,0,0,,0,0,0,,,0,0,0,0,0,0,,,,,,,,,0,,,,,,,
C0XLUo4R9K0,reel,https://www.instagram.com/thedogist/reel/C0XLUo4R9K0/,queued,0,0,,0,0,0,,,0,0,0,0,0,0,,,,,,,,,0,,,,,,,
C0UkJRlxrhz,reel,https://www.instagram.com/thedogist/reel/C0UkJRlxrhz/,queued,0,0,,0,0,0,,,0,0,0,0,0,0,,,,,,,,,0,,,,,,,
C0R8wi2O37a,p,https://www.instagram.com/thedogist/p/C0R8wi2O37a/,queued,0,0,,0,0,0,,,0,0,0,0,0,0,,,,,,,,,0,,,,,,,
C0PcOAEREKR,reel,https://www.instagram.com/thedogist/reel/C0PcOAEREKR/,queued,0,0,,0,0,0,,,0,0,0,0,0,0,,,,,,,,,0,,,,,,,
C0MSL1WLbpz,reel,https://www.instagram.com/thedogist/reel/C0MSL1WLbpz/,queued,0,0,,0,0,0,,,0,0,0,0,0,0,,,,,,,,,0,,,,,,,
C0KxNfBLsr8,reel,https://www.instagram.com/thedogist/reel/C0KxNfBLsr8/,queued,0,0,,0,0,0,,,0,0,0,0,0,0,,,,,,,,,0,,,,,,,
C0HsBcMxjTI,p,https://www.instagram.com/thedogist/p/C0HsBcMxjTI/,queued,0,0,,0,0,0,,,0,0,0,0,0,0,,,,,,,,,0,,,,,,,
C0FHOwYRz6h,reel,https://www.instagram.com/thedogist/reel/C0FHOwYRz6h/,queued,0,0,,0,0,0,,,0,0,0,0,0,0,,,,,,,,,0,,,,,,,
Cz_3XlirpoC,reel,https://www.instagram.com/thedogist/reel/Cz_3XlirpoC/,queued,0,0,,0,0,0,,,0,0,0,0,0,0,,,,,,,,,0,,,,,,,
Cz9MN6PrGri,reel,https://www.instagram.com/thedogist/reel/Cz9MN6PrGri/,queued,0,0,,0,0,0,,,0,0,0,0,0,0,,,,,,,,,0,,,,,,,
Cz66zRfx9VI,reel,https://www.instagram.com/thedogist/reel/Cz66zRfx9VI/,queued,0,0,,0,0,0,,,0,0,0,0,0,0,,,,,,,,,0,,,,,,,
Cz4hbLPRX7E,reel,https://www.instagram.com/thedogist/reel/Cz4hbLPRX7E/,queued,0,0,,0,0,0,,,0,0,0,0,0,0,,,,,,,,,0,,,,,,,
Cz1mLUPRBNr,reel,https://www.instagram.com/thedogist/reel/Cz1mLUPRBNr/,queued,0,0,,0,0,0,,,0,0,0,0,0,0,,,,,,,,,0,,,,,,,
Czw5USDrW33,reel,https://www.instagram.com/thedogist/reel/Czw5USDrW33/,queued,0,0,,0,0,0,,,0,0,0,0,0,0,,,,,,,,,0,,,,,,,
CzuCe66xwC0,p,https://www.instagram.com/thedogist/p/CzuCe66xwC0/,queued,0,0,,0,0,0,,,0,0,0,0,0,0,,,,,,,,,0,,,,,,,
CzretiDrCgZ,reel,https://www.instagram.com/thedogist/reel/CzretiDrCgZ/,queued,0,0,,0,0,0,,,0,0,0,0,0,0,,,,,,,,,0,,,,,,,
Czo40jGx07B,reel,https://www.instagram.com/thedogist/reel/Czo40jGx07B/,queued,0,0,,0,0,0,,,0,0,0,0,0,0,,,,,,,,,0,,,,,,,
CzmTVXHRXTT,reel,https://www.instagram.com/thedogist/reel/CzmTVXHRXTT/,queued,0,0,,0,0,0,,,0,0,0,0,0,0,,,,,,,,,0,,,,,,,
CzjvRbKxxVb,reel,https://www.instagram.com/thedogist/reel/CzjvRbKxxVb/,queued,0,0,,0,0,0,,,0,0,0,0,0,0,,,,,,,,,0,,,,,,,
Cze3roor7zM,reel,https://www.instagram.com/thedogist/reel/Cze3roor7zM/,queued,0,0,,0,0,0,,,0,0,0,0,0,0,,,,,,,,,0,,,,,,,
CzcHKyDx-n3,reel,https://www.instagram.com/thedogist/reel/CzcHKyDx-n3/,queued,0,0,,0,0,0,,,0,0,0,0,0,0,,,,,,,,,0,,,,,,,
CzZ19mTLdXV,reel,https://www.instagram.com/thedogist/reel/CzZ19mTLdXV/,queued,0,0,,0,0,0,,,0,0,0,0,0,0,,,,,,,,,0,,,,,,,
CzW7hZWLl4A,reel,https://www.instagram.com/thedogist/reel/CzW7hZWLl4A/,queued,0,0,,0,0,0,,,0,0,0,0,0,0,,,,,,,,,0,,,,,,,
CzUQY2iRtuZ,reel,https://www.instagram.com/thedogist/reel/CzUQY2iRtuZ/,queued,0,0,,0,0,0,,,0,0,0,0,0,0,,,,,,,,,0,,,,,,,
CzRvHCwRh_s,reel,https://www.instagram.com/thedogist/reel/CzRvHCwRh_s/,queued,0,0,,0,0,0,,,0,0,0,0,0,0,,,,,,,,,0,,,,,,,
CzPLND8xaRp,reel,https://www.instagram.com/thedogist/reel/CzPLND8xaRp/,queued,0,0,,0,0,0,,,0,0,0,0,0,0,,,,,,,,,0,,,,,,,
CzMkVmfxb2u,reel,https://www.instagram.com/thedogist/reel/CzMkVmfxb2u/,queued,0,0,,0,0,0,,,0,0,0,0,0,0,,,,,,,,,0,,,,,,,
CzKMBWLLYwj,reel,https://www.instagram.com/thedogist/reel/CzKMBWLLYwj/,queued,0,0,,0,0,0,,,0,0,0,0,0,0,,,,,,,,,0,,,,,,,
CzHgwB3R3Vm,reel,https://www.instagram.com/thedogist/reel/CzHgwB3R3Vm/,queued,0,0,,0,0,0,,,0,0,0,0,0,0,,,,,,,,,0,,,,,,,
CzEr3hyxAku,p,https://www.instagram.com/thedogist/p/CzEr3hyxAku/,queued,0,0,,0,0,0,,,0,0,0,0,0,0,,,,,,,,,0,,,,,,,
CzCMj7YRodm,reel,https://www.instagram.com/thedogist/reel/CzCMj7YRodm/,queued,0,0,,0,0,0,,,0,0,0,0,0,0,,,,,,,,,0,,,,,,,
Cy_4pDFrxAm,p,https://www.instagram.com/thedogist/p/Cy_4pDFrxAm/,queued,0,0,,0,0,0,,,0,0,0,0,0,0,,,,,,,,,0,,,,,,,
Cy9VDC1r-ZY,p,https://www.instagram.com/thedogist/p/Cy9VDC1r-ZY/,queued,0,0,,0,0,0,,,0,0,0,0,0,0,,,,,,,,,0,,,,,,,
Cy1mMrMPNYV,reel,https://www.instagram.com/thedogist/reel/Cy1mMrMPNYV/,queued,0,0,,0,0,0,,,0,0,0,0,0,0,,,,,,,,,0,,,,,,,
CywbgElL-y7,reel,https://www.instagram.com/thedogist/reel/CywbgElL-y7/,queued,0,0,,0,0,0,,,0,0,0,0,0,0,,,,,,,,,0,,,,,,,
Cyq8tZQrZB9,reel,https://www.instagram.com/thedogist/reel/Cyq8tZQrZB9/,queued,0,0,,0,0,0,,,0,0,0,0,0,0,,,,,,,,,0,,,,,,,
CymDratyl0f,p,https://www.instagram.com/thedogist/p/CymDratyl0f/,queued,0,0,,0,0,0,,,0,0,0,0,0,0,,,,,,,,,0,,,,,,,
CyjM-UnRaS6,p,https://www.instagram.com/thedogist/p/CyjM-UnRaS6/,queued,0,0,,0,0,0,,,0,0,0,0,0,0,,,,,,,,,0,,,,,,,
Cyeebadrkrb,p,https://www.instagram.com/thedogist/p/Cyeebadrkrb/,queued,0,0,,0,0,0,,,0,0,0,0,0,0,,,,,,,,,0,,,,,,,
Cyb1CdCrl2Q,p,https://www.instagram.com/thedogist/p/Cyb1CdCrl2Q/,queued,0,0,,0,0,0,,,0,0,0,0,0,0,,,,,,,,,0,,,,,,,
CyZJ0IWRGZ-,p,https://www.instagram.com/thedogist/p/CyZJ0IWRGZ-/,queued,0,0,,0,0,0,,,0,0,0,0,0,0,,,,,,,,,0,,,,,,,
CyWCkx7r3Wb,reel,https://www.instagram.com/thedogist/reel/CyWCkx7r3Wb/,queued,0,0,,0,0,0,,,0,0,0,0,0,0,,,,,,,,,0,,,,,,,
CyTbx-1LIe-,reel,https://www.instagram.com/thedogist/reel/CyTbx-1LIe-/,queued,0,0,,0,0,0,,,0,0,0,0,0,0,,,,,,,,,0,,,,,,,
CyQ4o12L8eX,reel,https://www.instagram.com/thedogist/reel/CyQ4o12L8eX/,queued,0,0,,0,0,0,,,0,0,0,0,0,0,,,,,,,,,0,,,,,,,
CyOsunex3GH,reel,https://www.instagram.com/thedogist/reel/CyOsunex3GH/,queued,0,0,,0,0,0,,,0,0,0,0,0,0,,,,,,,,,0,,,,,,,
CyL7QdgLOsW,reel,https://www.instagram.com/thedogist/reel/CyL7QdgLOsW/,queued,0,0,,0,0,0,,,0,0,0,0,0,0,,,,,,,,,0,,,,,,,
CyJW9_LLWFT,reel,https://www.instagram.com/thedogist/reel/CyJW9_LLWFT/,queued,0,0,,0,0,0,,,0,0,0,0,0,0,,,,,,,,,0,,,,,,,
CyGpFNxrSc2,reel,https://www.instagram.com/thedogist/reel/CyGpFNxrSc2/,queued,0,0,,0,0,0,,,0,0,0,0,0,0,,,,,,,,,0,,,,,,,
CyECtdrrpsN,reel,https://www.instagram.com/thedogist/reel/CyECtdrrpsN/,queued,0,0,,0,0,0,,,0,0,0,0,0,0,,,,,,,,,0,,,,,,,
CyBl-twLLi7,reel,https://www.instagram.com/thedogist/reel/CyBl-twLLi7/,queued,0,0,,0,0,0,,,0,0,0,0,0,0,,,,,,,,,0,,,,,,,
Cx-6P1xr-1Q,reel,https://www.instagram.com/thedogist/reel/Cx-6P1xr-1Q/,queued,0,0,,0,0,0,,,0,0,0,0,0,0,,,,,,,,,0,,,,,,,
Cx8hXO3r5f3,reel,https://www.instagram.com/thedogist/reel/Cx8hXO3r5f3/,queued,0,0,,0,0,0,,,0,0,0,0,0,0,,,,,,,,,0,,,,,,,
Cx5vs28rLy_,reel,https://www.instagram.com/thedogist/reel/Cx5vs28rLy_/,queued,0,0,,0,0,0,,,0,0,0,0,0,0,,,,,,,,,0,,,,,,,
Cx3E1tqrvL2,p,https://www.instagram.com/thedogist/p/Cx3E1tqrvL2/,queued,0,0,,0,0,0,,,0,0,0,0,0,0,,,,,,,,,0,,,,,,,
Cx0pTlFrCyk,reel,https://www.instagram.com/thedogist/reel/Cx0pTlFrCyk/,queued,0,0,,0,0,0,,,0,0,0,0,0,0,,,,,,,,,0,,,,,,,
CxyU_6MRDll,reel,https://www.instagram.com/thedogist/reel/CxyU_6MRDll/,queued,0,0,,0,0,0,,,0,0,0,0,0,0,,,,,,,,,0,,,,,,,
CxvwCbOxe0P,p,https://www.instagram.com/thedogist/p/CxvwCbOxe0P/,queued,0,0,,0,0,0,,,0,0,0,0,0,0,,,,,,,,,0,,,,,,,
CxsyaA1L-6B,reel,https://www.instagram.com/thedogist/reel/CxsyaA1L-6B/,queued,0,0,,0,0,0,,,0,0,0,0,0,0,,,,,,,,,0,,,,,,,
CxqO-NFrYOJ,reel,https://www.instagram.com/thedogist/reel/CxqO-NFrYOJ/,queued,0,0,,0,0,0,,,0,0,0,0,0,0,,,,,,,,,0,,,,,,,
Cxn_I7ixDgA,reel,https://www.instagram.com/thedogist/reel/Cxn_I7ixDgA/,queued,0,0,,0,0,0,,,0,0,0,0,0,0,,,,,,,,,0,,,,,,,
CxlIwTmrWd1,reel,https://www.instagram.com/thedogist/reel/CxlIwTmrWd1/,queued,0,0,,0,0,0,,,0,0,0,0,0,0,,,,,,,,,0,,,,,,,
Cxif38wL9IY,reel,https://www.instagram.com/thedogist/reel/Cxif38wL9IY/,queued,0,0,,0,0,0,,,0,0,0,0,0,0,,,,,,,,,0,,,,,,,
CxgJVPersI8,reel,https://www.instagram.com/thedogist/reel/CxgJVPersI8/,queued,0,0,,0,0,0,,,0,0,0,0,0,0,,,,,,,,,0,,,,,,,
CxdWPl7r6-a,reel,https://www.instagram.com/thedogist/reel/CxdWPl7r6-a/,queued,0,0,,0,0,0,,,0,0,0,0,0,0,,,,,,,,,0,,,,,,,
CxavGK0rIW0,reel,https://www.instagram.com/thedogist/reel/CxavGK0rIW0/,queued,0,0,,0,0,0,,,0,0,0,0,0,0,,,,,,,,,0,,,,,,,
CxYQlYHrhyy,reel,https://www.instagram.com/thedogist/reel/CxYQlYHrhyy/,queued,0,0,,0,0,0,,,0,0,0,0,0,0,,,,,,,,,0,,,,,,,
CxVsOlyrPGQ,reel,https://www.instagram.com/thedogist/reel/CxVsOlyrPGQ/,queued,0,0,,0,0,0,,,0,0,0,0,0,0,,,,,,,,,0,,,,,,,
CxTKSZfrQ-X,reel,https://www.instagram.com/thedogist/reel/CxTKSZfrQ-X/,queued,0,0,,0,0,0,,,0,0,0,0,0,0,,,,,,,,,0,,,,,,,
CxQhfQXL9S7,reel,https://www.instagram.com/thedogist/reel/CxQhfQXL9S7/,queued,0,0,,0,0,0,,,0,0,0,0,0,0,,,,,,,,,0,,,,,,,
CxN3YmorfDq,reel,https://www.instagram.com/thedogist/reel/CxN3YmorfDq/,queued,0,0,,0,0,0,,,0,0,0,0,0,0,,,,,,,,,0,,,,,,,
CxLYGy8rYii,reel,https://www.instagram.com/thedogist/reel/CxLYGy8rYii/,queued,0,0,,0,0,0,,,0,0,0,0,0,0,,,,,,,,,0,,,,,,,
CxI1oxiL__F,reel,https://www.instagram.com/thedogist/reel/CxI1oxiL__F/,queued,0,0,,0,0,0,,,0,0,0,0,0,0,,,,,,,,,0,,,,,,,
CxGJAPZLEbm,reel,https://www.instagram.com/thedogist/reel/CxGJAPZLEbm/,queued,0,0,,0,0,0,,,0,0,0,0,0,0,,,,,,,,,0,,,,,,,
CxEUJc9reI5,p,https://www.instagram.com/thedogist/p/CxEUJc9reI5/,queued,0,0,,0,0,0,,,0,0,0,0,0,0,,,,,,,,,0,,,,,,,
CxDqNj0rR35,reel,https://www.instagram.com/thedogist/reel/CxDqNj0rR35/,queued,0,0,,0,0,0,,,0,0,0,0,0,0,,,,,,,,,0,,,,,,,
CxBAhx7rBfS,reel,https://www.instagram.com/thedogist/reel/CxBAhx7rBfS/,queued,0,0,,0,0,0,,,0,0,0,0,0,0,,,,,,,,,0,,,,,,,
Cw-cTYprlVt,reel,https://www.instagram.com/thedogist/reel/Cw-cTYprlVt/,queued,0,0,,0,0,0,,,0,0,0,0,0,0,,,,,,,,,0,,,,,,,
Cw76_QaLSjM,reel,https://www.instagram.com/thedogist/reel/Cw76_QaLSjM/,queued,0,0,,0,0,0,,,0,0,0,0,0,0,,,,,,,,,0,,,,,,,
Cw5S4cYr9w3,p,https://www.instagram.com/thedogist/p/Cw5S4cYr9w3/,queued,0,0,,0,0,0,,,0,0,0,0,0,0,,,,,,,,,0,,,,,,,
Cw2ubbML69Y,reel,https://www.instagram.com/thedogist/reel/Cw2ubbML69Y/,queued,0,0,,0,0,0,,,0,0,0,0,0,0,,,,,,,,,0,,,,,,,
Cw0fAD1r8gG,p,https://www.instagram.com/thedogist/p/Cw0fAD1r8gG/,queued,0,0,,0,0,0,,,0,0,0,0,0,0,,,,,,,,,0,,,,,,,
Cwxlk4yrlaR,p,https://www.instagram.com/thedogist/p/Cwxlk4yrlaR/,queued,0,0,,0,0,0,,,0,0,0,0,0,0,,,,,,,,,0,,,,,,,
CwvAZT-L13x,reel,https://www.instagram.com/thedogist/reel/CwvAZT-L13x/,queued,0,0,,0,0,0,,,0,0,0,0,0,0,,,,,,,,,0,,,,,,,
CwseLiVr-YE,p,https://www.instagram.com/thedogist/p/CwseLiVr-YE/,queued,0,0,,0,0,0,,,0,0,0,0,0,0,,,,,,,,,0,,,,,,,
CwqQKmZxho1,reel,https://www.instagram.com/thedogist/reel/CwqQKmZxho1/,queued,0,0,,0,0,0,,,0,0,0,0,0,0,,,,,,,,,0,,,,,,,
CwnRjXzrVbk,reel,https://www.instagram.com/thedogist/reel/CwnRjXzrVbk/,queued,0,0,,0,0,0,,,0,0,0,0,0,0,,,,,,,,,0,,,,,,,
CwksuRSoNug,reel,https://www.instagram.com/thedogist/reel/CwksuRSoNug/,queued,0,0,,0,0,0,,,0,0,0,0,0,0,,,,,,,,,0,,,,,,,
CwiKqmLIooN,reel,https://www.instagram.com/thedogist/reel/CwiKqmLIooN/,queued,0,0,,0,0,0,,,0,0,0,0,0,0,,,,,,,,,0,,,,,,,
CwfiRqCrrMR,p,https://www.instagram.com/thedogist/p/CwfiRqCrrMR/,queued,0,0,,0,0,0,,,0,0,0,0,0,0,,,,,,,,,0,,,,,,,
CwdBUKCI6JW,reel,https://www.instagram.com/thedogist/reel/CwdBUKCI6JW/,queued,0,0,,0,0,0,,,0,0,0,0,0,0,,,,,,,,,0,,,,,,,
Cwao5ymI6DO,reel,https://www.instagram.com/thedogist/reel/Cwao5ymI6DO/,queued,0,0,,0,0,0,,,0,0,0,0,0,0,,,,,,,,,0,,,,,,,
CwX0IGxITt7,reel,https://www.instagram.com/thedogist/reel/CwX0IGxITt7/,queued,0,0,,0,0,0,,,0,0,0,0,0,0,,,,,,,,,0,,,,,,,
CwVTOGArwyF,p,https://www.instagram.com/thedogist/p/CwVTOGArwyF/,queued,0,0,,0,0,0,,,0,0,0,0,0,0,,,,,,,,,0,,,,,,,
CwSswmBoCv5,reel,https://www.instagram.com/thedogist/reel/CwSswmBoCv5/,queued,0,0,,0,0,0,,,0,0,0,0,0,0,,,,,,,,,0,,,,,,,
CwQGlc6o02c,reel,https://www.instagram.com/thedogist/reel/CwQGlc6o02c/,queued,0,0,,0,0,0,,,0,0,0,0,0,0,,,,,,,,,0,,,,,,,
CwNi2X3oLmh,reel,https://www.instagram.com/thedogist/reel/CwNi2X3oLmh/,queued,0,0,,0,0,0,,,0,0,0,0,0,0,,,,,,,,,0,,,,,,,
CwLUKgqRNPU,p,https://www.instagram.com/thedogist/p/CwLUKgqRNPU/,queued,0,0,,0,0,0,,,0,0,0,0,0,0,,,,,,,,,0,,,,,,,
CwIs_wmI0Kv,reel,https://www.instagram.com/thedogist/reel/CwIs_wmI0Kv/,queued,0,0,,0,0,0,,,0,0,0,0,0,0,,,,,,,,,0,,,,,,,
CwFzmquI2gM,reel,https://www.instagram.com/thedogist/reel/CwFzmquI2gM/,queued,0,0,,0,0,0,,,0,0,0,0,0,0,,,,,,,,,0,,,,,,,
CwDNbCDoe7s,reel,https://www.instagram.com/thedogist/reel/CwDNbCDoe7s/,queued,0,0,,0,0,0,,,0,0,0,0,0,0,,,,,,,,,0,,,,,,,
CwApVLpLR6d,p,https://www.instagram.com/thedogist/p/CwApVLpLR6d/,queued,0,0,,0,0,0,,,0,0,0,0,0,0,,,,,,,,,0,,,,,,,
Cv-FQNIg90_,reel,https://www.instagram.com/thedogist/reel/Cv-FQNIg90_/,queued,0,0,,0,0,0,,,0,0,0,0,0,0,,,,,,,,,0,,,,,,,
Cv7jmXlRwPc,reel,https://www.instagram.com/thedogist/reel/Cv7jmXlRwPc/,queued,0,0,,0,0,0,,,0,0,0,0,0,0,,,,,,,,,0,,,,,,,
Cv4_ujhLKFm,p,https://www.instagram.com/thedogist/p/Cv4_ujhLKFm/,queued,0,0,,0,0,0,,,0,0,0,0,0,0,,,,,,,,,0,,,,,,,
Cv2XA_1uoBY,reel,https://www.instagram.com/thedogist/reel/Cv2XA_1uoBY/,queued,0,0,,0,0,0,,,0,0,0,0,0,0,,,,,,,,,0,,,,,,,
Cv0A5tNtIs2,reel,https://www.instagram.com/thedogist/reel/Cv0A5tNtIs2/,queued,0,0,,0,0,0,,,0,0,0,0,0,0,,,,,,,,,0,,,,,,,
CvxtG-ere3X,reel,https://www.instagram.com/thedogist/reel/CvxtG-ere3X/,queued,0,0,,0,0,0,,,0,0,0,0,0,0,,,,,,,,,0,,,,,,,
CvxDxgWLCOC,reel,https://www.instagram.com/thedogist/reel/CvxDxgWLCOC/,queued,0,0,,0,0,0,,,0,0,0,0,0,0,,,,,,,,,0,,,,,,,
CvuquPYtueH,reel,https://www.instagram.com/thedogist/reel/CvuquPYtueH/,queued,0,0,,0,0,0,,,0,0,0,0,0,0,,,,,,,,,0,,,,,,,
CvsInx7rKJV,p,https://www.instagram.com/thedogist/p/CvsInx7rKJV/,queued,0,0,,0,0,0,,,0,0,0,0,0,0,,,,,,,,,0,,,,,,,
CvpiiL4PPup,reel,https://www.instagram.com/thedogist/reel/CvpiiL4PPup/,queued,0,0,,0,0,0,,,0,0,0,0,0,0,,,,,,,,,0,,,,,,,
CvnBPsKLP-N,p,https://www.instagram.com/thedogist/p/CvnBPsKLP-N/,queued,0,0,,0,0,0,,,0,0,0,0,0,0,,,,,,,,,0,,,,,,,
CvkScIVrdNl,reel,https://www.instagram.com/thedogist/reel/CvkScIVrdNl/,queued,0,0,,0,0,0,,,0,0,0,0,0,0,,,,,,,,,0,,,,,,,
CvhtBuMrzXg,p,https://www.instagram.com/thedogist/p/CvhtBuMrzXg/,queued,0,0,,0,0,0,,,0,0,0,0,0,0,,,,,,,,,0,,,,,,,
CvfOAC_sZDY,reel,https://www.instagram.com/thedogist/reel/CvfOAC_sZDY/,queued,0,0,,0,0,0,,,0,0,0,0,0,0,,,,,,,,,0,,,,,,,
CvckkisrgW0,p,https://www.instagram.com/thedogist/p/CvckkisrgW0/,queued,0,0,,0,0,0,,,0,0,0,0,0,0,,,,,,,,,0,,,,,,,
CvaFNDOAa8s,reel,https://www.instagram.com/thedogist/reel/CvaFNDOAa8s/,queued,0,0,,0,0,0,,,0,0,0,0,0,0,,,,,,,,,0,,,,,,,
CvXcdeorILA,p,https://www.instagram.com/thedogist/p/CvXcdeorILA/,queued,0,0,,0,0,0,,,0,0,0,0,0,0,,,,,,,,,0,,,,,,,
CvU08HcLJHr,p,https://www.instagram.com/thedogist/p/CvU08HcLJHr/,queued,0,0,,0,0,0,,,0,0,0,0,0,0,,,,,,,,,0,,,,,,,
CvSaoaOLu_Q,p,https://www.instagram.com/thedogist/p/CvSaoaOLu_Q/,queued,0,0,,0,0,0,,,0,0,0,0,0,0,,,,,,,,,0,,,,,,,
CvP1wK2LTif,p,https://www.instagram.com/thedogist/p/CvP1wK2LTif/,queued,0,0,,0,0,0,,,0,0,0,0,0,0,,,,,,,,,0,,,,,,,
CvNId_RrpWc,p,https://www.instagram.com/thedogist/p/CvNId_RrpWc/,queued,0,0,,0,0,0,,,0,0,0,0,0,0,,,,,,,,,0,,,,,,,
CvKmZFErqfa,reel,https://www.instagram.com/thedogist/reel/CvKmZFErqfa/,queued,0,0,,0,0,0,,,0,0,0,0,0,0,,,,,,,,,0,,,,,,,
CvIDhLNtadb,reel,https://www.instagram.com/thedogist/reel/CvIDhLNtadb/,queued,0,0,,0,0,0,,,0,0,0,0,0,0,,,,,,,,,0,,,,,,,
CvFc25OsuVW,reel,https://www.instagram.com/thedogist/reel/CvFc25OsuVW/,queued,0,0,,0,0,0,,,0,0,0,0,0,0,,,,,,,,,0,,,,,,,
CvCyunOsoB1,reel,https://www.instagram.com/thedogist/reel/CvCyunOsoB1/,queued,0,0,,0,0,0,,,0,0,0,0,0,0,,,,,,,,,0,,,,,,,
CvAQIrortsF,p,https://www.instagram.com/thedogist/p/CvAQIrortsF/,queued,0,0,,0,0,0,,,0,0,0,0,0,0,,,,,,,,,0,,,,,,,
Cu9sYidRIVu,reel,https://www.instagram.com/thedogist/reel/Cu9sYidRIVu/,queued,0,0,,0,0,0,,,0,0,0,0,0,0,,,,,,,,,0,,,,,,,
Cu7HVirvNeE,reel,https://www.instagram.com/thedogist/reel/Cu7HVirvNeE/,queued,0,0,,0,0,0,,,0,0,0,0,0,0,,,,,,,,,0,,,,,,,
Cu4iudCNS1C,reel,https://www.instagram.com/thedogist/reel/Cu4iudCNS1C/,queued,0,0,,0,0,0,,,0,0,0,0,0,0,,,,,,,,,0,,,,,,,
Cu2ADVSL-mA,reel,https://www.instagram.com/thedogist/reel/Cu2ADVSL-mA/,queued,0,0,,0,0,0,,,0,0,0,0,0,0,,,,,,,,,0,,,,,,,
CuzYrK_Nepr,reel,https://www.instagram.com/thedogist/reel/CuzYrK_Nepr/,queued,0,0,,0,0,0,,,0,0,0,0,0,0,,,,,,,,,0,,,,,,,
Cuw5Z0Vs7f_,reel,https://www.instagram.com/thedogist/reel/Cuw5Z0Vs7f_/,queued,0,0,,0,0,0,,,0,0,0,0,0,0,,,,,,,,,0,,,,,,,
CuuMrkKsBhu,reel,https://www.instagram.com/thedogist/reel/CuuMrkKsBhu/,queued,0,0,,0,0,0,,,0,0,0,0,0,0,,,,,,,,,0,,,,,,,
CursZ6xLA8x,p,https://www.instagram.com/thedogist/p/CursZ6xLA8x/,queued,0,0,,0,0,0,,,0,0,0,0,0,0,,,,,,,,,0,,,,,,,
CupQZours1E,reel,https://www.instagram.com/thedogist/reel/CupQZours1E/,queued,0,0,,0,0,0,,,0,0,0,0,0,0,,,,,,,,,0,,,,,,,
Cumhx7LrOT8,reel,https://www.instagram.com/thedogist/reel/Cumhx7LrOT8/,queued,0,0,,0,0,0,,,0,0,0,0,0,0,,,,,,,,,0,,,,,,,
Cuj8HymL2KP,p,https://www.instagram.com/thedogist/p/Cuj8HymL2KP/,queued,0,0,,0,0,0,,,0,0,0,0,0,0,,,,,,,,,0,,,,,,,
CuhZlO5up8Q,reel,https://www.instagram.com/thedogist/reel/CuhZlO5up8Q/,queued,0,0,,0,0,0,,,0,0,0,0,0,0,,,,,,,,,0,,,,,,,
CuezBK1rMXh,p,https://www.instagram.com/thedogist/p/CuezBK1rMXh/,queued,0,0,,0,0,0,,,0,0,0,0,0,0,,,,,,,,,0,,,,,,,
CucUkayMUvP,reel,https://www.instagram.com/thedogist/reel/CucUkayMUvP/,queued,0,0,,0,0,0,,,0,0,0,0,0,0,,,,,,,,,0,,,,,,,
CuZqMIiryRg,p,https://www.instagram.com/thedogist/p/CuZqMIiryRg/,queued,0,0,,0,0,0,,,0,0,0,0,0,0,,,,,,,,,0,,,,,,,
CuXJtH3r1xn,reel,https://www.instagram.com/thedogist/reel/CuXJtH3r1xn/,queued,0,0,,0,0,0,,,0,0,0,0,0,0,,,,,,,,,0,,,,,,,
CuUlX6CLnlu,p,https://www.instagram.com/thedogist/p/CuUlX6CLnlu/,queued,0,0,,0,0,0,,,0,0,0,0,0,0,,,,,,,,,0,,,,,,,
CuSOEviLCz8,p,https://www.instagram.com/thedogist/p/CuSOEviLCz8/,queued,0,0,,0,0,0,,,0,0,0,0,0,0,,,,,,,,,0,,,,,,,
CuPVHo5rx7M,p,https://www.instagram.com/thedogist/p/CuPVHo5rx7M/,queued,0,0,,0,0,0,,,0,0,0,0,0,0,,,,,,,,,0,,,,,,,
CuMwCwUs1Z3,reel,https://www.instagram.com/thedogist/reel/CuMwCwUs1Z3/,queued,0,0,,0,0,0,,,0,0,0,0,0,0,,,,,,,,,0,,,,,,,
CuKM8a0rO5v,p,https://www.instagram.com/thedogist/p/CuKM8a0rO5v/,queued,0,0,,0,0,0,,,0,0,0,0,0,0,,,,,,,,,0,,,,,,,
CuHnckAM5qa,reel,https://www.instagram.com/thedogist/reel/CuHnckAM5qa/,queued,0,0,,0,0,0,,,0,0,0,0,0,0,,,,,,,,,0,,,,,,,
CuFFYlULkm2,p,https://www.instagram.com/thedogist/p/CuFFYlULkm2/,queued,0,0,,0,0,0,,,0,0,0,0,0,0,,,,,,,,,0,,,,,,,
CuCfrtKgIqQ,reel,https://www.instagram.com/thedogist/reel/CuCfrtKgIqQ/,queued,0,0,,0,0,0,,,0,0,0,0,0,0,,,,,,,,,0,,,,,,,
Ct_-692LWzo,p,https://www.instagram.com/thedogist/p/Ct_-692LWzo/,queued,0,0,,0,0,0,,,0,0,0,0,0,0,,,,,,,,,0,,,,,,,
Ct9TxacussM,reel,https://www.instagram.com/thedogist/reel/Ct9TxacussM/,queued,0,0,,0,0,0,,,0,0,0,0,0,0,,,,,,,,,0,,,,,,,
Ct7QWsbxsBK,p,https://www.instagram.com/thedogist/p/Ct7QWsbxsBK/,queued,0,0,,0,0,0,,,0,0,0,0,0,0,,,,,,,,,0,,,,,,,
Ct6rf2GLSSe,p,https://www.instagram.com/thedogist/p/Ct6rf2GLSSe/,queued,0,0,,0,0,0,,,0,0,0,0,0,0,,,,,,,,,0,,,,,,,
Ct4N-2vvlW5,reel,https://www.instagram.com/thedogist/reel/Ct4N-2vvlW5/,queued,0,0,,0,0,0,,,0,0,0,0,0,0,,,,,,,,,0,,,,,,,
Ct1q-rvrfNO,p,https://www.instagram.com/thedogist/p/Ct1q-rvrfNO/,queued,0,0,,0,0,0,,,0,0,0,0,0,0,,,,,,,,,0,,,,,,,
CtzBEsGusz-,reel,https://www.instagram.com/thedogist/reel/CtzBEsGusz-/,queued,0,0,,0,0,0,,,0,0,0,0,0,0,,,,,,,,,0,,,,,,,
Ctwe8KFLw1q,p,https://www.instagram.com/thedogist/p/Ctwe8KFLw1q/,queued,0,0,,0,0,0,,,0,0,0,0,0,0,,,,,,,,,0,,,,,,,
Ctt4GMdvjcX,reel,https://www.instagram.com/thedogist/reel/Ctt4GMdvjcX/,queued,0,0,,0,0,0,,,0,0,0,0,0,0,,,,,,,,,0,,,,,,,
CtrT-D5L3z_,p,https://www.instagram.com/thedogist/p/CtrT-D5L3z_/,queued,0,0,,0,0,0,,,0,0,0,0,0,0,,,,,,,,,0,,,,,,,
CtowkqUPh0A,reel,https://www.instagram.com/thedogist/reel/CtowkqUPh0A/,queued,0,0,,0,0,0,,,0,0,0,0,0,0,,,,,,,,,0,,,,,,,
CtmGTnALg48,p,https://www.instagram.com/thedogist/p/CtmGTnALg48/,queued,0,0,,0,0,0,,,0,0,0,0,0,0,,,,,,,,,0,,,,,,,
Ctjp-xsvlZO,reel,https://www.instagram.com/thedogist/reel/Ctjp-xsvlZO/,queued,0,0,,0,0,0,,,0,0,0,0,0,0,,,,,,,,,0,,,,,,,
Ctg-oUQrXCd,p,https://www.instagram.com/thedogist/p/Ctg-oUQrXCd/,queued,0,0,,0,0,0,,,0,0,0,0,0,0,,,,,,,,,0,,,,,,,
CtefD6Sr_Fu,reel,https://www.instagram.com/thedogist/reel/CtefD6Sr_Fu/,queued,0,0,,0,0,0,,,0,0,0,0,0,0,,,,,,,,,0,,,,,,,
CtcKFS-r4ZN,p,https://www.instagram.com/thedogist/p/CtcKFS-r4ZN/,queued,0,0,,0,0,0,,,0,0,0,0,0,0,,,,,,,,,0,,,,,,,
CtZT8qOtKCi,reel,https://www.instagram.com/thedogist/reel/CtZT8qOtKCi/,queued,0,0,,0,0,0,,,0,0,0,0,0,0,,,,,,,,,0,,,,,,,
CtWt6thrqHN,p,https://www.instagram.com/thedogist/p/CtWt6thrqHN/,queued,0,0,,0,0,0,,,0,0,0,0,0,0,,,,,,,,,0,,,,,,,
CtUOasltFlf,reel,https://www.instagram.com/thedogist/reel/CtUOasltFlf/,queued,0,0,,0,0,0,,,0,0,0,0,0,0,,,,,,,,,0,,,,,,,
CtRppWULEXI,p,https://www.instagram.com/thedogist/p/CtRppWULEXI/,queued,0,0,,0,0,0,,,0,0,0,0,0,0,,,,,,,,,0,,,,,,,
CtO9tqJuXPW,reel,https://www.instagram.com/thedogist/reel/CtO9tqJuXPW/,queued,0,0,,0,0,0,,,0,0,0,0,0,0,,,,,,,,,0,,,,,,,
CtMY5ktLrMS,p,https://www.instagram.com/thedogist/p/CtMY5ktLrMS/,queued,0,0,,0,0,0,,,0,0,0,0,0,0,,,,,,,,,0,,,,,,,
CtJ0dd_Omiw,reel,https://www.instagram.com/thedogist/reel/CtJ0dd_Omiw/,queued,0,0,,0,0,0,,,0,0,0,0,0,0,,,,,,,,,0,,,,,,,
CtHPT-EraBt,p,https://www.instagram.com/thedogist/p/CtHPT-EraBt/,queued,0,0,,0,0,0,,,0,0,0,0,0,0,,,,,,,,,0,,,,,,,
CtEzoeEvRXD,reel,https://www.instagram.com/thedogist/reel/CtEzoeEvRXD/,queued,0,0,,0,0,0,,,0,0,0,0,0,0,,,,,,,,,0,,,,,,,
CtCHlmNLmos,p,https://www.instagram.com/thedogist/p/CtCHlmNLmos/,queued,0,0,,0,0,0,,,0,0,0,0,0,0,,,,,,,,,0,,,,,,,
Cs_lCVLMFVN,reel,https://www.instagram.com/thedogist/reel/Cs_lCVLMFVN/,queued,0,0,,0,0,0,,,0,0,0,0,0,0,,,,,,,,,0,,,,,,,
Cs9Aek7LA-P,p,https://www.instagram.com/thedogist/p/Cs9Aek7LA-P/,queued,0,0,,0,0,0,,,0,0,0,0,0,0,,,,,,,,,0,,,,,,,
Cs6WaxiLc4O,reel,https://www.instagram.com/thedogist/reel/Cs6WaxiLc4O/,queued,0,0,,0,0,0,,,0,0,0,0,0,0,,,,,,,,,0,,,,,,,
Cs30exptxxe,reel,https://www.instagram.com/thedogist/reel/Cs30exptxxe/,queued,0,0,,0,0,0,,,0,0,0,0,0,0,,,,,,,,,0,,,,,,,
Cs1WmOBL7tW,p,https://www.instagram.com/thedogist/p/Cs1WmOBL7tW/,queued,0,0,,0,0,0,,,0,0,0,0,0,0,,,,,,,,,0,,,,,,,
CsyqO6VuZvB,reel,https://www.instagram.com/thedogist/reel/CsyqO6VuZvB/,queued,0,0,,0,0,0,,,0,0,0,0,0,0,,,,,,,,,0,,,,,,,
CswOgQxL4vU,p,https://www.instagram.com/thedogist/p/CswOgQxL4vU/,queued,0,0,,0,0,0,,,0,0,0,0,0,0,,,,,,,,,0,,,,,,,
CstnDD1tcUV,reel,https://www.instagram.com/thedogist/reel/CstnDD1tcUV/,queued,0,0,,0,0,0,,,0,0,0,0,0,0,,,,,,,,,0,,,,,,,
Csq-cptLM0E,p,https://www.instagram.com/thedogist/p/Csq-cptLM0E/,queued,0,0,,0,0,0,,,0,0,0,0,0,0,,,,,,,,,0,,,,,,,
CsoafLpP7MP,reel,https://www.instagram.com/thedogist/reel/CsoafLpP7MP/,queued,0,0,,0,0,0,,,0,0,0,0,0,0,,,,,,,,,0,,,,,,,
Csl_mZNL99B,p,https://www.instagram.com/thedogist/p/Csl_mZNL99B/,queued,0,0,,0,0,0,,,0,0,0,0,0,0,,,,,,,,,0,,,,,,,
CsjNBKTN_3U,reel,https://www.instagram.com/thedogist/reel/CsjNBKTN_3U/,queued,0,0,,0,0,0,,,0,0,0,0,0,0,,,,,,,,,0,,,,,,,
CseChN6rkVo,p,https://www.instagram.com/thedogist/p/CseChN6rkVo/,queued,0,0,,0,0,0,,,0,0,0,0,0,0,,,,,,,,,0,,,,,,,
Csbr1H0u_NH,reel,https://www.instagram.com/thedogist/reel/Csbr1H0u_NH/,queued,0,0,,0,0,0,,,0,0,0,0,0,0,,,,,,,,,0,,,,,,,
CsZ5E00rsD8,p,https://www.instagram.com/thedogist/p/CsZ5E00rsD8/,queued,0,0,,0,0,0,,,0,0,0,0,0,0,,,,,,,,,0,,,,,,,
CsWlLT3r6fm,p,https://www.instagram.com/thedogist/p/CsWlLT3r6fm/,queued,0,0,,0,0,0,,,0,0,0,0,0,0,,,,,,,,,0,,,,,,,
CsTvmdpPIOe,reel,https://www.instagram.com/thedogist/reel/CsTvmdpPIOe/,queued,0,0,,0,0,0,,,0,0,0,0,0,0,,,,,,,,,0,,,,,,,
CsRS_3crK-q,p,https://www.instagram.com/thedogist/p/CsRS_3crK-q/,queued,0,0,,0,0,0,,,0,0,0,0,0,0,,,,,,,,,0,,,,,,,
CsOp2P3Ns1c,reel,https://www.instagram.com/thedogist/reel/CsOp2P3Ns1c/,queued,0,0,,0,0,0,,,0,0,0,0,0,0,,,,,,,,,0,,,,,,,
CsMAr7uLs_q,p,https://www.instagram.com/thedogist/p/CsMAr7uLs_q/,queued,0,0,,0,0,0,,,0,0,0,0,0,0,,,,,,,,,0,,,,,,,
CsJbmz-Jz3S,reel,https://www.instagram.com/thedogist/reel/CsJbmz-Jz3S/,queued,0,0,,0,0,0,,,0,0,0,0,0,0,,,,,,,,,0,,,,,,,
CsG5dp6reSZ,p,https://www.instagram.com/thedogist/p/CsG5dp6reSZ/,queued,0,0,,0,0,0,,,0,0,0,0,0,0,,,,,,,,,0,,,,,,,
CsEnzr9Ph_K,reel,https://www.instagram.com/thedogist/reel/CsEnzr9Ph_K/,queued,0,0,,0,0,0,,,0,0,0,0,0,0,,,,,,,,,0,,,,,,,
CsDH9wiuNpM,p,https://www.instagram.com/thedogist/p/CsDH9wiuNpM/,queued,0,0,,0,0,0,,,0,0,0,0,0,0,,,,,,,,,0,,,,,,,
CsCFvP8rYee,p,https://www.instagram.com/thedogist/p/CsCFvP8rYee/,queued,0,0,,0,0,0,,,0,0,0,0,0,0,,,,,,,,,0,,,,,,,
Cr_Ok7ILFga,p,https://www.instagram.com/thedogist/p/Cr_Ok7ILFga/,queued,0,0,,0,0,0,,,0,0,0,0,0,0,,,,,,,,,0,,,,,,,
Cr8qMGuPqEc,reel,https://www.instagram.com/thedogist/reel/Cr8qMGuPqEc/,queued,0,0,,0,0,0,,,0,0,0,0,0,0,,,,,,,,,0,,,,,,,
Cr5_oSrPfTv,reel,https://www.instagram.com/thedogist/reel/Cr5_oSrPfTv/,queued,0,0,,0,0,0,,,0,0,0,0,0,0,,,,,,,,,0,,,,,,,
Cr3bSZKruJq,p,https://www.instagram.com/thedogist/p/Cr3bSZKruJq/,queued,0,0,,0,0,0,,,0,0,0,0,0,0,,,,,,,,,0,,,,,,,
Cr01yc4Oi5w,reel,https://www.instagram.com/thedogist/reel/Cr01yc4Oi5w/,queued,0,0,,0,0,0,,,0,0,0,0,0,0,,,,,,,,,0,,,,,,,
CryRamntxKs,reel,https://www.instagram.com/thedogist/reel/CryRamntxKs/,queued,0,0,,0,0,0,,,0,0,0,0,0,0,,,,,,,,,0,,,,,,,
CrvsmyfLo2i,p,https://www.instagram.com/thedogist/p/CrvsmyfLo2i/,queued,0,0,,0,0,0,,,0,0,0,0,0,0,,,,,,,,,0,,,,,,,
CrtHK8bL9DX,reel,https://www.instagram.com/thedogist/reel/CrtHK8bL9DX/,queued,0,0,,0,0,0,,,0,0,0,0,0,0,,,,,,,,,0,,,,,,,
CrqjJNqrZbN,p,https://www.instagram.com/thedogist/p/CrqjJNqrZbN/,queued,0,0,,0,0,0,,,0,0,0,0,0,0,,,,,,,,,0,,,,,,,
Crn9Kn8usvZ,reel,https://www.instagram.com/thedogist/reel/Crn9Kn8usvZ/,queued,0,0,,0,0,0,,,0,0,0,0,0,0,,,,,,,,,0,,,,,,,
CrlZCJ2rl7k,p,https://www.instagram.com/thedogist/p/CrlZCJ2rl7k/,queued,0,0,,0,0,0,,,0,0,0,0,0,0,,,,,,,,,0,,,,,,,
Cri4meINq4v,reel,https://www.instagram.com/thedogist/reel/Cri4meINq4v/,queued,0,0,,0,0,0,,,0,0,0,0,0,0,,,,,,,,,0,,,,,,,
CrgSvK2rjWL,p,https://www.instagram.com/thedogist/p/CrgSvK2rjWL/,queued,0,0,,0,0,0,,,0,0,0,0,0,0,,,,,,,,,0,,,,,,,
CrdwaLvsbyM,reel,https://www.instagram.com/thedogist/reel/CrdwaLvsbyM/,queued,0,0,,0,0,0,,,0,0,0,0,0,0,,,,,,,,,0,,,,,,,
CrbFlddLHIy,p,https://www.instagram.com/thedogist/p/CrbFlddLHIy/,queued,0,0,,0,0,0,,,0,0,0,0,0,0,,,,,,,,,0,,,,,,,
CrYljxGO5xV,reel,https://www.instagram.com/thedogist/reel/CrYljxGO5xV/,queued,0,0,,0,0,0,,,0,0,0,0,0,0,,,,,,,,,0,,,,,,,
CrV6JDurPGO,p,https://www.instagram.com/thedogist/p/CrV6JDurPGO/,queued,0,0,,0,0,0,,,0,0,0,0,0,0,,,,,,,,,0,,,,,,,
CrTWpRwA9LH,reel,https://www.instagram.com/thedogist/reel/CrTWpRwA9LH/,queued,0,0,,0,0,0,,,0,0,0,0,0,0,,,,,,,,,0,,,,,,,
CrQ3onNLxsW,p,https://www.instagram.com/thedogist/p/CrQ3onNLxsW/,queued,0,0,,0,0,0,,,0,0,0,0,0,0,,,,,,,,,0,,,,,,,
CrOXnXkpd-U,reel,https://www.instagram.com/thedogist/reel/CrOXnXkpd-U/,queued,0,0,,0,0,0,,,0,0,0,0,0,0,,,,,,,,,0,,,,,,,
CrLqAXoLUmo,p,https://www.instagram.com/thedogist/p/CrLqAXoLUmo/,queued,0,0,,0,0,0,,,0,0,0,0,0,0,,,,,,,,,0,,,,,,,
CrJJLt2ta_C,reel,https://www.instagram.com/thedogist/reel/CrJJLt2ta_C/,queued,0,0,,0,0,0,,,0,0,0,0,0,0,,,,,,,,,0,,,,,,,
CrGqXmPrPgi,p,https://www.instagram.com/thedogist/p/CrGqXmPrPgi/,queued,0,0,,0,0,0,,,0,0,0,0,0,0,,,,,,,,,0,,,,,,,
CrEAbxRMgXZ,reel,https://www.instagram.com/thedogist/reel/CrEAbxRMgXZ/,queued,0,0,,0,0,0,,,0,0,0,0,0,0,,,,,,,,,0,,,,,,,
CrBcCalrMpv,p,https://www.instagram.com/thedogist/p/CrBcCalrMpv/,queued,0,0,,0,0,0,,,0,0,0,0,0,0,,,,,,,,,0,,,,,,,
Cq-wjFlJJ4J,reel,https://www.instagram.com/thedogist/reel/Cq-wjFlJJ4J/,queued,0,0,,0,0,0,,,0,0,0,0,0,0,,,,,,,,,0,,,,,,,
Cq8N9byLVBl,p,https://www.instagram.com/thedogist/p/Cq8N9byLVBl/,queued,0,0,,0,0,0,,,0,0,0,0,0,0,,,,,,,,,0,,,,,,,
Cq5nVGkPvMk,reel,https://www.instagram.com/thedogist/reel/Cq5nVGkPvMk/,queued,0,0,,0,0,0,,,0,0,0,0,0,0,,,,,,,,,0,,,,,,,
Cq3KH21rT6V,p,https://www.instagram.com/thedogist/p/Cq3KH21rT6V/,queued,0,0,,0,0,0,,,0,0,0,0,0,0,,,,,,,,,0,,,,,,,
Cq0eq3sL7w-,reel,https://www.instagram.com/thedogist/reel/Cq0eq3sL7w-/,queued,0,0,,0,0,0,,,0,0,0,0,0,0,,,,,,,,,0,,,,,,,
Cqx5J-pr5Ot,p,https://www.instagram.com/thedogist/p/Cqx5J-pr5Ot/,queued,0,0,,0,0,0,,,0,0,0,0,0,0,,,,,,,,,0,,,,,,,
CqvWzo_rjLu,reel,https://www.instagram.com/thedogist/reel/CqvWzo_rjLu/,queued,0,0,,0,0,0,,,0,0,0,0,0,0,,,,,,,,,0,,,,,,,
CqsycUFLoAb,p,https://www.instagram.com/thedogist/p/CqsycUFLoAb/,queued,0,0,,0,0,0,,,0,0,0,0,0,0,,,,,,,,,0,,,,,,,
CqqLAX_ODWK,reel,https://www.instagram.com/thedogist/reel/CqqLAX_ODWK/,queued,0,0,,0,0,0,,,0,0,0,0,0,0,,,,,,,,,0,,,,,,,
Cqnop9XORIl,p,https://www.instagram.com/thedogist/p/Cqnop9XORIl/,queued,0,0,,0,0,0,,,0,0,0,0,0,0,,,,,,,,,0,,,,,,,
CqlQXSkP9Kr,reel,https://www.instagram.com/thedogist/reel/CqlQXSkP9Kr/,queued,0,0,,0,0,0,,,0,0,0,0,0,0,,,,,,,,,0,,,,,,,
CqiwixarE2V,p,https://www.instagram.com/thedogist/p/CqiwixarE2V/,queued,0,0,,0,0,0,,,0,0,0,0,0,0,,,,,,,,,0,,,,,,,
CqatadLLbD9,p,https://www.instagram.com/thedogist/p/CqatadLLbD9/,queued,0,0,,0,0,0,,,0,0,0,0,0,0,,,,,,,,,0,,,,,,,
CqYQ_nDvOHQ,reel,https://www.instagram.com/thedogist/reel/CqYQ_nDvOHQ/,queued,0,0,,0,0,0,,,0,0,0,0,0,0,,,,,,,,,0,,,,,,,
CqV3bQALvzP,p,https://www.instagram.com/thedogist/p/CqV3bQALvzP/,queued,0,0,,0,0,0,,,0,0,0,0,0,0,,,,,,,,,0,,,,,,,
CqS8b0lLE3c,p,https://www.instagram.com/thedogist/p/CqS8b0lLE3c/,queued,0,0,,0,0,0,,,0,0,0,0,0,0,,,,,,,,,0,,,,,,,
CqQjQFHMjQt,reel,https://www.instagram.com/thedogist/reel/CqQjQFHMjQt/,queued,0,0,,0,0,0,,,0,0,0,0,0,0,,,,,,,,,0,,,,,,,
CqNuhBNuJ7Z,p,https://www.instagram.com/thedogist/p/CqNuhBNuJ7Z/,queued,0,0,,0,0,0,,,0,0,0,0,0,0,,,,,,,,,0,,,,,,,
CqLcfbnAj3U,reel,https://www.instagram.com/thedogist/reel/CqLcfbnAj3U/,queued,0,0,,0,0,0,,,0,0,0,0,0,0,,,,,,,,,0,,,,,,,
CqIp3RzrxdO,p,https://www.instagram.com/thedogist/p/CqIp3RzrxdO/,queued,0,0,,0,0,0,,,0,0,0,0,0,0,,,,,,,,,0,,,,,,,
CqGGjx5vqLa,reel,https://www.instagram.com/thedogist/reel/CqGGjx5vqLa/,queued,0,0,,0,0,0,,,0,0,0,0,0,0,,,,,,,,,0,,,,,,,
CqD8WRwPdmZ,p,https://www.instagram.com/thedogist/p/CqD8WRwPdmZ/,queued,0,0,,0,0,0,,,0,0,0,0,0,0,,,,,,,,,0,,,,,,,
CqBAK_qjFAg,reel,https://www.instagram.com/thedogist/reel/CqBAK_qjFAg/,queued,0,0,,0,0,0,,,0,0,0,0,0,0,,,,,,,,,0,,,,,,,
Cp-8re6PPHC,p,https://www.instagram.com/thedogist/p/Cp-8re6PPHC/,queued,0,0,,0,0,0,,,0,0,0,0,0,0,,,,,,,,,0,,,,,,,
Cp8PrCFAD-P,reel,https://www.instagram.com/thedogist/reel/Cp8PrCFAD-P/,queued,0,0,,0,0,0,,,0,0,0,0,0,0,,,,,,,,,0,,,,,,,
Cp5R7pJrgIS,p,https://www.instagram.com/thedogist/p/Cp5R7pJrgIS/,queued,0,0,,0,0,0,,,0,0,0,0,0,0,,,,,,,,,0,,,,,,,
Cp29ynJuxjq,reel,https://www.instagram.com/thedogist/reel/Cp29ynJuxjq/,queued,0,0,,0,0,0,,,0,0,0,0,0,0,,,,,,,,,0,,,,,,,
Cpz-FRmrYW8,p,https://www.instagram.com/thedogist/p/Cpz-FRmrYW8/,queued,0,0,,0,0,0,,,0,0,0,0,0,0,,,,,,,,,0,,,,,,,
CpxgcyGMafN,reel,https://www.instagram.com/thedogist/reel/CpxgcyGMafN/,queued,0,0,,0,0,0,,,0,0,0,0,0,0,,,,,,,,,0,,,,,,,
CpvB74-Lp6C,p,https://www.instagram.com/thedogist/p/CpvB74-Lp6C/,queued,0,0,,0,0,0,,,0,0,0,0,0,0,,,,,,,,,0,,,,,,,
CpsnJUXuZ0W,reel,https://www.instagram.com/thedogist/reel/CpsnJUXuZ0W/,queued,0,0,,0,0,0,,,0,0,0,0,0,0,,,,,,,,,0,,,,,,,
Cpp-5BYraJf,p,https://www.instagram.com/thedogist/p/Cpp-5BYraJf/,queued,0,0,,0,0,0,,,0,0,0,0,0,0,,,,,,,,,0,,,,,,,
CpnQibpgyZk,reel,https://www.instagram.com/thedogist/reel/CpnQibpgyZk/,queued,0,0,,0,0,0,,,0,0,0,0,0,0,,,,,,,,,0,,,,,,,
CpkphHHLfU5,p,https://www.instagram.com/thedogist/p/CpkphHHLfU5/,queued,0,0,,0,0,0,,,0,0,0,0,0,0,,,,,,,,,0,,,,,,,
CpiIM7oP640,reel,https://www.instagram.com/thedogist/reel/CpiIM7oP640/,queued,0,0,,0,0,0,,,0,0,0,0,0,0,,,,,,,,,0,,,,,,,
CpfljzTLaud,p,https://www.instagram.com/thedogist/p/CpfljzTLaud/,queued,0,0,,0,0,0,,,0,0,0,0,0,0,,,,,,,,,0,,,,,,,
CpdcXfyPkfx,reel,https://www.instagram.com/thedogist/reel/CpdcXfyPkfx/,queued,0,0,,0,0,0,,,0,0,0,0,0,0,,,,,,,,,0,,,,,,,
CpapZ9CLTBI,p,https://www.instagram.com/thedogist/p/CpapZ9CLTBI/,queued,0,0,,0,0,0,,,0,0,0,0,0,0,,,,,,,,,0,,,,,,,
CpX4GussqYI,reel,https://www.instagram.com/thedogist/reel/CpX4GussqYI/,queued,0,0,,0,0,0,,,0,0,0,0,0,0,,,,,,,,,0,,,,,,,
CpVTkB8rloa,p,https://www.instagram.com/thedogist/p/CpVTkB8rloa/,queued,0,0,,0,0,0,,,0,0,0,0,0,0,,,,,,,,,0,,,,,,,
CpSwL2urwEo,reel,https://www.instagram.com/thedogist/reel/CpSwL2urwEo/,queued,0,0,,0,0,0,,,0,0,0,0,0,0,,,,,,,,,0,,,,,,,
CpQi-GSvwQs,p,https://www.instagram.com/thedogist/p/CpQi-GSvwQs/,queued,0,0,,0,0,0,,,0,0,0,0,0,0,,,,,,,,,0,,,,,,,
CpNmSIAM0BT,reel,https://www.instagram.com/thedogist/reel/CpNmSIAM0BT/,queued,0,0,,0,0,0,,,0,0,0,0,0,0,,,,,,,,,0,,,,,,,
CpLBBoLL7t7,p,https://www.instagram.com/thedogist/p/CpLBBoLL7t7/,queued,0,0,,0,0,0,,,0,0,0,0,0,0,,,,,,,,,0,,,,,,,
CpIoM77j8CN,reel,https://www.instagram.com/thedogist/reel/CpIoM77j8CN/,queued,0,0,,0,0,0,,,0,0,0,0,0,0,,,,,,,,,0,,,,,,,
CpGbM1tvhyk,p,https://www.instagram.com/thedogist/p/CpGbM1tvhyk/,queued,0,0,,0,0,0,,,0,0,0,0,0,0,,,,,,,,,0,,,,,,,
CpDM90qLMyT,reel,https://www.instagram.com/thedogist/reel/CpDM90qLMyT/,queued,0,0,,0,0,0,,,0,0,0,0,0,0,,,,,,,,,0,,,,,,,
CpBN77evFr2,p,https://www.instagram.com/thedogist/p/CpBN77evFr2/,queued,0,0,,0,0,0,,,0,0,0,0,0,0,,,,,,,,,0,,,,,,,
Co-Adc1uJ19,reel,https://www.instagram.com/thedogist/reel/Co-Adc1uJ19/,queued,0,0,,0,0,0,,,0,0,0,0,0,0,,,,,,,,,0,,,,,,,
Co7f457L0gP,p,https://www.instagram.com/thedogist/p/Co7f457L0gP/,queued,0,0,,0,0,0,,,0,0,0,0,0,0,,,,,,,,,0,,,,,,,
Co48M_lvEg_,reel,https://www.instagram.com/thedogist/reel/Co48M_lvEg_/,queued,0,0,,0,0,0,,,0,0,0,0,0,0,,,,,,,,,0,,,,,,,
Co2pPjrrbZG,p,https://www.instagram.com/thedogist/p/Co2pPjrrbZG/,queued,0,0,,0,0,0,,,0,0,0,0,0,0,,,,,,,,,0,,,,,,,
Cozx3N1u_Cp,reel,https://www.instagram.com/thedogist/reel/Cozx3N1u_Cp/,queued,0,0,,0,0,0,,,0,0,0,0,0,0,,,,,,,,,0,,,,,,,
CoxOGY8r_9s,p,https://www.instagram.com/thedogist/p/CoxOGY8r_9s/,queued,0,0,,0,0,0,,,0,0,0,0,0,0,,,,,,,,,0,,,,,,,
Cou4Pbzua2d,reel,https://www.instagram.com/thedogist/reel/Cou4Pbzua2d/,queued,0,0,,0,0,0,,,0,0,0,0,0,0,,,,,,,,,0,,,,,,,
CosExv3rOgs,p,https://www.instagram.com/thedogist/p/CosExv3rOgs/,queued,0,0,,0,0,0,,,0,0,0,0,0,0,,,,,,,,,0,,,,,,,
CopfQddP6wZ,reel,https://www.instagram.com/thedogist/reel/CopfQddP6wZ/,queued,0,0,,0,0,0,,,0,0,0,0,0,0,,,,,,,,,0,,,,,,,
Com5usKrnaN,p,https://www.instagram.com/thedogist/p/Com5usKrnaN/,queued,0,0,,0,0,0,,,0,0,0,0,0,0,,,,,,,,,0,,,,,,,
CokQUCbr81F,p,https://www.instagram.com/thedogist/p/CokQUCbr81F/,queued,0,0,,0,0,0,,,0,0,0,0,0,0,,,,,,,,,0,,,,,,,
CohwXQ3LpHK,p,https://www.instagram.com/thedogist/p/CohwXQ3LpHK/,queued,0,0,,0,0,0,,,0,0,0,0,0,0,,,,,,,,,0,,,,,,,
CofFKGcDdyd,reel,https://www.instagram.com/thedogist/reel/CofFKGcDdyd/,queued,0,0,,0,0,0,,,0,0,0,0,0,0,,,,,,,,,0,,,,,,,
CocpUlTrR-Z,p,https://www.instagram.com/thedogist/p/CocpUlTrR-Z/,queued,0,0,,0,0,0,,,0,0,0,0,0,0,,,,,,,,,0,,,,,,,
CoaA55UD8QW,reel,https://www.instagram.com/thedogist/reel/CoaA55UD8QW/,queued,0,0,,0,0,0,,,0,0,0,0,0,0,,,,,,,,,0,,,,,,,
CoXccqBLkrD,p,https://www.instagram.com/thedogist/p/CoXccqBLkrD/,queued,0,0,,0,0,0,,,0,0,0,0,0,0,,,,,,,,,0,,,,,,,
CoU1g0ZrkW4,reel,https://www.instagram.com/thedogist/reel/CoU1g0ZrkW4/,queued,0,0,,0,0,0,,,0,0,0,0,0,0,,,,,,,,,0,,,,,,,
CoSR_xFrmuR,p,https://www.instagram.com/thedogist/p/CoSR_xFrmuR/,queued,0,0,,0,0,0,,,0,0,0,0,0,0,,,,,,,,,0,,,,,,,
CoPsrJQNyZB,reel,https://www.instagram.com/thedogist/reel/CoPsrJQNyZB/,queued,0,0,,0,0,0,,,0,0,0,0,0,0,,,,,,,,,0,,,,,,,
CoNKS0orHUg,p,https://www.instagram.com/thedogist/p/CoNKS0orHUg/,queued,0,0,,0,0,0,,,0,0,0,0,0,0,,,,,,,,,0,,,,,,,
CoKlItILscp,reel,https://www.instagram.com/thedogist/reel/CoKlItILscp/,queued,0,0,,0,0,0,,,0,0,0,0,0,0,,,,,,,,,0,,,,,,,
CoIKD8brtjU,p,https://www.instagram.com/thedogist/p/CoIKD8brtjU/,queued,0,0,,0,0,0,,,0,0,0,0,0,0,,,,,,,,,0,,,,,,,
CoFhhSeOhER,reel,https://www.instagram.com/thedogist/reel/CoFhhSeOhER/,queued,0,0,,0,0,0,,,0,0,0,0,0,0,,,,,,,,,0,,,,,,,
CoDFu3iLklB,p,https://www.instagram.com/thedogist/p/CoDFu3iLklB/,queued,0,0,,0,0,0,,,0,0,0,0,0,0,,,,,,,,,0,,,,,,,
CoArIcLLnIJ,reel,https://www.instagram.com/thedogist/reel/CoArIcLLnIJ/,queued,0,0,,0,0,0,,,0,0,0,0,0,0,,,,,,,,,0,,,,,,,
Cn943PsrPBG,p,https://www.instagram.com/thedogist/p/Cn943PsrPBG/,queued,0,0,,0,0,0,,,0,0,0,0,0,0,,,,,,,,,0,,,,,,,
Cn7TAMbOyBr,reel,https://www.instagram.com/thedogist/reel/Cn7TAMbOyBr/,queued,0,0,,0,0,0,,,0,0,0,0,0,0,,,,,,,,,0,,,,,,,
Cn5Xbnfr892,p,https://www.instagram.com/thedogist/p/Cn5Xbnfr892/,queued,0,0,,0,0,0,,,0,0,0,0,0,0,,,,,,,,,0,,,,,,,
Cn2Fe2zJjhq,reel,https://www.instagram.com/thedogist/reel/Cn2Fe2zJjhq/,queued,0,0,,0,0,0,,,0,0,0,0,0,0,,,,,,,,,0,,,,,,,
CnzjejGrK6q,p,https://www.instagram.com/thedogist/p/CnzjejGrK6q/,queued,0,0,,0,0,0,,,0,0,0,0,0,0,,,,,,,,,0,,,,,,,
CnwzxcioYOk,reel,https://www.instagram.com/thedogist/reel/CnwzxcioYOk/,queued,0,0,,0,0,0,,,0,0,0,0,0,0,,,,,,,,,0,,,,,,,
Cnuz5zKvi7x,p,https://www.instagram.com/thedogist/p/Cnuz5zKvi7x/,queued,0,0,,0,0,0,,,0,0,0,0,0,0,,,,,,,,,0,,,,,,,
CnsHB2Xo-ry,reel,https://www.instagram.com/thedogist/reel/CnsHB2Xo-ry/,queued,0,0,,0,0,0,,,0,0,0,0,0,0,,,,,,,,,0,,,,,,,
CnpbkJ1LT1Q,p,https://www.instagram.com/thedogist/p/CnpbkJ1LT1Q/,queued,0,0,,0,0,0,,,0,0,0,0,0,0,,,,,,,,,0,,,,,,,
CnmjunNIUEb,reel,https://www.instagram.com/thedogist/reel/CnmjunNIUEb/,queued,0,0,,0,0,0,,,0,0,0,0,0,0,,,,,,,,,0,,,,,,,
CnkAKDdrFaK,p,https://www.instagram.com/thedogist/p/CnkAKDdrFaK/,queued,0,0,,0,0,0,,,0,0,0,0,0,0,,,,,,,,,0,,,,,,,
Cnhm-QmI9T9,reel,https://www.instagram.com/thedogist/reel/Cnhm-QmI9T9/,queued,0,0,,0,0,0,,,0,0,0,0,0,0,,,,,,,,,0,,,,,,,
CnfbQmmvSaX,p,https://www.instagram.com/thedogist/p/CnfbQmmvSaX/,queued,0,0,,0,0,0,,,0,0,0,0,0,0,,,,,,,,,0,,,,,,,
CncbuJ1KJVQ,reel,https://www.instagram.com/thedogist/reel/CncbuJ1KJVQ/,queued,0,0,,0,0,0,,,0,0,0,0,0,0,,,,,,,,,0,,,,,,,
CnaBm2oPPp3,p,https://www.instagram.com/thedogist/p/CnaBm2oPPp3/,queued,0,0,,0,0,0,,,0,0,0,0,0,0,,,,,,,,,0,,,,,,,
CnXL7n3IcCb,reel,https://www.instagram.com/thedogist/reel/CnXL7n3IcCb/,queued,0,0,,0,0,0,,,0,0,0,0,0,0,,,,,,,,,0,,,,,,,
CnU0FSUrBK_,p,https://www.instagram.com/thedogist/p/CnU0FSUrBK_/,queued,0,0,,0,0,0,,,0,0,0,0,0,0,,,,,,,,,0,,,,,,,
CnSFbggogdv,reel,https://www.instagram.com/thedogist/reel/CnSFbggogdv/,queued,0,0,,0,0,0,,,0,0,0,0,0,0,,,,,,,,,0,,,,,,,
CnPoKqKLBfZ,p,https://www.instagram.com/thedogist/p/CnPoKqKLBfZ/,queued,0,0,,0,0,0,,,0,0,0,0,0,0,,,,,,,,,0,,,,,,,
CnM7yq7IPwl,reel,https://www.instagram.com/thedogist/reel/CnM7yq7IPwl/,queued,0,0,,0,0,0,,,0,0,0,0,0,0,,,,,,,,,0,,,,,,,
CnKWyRVLRUi,p,https://www.instagram.com/thedogist/p/CnKWyRVLRUi/,queued,0,0,,0,0,0,,,0,0,0,0,0,0,,,,,,,,,0,,,,,,,
CnIEdwSoss0,reel,https://www.instagram.com/thedogist/reel/CnIEdwSoss0/,queued,0,0,,0,0,0,,,0,0,0,0,0,0,,,,,,,,,0,,,,,,,
CnFlUVWvqcU,p,https://www.instagram.com/thedogist/p/CnFlUVWvqcU/,queued,0,0,,0,0,0,,,0,0,0,0,0,0,,,,,,,,,0,,,,,,,
CnDDtkyoT3c,reel,https://www.instagram.com/thedogist/reel/CnDDtkyoT3c/,queued,0,0,,0,0,0,,,0,0,0,0,0,0,,,,,,,,,0,,,,,,,
CnAXEyXPZxC,p,https://www.instagram.com/thedogist/p/CnAXEyXPZxC/,queued,0,0,,0,0,0,,,0,0,0,0,0,0,,,,,,,,,0,,,,,,,
Cm99Z5Uo1iT,reel,https://www.instagram.com/thedogist/reel/Cm99Z5Uo1iT/,queued,0,0,,0,0,0,,,0,0,0,0,0,0,,,,,,,,,0,,,,,,,
Cm7IzGIvTCI,p,https://www.instagram.com/thedogist/p/Cm7IzGIvTCI/,queued,0,0,,0,0,0,,,0,0,0,0,0,0,,,,,,,,,0,,,,,,,
Cm4gm0ZoXpN,reel,https://www.instagram.com/thedogist/reel/Cm4gm0ZoXpN/,queued,0,0,,0,0,0,,,0,0,0,0,0,0,,,,,,,,,0,,,,,,,
Cm2LtkEvfNb,p,https://www.instagram.com/thedogist/p/Cm2LtkEvfNb/,queued,0,0,,0,0,0,,,0,0,0,0,0,0,,,,,,,,,0,,,,,,,
Cmz0iqLI3Za,reel,https://www.instagram.com/thedogist/reel/Cmz0iqLI3Za/,queued,0,0,,0,0,0,,,0,0,0,0,0,0,,,,,,,,,0,,,,,,,
CmwoO75rEJZ,p,https://www.instagram.com/thedogist/p/CmwoO75rEJZ/,queued,0,0,,0,0,0,,,0,0,0,0,0,0,,,,,,,,,0,,,,,,,
Cmt9S_foyvJ,reel,https://www.instagram.com/thedogist/reel/Cmt9S_foyvJ/,queued,0,0,,0,0,0,,,0,0,0,0,0,0,,,,,,,,,0,,,,,,,
CmrrgopLjnr,p,https://www.instagram.com/thedogist/p/CmrrgopLjnr/,queued,0,0,,0,0,0,,,0,0,0,0,0,0,,,,,,,,,0,,,,,,,
CmpAh_7ohvA,reel,https://www.instagram.com/thedogist/reel/CmpAh_7ohvA/,queued,0,0,,0,0,0,,,0,0,0,0,0,0,,,,,,,,,0,,,,,,,
CmmBnf6LNeY,p,https://www.instagram.com/thedogist/p/CmmBnf6LNeY/,queued,0,0,,0,0,0,,,0,0,0,0,0,0,,,,,,,,,0,,,,,,,
Cmjj00pINJF,reel,https://www.instagram.com/thedogist/reel/Cmjj00pINJF/,queued,0,0,,0,0,0,,,0,0,0,0,0,0,,,,,,,,,0,,,,,,,
CmhGJtPLTi0,p,https://www.instagram.com/thedogist/p/CmhGJtPLTi0/,queued,0,0,,0,0,0,,,0,0,0,0,0,0,,,,,,,,,0,,,,,,,
CmedG0LIVBy,reel,https://www.instagram.com/thedogist/reel/CmedG0LIVBy/,queued,0,0,,0,0,0,,,0,0,0,0,0,0,,,,,,,,,0,,,,,,,
Cmb11p6r0aQ,p,https://www.instagram.com/thedogist/p/Cmb11p6r0aQ/,queued,0,0,,0,0,0,,,0,0,0,0,0,0,,,,,,,,,0,,,,,,,
CmZY-qxJ74d,reel,https://www.instagram.com/thedogist/reel/CmZY-qxJ74d/,queued,0,0,,0,0,0,,,0,0,0,0,0,0,,,,,,,,,0,,,,,,,
CmXIHN7PYIb,p,https://www.instagram.com/thedogist/p/CmXIHN7PYIb/,queued,0,0,,0,0,0,,,0,0,0,0,0,0,,,,,,,,,0,,,,,,,
CmUQXnvvn8c,reel,https://www.instagram.com/thedogist/reel/CmUQXnvvn8c/,queued,0,0,,0,0,0,,,0,0,0,0,0,0,,,,,,,,,0,,,,,,,
CmRvSBkLQIn,p,https://www.instagram.com/thedogist/p/CmRvSBkLQIn/,queued,0,0,,0,0,0,,,0,0,0,0,0,0,,,,,,,,,0,,,,,,,
CmPOzJaJhUw,reel,https://www.instagram.com/thedogist/reel/CmPOzJaJhUw/,queued,0,0,,0,0,0,,,0,0,0,0,0,0,,,,,,,,,0,,,,,,,
CmMfhecrITV,p,https://www.instagram.com/thedogist/p/CmMfhecrITV/,queued,0,0,,0,0,0,,,0,0,0,0,0,0,,,,,,,,,0,,,,,,,
CmJzQ7Ku-Az,reel,https://www.instagram.com/thedogist/reel/CmJzQ7Ku-Az/,queued,0,0,,0,0,0,,,0,0,0,0,0,0,,,,,,,,,0,,,,,,,
CmHRb6RLpiS,p,https://www.instagram.com/thedogist/p/CmHRb6RLpiS/,queued,0,0,,0,0,0,,,0,0,0,0,0,0,,,,,,,,,0,,,,,,,
CmEstR2Lt1K,reel,https://www.instagram.com/thedogist/reel/CmEstR2Lt1K/,queued,0,0,,0,0,0,,,0,0,0,0,0,0,,,,,,,,,0,,,,,,,
CmCnKmjv8hS,p,https://www.instagram.com/thedogist/p/CmCnKmjv8hS/,queued,0,0,,0,0,0,,,0,0,0,0,0,0,,,,,,,,,0,,,,,,,
CmAFbBLOgC3,reel,https://www.instagram.com/thedogist/reel/CmAFbBLOgC3/,queued,0,0,,0,0,0,,,0,0,0,0,0,0,,,,,,,,,0,,,,,,,
Cl9H7zQJ6X3,p,https://www.instagram.com/thedogist/p/Cl9H7zQJ6X3/,queued,0,0,,0,0,0,,,0,0,0,0,0,0,,,,,,,,,0,,,,,,,
Cl6wE1UDiey,reel,https://www.instagram.com/thedogist/reel/Cl6wE1UDiey/,queued,0,0,,0,0,0,,,0,0,0,0,0,0,,,,,,,,,0,,,,,,,
Cl4S6XpPE4Z,p,https://www.instagram.com/thedogist/p/Cl4S6XpPE4Z/,queued,0,0,,0,0,0,,,0,0,0,0,0,0,,,,,,,,,0,,,,,,,
Cl1LPblvbrx,reel,https://www.instagram.com/thedogist/reel/Cl1LPblvbrx/,queued,0,0,,0,0,0,,,0,0,0,0,0,0,,,,,,,,,0,,,,,,,
Clyx-M7rJIc,p,https://www.instagram.com/thedogist/p/Clyx-M7rJIc/,queued,0,0,,0,0,0,,,0,0,0,0,0,0,,,,,,,,,0,,,,,,,
ClwZEqsMRh0,reel,https://www.instagram.com/thedogist/reel/ClwZEqsMRh0/,queued,0,0,,0,0,0,,,0,0,0,0,0,0,,,,,,,,,0,,,,,,,
Clt79MvP0Hx,p,https://www.instagram.com/thedogist/p/Clt79MvP0Hx/,queued,0,0,,0,0,0,,,0,0,0,0,0,0,,,,,,,,,0,,,,,,,
ClrRqiUu9yV,reel,https://www.instagram.com/thedogist/reel/ClrRqiUu9yV/,queued,0,0,,0,0,0,,,0,0,0,0,0,0,,,,,,,,,0,,,,,,,
Cloz8oVPKJf,p,https://www.instagram.com/thedogist/p/Cloz8oVPKJf/,queued,0,0,,0,0,0,,,0,0,0,0,0,0,,,,,,,,,0,,,,,,,
CllwdaxrPoo,reel,https://www.instagram.com/thedogist/reel/CllwdaxrPoo/,queued,0,0,,0,0,0,,,0,0,0,0,0,0,,,,,,,,,0,,,,,,,
CljIxzPrdL3,reel,https://www.instagram.com/thedogist/reel/CljIxzPrdL3/,queued,0,0,,0,0,0,,,0,0,0,0,0,0,,,,,,,,,0,,,,,,,
ClhApf6vrwg,p,https://www.instagram.com/thedogist/p/ClhApf6vrwg/,queued,0,0,,0,0,0,,,0,0,0,0,0,0,,,,,,,,,0,,,,,,,
CleGXB2LbcK,reel,https://www.instagram.com/thedogist/reel/CleGXB2LbcK/,queued,0,0,,0,0,0,,,0,0,0,0,0,0,,,,,,,,,0,,,,,,,
Clb8J5WvNpI,p,https://www.instagram.com/thedogist/p/Clb8J5WvNpI/,queued,0,0,,0,0,0,,,0,0,0,0,0,0,,,,,,,,,0,,,,,,,
ClZF7C4O1z5,reel,https://www.instagram.com/thedogist/reel/ClZF7C4O1z5/,queued,0,0,,0,0,0,,,0,0,0,0,0,0,,,,,,,,,0,,,,,,,
ClWU3_pLQ3Z,p,https://www.instagram.com/thedogist/p/ClWU3_pLQ3Z/,queued,0,0,,0,0,0,,,0,0,0,0,0,0,,,,,,,,,0,,,,,,,
ClT9nDIJHHu,reel,https://www.instagram.com/thedogist/reel/ClT9nDIJHHu/,queued,0,0,,0,0,0,,,0,0,0,0,0,0,,,,,,,,,0,,,,,,,
ClRQNNTrM5P,p,https://www.instagram.com/thedogist/p/ClRQNNTrM5P/,queued,0,0,,0,0,0,,,0,0,0,0,0,0,,,,,,,,,0,,,,,,,
ClO19JlMxfL,reel,https://www.instagram.com/thedogist/reel/ClO19JlMxfL/,queued,0,0,,0,0,0,,,0,0,0,0,0,0,,,,,,,,,0,,,,,,,
ClMP67KrkP_,p,https://www.instagram.com/thedogist/p/ClMP67KrkP_/,queued,0,0,,0,0,0,,,0,0,0,0,0,0,,,,,,,,,0,,,,,,,
ClJt2-QueE4,reel,https://www.instagram.com/thedogist/reel/ClJt2-QueE4/,queued,0,0,,0,0,0,,,0,0,0,0,0,0,,,,,,,,,0,,,,,,,
ClG_QzeLv8f,p,https://www.instagram.com/thedogist/p/ClG_QzeLv8f/,queued,0,0,,0,0,0,,,0,0,0,0,0,0,,,,,,,,,0,,,,,,,
ClEnEH_gAfn,reel,https://www.instagram.com/thedogist/reel/ClEnEH_gAfn/,queued,0,0,,0,0,0,,,0,0,0,0,0,0,,,,,,,,,0,,,,,,,
ClB2hEQrVG_,p,https://www.instagram.com/thedogist/p/ClB2hEQrVG_/,queued,0,0,,0,0,0,,,0,0,0,0,0,0,,,,,,,,,0,,,,,,,
Ck_QAGCPpaR,reel,https://www.instagram.com/thedogist/reel/Ck_QAGCPpaR/,queued,0,0,,0,0,0,,,0,0,0,0,0,0,,,,,,,,,0,,,,,,,
Ck8uLdmpl-x,reel,https://www.instagram.com/thedogist/reel/Ck8uLdmpl-x/,queued,0,0,,0,0,0,,,0,0,0,0,0,0,,,,,,,,,0,,,,,,,
Ck6LWVCrH3k,p,https://www.instagram.com/thedogist/p/Ck6LWVCrH3k/,queued,0,0,,0,0,0,,,0,0,0,0,0,0,,,,,,,,,0,,,,,,,
Ck3cRCTpntN,reel,https://www.instagram.com/thedogist/reel/Ck3cRCTpntN/,queued,0,0,,0,0,0,,,0,0,0,0,0,0,,,,,,,,,0,,,,,,,
Ck1O1B3vh_z,p,https://www.instagram.com/thedogist/p/Ck1O1B3vh_z/,queued,0,0,,0,0,0,,,0,0,0,0,0,0,,,,,,,,,0,,,,,,,
CkymiHjr02F,reel,https://www.instagram.com/thedogist/reel/CkymiHjr02F/,queued,0,0,,0,0,0,,,0,0,0,0,0,0,,,,,,,,,0,,,,,,,
Ckv4vwcrmm3,p,https://www.instagram.com/thedogist/p/Ckv4vwcrmm3/,queued,0,0,,0,0,0,,,0,0,0,0,0,0,,,,,,,,,0,,,,,,,
CktOTdEOTMo,reel,https://www.instagram.com/thedogist/reel/CktOTdEOTMo/,queued,0,0,,0,0,0,,,0,0,0,0,0,0,,,,,,,,,0,,,,,,,
CkrD6CQvCsR,p,https://www.instagram.com/thedogist/p/CkrD6CQvCsR/,queued,0,0,,0,0,0,,,0,0,0,0,0,0,,,,,,,,,0,,,,,,,
CkoQMDrA3ly,reel,https://www.instagram.com/thedogist/reel/CkoQMDrA3ly/,queued,0,0,,0,0,0,,,0,0,0,0,0,0,,,,,,,,,0,,,,,,,
CklctcgLjRq,p,https://www.instagram.com/thedogist/p/CklctcgLjRq/,queued,0,0,,0,0,0,,,0,0,0,0,0,0,,,,,,,,,0,,,,,,,
CkirXf4u5x4,reel,https://www.instagram.com/thedogist/reel/CkirXf4u5x4/,queued,0,0,,0,0,0,,,0,0,0,0,0,0,,,,,,,,,0,,,,,,,
CkgeAeCri90,p,https://www.instagram.com/thedogist/p/CkgeAeCri90/,queued,0,0,,0,0,0,,,0,0,0,0,0,0,,,,,,,,,0,,,,,,,
Ckdrcp4Oez6,reel,https://www.instagram.com/thedogist/reel/Ckdrcp4Oez6/,queued,0,0,,0,0,0,,,0,0,0,0,0,0,,,,,,,,,0,,,,,,,
CkbL61BLwEW,p,https://www.instagram.com/thedogist/p/CkbL61BLwEW/,queued,0,0,,0,0,0,,,0,0,0,0,0,0,,,,,,,,,0,,,,,,,
CkZCL7vvp9p,reel,https://www.instagram.com/thedogist/reel/CkZCL7vvp9p/,queued,0,0,,0,0,0,,,0,0,0,0,0,0,,,,,,,,,0,,,,,,,
CkV-_2KLWpk,p,https://www.instagram.com/thedogist/p/CkV-_2KLWpk/,queued,0,0,,0,0,0,,,0,0,0,0,0,0,,,,,,,,,0,,,,,,,
CkT1446LUqW,reel,https://www.instagram.com/thedogist/reel/CkT1446LUqW/,queued,0,0,,0,0,0,,,0,0,0,0,0,0,,,,,,,,,0,,,,,,,
CkQ_6MVLX1D,p,https://www.instagram.com/thedogist/p/CkQ_6MVLX1D/,queued,0,0,,0,0,0,,,0,0,0,0,0,0,,,,,,,,,0,,,,,,,
CkOWCr4ApvW,reel,https://www.instagram.com/thedogist/reel/CkOWCr4ApvW/,queued,0,0,,0,0,0,,,0,0,0,0,0,0,,,,,,,,,0,,,,,,,
CkLy_CJrIay,reel,https://www.instagram.com/thedogist/reel/CkLy_CJrIay/,queued,0,0,,0,0,0,,,0,0,0,0,0,0,,,,,,,,,0,,,,,,,
CkJK0l5rxQh,p,https://www.instagram.com/thedogist/p/CkJK0l5rxQh/,queued,0,0,,0,0,0,,,0,0,0,0,0,0,,,,,,,,,0,,,,,,,
CkGrpQOrZPG,reel,https://www.instagram.com/thedogist/reel/CkGrpQOrZPG/,queued,0,0,,0,0,0,,,0,0,0,0,0,0,,,,,,,,,0,,,,,,,
CkEQH8PLH0h,p,https://www.instagram.com/thedogist/p/CkEQH8PLH0h/,queued,0,0,,0,0,0,,,0,0,0,0,0,0,,,,,,,,,0,,,,,,,
CkB5UyePQmJ,p,https://www.instagram.com/thedogist/p/CkB5UyePQmJ/,queued,0,0,,0,0,0,,,0,0,0,0,0,0,,,,,,,,,0,,,,,,,
Cj-uLlbvdtt,reel,https://www.instagram.com/thedogist/reel/Cj-uLlbvdtt/,queued,0,0,,0,0,0,,,0,0,0,0,0,0,,,,,,,,,0,,,,,,,
Cj8JcpjA7AD,p,https://www.instagram.com/thedogist/p/Cj8JcpjA7AD/,queued,0,0,,0,0,0,,,0,0,0,0,0,0,,,,,,,,,0,,,,,,,
Cj5d4ivAcdJ,reel,https://www.instagram.com/thedogist/reel/Cj5d4ivAcdJ/,queued,0,0,,0,0,0,,,0,0,0,0,0,0,,,,,,,,,0,,,,,,,
Cj3DbPrrtrE,p,https://www.instagram.com/thedogist/p/Cj3DbPrrtrE/,queued,0,0,,0,0,0,,,0,0,0,0,0,0,,,,,,,,,0,,,,,,,
Cj0xbxpvIlj,reel,https://www.instagram.com/thedogist/reel/Cj0xbxpvIlj/,queued,0,0,,0,0,0,,,0,0,0,0,0,0,,,,,,,,,0,,,,,,,
CjyQoGRr3TV,p,https://www.instagram.com/thedogist/p/CjyQoGRr3TV/,queued,0,0,,0,0,0,,,0,0,0,0,0,0,,,,,,,,,0,,,,,,,
CjvRRiYjE8w,reel,https://www.instagram.com/thedogist/reel/CjvRRiYjE8w/,queued,0,0,,0,0,0,,,0,0,0,0,0,0,,,,,,,,,0,,,,,,,
Cjs0NZgLoN3,p,https://www.instagram.com/thedogist/p/Cjs0NZgLoN3/,queued,0,0,,0,0,0,,,0,0,0,0,0,0,,,,,,,,,0,,,,,,,
CjqSC-xuvAO,reel,https://www.instagram.com/thedogist/reel/CjqSC-xuvAO/,queued,0,0,,0,0,0,,,0,0,0,0,0,0,,,,,,,,,0,,,,,,,
Cjn_QpWrOzv,p,https://www.instagram.com/thedogist/p/Cjn_QpWrOzv/,queued,0,0,,0,0,0,,,0,0,0,0,0,0,,,,,,,,,0,,,,,,,
CjlGqsZLiKS,reel,https://www.instagram.com/thedogist/reel/CjlGqsZLiKS/,queued,0,0,,0,0,0,,,0,0,0,0,0,0,,,,,,,,,0,,,,,,,
CjisFNtsgD-,reel,https://www.instagram.com/thedogist/reel/CjisFNtsgD-/,queued,0,0,,0,0,0,,,0,0,0,0,0,0,,,,,,,,,0,,,,,,,
CjgSJLmr4sN,p,https://www.instagram.com/thedogist/p/CjgSJLmr4sN/,queued,0,0,,0,0,0,,,0,0,0,0,0,0,,,,,,,,,0,,,,,,,
CjbDPxWrOor,p,https://www.instagram.com/thedogist/p/CjbDPxWrOor/,queued,0,0,,0,0,0,,,0,0,0,0,0,0,,,,,,,,,0,,,,,,,
CjYaguPLPeN,reel,https://www.instagram.com/thedogist/reel/CjYaguPLPeN/,queued,0,0,,0,0,0,,,0,0,0,0,0,0,,,,,,,,,0,,,,,,,
CjVdR53r1Ap,p,https://www.instagram.com/thedogist/p/CjVdR53r1Ap/,queued,0,0,,0,0,0,,,0,0,0,0,0,0,,,,,,,,,0,,,,,,,
CjTMhA1vFkQ,reel,https://www.instagram.com/thedogist/reel/CjTMhA1vFkQ/,queued,0,0,,0,0,0,,,0,0,0,0,0,0,,,,,,,,,0,,,,,,,
CjQffK3rAwV,p,https://www.instagram.com/thedogist/p/CjQffK3rAwV/,queued,0,0,,0,0,0,,,0,0,0,0,0,0,,,,,,,,,0,,,,,,,
CjN9-LFLEsd,reel,https://www.instagram.com/thedogist/reel/CjN9-LFLEsd/,queued,0,0,,0,0,0,,,0,0,0,0,0,0,,,,,,,,,0,,,,,,,
CjLdybRLUMx,p,https://www.instagram.com/thedogist/p/CjLdybRLUMx/,queued,0,0,,0,0,0,,,0,0,0,0,0,0,,,,,,,,,0,,,,,,,
CjI95gwLi3M,reel,https://www.instagram.com/thedogist/reel/CjI95gwLi3M/,queued,0,0,,0,0,0,,,0,0,0,0,0,0,,,,,,,,,0,,,,,,,
CjF-u9qLacP,p,https://www.instagram.com/thedogist/p/CjF-u9qLacP/,queued,0,0,,0,0,0,,,0,0,0,0,0,0,,,,,,,,,0,,,,,,,
CjDr0V3LZsC,p,https://www.instagram.com/thedogist/p/CjDr0V3LZsC/,queued,0,0,,0,0,0,,,0,0,0,0,0,0,,,,,,,,,0,,,,,,,
CjA4rNCPdYj,reel,https://www.instagram.com/thedogist/reel/CjA4rNCPdYj/,queued,0,0,,0,0,0,,,0,0,0,0,0,0,,,,,,,,,0,,,,,,,
Ci-eeC1r1NS,p,https://www.instagram.com/thedogist/p/Ci-eeC1r1NS/,queued,0,0,,0,0,0,,,0,0,0,0,0,0,,,,,,,,,0,,,,,,,
Ci7tD_Yr95-,reel,https://www.instagram.com/thedogist/reel/Ci7tD_Yr95-/,queued,0,0,,0,0,0,,,0,0,0,0,0,0,,,,,,,,,0,,,,,,,
Ci5M1FprfZR,p,https://www.instagram.com/thedogist/p/Ci5M1FprfZR/,queued,0,0,,0,0,0,,,0,0,0,0,0,0,,,,,,,,,0,,,,,,,
Ci2v_rMJe1S,reel,https://www.instagram.com/thedogist/reel/Ci2v_rMJe1S/,queued,0,0,,0,0,0,,,0,0,0,0,0,0,,,,,,,,,0,,,,,,,
Ci0WzKbLkMh,p,https://www.instagram.com/thedogist/p/Ci0WzKbLkMh/,queued,0,0,,0,0,0,,,0,0,0,0,0,0,,,,,,,,,0,,,,,,,
CixnjrrAVQG,reel,https://www.instagram.com/thedogist/reel/CixnjrrAVQG/,queued,0,0,,0,0,0,,,0,0,0,0,0,0,,,,,,,,,0,,,,,,,
Ciu_q8xrAq2,p,https://www.instagram.com/thedogist/p/Ciu_q8xrAq2/,queued,0,0,,0,0,0,,,0,0,0,0,0,0,,,,,,,,,0,,,,,,,
CisjzRWpx9k,reel,https://www.instagram.com/thedogist/reel/CisjzRWpx9k/,queued,0,0,,0,0,0,,,0,0,0,0,0,0,,,,,,,,,0,,,,,,,
Cip3Gp_LfTf,p,https://www.instagram.com/thedogist/p/Cip3Gp_LfTf/,queued,0,0,,0,0,0,,,0,0,0,0,0,0,,,,,,,,,0,,,,,,,
CinNUe2OvYe,reel,https://www.instagram.com/thedogist/reel/CinNUe2OvYe/,queued,0,0,,0,0,0,,,0,0,0,0,0,0,,,,,,,,,0,,,,,,,
CilFlkbPPCW,p,https://www.instagram.com/thedogist/p/CilFlkbPPCW/,queued,0,0,,0,0,0,,,0,0,0,0,0,0,,,,,,,,,0,,,,,,,
CiiT_LGLKED,reel,https://www.instagram.com/thedogist/reel/CiiT_LGLKED/,queued,0,0,,0,0,0,,,0,0,0,0,0,0,,,,,,,,,0,,,,,,,
Cife0FcL0iI,p,https://www.instagram.com/thedogist/p/Cife0FcL0iI/,queued,0,0,,0,0,0,,,0,0,0,0,0,0,,,,,,,,,0,,,,,,,
CidKuu9JKoX,reel,https://www.instagram.com/thedogist/reel/CidKuu9JKoX/,queued,0,0,,0,0,0,,,0,0,0,0,0,0,,,,,,,,,0,,,,,,,
CialzOzL1AC,p,https://www.instagram.com/thedogist/p/CialzOzL1AC/,queued,0,0,,0,0,0,,,0,0,0,0,0,0,,,,,,,,,0,,,,,,,
CiXquYHgU-r,reel,https://www.instagram.com/thedogist/reel/CiXquYHgU-r/,queued,0,0,,0,0,0,,,0,0,0,0,0,0,,,,,,,,,0,,,,,,,
CiVRM40rZnH,p,https://www.instagram.com/thedogist/p/CiVRM40rZnH/,queued,0,0,,0,0,0,,,0,0,0,0,0,0,,,,,,,,,0,,,,,,,
CiSlM6cLukB,reel,https://www.instagram.com/thedogist/reel/CiSlM6cLukB/,queued,0,0,,0,0,0,,,0,0,0,0,0,0,,,,,,,,,0,,,,,,,
CiQY5wtJ4fY,p,https://www.instagram.com/thedogist/p/CiQY5wtJ4fY/,queued,0,0,,0,0,0,,,0,0,0,0,0,0,,,,,,,,,0,,,,,,,
CiNdNMbgenK,reel,https://www.instagram.com/thedogist/reel/CiNdNMbgenK/,queued,0,0,,0,0,0,,,0,0,0,0,0,0,,,,,,,,,0,,,,,,,
CiLBw_Hrhd5,p,https://www.instagram.com/thedogist/p/CiLBw_Hrhd5/,queued,0,0,,0,0,0,,,0,0,0,0,0,0,,,,,,,,,0,,,,,,,
CiIcU6esBAA,reel,https://www.instagram.com/thedogist/reel/CiIcU6esBAA/,queued,0,0,,0,0,0,,,0,0,0,0,0,0,,,,,,,,,0,,,,,,,
CiFsxQ4LyF9,p,https://www.instagram.com/thedogist/p/CiFsxQ4LyF9/,queued,0,0,,0,0,0,,,0,0,0,0,0,0,,,,,,,,,0,,,,,,,
CiDS3tDr7Ns,p,https://www.instagram.com/thedogist/p/CiDS3tDr7Ns/,queued,0,0,,0,0,0,,,0,0,0,0,0,0,,,,,,,,,0,,,,,,,
CiAqNFwpvb6,reel,https://www.instagram.com/thedogist/reel/CiAqNFwpvb6/,queued,0,0,,0,0,0,,,0,0,0,0,0,0,,,,,,,,,0,,,,,,,
Ch-etjgP1af,p,https://www.instagram.com/thedogist/p/Ch-etjgP1af/,queued,0,0,,0,0,0,,,0,0,0,0,0,0,,,,,,,,,0,,,,,,,
Ch7V3aLOty_,reel,https://www.instagram.com/thedogist/reel/Ch7V3aLOty_/,queued,0,0,,0,0,0,,,0,0,0,0,0,0,,,,,,,,,0,,,,,,,
Ch5SIyxJVQM,reel,https://www.instagram.com/thedogist/reel/Ch5SIyxJVQM/,queued,0,0,,0,0,0,,,0,0,0,0,0,0,,,,,,,,,0,,,,,,,
Ch21EkMvmDR,p,https://www.instagram.com/thedogist/p/Ch21EkMvmDR/,queued,0,0,,0,0,0,,,0,0,0,0,0,0,,,,,,,,,0,,,,,,,
ChzlBYwLDZv,p,https://www.instagram.com/thedogist/p/ChzlBYwLDZv/,queued,0,0,,0,0,0,,,0,0,0,0,0,0,,,,,,,,,0,,,,,,,
ChxJKL4uXlO,reel,https://www.instagram.com/thedogist/reel/ChxJKL4uXlO/,queued,0,0,,0,0,0,,,0,0,0,0,0,0,,,,,,,,,0,,,,,,,
ChuiH3MrqFA,p,https://www.instagram.com/thedogist/p/ChuiH3MrqFA/,queued,0,0,,0,0,0,,,0,0,0,0,0,0,,,,,,,,,0,,,,,,,
Chr2IPDF5ev,reel,https://www.instagram.com/thedogist/reel/Chr2IPDF5ev/,queued,0,0,,0,0,0,,,0,0,0,0,0,0,,,,,,,,,0,,,,,,,
ChpnAlhrLJC,p,https://www.instagram.com/thedogist/p/ChpnAlhrLJC/,queued,0,0,,0,0,0,,,0,0,0,0,0,0,,,,,,,,,0,,,,,,,
Chm3lwol7Cj,reel,https://www.instagram.com/thedogist/reel/Chm3lwol7Cj/,queued,0,0,,0,0,0,,,0,0,0,0,0,0,,,,,,,,,0,,,,,,,
ChkkvdYLmKO,p,https://www.instagram.com/thedogist/p/ChkkvdYLmKO/,queued,0,0,,0,0,0,,,0,0,0,0,0,0,,,,,,,,,0,,,,,,,
ChhpQKlFUiZ,reel,https://www.instagram.com/thedogist/reel/ChhpQKlFUiZ/,queued,0,0,,0,0,0,,,0,0,0,0,0,0,,,,,,,,,0,,,,,,,
ChfEBJcLuyH,p,https://www.instagram.com/thedogist/p/ChfEBJcLuyH/,queued,0,0,,0,0,0,,,0,0,0,0,0,0,,,,,,,,,0,,,,,,,
Chckle6lYZ9,reel,https://www.instagram.com/thedogist/reel/Chckle6lYZ9/,queued,0,0,,0,0,0,,,0,0,0,0,0,0,,,,,,,,,0,,,,,,,
ChaDEpigI2j,p,https://www.instagram.com/thedogist/p/ChaDEpigI2j/,queued,0,0,,0,0,0,,,0,0,0,0,0,0,,,,,,,,,0,,,,,,,
ChXUaKXlNHj,reel,https://www.instagram.com/thedogist/reel/ChXUaKXlNHj/,queued,0,0,,0,0,0,,,0,0,0,0,0,0,,,,,,,,,0,,,,,,,
ChU9a4PrKYl,p,https://www.instagram.com/thedogist/p/ChU9a4PrKYl/,queued,0,0,,0,0,0,,,0,0,0,0,0,0,,,,,,,,,0,,,,,,,
ChSMeE9FZgo,reel,https://www.instagram.com/thedogist/reel/ChSMeE9FZgo/,queued,0,0,,0,0,0,,,0,0,0,0,0,0,,,,,,,,,0,,,,,,,
ChPvPwxrAW9,p,https://www.instagram.com/thedogist/p/ChPvPwxrAW9/,queued,0,0,,0,0,0,,,0,0,0,0,0,0,,,,,,,,,0,,,,,,,
ChM8dMplNTK,reel,https://www.instagram.com/thedogist/reel/ChM8dMplNTK/,queued,0,0,,0,0,0,,,0,0,0,0,0,0,,,,,,,,,0,,,,,,,
ChKgPVOrWr7,p,https://www.instagram.com/thedogist/p/ChKgPVOrWr7/,queued,0,0,,0,0,0,,,0,0,0,0,0,0,,,,,,,,,0,,,,,,,
ChIUbx_F_h9,reel,https://www.instagram.com/thedogist/reel/ChIUbx_F_h9/,queued,0,0,,0,0,0,,,0,0,0,0,0,0,,,,,,,,,0,,,,,,,
ChFe3KdrkJq,p,https://www.instagram.com/thedogist/p/ChFe3KdrkJq/,queued,0,0,,0,0,0,,,0,0,0,0,0,0,,,,,,,,,0,,,,,,,
ChCpIpslADt,reel,https://www.instagram.com/thedogist/reel/ChCpIpslADt/,queued,0,0,,0,0,0,,,0,0,0,0,0,0,,,,,,,,,0,,,,,,,
ChAk3pPrLoA,p,https://www.instagram.com/thedogist/p/ChAk3pPrLoA/,queued,0,0,,0,0,0,,,0,0,0,0,0,0,,,,,,,,,0,,,,,,,
Cg9nisnl7rI,reel,https://www.instagram.com/thedogist/reel/Cg9nisnl7rI/,queued,0,0,,0,0,0,,,0,0,0,0,0,0,,,,,,,,,0,,,,,,,
Cg7X19sLMRI,p,https://www.instagram.com/thedogist/p/Cg7X19sLMRI/,queued,0,0,,0,0,0,,,0,0,0,0,0,0,,,,,,,,,0,,,,,,,
Cg4cr4XlVnu,reel,https://www.instagram.com/thedogist/reel/Cg4cr4XlVnu/,queued,0,0,,0,0,0,,,0,0,0,0,0,0,,,,,,,,,0,,,,,,,
Cg2IN_sLb0O,p,https://www.instagram.com/thedogist/p/Cg2IN_sLb0O/,queued,0,0,,0,0,0,,,0,0,0,0,0,0,,,,,,,,,0,,,,,,,
CgzTjDblE3s,reel,https://www.instagram.com/thedogist/reel/CgzTjDblE3s/,queued,0,0,,0,0,0,,,0,0,0,0,0,0,,,,,,,,,0,,,,,,,
CgxCdLfrWc-,p,https://www.instagram.com/thedogist/p/CgxCdLfrWc-/,queued,0,0,,0,0,0,,,0,0,0,0,0,0,,,,,,,,,0,,,,,,,
CguWjG9FxyJ,reel,https://www.instagram.com/thedogist/reel/CguWjG9FxyJ/,queued,0,0,,0,0,0,,,0,0,0,0,0,0,,,,,,,,,0,,,,,,,
Cgrv-EUL2tg,p,https://www.instagram.com/thedogist/p/Cgrv-EUL2tg/,queued,0,0,,0,0,0,,,0,0,0,0,0,0,,,,,,,,,0,,,,,,,
CgpJc4MFdTS,reel,https://www.instagram.com/thedogist/reel/CgpJc4MFdTS/,queued,0,0,,0,0,0,,,0,0,0,0,0,0,,,,,,,,,0,,,,,,,
Cgm0uMULw24,p,https://www.instagram.com/thedogist/p/Cgm0uMULw24/,queued,0,0,,0,0,0,,,0,0,0,0,0,0,,,,,,,,,0,,,,,,,
Cgj5VkoFXWE,reel,https://www.instagram.com/thedogist/reel/Cgj5VkoFXWE/,queued,0,0,,0,0,0,,,0,0,0,0,0,0,,,,,,,,,0,,,,,,,
CghhaK3ru9V,p,https://www.instagram.com/thedogist/p/CghhaK3ru9V/,queued,0,0,,0,0,0,,,0,0,0,0,0,0,,,,,,,,,0,,,,,,,
Cge1WdLlTec,reel,https://www.instagram.com/thedogist/reel/Cge1WdLlTec/,queued,0,0,,0,0,0,,,0,0,0,0,0,0,,,,,,,,,0,,,,,,,
CgciOnEr5Fj,p,https://www.instagram.com/thedogist/p/CgciOnEr5Fj/,queued,0,0,,0,0,0,,,0,0,0,0,0,0,,,,,,,,,0,,,,,,,
CgZam2GFSye,reel,https://www.instagram.com/thedogist/reel/CgZam2GFSye/,queued,0,0,,0,0,0,,,0,0,0,0,0,0,,,,,,,,,0,,,,,,,
CgXNLgnrnOr,p,https://www.instagram.com/thedogist/p/CgXNLgnrnOr/,queued,0,0,,0,0,0,,,0,0,0,0,0,0,,,,,,,,,0,,,,,,,
CgUhN7ur3xq,p,https://www.instagram.com/thedogist/p/CgUhN7ur3xq/,queued,0,0,,0,0,0,,,0,0,0,0,0,0,,,,,,,,,0,,,,,,,
CgRzpYEFv6L,reel,https://www.instagram.com/thedogist/reel/CgRzpYEFv6L/,queued,0,0,,0,0,0,,,0,0,0,0,0,0,,,,,,,,,0,,,,,,,
CgPlLVYLLpq,p,https://www.instagram.com/thedogist/p/CgPlLVYLLpq/,queued,0,0,,0,0,0,,,0,0,0,0,0,0,,,,,,,,,0,,,,,,,
CgMs1p3gymU,p,https://www.instagram.com/thedogist/p/CgMs1p3gymU/,queued,0,0,,0,0,0,,,0,0,0,0,0,0,,,,,,,,,0,,,,,,,
CgKTwcClz6t,reel,https://www.instagram.com/thedogist/reel/CgKTwcClz6t/,queued,0,0,,0,0,0,,,0,0,0,0,0,0,,,,,,,,,0,,,,,,,
CgHyLapLPEE,p,https://www.instagram.com/thedogist/p/CgHyLapLPEE/,queued,0,0,,0,0,0,,,0,0,0,0,0,0,,,,,,,,,0,,,,,,,
CgE57Gcro4Y,p,https://www.instagram.com/thedogist/p/CgE57Gcro4Y/,queued,0,0,,0,0,0,,,0,0,0,0,0,0,,,,,,,,,0,,,,,,,
CgCZiyfFD-2,reel,https://www.instagram.com/thedogist/reel/CgCZiyfFD-2/,queued,0,0,,0,0,0,,,0,0,0,0,0,0,,,,,,,,,0,,,,,,,
Cf_8SPlrzFB,p,https://www.instagram.com/thedogist/p/Cf_8SPlrzFB/,queued,0,0,,0,0,0,,,0,0,0,0,0,0,,,,,,,,,0,,,,,,,
Cf9kND5rJ-u,p,https://www.instagram.com/thedogist/p/Cf9kND5rJ-u/,queued,0,0,,0,0,0,,,0,0,0,0,0,0,,,,,,,,,0,,,,,,,
Cf7AbLJFzcr,reel,https://www.instagram.com/thedogist/reel/Cf7AbLJFzcr/,queued,0,0,,0,0,0,,,0,0,0,0,0,0,,,,,,,,,0,,,,,,,
Cf4ZeYHLBXH,p,https://www.instagram.com/thedogist/p/Cf4ZeYHLBXH/,queued,0,0,,0,0,0,,,0,0,0,0,0,0,,,,,,,,,0,,,,,,,
Cf1gmd8LVQX,p,https://www.instagram.com/thedogist/p/Cf1gmd8LVQX/,queued,0,0,,0,0,0,,,0,0,0,0,0,0,,,,,,,,,0,,,,,,,
CfzHreOFxLC,reel,https://www.instagram.com/thedogist/reel/CfzHreOFxLC/,queued,0,0,,0,0,0,,,0,0,0,0,0,0,,,,,,,,,0,,,,,,,
Cfwk1Z_r0m8,p,https://www.instagram.com/thedogist/p/Cfwk1Z_r0m8/,queued,0,0,,0,0,0,,,0,0,0,0,0,0,,,,,,,,,0,,,,,,,
CfuAjhTLnpz,p,https://www.instagram.com/thedogist/p/CfuAjhTLnpz/,queued,0,0,,0,0,0,,,0,0,0,0,0,0,,,,,,,,,0,,,,,,,
CfrG0eflvll,reel,https://www.instagram.com/thedogist/reel/CfrG0eflvll/,queued,0,0,,0,0,0,,,0,0,0,0,0,0,,,,,,,,,0,,,,,,,
Cfos9qzLwr3,p,https://www.instagram.com/thedogist/p/Cfos9qzLwr3/,queued,0,0,,0,0,0,,,0,0,0,0,0,0,,,,,,,,,0,,,,,,,
CfmEby9rW_P,p,https://www.instagram.com/thedogist/p/CfmEby9rW_P/,queued,0,0,,0,0,0,,,0,0,0,0,0,0,,,,,,,,,0,,,,,,,
CfjWgWElYuh,reel,https://www.instagram.com/thedogist/reel/CfjWgWElYuh/,queued,0,0,,0,0,0,,,0,0,0,0,0,0,,,,,,,,,0,,,,,,,
Cfg5p99rlWB,p,https://www.instagram.com/thedogist/p/Cfg5p99rlWB/,queued,0,0,,0,0,0,,,0,0,0,0,0,0,,,,,,,,,0,,,,,,,
CfecYakLdDM,p,https://www.instagram.com/thedogist/p/CfecYakLdDM/,queued,0,0,,0,0,0,,,0,0,0,0,0,0,,,,,,,,,0,,,,,,,
CfbtNV9lZ4B,reel,https://www.instagram.com/thedogist/reel/CfbtNV9lZ4B/,queued,0,0,,0,0,0,,,0,0,0,0,0,0,,,,,,,,,0,,,,,,,
CfZUpQsru4g,p,https://www.instagram.com/thedogist/p/CfZUpQsru4g/,queued,0,0,,0,0,0,,,0,0,0,0,0,0,,,,,,,,,0,,,,,,,
CfWx-AHLoke,p,https://www.instagram.com/thedogist/p/CfWx-AHLoke/,queued,0,0,,0,0,0,,,0,0,0,0,0,0,,,,,,,,,0,,,,,,,
CfUIp33lmgp,reel,https://www.instagram.com/thedogist/reel/CfUIp33lmgp/,queued,0,0,,0,0,0,,,0,0,0,0,0,0,,,,,,,,,0,,,,,,,
CfSI-DlrdcI,p,https://www.instagram.com/thedogist/p/CfSI-DlrdcI/,queued,0,0,,0,0,0,,,0,0,0,0,0,0,,,,,,,,,0,,,,,,,
CfO56CNryge,p,https://www.instagram.com/thedogist/p/CfO56CNryge/,queued,0,0,,0,0,0,,,0,0,0,0,0,0,,,,,,,,,0,,,,,,,
CfMUsFplatQ,reel,https://www.instagram.com/thedogist/reel/CfMUsFplatQ/,queued,0,0,,0,0,0,,,0,0,0,0,0,0,,,,,,,,,0,,,,,,,
CfKTWkdv365,p,https://www.instagram.com/thedogist/p/CfKTWkdv365/,queued,0,0,,0,0,0,,,0,0,0,0,0,0,,,,,,,,,0,,,,,,,
CfIvBULO0gI,p,https://www.instagram.com/thedogist/p/CfIvBULO0gI/,queued,0,0,,0,0,0,,,0,0,0,0,0,0,,,,,,,,,0,,,,,,,
CfHiJGRF0Mz,reel,https://www.instagram.com/thedogist/reel/CfHiJGRF0Mz/,queued,0,0,,0,0,0,,,0,0,0,0,0,0,,,,,,,,,0,,,,,,,
CfFHhJxvDcE,p,https://www.instagram.com/thedogist/p/CfFHhJxvDcE/,queued,0,0,,0,0,0,,,0,0,0,0,0,0,,,,,,,,,0,,,,,,,
CfCU9g9rro2,p,https://www.instagram.com/thedogist/p/CfCU9g9rro2/,queued,0,0,,0,0,0,,,0,0,0,0,0,0,,,,,,,,,0,,,,,,,
Ce_eLTDlo4H,reel,https://www.instagram.com/thedogist/reel/Ce_eLTDlo4H/,queued,0,0,,0,0,0,,,0,0,0,0,0,0,,,,,,,,,0,,,,,,,
Ce8-yvkr6Rs,p,https://www.instagram.com/thedogist/p/Ce8-yvkr6Rs/,queued,0,0,,0,0,0,,,0,0,0,0,0,0,,,,,,,,,0,,,,,,,
Ce6QSqrFwu0,reel,https://www.instagram.com/thedogist/reel/Ce6QSqrFwu0/,queued,0,0,,0,0,0,,,0,0,0,0,0,0,,,,,,,,,0,,,,,,,
Ce38ZCDrnm0,p,https://www.instagram.com/thedogist/p/Ce38ZCDrnm0/,queued,0,0,,0,0,0,,,0,0,0,0,0,0,,,,,,,,,0,,,,,,,
Ce1QiaPllx4,reel,https://www.instagram.com/thedogist/reel/Ce1QiaPllx4/,queued,0,0,,0,0,0,,,0,0,0,0,0,0,,,,,,,,,0,,,,,,,
Cey-wRFpyNh,p,https://www.instagram.com/thedogist/p/Cey-wRFpyNh/,queued,0,0,,0,0,0,,,0,0,0,0,0,0,,,,,,,,,0,,,,,,,
CewTZKkrYwC,p,https://www.instagram.com/thedogist/p/CewTZKkrYwC/,queued,0,0,,0,0,0,,,0,0,0,0,0,0,,,,,,,,,0,,,,,,,
CetaSvCl0xM,reel,https://www.instagram.com/thedogist/reel/CetaSvCl0xM/,queued,0,0,,0,0,0,,,0,0,0,0,0,0,,,,,,,,,0,,,,,,,
CerP1i1LQ_E,p,https://www.instagram.com/thedogist/p/CerP1i1LQ_E/,queued,0,0,,0,0,0,,,0,0,0,0,0,0,,,,,,,,,0,,,,,,,
CeocsUxrGV3,p,https://www.instagram.com/thedogist/p/CeocsUxrGV3/,queued,0,0,,0,0,0,,,0,0,0,0,0,0,,,,,,,,,0,,,,,,,
CemD9EqFBcD,reel,https://www.instagram.com/thedogist/reel/CemD9EqFBcD/,queued,0,0,,0,0,0,,,0,0,0,0,0,0,,,,,,,,,0,,,,,,,
CejTSfPr0nJ,p,https://www.instagram.com/thedogist/p/CejTSfPr0nJ/,queued,0,0,,0,0,0,,,0,0,0,0,0,0,,,,,,,,,0,,,,,,,
Cegs4mYLeH0,p,https://www.instagram.com/thedogist/p/Cegs4mYLeH0/,queued,0,0,,0,0,0,,,0,0,0,0,0,0,,,,,,,,,0,,,,,,,
CeeXGhYJ-Go,reel,https://www.instagram.com/thedogist/reel/CeeXGhYJ-Go/,queued,0,0,,0,0,0,,,0,0,0,0,0,0,,,,,,,,,0,,,,,,,
CebxMmLrxLl,p,https://www.instagram.com/thedogist/p/CebxMmLrxLl/,queued,0,0,,0,0,0,,,0,0,0,0,0,0,,,,,,,,,0,,,,,,,
CeY_9qNL8A5,p,https://www.instagram.com/thedogist/p/CeY_9qNL8A5/,queued,0,0,,0,0,0,,,0,0,0,0,0,0,,,,,,,,,0,,,,,,,
CeWXZNnFV3y,reel,https://www.instagram.com/thedogist/reel/CeWXZNnFV3y/,queued,0,0,,0,0,0,,,0,0,0,0,0,0,,,,,,,,,0,,,,,,,
CeULYnAPaax,p,https://www.instagram.com/thedogist/p/CeULYnAPaax/,queued,0,0,,0,0,0,,,0,0,0,0,0,0,,,,,,,,,0,,,,,,,
CeRLgbHrMO4,p,https://www.instagram.com/thedogist/p/CeRLgbHrMO4/,queued,0,0,,0,0,0,,,0,0,0,0,0,0,,,,,,,,,0,,,,,,,
CeO003mFbyX,reel,https://www.instagram.com/thedogist/reel/CeO003mFbyX/,queued,0,0,,0,0,0,,,0,0,0,0,0,0,,,,,,,,,0,,,,,,,
CeMTxM2r3Wm,p,https://www.instagram.com/thedogist/p/CeMTxM2r3Wm/,queued,0,0,,0,0,0,,,0,0,0,0,0,0,,,,,,,,,0,,,,,,,
CeJgug6rm7I,p,https://www.instagram.com/thedogist/p/CeJgug6rm7I/,queued,0,0,,0,0,0,,,0,0,0,0,0,0,,,,,,,,,0,,,,,,,
CeHCcN6Lly8,p,https://www.instagram.com/thedogist/p/CeHCcN6Lly8/,queued,0,0,,0,0,0,,,0,0,0,0,0,0,,,,,,,,,0,,,,,,,
CeEaYhHLwj4,p,https://www.instagram.com/thedogist/p/CeEaYhHLwj4/,queued,0,0,,0,0,0,,,0,0,0,0,0,0,,,,,,,,,0,,,,,,,
CeBka_uFPkV,reel,https://www.instagram.com/thedogist/reel/CeBka_uFPkV/,queued,0,0,,0,0,0,,,0,0,0,0,0,0,,,,,,,,,0,,,,,,,
Cd_LgL0rdGD,p,https://www.instagram.com/thedogist/p/Cd_LgL0rdGD/,queued,0,0,,0,0,0,,,0,0,0,0,0,0,,,,,,,,,0,,,,,,,
Cd8jsKbrqt0,p,https://www.instagram.com/thedogist/p/Cd8jsKbrqt0/,queued,0,0,,0,0,0,,,0,0,0,0,0,0,,,,,,,,,0,,,,,,,
Cd58WchFEdE,reel,https://www.instagram.com/thedogist/reel/Cd58WchFEdE/,queued,0,0,,0,0,0,,,0,0,0,0,0,0,,,,,,,,,0,,,,,,,
Cd3cKjlLDHS,p,https://www.instagram.com/thedogist/p/Cd3cKjlLDHS/,queued,0,0,,0,0,0,,,0,0,0,0,0,0,,,,,,,,,0,,,,,,,
Cd0sJFDLL-R,p,https://www.instagram.com/thedogist/p/Cd0sJFDLL-R/,queued,0,0,,0,0,0,,,0,0,0,0,0,0,,,,,,,,,0,,,,,,,
Cdyc0uDraC4,p,https://www.instagram.com/thedogist/p/Cdyc0uDraC4/,queued,0,0,,0,0,0,,,0,0,0,0,0,0,,,,,,,,,0,,,,,,,
Cdv6WuyLqKe,p,https://www.instagram.com/thedogist/p/Cdv6WuyLqKe/,queued,0,0,,0,0,0,,,0,0,0,0,0,0,,,,,,,,,0,,,,,,,
CdtNdUwradM,p,https://www.instagram.com/thedogist/p/CdtNdUwradM/,queued,0,0,,0,0,0,,,0,0,0,0,0,0,,,,,,,,,0,,,,,,,
Cdqstg4r8H5,p,https://www.instagram.com/thedogist/p/Cdqstg4r8H5/,queued,0,0,,0,0,0,,,0,0,0,0,0,0,,,,,,,,,0,,,,,,,
CdoKJMfr43F,p,https://www.instagram.com/thedogist/p/CdoKJMfr43F/,queued,0,0,,0,0,0,,,0,0,0,0,0,0,,,,,,,,,0,,,,,,,
CdlUDXOL1Pt,p,https://www.instagram.com/thedogist/p/CdlUDXOL1Pt/,queued,0,0,,0,0,0,,,0,0,0,0,0,0,,,,,,,,,0,,,,,,,
Cdi6fW1rXGg,p,https://www.instagram.com/thedogist/p/Cdi6fW1rXGg/,queued,0,0,,0,0,0,,,0,0,0,0,0,0,,,,,,,,,0,,,,,,,
CdgWP8Ylmg0,reel,https://www.instagram.com/thedogist/reel/CdgWP8Ylmg0/,queued,0,0,,0,0,0,,,0,0,0,0,0,0,,,,,,,,,0,,,,,,,
Cddv_YALfk7,p,https://www.instagram.com/thedogist/p/Cddv_YALfk7/,queued,0,0,,0,0,0,,,0,0,0,0,0,0,,,,,,,,,0,,,,,,,
CdbL4DKrcDO,p,https://www.instagram.com/thedogist/p/CdbL4DKrcDO/,queued,0,0,,0,0,0,,,0,0,0,0,0,0,,,,,,,,,0,,,,,,,
CdZH16vrbE0,p,https://www.instagram.com/thedogist/p/CdZH16vrbE0/,queued,0,0,,0,0,0,,,0,0,0,0,0,0,,,,,,,,,0,,,,,,,
CdWT__-r_3P,p,https://www.instagram.com/thedogist/p/CdWT__-r_3P/,queued,0,0,,0,0,0,,,0,0,0,0,0,0,,,,,,,,,0,,,,,,,
CdT2jHlrJBQ,p,https://www.instagram.com/thedogist/p/CdT2jHlrJBQ/,queued,0,0,,0,0,0,,,0,0,0,0,0,0,,,,,,,,,0,,,,,,,
CdQ7T_jlpcr,reel,https://www.instagram.com/thedogist/reel/CdQ7T_jlpcr/,queued,0,0,,0,0,0,,,0,0,0,0,0,0,,,,,,,,,0,,,,,,,
CdOUrDcLYrE,p,https://www.instagram.com/thedogist/p/CdOUrDcLYrE/,queued,0,0,,0,0,0,,,0,0,0,0,0,0,,,,,,,,,0,,,,,,,
CdLsgVrrY2F,p,https://www.instagram.com/thedogist/p/CdLsgVrrY2F/,queued,0,0,,0,0,0,,,0,0,0,0,0,0,,,,,,,,,0,,,,,,,
CdJgy4nrRK2,p,https://www.instagram.com/thedogist/p/CdJgy4nrRK2/,queued,0,0,,0,0,0,,,0,0,0,0,0,0,,,,,,,,,0,,,,,,,
CdGjRRilWig,reel,https://www.instagram.com/thedogist/reel/CdGjRRilWig/,queued,0,0,,0,0,0,,,0,0,0,0,0,0,,,,,,,,,0,,,,,,,
CdEuUzerXeC,p,https://www.instagram.com/thedogist/p/CdEuUzerXeC/,queued,0,0,,0,0,0,,,0,0,0,0,0,0,,,,,,,,,0,,,,,,,
CdBZL5Yrvb-,p,https://www.instagram.com/thedogist/p/CdBZL5Yrvb-/,queued,0,0,,0,0,0,,,0,0,0,0,0,0,,,,,,,,,0,,,,,,,
Cc-6JH5Lnma,p,https://www.instagram.com/thedogist/p/Cc-6JH5Lnma/,queued,0,0,,0,0,0,,,0,0,0,0,0,0,,,,,,,,,0,,,,,,,
Cc8Dc_OLGtK,p,https://www.instagram.com/thedogist/p/Cc8Dc_OLGtK/,queued,0,0,,0,0,0,,,0,0,0,0,0,0,,,,,,,,,0,,,,,,,
Cc5eCrCFG0_,reel,https://www.instagram.com/thedogist/reel/Cc5eCrCFG0_/,queued,0,0,,0,0,0,,,0,0,0,0,0,0,,,,,,,,,0,,,,,,,
Cc3TtBDrd8-,p,https://www.instagram.com/thedogist/p/Cc3TtBDrd8-/,queued,0,0,,0,0,0,,,0,0,0,0,0,0,,,,,,,,,0,,,,,,,
Cc0glX3LWPu,p,https://www.instagram.com/thedogist/p/Cc0glX3LWPu/,queued,0,0,,0,0,0,,,0,0,0,0,0,0,,,,,,,,,0,,,,,,,
CcyImJ3rMF6,p,https://www.instagram.com/thedogist/p/CcyImJ3rMF6/,queued,0,0,,0,0,0,,,0,0,0,0,0,0,,,,,,,,,0,,,,,,,
CcvbIPGLdxC,p,https://www.instagram.com/thedogist/p/CcvbIPGLdxC/,queued,0,0,,0,0,0,,,0,0,0,0,0,0,,,,,,,,,0,,,,,,,
Ccs-vtoLAiJ,p,https://www.instagram.com/thedogist/p/Ccs-vtoLAiJ/,queued,0,0,,0,0,0,,,0,0,0,0,0,0,,,,,,,,,0,,,,,,,
CcqUug8lIAg,reel,https://www.instagram.com/thedogist/reel/CcqUug8lIAg/,queued,0,0,,0,0,0,,,0,0,0,0,0,0,,,,,,,,,0,,,,,,,
Ccnvtq2LwON,p,https://www.instagram.com/thedogist/p/Ccnvtq2LwON/,queued,0,0,,0,0,0,,,0,0,0,0,0,0,,,,,,,,,0,,,,,,,
Cck7q_FrIuA,p,https://www.instagram.com/thedogist/p/Cck7q_FrIuA/,queued,0,0,,0,0,0,,,0,0,0,0,0,0,,,,,,,,,0,,,,,,,
CcijKZKrMSM,p,https://www.instagram.com/thedogist/p/CcijKZKrMSM/,queued,0,0,,0,0,0,,,0,0,0,0,0,0,,,,,,,,,0,,,,,,,
CcgJdRoLb9i,p,https://www.instagram.com/thedogist/p/CcgJdRoLb9i/,queued,0,0,,0,0,0,,,0,0,0,0,0,0,,,,,,,,,0,,,,,,,
CcdV__5roBv,p,https://www.instagram.com/thedogist/p/CcdV__5roBv/,queued,0,0,,0,0,0,,,0,0,0,0,0,0,,,,,,,,,0,,,,,,,
Cca7xs2LHhK,p,https://www.instagram.com/thedogist/p/Cca7xs2LHhK/,queued,0,0,,0,0,0,,,0,0,0,0,0,0,,,,,,,,,0,,,,,,,
CcYY5S0LOYn,p,https://www.instagram.com/thedogist/p/CcYY5S0LOYn/,queued,0,0,,0,0,0,,,0,0,0,0,0,0,,,,,,,,,0,,,,,,,
CcVfuYqr-XV,p,https://www.instagram.com/thedogist/p/CcVfuYqr-XV/,queued,0,0,,0,0,0,,,0,0,0,0,0,0,,,,,,,,,0,,,,,,,
CcTe4Z6PLOp,p,https://www.instagram.com/thedogist/p/CcTe4Z6PLOp/,queued,0,0,,0,0,0,,,0,0,0,0,0,0,,,,,,,,,0,,,,,,,
CcQoDuIrlZa,p,https://www.instagram.com/thedogist/p/CcQoDuIrlZa/,queued,0,0,,0,0,0,,,0,0,0,0,0,0,,,,,,,,,0,,,,,,,
CcN4EXNLxIP,p,https://www.instagram.com/potus46archive/p/CcN4EXNLxIP/,queued,0,0,,0,0,0,,,0,0,0,0,0,0,,,,,,,,,0,,,,,,,
CcLectYr1Jw,p,https://www.instagram.com/thedogist/p/CcLectYr1Jw/,queued,0,0,,0,0,0,,,0,0,0,0,0,0,,,,,,,,,0,,,,,,,
CcJKq2SrXTj,p,https://www.instagram.com/thedogist/p/CcJKq2SrXTj/,queued,0,0,,0,0,0,,,0,0,0,0,0,0,,,,,,,,,0,,,,,,,
CcGB2xmFapS,reel,https://www.instagram.com/thedogist/reel/CcGB2xmFapS/,queued,0,0,,0,0,0,,,0,0,0,0,0,0,,,,,,,,,0,,,,,,,
CcEE_JFraPj,p,https://www.instagram.com/thedogist/p/CcEE_JFraPj/,queued,0,0,,0,0,0,,,0,0,0,0,0,0,,,,,,,,,0,,,,,,,
CcA4ulore6x,p,https://www.instagram.com/thedogist/p/CcA4ulore6x/,queued,0,0,,0,0,0,,,0,0,0,0,0,0,,,,,,,,,0,,,,,,,
Cb-wY-4riWc,p,https://www.instagram.com/thedogist/p/Cb-wY-4riWc/,queued,0,0,,0,0,0,,,0,0,0,0,0,0,,,,,,,,,0,,,,,,,
Cb8Di71LuyI,p,https://www.instagram.com/thedogist/p/Cb8Di71LuyI/,queued,0,0,,0,0,0,,,0,0,0,0,0,0,,,,,,,,,0,,,,,,,
Cb5ccUyLaTp,p,https://www.instagram.com/thedogist/p/Cb5ccUyLaTp/,queued,0,0,,0,0,0,,,0,0,0,0,0,0,,,,,,,,,0,,,,,,,
Cb2gzLSLyNQ,p,https://www.instagram.com/thedogist/p/Cb2gzLSLyNQ/,queued,0,0,,0,0,0,,,0,0,0,0,0,0,,,,,,,,,0,,,,,,,
Cb0B-QsLo4o,p,https://www.instagram.com/thedogist/p/Cb0B-QsLo4o/,queued,0,0,,0,0,0,,,0,0,0,0,0,0,,,,,,,,,0,,,,,,,
Cbxa2K2LWqo,p,https://www.instagram.com/thedogist/p/Cbxa2K2LWqo/,queued,0,0,,0,0,0,,,0,0,0,0,0,0,,,,,,,,,0,,,,,,,
CbvXe0aLPgH,p,https://www.instagram.com/thedogist/p/CbvXe0aLPgH/,queued,0,0,,0,0,0,,,0,0,0,0,0,0,,,,,,,,,0,,,,,,,
CbscCkMLobo,p,https://www.instagram.com/thedogist/p/CbscCkMLobo/,queued,0,0,,0,0,0,,,0,0,0,0,0,0,,,,,,,,,0,,,,,,,
Cbp-GgerdrS,p,https://www.instagram.com/thedogist/p/Cbp-GgerdrS/,queued,0,0,,0,0,0,,,0,0,0,0,0,0,,,,,,,,,0,,,,,,,
CbnVlJfrIfX,p,https://www.instagram.com/thedogist/p/CbnVlJfrIfX/,queued,0,0,,0,0,0,,,0,0,0,0,0,0,,,,,,,,,0,,,,,,,
Cbkwo_5L8m8,p,https://www.instagram.com/thedogist/p/Cbkwo_5L8m8/,queued,0,0,,0,0,0,,,0,0,0,0,0,0,,,,,,,,,0,,,,,,,
CbiD4cwrfS2,p,https://www.instagram.com/thedogist/p/CbiD4cwrfS2/,queued,0,0,,0,0,0,,,0,0,0,0,0,0,,,,,,,,,0,,,,,,,
CbfgRSCgYvX,p,https://www.instagram.com/thedogist/p/CbfgRSCgYvX/,queued,0,0,,0,0,0,,,0,0,0,0,0,0,,,,,,,,,0,,,,,,,
CbdRRx2LiVa,p,https://www.instagram.com/thedogist/p/CbdRRx2LiVa/,queued,0,0,,0,0,0,,,0,0,0,0,0,0,,,,,,,,,0,,,,,,,
CbamqUQrvLJ,p,https://www.instagram.com/thedogist/p/CbamqUQrvLJ/,queued,0,0,,0,0,0,,,0,0,0,0,0,0,,,,,,,,,0,,,,,,,
CbYDWNhFxPR,reel,https://www.instagram.com/thedogist/reel/CbYDWNhFxPR/,queued,0,0,,0,0,0,,,0,0,0,0,0,0,,,,,,,,,0,,,,,,,
CbXtoEMLquH,p,https://www.instagram.com/thedogist/p/CbXtoEMLquH/,queued,0,0,,0,0,0,,,0,0,0,0,0,0,,,,,,,,,0,,,,,,,
CbVi_lGrvs4,p,https://www.instagram.com/thedogist/p/CbVi_lGrvs4/,queued,0,0,,0,0,0,,,0,0,0,0,0,0,,,,,,,,,0,,,,,,,
CbTCH1BrxEj,p,https://www.instagram.com/thedogist/p/CbTCH1BrxEj/,queued,0,0,,0,0,0,,,0,0,0,0,0,0,,,,,,,,,0,,,,,,,
CbQLVPLLcal,p,https://www.instagram.com/thedogist/p/CbQLVPLLcal/,queued,0,0,,0,0,0,,,0,0,0,0,0,0,,,,,,,,,0,,,,,,,
CbNiaR2LAt6,p,https://www.instagram.com/thedogist/p/CbNiaR2LAt6/,queued,0,0,,0,0,0,,,0,0,0,0,0,0,,,,,,,,,0,,,,,,,
CbLNmryrc7E,p,https://www.instagram.com/thedogist/p/CbLNmryrc7E/,queued,0,0,,0,0,0,,,0,0,0,0,0,0,,,,,,,,,0,,,,,,,
CbIVctFLj0G,p,https://www.instagram.com/thedogist/p/CbIVctFLj0G/,queued,0,0,,0,0,0,,,0,0,0,0,0,0,,,,,,,,,0,,,,,,,
CbF591BrrMT,p,https://www.instagram.com/thedogist/p/CbF591BrrMT/,queued,0,0,,0,0,0,,,0,0,0,0,0,0,,,,,,,,,0,,,,,,,
CbDdPHCLnWr,p,https://www.instagram.com/thedogist/p/CbDdPHCLnWr/,queued,0,0,,0,0,0,,,0,0,0,0,0,0,,,,,,,,,0,,,,,,,
CbBENDxPu1D,p,https://www.instagram.com/thedogist/p/CbBENDxPu1D/,queued,0,0,,0,0,0,,,0,0,0,0,0,0,,,,,,,,,0,,,,,,,
Ca-m517r3z7,p,https://www.instagram.com/thedogist/p/Ca-m517r3z7/,queued,0,0,,0,0,0,,,0,0,0,0,0,0,,,,,,,,,0,,,,,,,
Ca7q9A3rngS,p,https://www.instagram.com/thedogist/p/Ca7q9A3rngS/,queued,0,0,,0,0,0,,,0,0,0,0,0,0,,,,,,,,,0,,,,,,,
Ca5RQqXvNDP,p,https://www.instagram.com/thedogist/p/Ca5RQqXvNDP/,queued,0,0,,0,0,0,,,0,0,0,0,0,0,,,,,,,,,0,,,,,,,
Ca2loohrTvn,p,https://www.instagram.com/thedogist/p/Ca2loohrTvn/,queued,0,0,,0,0,0,,,0,0,0,0,0,0,,,,,,,,,0,,,,,,,
Ca0GAUFPknd,p,https://www.instagram.com/thedogist/p/Ca0GAUFPknd/,queued,0,0,,0,0,0,,,0,0,0,0,0,0,,,,,,,,,0,,,,,,,
CaxbOaWJEQu,p,https://www.instagram.com/thedogist/p/CaxbOaWJEQu/,queued,0,0,,0,0,0,,,0,0,0,0,0,0,,,,,,,,,0,,,,,,,
CavASsrPA1N,p,https://www.instagram.com/thedogist/p/CavASsrPA1N/,queued,0,0,,0,0,0,,,0,0,0,0,0,0,,,,,,,,,0,,,,,,,
CasHHMCr-cC,p,https://www.instagram.com/thedogist/p/CasHHMCr-cC/,queued,0,0,,0,0,0,,,0,0,0,0,0,0,,,,,,,,,0,,,,,,,
CapsFzSLJCW,p,https://www.instagram.com/thedogist/p/CapsFzSLJCW/,queued,0,0,,0,0,0,,,0,0,0,0,0,0,,,,,,,,,0,,,,,,,
CanSymZP4IQ,p,https://www.instagram.com/thedogist/p/CanSymZP4IQ/,queued,0,0,,0,0,0,,,0,0,0,0,0,0,,,,,,,,,0,,,,,,,
CakcTKKrFnv,p,https://www.instagram.com/thedogist/p/CakcTKKrFnv/,queued,0,0,,0,0,0,,,0,0,0,0,0,0,,,,,,,,,0,,,,,,,
Cah6ozDrapV,p,https://www.instagram.com/thedogist/p/Cah6ozDrapV/,queued,0,0,,0,0,0,,,0,0,0,0,0,0,,,,,,,,,0,,,,,,,
CaffGeXPAk_,p,https://www.instagram.com/thedogist/p/CaffGeXPAk_/,queued,0,0,,0,0,0,,,0,0,0,0,0,0,,,,,,,,,0,,,,,,,
Cac7Dj2PAoM,p,https://www.instagram.com/thedogist/p/Cac7Dj2PAoM/,queued,0,0,,0,0,0,,,0,0,0,0,0,0,,,,,,,,,0,,,,,,,
CaaRU-Qru8r,p,https://www.instagram.com/thedogist/p/CaaRU-Qru8r/,queued,0,0,,0,0,0,,,0,0,0,0,0,0,,,,,,,,,0,,,,,,,
CaXrEe4JXqO,p,https://www.instagram.com/thedogist/p/CaXrEe4JXqO/,queued,0,0,,0,0,0,,,0,0,0,0,0,0,,,,,,,,,0,,,,,,,
CaU9iOQLjhq,p,https://www.instagram.com/thedogist/p/CaU9iOQLjhq/,queued,0,0,,0,0,0,,,0,0,0,0,0,0,,,,,,,,,0,,,,,,,
CaSfEGuLHiM,p,https://www.instagram.com/thedogist/p/CaSfEGuLHiM/,queued,0,0,,0,0,0,,,0,0,0,0,0,0,,,,,,,,,0,,,,,,,
CaQC399v11v,p,https://www.instagram.com/thedogist/p/CaQC399v11v/,queued,0,0,,0,0,0,,,0,0,0,0,0,0,,,,,,,,,0,,,,,,,
CaNfkqBPMH-,p,https://www.instagram.com/thedogist/p/CaNfkqBPMH-/,queued,0,0,,0,0,0,,,0,0,0,0,0,0,,,,,,,,,0,,,,,,,
CaKyp5MLznc,p,https://www.instagram.com/thedogist/p/CaKyp5MLznc/,queued,0,0,,0,0,0,,,0,0,0,0,0,0,,,,,,,,,0,,,,,,,
CaH50eUFreX,reel,https://www.instagram.com/thedogist/reel/CaH50eUFreX/,queued,0,0,,0,0,0,,,0,0,0,0,0,0,,,,,,,,,0,,,,,,,
CaF7JwJvZ1H,p,https://www.instagram.com/thedogist/p/CaF7JwJvZ1H/,queued,0,0,,0,0,0,,,0,0,0,0,0,0,,,,,,,,,0,,,,,,,
CaDLqdsvpTp,p,https://www.instagram.com/thedogist/p/CaDLqdsvpTp/,queued,0,0,,0,0,0,,,0,0,0,0,0,0,,,,,,,,,0,,,,,,,
CaAmWYdriwu,p,https://www.instagram.com/thedogist/p/CaAmWYdriwu/,queued,0,0,,0,0,0,,,0,0,0,0,0,0,,,,,,,,,0,,,,,,,
CZ-AYjSPInF,p,https://www.instagram.com/thedogist/p/CZ-AYjSPInF/,queued,0,0,,0,0,0,,,0,0,0,0,0,0,,,,,,,,,0,,,,,,,
CZ7G_3wLEls,p,https://www.instagram.com/thedogist/p/CZ7G_3wLEls/,queued,0,0,,0,0,0,,,0,0,0,0,0,0,,,,,,,,,0,,,,,,,
CZ4tqUIrZhR,p,https://www.instagram.com/thedogist/p/CZ4tqUIrZhR/,queued,0,0,,0,0,0,,,0,0,0,0,0,0,,,,,,,,,0,,,,,,,
CZ2RNguvY9H,p,https://www.instagram.com/thedogist/p/CZ2RNguvY9H/,queued,0,0,,0,0,0,,,0,0,0,0,0,0,,,,,,,,,0,,,,,,,
CZznb7hP4M1,p,https://www.instagram.com/thedogist/p/CZznb7hP4M1/,queued,0,0,,0,0,0,,,0,0,0,0,0,0,,,,,,,,,0,,,,,,,
CZxOTHYPMVF,p,https://www.instagram.com/thedogist/p/CZxOTHYPMVF/,queued,0,0,,0,0,0,,,0,0,0,0,0,0,,,,,,,,,0,,,,,,,
CZumUpulN16,reel,https://www.instagram.com/thedogist/reel/CZumUpulN16/,queued,0,0,,0,0,0,,,0,0,0,0,0,0,,,,,,,,,0,,,,,,,
CZsDGCCv2-V,p,https://www.instagram.com/thedogist/p/CZsDGCCv2-V/,queued,0,0,,0,0,0,,,0,0,0,0,0,0,,,,,,,,,0,,,,,,,
CZpbvtLPSgj,p,https://www.instagram.com/thedogist/p/CZpbvtLPSgj/,queued,0,0,,0,0,0,,,0,0,0,0,0,0,,,,,,,,,0,,,,,,,
CZmn8dnr6np,p,https://www.instagram.com/thedogist/p/CZmn8dnr6np/,queued,0,0,,0,0,0,,,0,0,0,0,0,0,,,,,,,,,0,,,,,,,
CZkNpatrUs8,p,https://www.instagram.com/thedogist/p/CZkNpatrUs8/,queued,0,0,,0,0,0,,,0,0,0,0,0,0,,,,,,,,,0,,,,,,,
CZhswUVPcXC,p,https://www.instagram.com/thedogist/p/CZhswUVPcXC/,queued,0,0,,0,0,0,,,0,0,0,0,0,0,,,,,,,,,0,,,,,,,
CZfDpz4L8C9,p,https://www.instagram.com/thedogist/p/CZfDpz4L8C9/,queued,0,0,,0,0,0,,,0,0,0,0,0,0,,,,,,,,,0,,,,,,,
CZciq4oPiCj,p,https://www.instagram.com/thedogist/p/CZciq4oPiCj/,queued,0,0,,0,0,0,,,0,0,0,0,0,0,,,,,,,,,0,,,,,,,
CZaAgDSPBG9,p,https://www.instagram.com/thedogist/p/CZaAgDSPBG9/,queued,0,0,,0,0,0,,,0,0,0,0,0,0,,,,,,,,,0,,,,,,,
CZXbFdCvOAj,p,https://www.instagram.com/thedogist/p/CZXbFdCvOAj/,queued,0,0,,0,0,0,,,0,0,0,0,0,0,,,,,,,,,0,,,,,,,
CZU4sMDvDW_,p,https://www.instagram.com/thedogist/p/CZU4sMDvDW_/,queued,0,0,,0,0,0,,,0,0,0,0,0,0,,,,,,,,,0,,,,,,,
CZSC4XALyMY,p,https://www.instagram.com/thedogist/p/CZSC4XALyMY/,queued,0,0,,0,0,0,,,0,0,0,0,0,0,,,,,,,,,0,,,,,,,
CZPpnFWPICO,p,https://www.instagram.com/thedogist/p/CZPpnFWPICO/,queued,0,0,,0,0,0,,,0,0,0,0,0,0,,,,,,,,,0,,,,,,,
CZNE3lqPNBM,p,https://www.instagram.com/thedogist/p/CZNE3lqPNBM/,queued,0,0,,0,0,0,,,0,0,0,0,0,0,,,,,,,,,0,,,,,,,
CZKYu6HrflD,p,https://www.instagram.com/thedogist/p/CZKYu6HrflD/,queued,0,0,,0,0,0,,,0,0,0,0,0,0,,,,,,,,,0,,,,,,,
CZIAdM2voUI,p,https://www.instagram.com/thedogist/p/CZIAdM2voUI/,queued,0,0,,0,0,0,,,0,0,0,0,0,0,,,,,,,,,0,,,,,,,
CZFUL_wLSqD,p,https://www.instagram.com/thedogist/p/CZFUL_wLSqD/,queued,0,0,,0,0,0,,,0,0,0,0,0,0,,,,,,,,,0,,,,,,,
CZC020YLby-,p,https://www.instagram.com/thedogist/p/CZC020YLby-/,queued,0,0,,0,0,0,,,0,0,0,0,0,0,,,,,,,,,0,,,,,,,
CZAMzBhL63L,p,https://www.instagram.com/thedogist/p/CZAMzBhL63L/,queued,0,0,,0,0,0,,,0,0,0,0,0,0,,,,,,,,,0,,,,,,,
CY9oskirJPB,p,https://www.instagram.com/thedogist/p/CY9oskirJPB/,queued,0,0,,0,0,0,,,0,0,0,0,0,0,,,,,,,,,0,,,,,,,
CY62vGnrw-z,p,https://www.instagram.com/thedogist/p/CY62vGnrw-z/,queued,0,0,,0,0,0,,,0,0,0,0,0,0,,,,,,,,,0,,,,,,,
CY4p5pzL5sS,p,https://www.instagram.com/thedogist/p/CY4p5pzL5sS/,queued,0,0,,0,0,0,,,0,0,0,0,0,0,,,,,,,,,0,,,,,,,
CY17wsErtmD,p,https://www.instagram.com/thedogist/p/CY17wsErtmD/,queued,0,0,,0,0,0,,,0,0,0,0,0,0,,,,,,,,,0,,,,,,,
CYzLAzsruEC,p,https://www.instagram.com/thedogist/p/CYzLAzsruEC/,queued,0,0,,0,0,0,,,0,0,0,0,0,0,,,,,,,,,0,,,,,,,
CYwiJGALxCE,p,https://www.instagram.com/thedogist/p/CYwiJGALxCE/,queued,0,0,,0,0,0,,,0,0,0,0,0,0,,,,,,,,,0,,,,,,,
CYuYQ6JrLPH,p,https://www.instagram.com/thedogist/p/CYuYQ6JrLPH/,queued,0,0,,0,0,0,,,0,0,0,0,0,0,,,,,,,,,0,,,,,,,
CYrpbwpr2EG,p,https://www.instagram.com/thedogist/p/CYrpbwpr2EG/,queued,0,0,,0,0,0,,,0,0,0,0,0,0,,,,,,,,,0,,,,,,,
CYpAOFALeyE,p,https://www.instagram.com/thedogist/p/CYpAOFALeyE/,queued,0,0,,0,0,0,,,0,0,0,0,0,0,,,,,,,,,0,,,,,,,
CYmPGVRrxlW,p,https://www.instagram.com/thedogist/p/CYmPGVRrxlW/,queued,0,0,,0,0,0,,,0,0,0,0,0,0,,,,,,,,,0,,,,,,,
CYjrLANrdo6,p,https://www.instagram.com/thedogist/p/CYjrLANrdo6/,queued,0,0,,0,0,0,,,0,0,0,0,0,0,,,,,,,,,0,,,,,,,
CYhY80Kr7dC,p,https://www.instagram.com/thedogist/p/CYhY80Kr7dC/,queued,0,0,,0,0,0,,,0,0,0,0,0,0,,,,,,,,,0,,,,,,,
CYfHMX-L7ZL,p,https://www.instagram.com/thedogist/p/CYfHMX-L7ZL/,queued,0,0,,0,0,0,,,0,0,0,0,0,0,,,,,,,,,0,,,,,,,
CYcDXp4Ljov,p,https://www.instagram.com/thedogist/p/CYcDXp4Ljov/,queued,0,0,,0,0,0,,,0,0,0,0,0,0,,,,,,,,,0,,,,,,,
CYZZYb6LYWd,p,https://www.instagram.com/thedogist/p/CYZZYb6LYWd/,queued,0,0,,0,0,0,,,0,0,0,0,0,0,,,,,,,,,0,,,,,,,
CYWyvXJLQQ_,p,https://www.instagram.com/thedogist/p/CYWyvXJLQQ_/,queued,0,0,,0,0,0,,,0,0,0,0,0,0,,,,,,,,,0,,,,,,,
CYUT16qLs4z,p,https://www.instagram.com/thedogist/p/CYUT16qLs4z/,queued,0,0,,0,0,0,,,0,0,0,0,0,0,,,,,,,,,0,,,,,,,
CYRykGVrE-u,p,https://www.instagram.com/thedogist/p/CYRykGVrE-u/,queued,0,0,,0,0,0,,,0,0,0,0,0,0,,,,,,,,,0,,,,,,,
CYPRizIrSAf,p,https://www.instagram.com/thedogist/p/CYPRizIrSAf/,queued,0,0,,0,0,0,,,0,0,0,0,0,0,,,,,,,,,0,,,,,,,
CYMlfiMrJs8,p,https://www.instagram.com/thedogist/p/CYMlfiMrJs8/,queued,0,0,,0,0,0,,,0,0,0,0,0,0,,,,,,,,,0,,,,,,,
CYKDqJJIs9X,reel,https://www.instagram.com/thedogist/reel/CYKDqJJIs9X/,queued,0,0,,0,0,0,,,0,0,0,0,0,0,,,,,,,,,0,,,,,,,
CYHiCfNrxt5,p,https://www.instagram.com/thedogist/p/CYHiCfNrxt5/,queued,0,0,,0,0,0,,,0,0,0,0,0,0,,,,,,,,,0,,,,,,,
CYExofHLHbM,p,https://www.instagram.com/thedogist/p/CYExofHLHbM/,queued,0,0,,0,0,0,,,0,0,0,0,0,0,,,,,,,,,0,,,,,,,
CYCZjnyLKSg,p,https://www.instagram.com/thedogist/p/CYCZjnyLKSg/,queued,0,0,,0,0,0,,,0,0,0,0,0,0,,,,,,,,,0,,,,,,,
CX_wFHiLZHI,p,https://www.instagram.com/thedogist/p/CX_wFHiLZHI/,queued,0,0,,0,0,0,,,0,0,0,0,0,0,,,,,,,,,0,,,,,,,
CX9PWt8LA5s,p,https://www.instagram.com/thedogist/p/CX9PWt8LA5s/,queued,0,0,,0,0,0,,,0,0,0,0,0,0,,,,,,,,,0,,,,,,,
CX6rbJULObu,p,https://www.instagram.com/thedogist/p/CX6rbJULObu/,queued,0,0,,0,0,0,,,0,0,0,0,0,0,,,,,,,,,0,,,,,,,
CX4BcXwLn8u,p,https://www.instagram.com/thedogist/p/CX4BcXwLn8u/,queued,0,0,,0,0,0,,,0,0,0,0,0,0,,,,,,,,,0,,,,,,,
CX1VUwkLg5I,p,https://www.instagram.com/thedogist/p/CX1VUwkLg5I/,queued,0,0,,0,0,0,,,0,0,0,0,0,0,,,,,,,,,0,,,,,,,
CXywlN-LrsD,p,https://www.instagram.com/thedogist/p/CXywlN-LrsD/,queued,0,0,,0,0,0,,,0,0,0,0,0,0,,,,,,,,,0,,,,,,,
CXwS50lrBNw,p,https://www.instagram.com/thedogist/p/CXwS50lrBNw/,queued,0,0,,0,0,0,,,0,0,0,0,0,0,,,,,,,,,0,,,,,,,
CXtxi8XLuwm,p,https://www.instagram.com/thedogist/p/CXtxi8XLuwm/,queued,0,0,,0,0,0,,,0,0,0,0,0,0,,,,,,,,,0,,,,,,,
CXrDmYerDvB,p,https://www.instagram.com/thedogist/p/CXrDmYerDvB/,queued,0,0,,0,0,0,,,0,0,0,0,0,0,,,,,,,,,0,,,,,,,
CXove7mLYKm,p,https://www.instagram.com/thedogist/p/CXove7mLYKm/,queued,0,0,,0,0,0,,,0,0,0,0,0,0,,,,,,,,,0,,,,,,,
CXl7w56rfrn,p,https://www.instagram.com/thedogist/p/CXl7w56rfrn/,queued,0,0,,0,0,0,,,0,0,0,0,0,0,,,,,,,,,0,,,,,,,
CXjY_dwL6Yf,p,https://www.instagram.com/thedogist/p/CXjY_dwL6Yf/,queued,0,0,,0,0,0,,,0,0,0,0,0,0,,,,,,,,,0,,,,,,,
CXg4UMirp6n,p,https://www.instagram.com/thedogist/p/CXg4UMirp6n/,queued,0,0,,0,0,0,,,0,0,0,0,0,0,,,,,,,,,0,,,,,,,
CXeVnJMvruo,p,https://www.instagram.com/thedogist/p/CXeVnJMvruo/,queued,0,0,,0,0,0,,,0,0,0,0,0,0,,,,,,,,,0,,,,,,,
CXb2KArvUYr,p,https://www.instagram.com/thedogist/p/CXb2KArvUYr/,queued,0,0,,0,0,0,,,0,0,0,0,0,0,,,,,,,,,0,,,,,,,
CXZjgXwrmSq,p,https://www.instagram.com/thedogist/p/CXZjgXwrmSq/,queued,0,0,,0,0,0,,,0,0,0,0,0,0,,,,,,,,,0,,,,,,,
CXWUnudrCGZ,p,https://www.instagram.com/thedogist/p/CXWUnudrCGZ/,queued,0,0,,0,0,0,,,0,0,0,0,0,0,,,,,,,,,0,,,,,,,
CXUDsFqrK9w,p,https://www.instagram.com/thedogist/p/CXUDsFqrK9w/,queued,0,0,,0,0,0,,,0,0,0,0,0,0,,,,,,,,,0,,,,,,,
CXROz3QrRfJ,p,https://www.instagram.com/thedogist/p/CXROz3QrRfJ/,queued,0,0,,0,0,0,,,0,0,0,0,0,0,,,,,,,,,0,,,,,,,
CXOx_OhFsnw,p,https://www.instagram.com/thedogist/p/CXOx_OhFsnw/,queued,0,0,,0,0,0,,,0,0,0,0,0,0,,,,,,,,,0,,,,,,,
CXMHvmaLy2c,p,https://www.instagram.com/thedogist/p/CXMHvmaLy2c/,queued,0,0,,0,0,0,,,0,0,0,0,0,0,,,,,,,,,0,,,,,,,
CXJt4pPrVD9,p,https://www.instagram.com/thedogist/p/CXJt4pPrVD9/,queued,0,0,,0,0,0,,,0,0,0,0,0,0,,,,,,,,,0,,,,,,,
CXHDVdYr2wL,p,https://www.instagram.com/thedogist/p/CXHDVdYr2wL/,queued,0,0,,0,0,0,,,0,0,0,0,0,0,,,,,,,,,0,,,,,,,
CXEjwfkrUwh,p,https://www.instagram.com/thedogist/p/CXEjwfkrUwh/,queued,0,0,,0,0,0,,,0,0,0,0,0,0,,,,,,,,,0,,,,,,,
CXB7REEr95a,p,https://www.instagram.com/thedogist/p/CXB7REEr95a/,queued,0,0,,0,0,0,,,0,0,0,0,0,0,,,,,,,,,0,,,,,,,
CW_mY_RrLIG,p,https://www.instagram.com/thedogist/p/CW_mY_RrLIG/,queued,0,0,,0,0,0,,,0,0,0,0,0,0,,,,,,,,,0,,,,,,,
CW8qpHzrkxd,p,https://www.instagram.com/thedogist/p/CW8qpHzrkxd/,queued,0,0,,0,0,0,,,0,0,0,0,0,0,,,,,,,,,0,,,,,,,
CW520QLrajB,p,https://www.instagram.com/thedogist/p/CW520QLrajB/,queued,0,0,,0,0,0,,,0,0,0,0,0,0,,,,,,,,,0,,,,,,,
CW31LAMLVYB,p,https://www.instagram.com/thedogist/p/CW31LAMLVYB/,queued,0,0,,0,0,0,,,0,0,0,0,0,0,,,,,,,,,0,,,,,,,
CW1PnBHLBG4,p,https://www.instagram.com/thedogist/p/CW1PnBHLBG4/,queued,0,0,,0,0,0,,,0,0,0,0,0,0,,,,,,,,,0,,,,,,,
CWyxcqPL3KK,p,https://www.instagram.com/thedogist/p/CWyxcqPL3KK/,queued,0,0,,0,0,0,,,0,0,0,0,0,0,,,,,,,,,0,,,,,,,
CWvyy3GrWsm,p,https://www.instagram.com/thedogist/p/CWvyy3GrWsm/,queued,0,0,,0,0,0,,,0,0,0,0,0,0,,,,,,,,,0,,,,,,,
CWtNGGZLrTU,p,https://www.instagram.com/thedogist/p/CWtNGGZLrTU/,queued,0,0,,0,0,0,,,0,0,0,0,0,0,,,,,,,,,0,,,,,,,
CWqwkfvrzw5,p,https://www.instagram.com/thedogist/p/CWqwkfvrzw5/,queued,0,0,,0,0,0,,,0,0,0,0,0,0,,,,,,,,,0,,,,,,,
CWoNmSXoO-z,p,https://www.instagram.com/thedogist/p/CWoNmSXoO-z/,queued,0,0,,0,0,0,,,0,0,0,0,0,0,,,,,,,,,0,,,,,,,
CWlvfZErZu8,p,https://www.instagram.com/thedogist/p/CWlvfZErZu8/,queued,0,0,,0,0,0,,,0,0,0,0,0,0,,,,,,,,,0,,,,,,,
CWjFjQ-r3wZ,p,https://www.instagram.com/thedogist/p/CWjFjQ-r3wZ/,queued,0,0,,0,0,0,,,0,0,0,0,0,0,,,,,,,,,0,,,,,,,
CWgjU2NLsw-,p,https://www.instagram.com/thedogist/p/CWgjU2NLsw-/,queued,0,0,,0,0,0,,,0,0,0,0,0,0,,,,,,,,,0,,,,,,,
CWd7J41rEut,p,https://www.instagram.com/thedogist/p/CWd7J41rEut/,queued,0,0,,0,0,0,,,0,0,0,0,0,0,,,,,,,,,0,,,,,,,
CWbf1ZWLEVJ,p,https://www.instagram.com/thedogist/p/CWbf1ZWLEVJ/,queued,0,0,,0,0,0,,,0,0,0,0,0,0,,,,,,,,,0,,,,,,,
CWYr-7vrGG6,p,https://www.instagram.com/thedogist/p/CWYr-7vrGG6/,queued,0,0,,0,0,0,,,0,0,0,0,0,0,,,,,,,,,0,,,,,,,
CWWJDHwLSVM,p,https://www.instagram.com/thedogist/p/CWWJDHwLSVM/,queued,0,0,,0,0,0,,,0,0,0,0,0,0,,,,,,,,,0,,,,,,,
CWTgLT1rpS-,p,https://www.instagram.com/thedogist/p/CWTgLT1rpS-/,queued,0,0,,0,0,0,,,0,0,0,0,0,0,,,,,,,,,0,,,,,,,
CWQ7n5ELbUF,p,https://www.instagram.com/thedogist/p/CWQ7n5ELbUF/,queued,0,0,,0,0,0,,,0,0,0,0,0,0,,,,,,,,,0,,,,,,,
CWOOUJ9rXER,p,https://www.instagram.com/thedogist/p/CWOOUJ9rXER/,queued,0,0,,0,0,0,,,0,0,0,0,0,0,,,,,,,,,0,,,,,,,
CWLwCRTLgz3,p,https://www.instagram.com/thedogist/p/CWLwCRTLgz3/,queued,0,0,,0,0,0,,,0,0,0,0,0,0,,,,,,,,,0,,,,,,,
CWJOsHpLYkp,p,https://www.instagram.com/thedogist/p/CWJOsHpLYkp/,queued,0,0,,0,0,0,,,0,0,0,0,0,0,,,,,,,,,0,,,,,,,
CWGuMsrLhRo,p,https://www.instagram.com/thedogist/p/CWGuMsrLhRo/,queued,0,0,,0,0,0,,,0,0,0,0,0,0,,,,,,,,,0,,,,,,,
CWEINEYrt6P,p,https://www.instagram.com/thedogist/p/CWEINEYrt6P/,queued,0,0,,0,0,0,,,0,0,0,0,0,0,,,,,,,,,0,,,,,,,
CWB9sBErLqm,p,https://www.instagram.com/thedogist/p/CWB9sBErLqm/,queued,0,0,,0,0,0,,,0,0,0,0,0,0,,,,,,,,,0,,,,,,,
CV_JvmXrhsn,p,https://www.instagram.com/thedogist/p/CV_JvmXrhsn/,queued,0,0,,0,0,0,,,0,0,0,0,0,0,,,,,,,,,0,,,,,,,
CV8aBQEL13z,p,https://www.instagram.com/thedogist/p/CV8aBQEL13z/,queued,0,0,,0,0,0,,,0,0,0,0,0,0,,,,,,,,,0,,,,,,,
CV50v9bLRyP,p,https://www.instagram.com/thedogist/p/CV50v9bLRyP/,queued,0,0,,0,0,0,,,0,0,0,0,0,0,,,,,,,,,0,,,,,,,
CV3VkQirMlP,p,https://www.instagram.com/thedogist/p/CV3VkQirMlP/,queued,0,0,,0,0,0,,,0,0,0,0,0,0,,,,,,,,,0,,,,,,,
CV0k4yqrbil,p,https://www.instagram.com/thedogist/p/CV0k4yqrbil/,queued,0,0,,0,0,0,,,0,0,0,0,0,0,,,,,,,,,0,,,,,,,
CVyWITbLR5I,p,https://www.instagram.com/thedogist/p/CVyWITbLR5I/,queued,0,0,,0,0,0,,,0,0,0,0,0,0,,,,,,,,,0,,,,,,,
CVvdDYBLyOF,p,https://www.instagram.com/thedogist/p/CVvdDYBLyOF/,queued,0,0,,0,0,0,,,0,0,0,0,0,0,,,,,,,,,0,,,,,,,
CVswReWogfl,p,https://www.instagram.com/thedogist/p/CVswReWogfl/,queued,0,0,,0,0,0,,,0,0,0,0,0,0,,,,,,,,,0,,,,,,,
CVqbnGIrlTi,p,https://www.instagram.com/thedogist/p/CVqbnGIrlTi/,queued,0,0,,0,0,0,,,0,0,0,0,0,0,,,,,,,,,0,,,,,,,
CVn-ABHrcpj,p,https://www.instagram.com/thedogist/p/CVn-ABHrcpj/,queued,0,0,,0,0,0,,,0,0,0,0,0,0,,,,,,,,,0,,,,,,,
CVlXEBXLg21,p,https://www.instagram.com/thedogist/p/CVlXEBXLg21/,queued,0,0,,0,0,0,,,0,0,0,0,0,0,,,,,,,,,0,,,,,,,
CVi2lBkLb0G,p,https://www.instagram.com/thedogist/p/CVi2lBkLb0G/,queued,0,0,,0,0,0,,,0,0,0,0,0,0,,,,,,,,,0,,,,,,,
CVf4j05r6tD,p,https://www.instagram.com/thedogist/p/CVf4j05r6tD/,queued,0,0,,0,0,0,,,0,0,0,0,0,0,,,,,,,,,0,,,,,,,
CVdoUgaLgBO,p,https://www.instagram.com/thedogist/p/CVdoUgaLgBO/,queued,0,0,,0,0,0,,,0,0,0,0,0,0,,,,,,,,,0,,,,,,,
CVa6BHYL8oa,p,https://www.instagram.com/thedogist/p/CVa6BHYL8oa/,queued,0,0,,0,0,0,,,0,0,0,0,0,0,,,,,,,,,0,,,,,,,
CVYh7_NLT9s,p,https://www.instagram.com/thedogist/p/CVYh7_NLT9s/,queued,0,0,,0,0,0,,,0,0,0,0,0,0,,,,,,,,,0,,,,,,,
CVVwtl9r_5Y,p,https://www.instagram.com/thedogist/p/CVVwtl9r_5Y/,queued,0,0,,0,0,0,,,0,0,0,0,0,0,,,,,,,,,0,,,,,,,
CVTe7Z3reNN,p,https://www.instagram.com/thedogist/p/CVTe7Z3reNN/,queued,0,0,,0,0,0,,,0,0,0,0,0,0,,,,,,,,,0,,,,,,,
CVQm5m-LhkS,p,https://www.instagram.com/thedogist/p/CVQm5m-LhkS/,queued,0,0,,0,0,0,,,0,0,0,0,0,0,,,,,,,,,0,,,,,,,
CVOU0ZgLb3E,p,https://www.instagram.com/thedogist/p/CVOU0ZgLb3E/,queued,0,0,,0,0,0,,,0,0,0,0,0,0,,,,,,,,,0,,,,,,,
CVLUVwJLhDz,p,https://www.instagram.com/thedogist/p/CVLUVwJLhDz/,queued,0,0,,0,0,0,,,0,0,0,0,0,0,,,,,,,,,0,,,,,,,
CVI6j_NLTfP,p,https://www.instagram.com/thedogist/p/CVI6j_NLTfP/,queued,0,0,,0,0,0,,,0,0,0,0,0,0,,,,,,,,,0,,,,,,,
CVGj8gtLjC5,p,https://www.instagram.com/thedogist/p/CVGj8gtLjC5/,queued,0,0,,0,0,0,,,0,0,0,0,0,0,,,,,,,,,0,,,,,,,
CVDtcpXr1TP,p,https://www.instagram.com/thedogist/p/CVDtcpXr1TP/,queued,0,0,,0,0,0,,,0,0,0,0,0,0,,,,,,,,,0,,,,,,,
CVBG8A7LTi4,p,https://www.instagram.com/thedogist/p/CVBG8A7LTi4/,queued,0,0,,0,0,0,,,0,0,0,0,0,0,,,,,,,,,0,,,,,,,
CU-gTjprPaW,p,https://www.instagram.com/thedogist/p/CU-gTjprPaW/,queued,0,0,,0,0,0,,,0,0,0,0,0,0,,,,,,,,,0,,,,,,,
CU7mG6cFh1V,reel,https://www.instagram.com/thedogist/reel/CU7mG6cFh1V/,queued,0,0,,0,0,0,,,0,0,0,0,0,0,,,,,,,,,0,,,,,,,
CU5bJsGLV7t,p,https://www.instagram.com/thedogist/p/CU5bJsGLV7t/,queued,0,0,,0,0,0,,,0,0,0,0,0,0,,,,,,,,,0,,,,,,,
CU2pq7JL77D,p,https://www.instagram.com/thedogist/p/CU2pq7JL77D/,queued,0,0,,0,0,0,,,0,0,0,0,0,0,,,,,,,,,0,,,,,,,
CU0JC_YLz4y,p,https://www.instagram.com/thedogist/p/CU0JC_YLz4y/,queued,0,0,,0,0,0,,,0,0,0,0,0,0,,,,,,,,,0,,,,,,,
CUxpXSML82u,p,https://www.instagram.com/thedogist/p/CUxpXSML82u/,queued,0,0,,0,0,0,,,0,0,0,0,0,0,,,,,,,,,0,,,,,,,
CUvOfKMrtyd,p,https://www.instagram.com/thedogist/p/CUvOfKMrtyd/,queued,0,0,,0,0,0,,,0,0,0,0,0,0,,,,,,,,,0,,,,,,,
CUsXCZyL5HQ,p,https://www.instagram.com/thedogist/p/CUsXCZyL5HQ/,queued,0,0,,0,0,0,,,0,0,0,0,0,0,,,,,,,,,0,,,,,,,
CUp_oytrVv8,p,https://www.instagram.com/thedogist/p/CUp_oytrVv8/,queued,0,0,,0,0,0,,,0,0,0,0,0,0,,,,,,,,,0,,,,,,,
CUn-Ej6L-CF,p,https://www.instagram.com/thedogist/p/CUn-Ej6L-CF/,queued,0,0,,0,0,0,,,0,0,0,0,0,0,,,,,,,,,0,,,,,,,
CUlG4izLk7Y,p,https://www.instagram.com/thedogist/p/CUlG4izLk7Y/,queued,0,0,,0,0,0,,,0,0,0,0,0,0,,,,,,,,,0,,,,,,,
CUh_dyCrF2f,p,https://www.instagram.com/thedogist/p/CUh_dyCrF2f/,queued,0,0,,0,0,0,,,0,0,0,0,0,0,,,,,,,,,0,,,,,,,
CUf2pwdLKsV,p,https://www.instagram.com/thedogist/p/CUf2pwdLKsV/,queued,0,0,,0,0,0,,,0,0,0,0,0,0,,,,,,,,,0,,,,,,,
CUdNwuJr83o,p,https://www.instagram.com/thedogist/p/CUdNwuJr83o/,queued,0,0,,0,0,0,,,0,0,0,0,0,0,,,,,,,,,0,,,,,,,
CUakPamr3Yo,p,https://www.instagram.com/thedogist/p/CUakPamr3Yo/,queued,0,0,,0,0,0,,,0,0,0,0,0,0,,,,,,,,,0,,,,,,,
CUYG_4_r-BW,p,https://www.instagram.com/thedogist/p/CUYG_4_r-BW/,queued,0,0,,0,0,0,,,0,0,0,0,0,0,,,,,,,,,0,,,,,,,
CUVhfuSrx2I,p,https://www.instagram.com/thedogist/p/CUVhfuSrx2I/,queued,0,0,,0,0,0,,,0,0,0,0,0,0,,,,,,,,,0,,,,,,,
CUVHYchlxHT,reel,https://www.instagram.com/thedogist/reel/CUVHYchlxHT/,queued,0,0,,0,0,0,,,0,0,0,0,0,0,,,,,,,,,0,,,,,,,
CUS74RoL9Fh,p,https://www.instagram.com/thedogist/p/CUS74RoL9Fh/,queued,0,0,,0,0,0,,,0,0,0,0,0,0,,,,,,,,,0,,,,,,,
CUQIQ81olQ6,p,https://www.instagram.com/thedogist/p/CUQIQ81olQ6/,queued,0,0,,0,0,0,,,0,0,0,0,0,0,,,,,,,,,0,,,,,,,
CUNxcrpLCQb,p,https://www.instagram.com/thedogist/p/CUNxcrpLCQb/,queued,0,0,,0,0,0,,,0,0,0,0,0,0,,,,,,,,,0,,,,,,,
CULFGHQrmzr,p,https://www.instagram.com/thedogist/p/CULFGHQrmzr/,queued,0,0,,0,0,0,,,0,0,0,0,0,0,,,,,,,,,0,,,,,,,
CUIVvMyLpSY,p,https://www.instagram.com/thedogist/p/CUIVvMyLpSY/,queued,0,0,,0,0,0,,,0,0,0,0,0,0,,,,,,,,,0,,,,,,,
CUF5tdDrJ8f,p,https://www.instagram.com/thedogist/p/CUF5tdDrJ8f/,queued,0,0,,0,0,0,,,0,0,0,0,0,0,,,,,,,,,0,,,,,,,
CUDeb2MLgEy,p,https://www.instagram.com/thedogist/p/CUDeb2MLgEy/,queued,0,0,,0,0,0,,,0,0,0,0,0,0,,,,,,,,,0,,,,,,,
CUAq6akL5d-,p,https://www.instagram.com/thedogist/p/CUAq6akL5d-/,queued,0,0,,0,0,0,,,0,0,0,0,0,0,,,,,,,,,0,,,,,,,
CT-aZxVrtrC,p,https://www.instagram.com/thedogist/p/CT-aZxVrtrC/,queued,0,0,,0,0,0,,,0,0,0,0,0,0,,,,,,,,,0,,,,,,,
CT7iWa5rhF0,p,https://www.instagram.com/thedogist/p/CT7iWa5rhF0/,queued,0,0,,0,0,0,,,0,0,0,0,0,0,,,,,,,,,0,,,,,,,
CT5JJgqr2K1,p,https://www.instagram.com/thedogist/p/CT5JJgqr2K1/,queued,0,0,,0,0,0,,,0,0,0,0,0,0,,,,,,,,,0,,,,,,,
CT2bVJ8riRb,p,https://www.instagram.com/thedogist/p/CT2bVJ8riRb/,queued,0,0,,0,0,0,,,0,0,0,0,0,0,,,,,,,,,0,,,,,,,
CT0FIN5r0V1,p,https://www.instagram.com/thedogist/p/CT0FIN5r0V1/,queued,0,0,,0,0,0,,,0,0,0,0,0,0,,,,,,,,,0,,,,,,,
CTxefAdr7qk,p,https://www.instagram.com/thedogist/p/CTxefAdr7qk/,queued,0,0,,0,0,0,,,0,0,0,0,0,0,,,,,,,,,0,,,,,,,
CTu3azDrPZm,p,https://www.instagram.com/thedogist/p/CTu3azDrPZm/,queued,0,0,,0,0,0,,,0,0,0,0,0,0,,,,,,,,,0,,,,,,,
CTsHU3DrqgA,p,https://www.instagram.com/thedogist/p/CTsHU3DrqgA/,queued,0,0,,0,0,0,,,0,0,0,0,0,0,,,,,,,,,0,,,,,,,
CTpTT8xrPsG,p,https://www.instagram.com/thedogist/p/CTpTT8xrPsG/,queued,0,0,,0,0,0,,,0,0,0,0,0,0,,,,,,,,,0,,,,,,,
CTm7-GJrolX,p,https://www.instagram.com/thedogist/p/CTm7-GJrolX/,queued,0,0,,0,0,0,,,0,0,0,0,0,0,,,,,,,,,0,,,,,,,
CTki6kDr5-P,p,https://www.instagram.com/thedogist/p/CTki6kDr5-P/,queued,0,0,,0,0,0,,,0,0,0,0,0,0,,,,,,,,,0,,,,,,,
CThp_BqrjpR,p,https://www.instagram.com/thedogist/p/CThp_BqrjpR/,queued,0,0,,0,0,0,,,0,0,0,0,0,0,,,,,,,,,0,,,,,,,
CTfJhZ_rjCW,p,https://www.instagram.com/thedogist/p/CTfJhZ_rjCW/,queued,0,0,,0,0,0,,,0,0,0,0,0,0,,,,,,,,,0,,,,,,,
CTciMe3rB2S,p,https://www.instagram.com/thedogist/p/CTciMe3rB2S/,queued,0,0,,0,0,0,,,0,0,0,0,0,0,,,,,,,,,0,,,,,,,
CTZ7v_0LIu7,p,https://www.instagram.com/thedogist/p/CTZ7v_0LIu7/,queued,0,0,,0,0,0,,,0,0,0,0,0,0,,,,,,,,,0,,,,,,,
CTXjKJorfG7,p,https://www.instagram.com/thedogist/p/CTXjKJorfG7/,queued,0,0,,0,0,0,,,0,0,0,0,0,0,,,,,,,,,0,,,,,,,
CTVDHt5LGg_,p,https://www.instagram.com/thedogist/p/CTVDHt5LGg_/,queued,0,0,,0,0,0,,,0,0,0,0,0,0,,,,,,,,,0,,,,,,,
CTSd-8iLj2G,p,https://www.instagram.com/thedogist/p/CTSd-8iLj2G/,queued,0,0,,0,0,0,,,0,0,0,0,0,0,,,,,,,,,0,,,,,,,
CTPrlQDLjQ6,p,https://www.instagram.com/thedogist/p/CTPrlQDLjQ6/,queued,0,0,,0,0,0,,,0,0,0,0,0,0,,,,,,,,,0,,,,,,,
CTNWJgBr_r7,p,https://www.instagram.com/thedogist/p/CTNWJgBr_r7/,queued,0,0,,0,0,0,,,0,0,0,0,0,0,,,,,,,,,0,,,,,,,
CTKcUu5LCIt,p,https://www.instagram.com/thedogist/p/CTKcUu5LCIt/,queued,0,0,,0,0,0,,,0,0,0,0,0,0,,,,,,,,,0,,,,,,,
CTITVIgr8a5,p,https://www.instagram.com/thedogist/p/CTITVIgr8a5/,queued,0,0,,0,0,0,,,0,0,0,0,0,0,,,,,,,,,0,,,,,,,
CTFVz3kLPHL,p,https://www.instagram.com/thedogist/p/CTFVz3kLPHL/,queued,0,0,,0,0,0,,,0,0,0,0,0,0,,,,,,,,,0,,,,,,,
CTDEvXRr8bG,p,https://www.instagram.com/thedogist/p/CTDEvXRr8bG/,queued,0,0,,0,0,0,,,0,0,0,0,0,0,,,,,,,,,0,,,,,,,
CTAeEpzLVbt,p,https://www.instagram.com/thedogist/p/CTAeEpzLVbt/,queued,0,0,,0,0,0,,,0,0,0,0,0,0,,,,,,,,,0,,,,,,,
CS-EHUvFrO_,reel,https://www.instagram.com/thedogist/reel/CS-EHUvFrO_/,queued,0,0,,0,0,0,,,0,0,0,0,0,0,,,,,,,,,0,,,,,,,
CS7bU0vrZiS,p,https://www.instagram.com/thedogist/p/CS7bU0vrZiS/,queued,0,0,,0,0,0,,,0,0,0,0,0,0,,,,,,,,,0,,,,,,,
CS5H33Ero9d,p,https://www.instagram.com/thedogist/p/CS5H33Ero9d/,queued,0,0,,0,0,0,,,0,0,0,0,0,0,,,,,,,,,0,,,,,,,
CS2U98NLgQ9,p,https://www.instagram.com/thedogist/p/CS2U98NLgQ9/,queued,0,0,,0,0,0,,,0,0,0,0,0,0,,,,,,,,,0,,,,,,,
CSzdwwul4hG,reel,https://www.instagram.com/thedogist/reel/CSzdwwul4hG/,queued,0,0,,0,0,0,,,0,0,0,0,0,0,,,,,,,,,0,,,,,,,
CSxrrHRrEAL,p,https://www.instagram.com/thedogist/p/CSxrrHRrEAL/,queued,0,0,,0,0,0,,,0,0,0,0,0,0,,,,,,,,,0,,,,,,,
CSug8DNrwbO,p,https://www.instagram.com/thedogist/p/CSug8DNrwbO/,queued,0,0,,0,0,0,,,0,0,0,0,0,0,,,,,,,,,0,,,,,,,
CSr2SG5rrXb,p,https://www.instagram.com/thedogist/p/CSr2SG5rrXb/,queued,0,0,,0,0,0,,,0,0,0,0,0,0,,,,,,,,,0,,,,,,,
CSpd2Xoraj8,p,https://www.instagram.com/thedogist/p/CSpd2Xoraj8/,queued,0,0,,0,0,0,,,0,0,0,0,0,0,,,,,,,,,0,,,,,,,
CSnNAwKrLTH,p,https://www.instagram.com/thedogist/p/CSnNAwKrLTH/,queued,0,0,,0,0,0,,,0,0,0,0,0,0,,,,,,,,,0,,,,,,,
CSkiq6Gr54z,p,https://www.instagram.com/thedogist/p/CSkiq6Gr54z/,queued,0,0,,0,0,0,,,0,0,0,0,0,0,,,,,,,,,0,,,,,,,
CShS8i7rP_v,p,https://www.instagram.com/thedogist/p/CShS8i7rP_v/,queued,0,0,,0,0,0,,,0,0,0,0,0,0,,,,,,,,,0,,,,,,,
CSe5mTaLDsQ,p,https://www.instagram.com/thedogist/p/CSe5mTaLDsQ/,queued,0,0,,0,0,0,,,0,0,0,0,0,0,,,,,,,,,0,,,,,,,
CScd8OYLcmF,p,https://www.instagram.com/thedogist/p/CScd8OYLcmF/,queued,0,0,,0,0,0,,,0,0,0,0,0,0,,,,,,,,,0,,,,,,,
CSZ8H-jrzZY,p,https://www.instagram.com/thedogist/p/CSZ8H-jrzZY/,queued,0,0,,0,0,0,,,0,0,0,0,0,0,,,,,,,,,0,,,,,,,
CSXSXDVrgew,p,https://www.instagram.com/thedogist/p/CSXSXDVrgew/,queued,0,0,,0,0,0,,,0,0,0,0,0,0,,,,,,,,,0,,,,,,,
CSUpJNYLmWT,p,https://www.instagram.com/thedogist/p/CSUpJNYLmWT/,queued,0,0,,0,0,0,,,0,0,0,0,0,0,,,,,,,,,0,,,,,,,
CSSdyiPL2Kw,p,https://www.instagram.com/thedogist/p/CSSdyiPL2Kw/,queued,0,0,,0,0,0,,,0,0,0,0,0,0,,,,,,,,,0,,,,,,,
CSPZ9uGL8C_,p,https://www.instagram.com/thedogist/p/CSPZ9uGL8C_/,queued,0,0,,0,0,0,,,0,0,0,0,0,0,,,,,,,,,0,,,,,,,
CSM_FLerSmU,p,https://www.instagram.com/thedogist/p/CSM_FLerSmU/,queued,0,0,,0,0,0,,,0,0,0,0,0,0,,,,,,,,,0,,,,,,,
CSK7FW5r5LQ,p,https://www.instagram.com/thedogist/p/CSK7FW5r5LQ/,queued,0,0,,0,0,0,,,0,0,0,0,0,0,,,,,,,,,0,,,,,,,
CSIL9pxrDlL,p,https://www.instagram.com/thedogist/p/CSIL9pxrDlL/,queued,0,0,,0,0,0,,,0,0,0,0,0,0,,,,,,,,,0,,,,,,,
CSFKMfWHBqP,p,https://www.instagram.com/thedogist/p/CSFKMfWHBqP/,queued,0,0,,0,0,0,,,0,0,0,0,0,0,,,,,,,,,0,,,,,,,
CSCaCperVPs,p,https://www.instagram.com/thedogist/p/CSCaCperVPs/,queued,0,0,,0,0,0,,,0,0,0,0,0,0,,,,,,,,,0,,,,,,,
CSABP2HL7EV,p,https://www.instagram.com/thedogist/p/CSABP2HL7EV/,queued,0,0,,0,0,0,,,0,0,0,0,0,0,,,,,,,,,0,,,,,,,
CR9fh1xL6SQ,p,https://www.instagram.com/thedogist/p/CR9fh1xL6SQ/,queued,0,0,,0,0,0,,,0,0,0,0,0,0,,,,,,,,,0,,,,,,,
CR63W30rbsW,p,https://www.instagram.com/thedogist/p/CR63W30rbsW/,queued,0,0,,0,0,0,,,0,0,0,0,0,0,,,,,,,,,0,,,,,,,
CR4HTy5Lv5x,p,https://www.instagram.com/thedogist/p/CR4HTy5Lv5x/,queued,0,0,,0,0,0,,,0,0,0,0,0,0,,,,,,,,,0,,,,,,,
CR1tcAGLFtR,p,https://www.instagram.com/thedogist/p/CR1tcAGLFtR/,queued,0,0,,0,0,0,,,0,0,0,0,0,0,,,,,,,,,0,,,,,,,
CRzNnPzLhuz,p,https://www.instagram.com/thedogist/p/CRzNnPzLhuz/,queued,0,0,,0,0,0,,,0,0,0,0,0,0,,,,,,,,,0,,,,,,,
CRwzrDKLF9c,p,https://www.instagram.com/thedogist/p/CRwzrDKLF9c/,queued,0,0,,0,0,0,,,0,0,0,0,0,0,,,,,,,,,0,,,,,,,
CRt7PBTLhb-,p,https://www.instagram.com/thedogist/p/CRt7PBTLhb-/,queued,0,0,,0,0,0,,,0,0,0,0,0,0,,,,,,,,,0,,,,,,,
CRrjR5ALkJ9,p,https://www.instagram.com/thedogist/p/CRrjR5ALkJ9/,queued,0,0,,0,0,0,,,0,0,0,0,0,0,,,,,,,,,0,,,,,,,
CRo5lyArZEJ,p,https://www.instagram.com/thedogist/p/CRo5lyArZEJ/,queued,0,0,,0,0,0,,,0,0,0,0,0,0,,,,,,,,,0,,,,,,,
CRmOsEvryDT,p,https://www.instagram.com/thedogist/p/CRmOsEvryDT/,queued,0,0,,0,0,0,,,0,0,0,0,0,0,,,,,,,,,0,,,,,,,
CRjym_TL-OV,p,https://www.instagram.com/thedogist/p/CRjym_TL-OV/,queued,0,0,,0,0,0,,,0,0,0,0,0,0,,,,,,,,,0,,,,,,,
CRhOf5_LT0r,p,https://www.instagram.com/thedogist/p/CRhOf5_LT0r/,queued,0,0,,0,0,0,,,0,0,0,0,0,0,,,,,,,,,0,,,,,,,
CResTdPL-b1,p,https://www.instagram.com/thedogist/p/CResTdPL-b1/,queued,0,0,,0,0,0,,,0,0,0,0,0,0,,,,,,,,,0,,,,,,,
CRcSqK9Lent,p,https://www.instagram.com/thedogist/p/CRcSqK9Lent/,queued,0,0,,0,0,0,,,0,0,0,0,0,0,,,,,,,,,0,,,,,,,
CRZo_pALAwK,p,https://www.instagram.com/thedogist/p/CRZo_pALAwK/,queued,0,0,,0,0,0,,,0,0,0,0,0,0,,,,,,,,,0,,,,,,,
CRXTL4ErEe6,p,https://www.instagram.com/thedogist/p/CRXTL4ErEe6/,queued,0,0,,0,0,0,,,0,0,0,0,0,0,,,,,,,,,0,,,,,,,
CRVAwF6rrCm,p,https://www.instagram.com/thedogist/p/CRVAwF6rrCm/,queued,0,0,,0,0,0,,,0,0,0,0,0,0,,,,,,,,,0,,,,,,,
CRRvid7ru8i,p,https://www.instagram.com/thedogist/p/CRRvid7ru8i/,queued,0,0,,0,0,0,,,0,0,0,0,0,0,,,,,,,,,0,,,,,,,
CRPS5GhL2CG,p,https://www.instagram.com/thedogist/p/CRPS5GhL2CG/,queued,0,0,,0,0,0,,,0,0,0,0,0,0,,,,,,,,,0,,,,,,,
CRMqnZargUt,p,https://www.instagram.com/thedogist/p/CRMqnZargUt/,queued,0,0,,0,0,0,,,0,0,0,0,0,0,,,,,,,,,0,,,,,,,
CRJ9NczL34j,p,https://www.instagram.com/thedogist/p/CRJ9NczL34j/,queued,0,0,,0,0,0,,,0,0,0,0,0,0,,,,,,,,,0,,,,,,,
CRHfzcsrIfh,p,https://www.instagram.com/thedogist/p/CRHfzcsrIfh/,queued,0,0,,0,0,0,,,0,0,0,0,0,0,,,,,,,,,0,,,,,,,
CRE9UQPr1aA,p,https://www.instagram.com/thedogist/p/CRE9UQPr1aA/,queued,0,0,,0,0,0,,,0,0,0,0,0,0,,,,,,,,,0,,,,,,,
CRCQGHQLurA,p,https://www.instagram.com/thedogist/p/CRCQGHQLurA/,queued,0,0,,0,0,0,,,0,0,0,0,0,0,,,,,,,,,0,,,,,,,
CQ_knCPLzsF,p,https://www.instagram.com/thedogist/p/CQ_knCPLzsF/,queued,0,0,,0,0,0,,,0,0,0,0,0,0,,,,,,,,,0,,,,,,,
CQ8_yRprrkh,p,https://www.instagram.com/thedogist/p/CQ8_yRprrkh/,queued,0,0,,0,0,0,,,0,0,0,0,0,0,,,,,,,,,0,,,,,,,
CQ6fzspLM8i,p,https://www.instagram.com/thedogist/p/CQ6fzspLM8i/,queued,0,0,,0,0,0,,,0,0,0,0,0,0,,,,,,,,,0,,,,,,,
CQ37wE3rNxq,p,https://www.instagram.com/thedogist/p/CQ37wE3rNxq/,queued,0,0,,0,0,0,,,0,0,0,0,0,0,,,,,,,,,0,,,,,,,
CQ1fkEQLl6j,p,https://www.instagram.com/thedogist/p/CQ1fkEQLl6j/,queued,0,0,,0,0,0,,,0,0,0,0,0,0,,,,,,,,,0,,,,,,,
CQy5tdsrhtB,p,https://www.instagram.com/thedogist/p/CQy5tdsrhtB/,queued,0,0,,0,0,0,,,0,0,0,0,0,0,,,,,,,,,0,,,,,,,
CQwKP6JlUly,reel,https://www.instagram.com/thedogist/reel/CQwKP6JlUly/,queued,0,0,,0,0,0,,,0,0,0,0,0,0,,,,,,,,,0,,,,,,,
CQtvH6qHzFO,p,https://www.instagram.com/thedogist/p/CQtvH6qHzFO/,queued,0,0,,0,0,0,,,0,0,0,0,0,0,,,,,,,,,0,,,,,,,
CQtbW-5FNNt,reel,https://www.instagram.com/thedogist/reel/CQtbW-5FNNt/,queued,0,0,,0,0,0,,,0,0,0,0,0,0,,,,,,,,,0,,,,,,,
CQrIiG5LRf9,p,https://www.instagram.com/thedogist/p/CQrIiG5LRf9/,queued,0,0,,0,0,0,,,0,0,0,0,0,0,,,,,,,,,0,,,,,,,
CQozYMRrv3E,p,https://www.instagram.com/thedogist/p/CQozYMRrv3E/,queued,0,0,,0,0,0,,,0,0,0,0,0,0,,,,,,,,,0,,,,,,,
CQl5j9qLSE3,p,https://www.instagram.com/thedogist/p/CQl5j9qLSE3/,queued,0,0,,0,0,0,,,0,0,0,0,0,0,,,,,,,,,0,,,,,,,
CQjLKGXILRE,p,https://www.instagram.com/thedogist/p/CQjLKGXILRE/,queued,0,0,,0,0,0,,,0,0,0,0,0,0,,,,,,,,,0,,,,,,,
CQgzUR8H39b,p,https://www.instagram.com/thedogist/p/CQgzUR8H39b/,queued,0,0,,0,0,0,,,0,0,0,0,0,0,,,,,,,,,0,,,,,,,
CQeUEHRnKCb,p,https://www.instagram.com/thedogist/p/CQeUEHRnKCb/,queued,0,0,,0,0,0,,,0,0,0,0,0,0,,,,,,,,,0,,,,,,,
CQbtp_WHxR0,p,https://www.instagram.com/thedogist/p/CQbtp_WHxR0/,queued,0,0,,0,0,0,,,0,0,0,0,0,0,,,,,,,,,0,,,,,,,
CQZH7Jboj2m,p,https://www.instagram.com/thedogist/p/CQZH7Jboj2m/,queued,0,0,,0,0,0,,,0,0,0,0,0,0,,,,,,,,,0,,,,,,,
CQWlHEVnzan,p,https://www.instagram.com/thedogist/p/CQWlHEVnzan/,queued,0,0,,0,0,0,,,0,0,0,0,0,0,,,,,,,,,0,,,,,,,
CQUBUaZHg4A,p,https://www.instagram.com/thedogist/p/CQUBUaZHg4A/,queued,0,0,,0,0,0,,,0,0,0,0,0,0,,,,,,,,,0,,,,,,,
CQRbJujHYoe,p,https://www.instagram.com/thedogist/p/CQRbJujHYoe/,queued,0,0,,0,0,0,,,0,0,0,0,0,0,,,,,,,,,0,,,,,,,
CQO3Qf3nJeW,p,https://www.instagram.com/thedogist/p/CQO3Qf3nJeW/,queued,0,0,,0,0,0,,,0,0,0,0,0,0,,,,,,,,,0,,,,,,,
CQMPYgdneCA,p,https://www.instagram.com/thedogist/p/CQMPYgdneCA/,queued,0,0,,0,0,0,,,0,0,0,0,0,0,,,,,,,,,0,,,,,,,
CQJtXcunx26,p,https://www.instagram.com/thedogist/p/CQJtXcunx26/,queued,0,0,,0,0,0,,,0,0,0,0,0,0,,,,,,,,,0,,,,,,,
CQJVsM5H8Qs,reel,https://www.instagram.com/thedogist/reel/CQJVsM5H8Qs/,queued,0,0,,0,0,0,,,0,0,0,0,0,0,,,,,,,,,0,,,,,,,
CQG7wLMHDlM,p,https://www.instagram.com/thedogist/p/CQG7wLMHDlM/,queued,0,0,,0,0,0,,,0,0,0,0,0,0,,,,,,,,,0,,,,,,,
CQE07yBnLD5,p,https://www.instagram.com/thedogist/p/CQE07yBnLD5/,queued,0,0,,0,0,0,,,0,0,0,0,0,0,,,,,,,,,0,,,,,,,
CQCSLm8nIpR,p,https://www.instagram.com/thedogist/p/CQCSLm8nIpR/,queued,0,0,,0,0,0,,,0,0,0,0,0,0,,,,,,,,,0,,,,,,,
CP_bA0hH9xM,p,https://www.instagram.com/thedogist/p/CP_bA0hH9xM/,queued,0,0,,0,0,0,,,0,0,0,0,0,0,,,,,,,,,0,,,,,,,
CP8u5YonR4W,p,https://www.instagram.com/thedogist/p/CP8u5YonR4W/,queued,0,0,,0,0,0,,,0,0,0,0,0,0,,,,,,,,,0,,,,,,,
CP6ByP0ndHq,p,https://www.instagram.com/thedogist/p/CP6ByP0ndHq/,queued,0,0,,0,0,0,,,0,0,0,0,0,0,,,,,,,,,0,,,,,,,
CP3psu4Lqyo,p,https://www.instagram.com/thedogist/p/CP3psu4Lqyo/,queued,0,0,,0,0,0,,,0,0,0,0,0,0,,,,,,,,,0,,,,,,,
CP1I8MenxRB,p,https://www.instagram.com/thedogist/p/CP1I8MenxRB/,queued,0,0,,0,0,0,,,0,0,0,0,0,0,,,,,,,,,0,,,,,,,
CPyYlzMnIEp,p,https://www.instagram.com/thedogist/p/CPyYlzMnIEp/,queued,0,0,,0,0,0,,,0,0,0,0,0,0,,,,,,,,,0,,,,,,,
CPvn_jYnuID,p,https://www.instagram.com/thedogist/p/CPvn_jYnuID/,queued,0,0,,0,0,0,,,0,0,0,0,0,0,,,,,,,,,0,,,,,,,
CPtSGGrnDYh,p,https://www.instagram.com/thedogist/p/CPtSGGrnDYh/,queued,0,0,,0,0,0,,,0,0,0,0,0,0,,,,,,,,,0,,,,,,,
CPql3BwHqML,p,https://www.instagram.com/thedogist/p/CPql3BwHqML/,queued,0,0,,0,0,0,,,0,0,0,0,0,0,,,,,,,,,0,,,,,,,
CPoTSSTnWwl,p,https://www.instagram.com/thedogist/p/CPoTSSTnWwl/,queued,0,0,,0,0,0,,,0,0,0,0,0,0,,,,,,,,,0,,,,,,,
CPlm0npnWm1,p,https://www.instagram.com/thedogist/p/CPlm0npnWm1/,queued,0,0,,0,0,0,,,0,0,0,0,0,0,,,,,,,,,0,,,,,,,
CPjNaBjHkTx,p,https://www.instagram.com/thedogist/p/CPjNaBjHkTx/,queued,0,0,,0,0,0,,,0,0,0,0,0,0,,,,,,,,,0,,,,,,,
CPib8LknHYb,p,https://www.instagram.com/thedogist/p/CPib8LknHYb/,queued,0,0,,0,0,0,,,0,0,0,0,0,0,,,,,,,,,0,,,,,,,
CPdxWPYHgDf,p,https://www.instagram.com/thedogist/p/CPdxWPYHgDf/,queued,0,0,,0,0,0,,,0,0,0,0,0,0,,,,,,,,,0,,,,,,,
CPbahtcHILA,p,https://www.instagram.com/thedogist/p/CPbahtcHILA/,queued,0,0,,0,0,0,,,0,0,0,0,0,0,,,,,,,,,0,,,,,,,
CPYeEqtHaZz,p,https://www.instagram.com/thedogist/p/CPYeEqtHaZz/,queued,0,0,,0,0,0,,,0,0,0,0,0,0,,,,,,,,,0,,,,,,,
CPWNVRrHadO,p,https://www.instagram.com/thedogist/p/CPWNVRrHadO/,queued,0,0,,0,0,0,,,0,0,0,0,0,0,,,,,,,,,0,,,,,,,
CPTnJq7HVp0,p,https://www.instagram.com/thedogist/p/CPTnJq7HVp0/,queued,0,0,,0,0,0,,,0,0,0,0,0,0,,,,,,,,,0,,,,,,,
CPQ_j9WHw-G,p,https://www.instagram.com/thedogist/p/CPQ_j9WHw-G/,queued,0,0,,0,0,0,,,0,0,0,0,0,0,,,,,,,,,0,,,,,,,
CPOrQG8nDS2,p,https://www.instagram.com/thedogist/p/CPOrQG8nDS2/,queued,0,0,,0,0,0,,,0,0,0,0,0,0,,,,,,,,,0,,,,,,,
CPLwzCxH-25,p,https://www.instagram.com/thedogist/p/CPLwzCxH-25/,queued,0,0,,0,0,0,,,0,0,0,0,0,0,,,,,,,,,0,,,,,,,
CPJYV7eHk1j,p,https://www.instagram.com/thedogist/p/CPJYV7eHk1j/,queued,0,0,,0,0,0,,,0,0,0,0,0,0,,,,,,,,,0,,,,,,,
CPGy4zvH4xl,p,https://www.instagram.com/thedogist/p/CPGy4zvH4xl/,queued,0,0,,0,0,0,,,0,0,0,0,0,0,,,,,,,,,0,,,,,,,
CPEEIijH1Mo,p,https://www.instagram.com/thedogist/p/CPEEIijH1Mo/,queued,0,0,,0,0,0,,,0,0,0,0,0,0,,,,,,,,,0,,,,,,,
CPBohRIHRvu,p,https://www.instagram.com/thedogist/p/CPBohRIHRvu/,queued,0,0,,0,0,0,,,0,0,0,0,0,0,,,,,,,,,0,,,,,,,
CO_DEvEnEzs,p,https://www.instagram.com/thedogist/p/CO_DEvEnEzs/,queued,0,0,,0,0,0,,,0,0,0,0,0,0,,,,,,,,,0,,,,,,,
CO8d9m0H7-z,p,https://www.instagram.com/thedogist/p/CO8d9m0H7-z/,queued,0,0,,0,0,0,,,0,0,0,0,0,0,,,,,,,,,0,,,,,,,
CO6GI9-nXSH,p,https://www.instagram.com/thedogist/p/CO6GI9-nXSH/,queued,0,0,,0,0,0,,,0,0,0,0,0,0,,,,,,,,,0,,,,,,,
CO3WGvSH1ji,p,https://www.instagram.com/thedogist/p/CO3WGvSH1ji/,queued,0,0,,0,0,0,,,0,0,0,0,0,0,,,,,,,,,0,,,,,,,
CO0vdZjn9HG,p,https://www.instagram.com/thedogist/p/CO0vdZjn9HG/,queued,0,0,,0,0,0,,,0,0,0,0,0,0,,,,,,,,,0,,,,,,,
COyGkJsn4bf,p,https://www.instagram.com/thedogist/p/COyGkJsn4bf/,queued,0,0,,0,0,0,,,0,0,0,0,0,0,,,,,,,,,0,,,,,,,
COvioRNnpwd,p,https://www.instagram.com/thedogist/p/COvioRNnpwd/,queued,0,0,,0,0,0,,,0,0,0,0,0,0,,,,,,,,,0,,,,,,,
COs_Z-Tnp5r,p,https://www.instagram.com/thedogist/p/COs_Z-Tnp5r/,queued,0,0,,0,0,0,,,0,0,0,0,0,0,,,,,,,,,0,,,,,,,
COqlPgqHnYb,p,https://www.instagram.com/thedogist/p/COqlPgqHnYb/,queued,0,0,,0,0,0,,,0,0,0,0,0,0,,,,,,,,,0,,,,,,,
COoJBYjnCwW,p,https://www.instagram.com/thedogist/p/COoJBYjnCwW/,queued,0,0,,0,0,0,,,0,0,0,0,0,0,,,,,,,,,0,,,,,,,
COlRsAlHJZ8,p,https://www.instagram.com/thedogist/p/COlRsAlHJZ8/,queued,0,0,,0,0,0,,,0,0,0,0,0,0,,,,,,,,,0,,,,,,,
COioSvlHaqL,p,https://www.instagram.com/thedogist/p/COioSvlHaqL/,queued,0,0,,0,0,0,,,0,0,0,0,0,0,,,,,,,,,0,,,,,,,
COgHK8WnJVy,p,https://www.instagram.com/thedogist/p/COgHK8WnJVy/,queued,0,0,,0,0,0,,,0,0,0,0,0,0,,,,,,,,,0,,,,,,,
COdoCOInVlY,p,https://www.instagram.com/thedogist/p/COdoCOInVlY/,queued,0,0,,0,0,0,,,0,0,0,0,0,0,,,,,,,,,0,,,,,,,
CObJPbYHc1l,p,https://www.instagram.com/thedogist/p/CObJPbYHc1l/,queued,0,0,,0,0,0,,,0,0,0,0,0,0,,,,,,,,,0,,,,,,,
COYSPfnnpJH,p,https://www.instagram.com/thedogist/p/COYSPfnnpJH/,queued,0,0,,0,0,0,,,0,0,0,0,0,0,,,,,,,,,0,,,,,,,
COWBcb3nWOb,p,https://www.instagram.com/thedogist/p/COWBcb3nWOb/,queued,0,0,,0,0,0,,,0,0,0,0,0,0,,,,,,,,,0,,,,,,,
COTUAH2n1jt,p,https://www.instagram.com/thedogist/p/COTUAH2n1jt/,queued,0,0,,0,0,0,,,0,0,0,0,0,0,,,,,,,,,0,,,,,,,
COQr73jHs82,p,https://www.instagram.com/thedogist/p/COQr73jHs82/,queued,0,0,,0,0,0,,,0,0,0,0,0,0,,,,,,,,,0,,,,,,,
COOGa_QH-74,p,https://www.instagram.com/thedogist/p/COOGa_QH-74/,queued,0,0,,0,0,0,,,0,0,0,0,0,0,,,,,,,,,0,,,,,,,
COLpU7Fnapy,p,https://www.instagram.com/thedogist/p/COLpU7Fnapy/,queued,0,0,,0,0,0,,,0,0,0,0,0,0,,,,,,,,,0,,,,,,,
COJDHnxn9mb,p,https://www.instagram.com/thedogist/p/COJDHnxn9mb/,queued,0,0,,0,0,0,,,0,0,0,0,0,0,,,,,,,,,0,,,,,,,
COGx8h8nRFK,p,https://www.instagram.com/thedogist/p/COGx8h8nRFK/,queued,0,0,,0,0,0,,,0,0,0,0,0,0,,,,,,,,,0,,,,,,,
CODniDPndvT,p,https://www.instagram.com/thedogist/p/CODniDPndvT/,queued,0,0,,0,0,0,,,0,0,0,0,0,0,,,,,,,,,0,,,,,,,
COA69vunti2,p,https://www.instagram.com/thedogist/p/COA69vunti2/,queued,0,0,,0,0,0,,,0,0,0,0,0,0,,,,,,,,,0,,,,,,,
CN-YkJKnflQ,p,https://www.instagram.com/thedogist/p/CN-YkJKnflQ/,queued,0,0,,0,0,0,,,0,0,0,0,0,0,,,,,,,,,0,,,,,,,
CN8B7R5n8Yq,p,https://www.instagram.com/thedogist/p/CN8B7R5n8Yq/,queued,0,0,,0,0,0,,,0,0,0,0,0,0,,,,,,,,,0,,,,,,,
CN5laMnnRJ6,p,https://www.instagram.com/thedogist/p/CN5laMnnRJ6/,queued,0,0,,0,0,0,,,0,0,0,0,0,0,,,,,,,,,0,,,,,,,
CN3A04jnxgJ,p,https://www.instagram.com/thedogist/p/CN3A04jnxgJ/,queued,0,0,,0,0,0,,,0,0,0,0,0,0,,,,,,,,,0,,,,,,,
CN0XkDxn0T6,p,https://www.instagram.com/thedogist/p/CN0XkDxn0T6/,queued,0,0,,0,0,0,,,0,0,0,0,0,0,,,,,,,,,0,,,,,,,
CNyHijPHlgl,p,https://www.instagram.com/thedogist/p/CNyHijPHlgl/,queued,0,0,,0,0,0,,,0,0,0,0,0,0,,,,,,,,,0,,,,,,,
CNvNYjen0wm,p,https://www.instagram.com/thedogist/p/CNvNYjen0wm/,queued,0,0,,0,0,0,,,0,0,0,0,0,0,,,,,,,,,0,,,,,,,
CNspsaNntBk,p,https://www.instagram.com/thedogist/p/CNspsaNntBk/,queued,0,0,,0,0,0,,,0,0,0,0,0,0,,,,,,,,,0,,,,,,,
CNqHSTZH9lg,p,https://www.instagram.com/thedogist/p/CNqHSTZH9lg/,queued,0,0,,0,0,0,,,0,0,0,0,0,0,,,,,,,,,0,,,,,,,
CNngZOPn2OL,p,https://www.instagram.com/thedogist/p/CNngZOPn2OL/,queued,0,0,,0,0,0,,,0,0,0,0,0,0,,,,,,,,,0,,,,,,,
CNk5YTbnPFf,p,https://www.instagram.com/thedogist/p/CNk5YTbnPFf/,queued,0,0,,0,0,0,,,0,0,0,0,0,0,,,,,,,,,0,,,,,,,
CNiOnsdHTXW,p,https://www.instagram.com/thedogist/p/CNiOnsdHTXW/,queued,0,0,,0,0,0,,,0,0,0,0,0,0,,,,,,,,,0,,,,,,,
CNfmtmGHyuS,p,https://www.instagram.com/thedogist/p/CNfmtmGHyuS/,queued,0,0,,0,0,0,,,0,0,0,0,0,0,,,,,,,,,0,,,,,,,
CNdNDKDHxBT,p,https://www.instagram.com/thedogist/p/CNdNDKDHxBT/,queued,0,0,,0,0,0,,,0,0,0,0,0,0,,,,,,,,,0,,,,,,,
CNanG9fHGtg,p,https://www.instagram.com/thedogist/p/CNanG9fHGtg/,queued,0,0,,0,0,0,,,0,0,0,0,0,0,,,,,,,,,0,,,,,,,
CNX_byYn0F8,p,https://www.instagram.com/thedogist/p/CNX_byYn0F8/,queued,0,0,,0,0,0,,,0,0,0,0,0,0,,,,,,,,,0,,,,,,,
CNVjXEoH8iv,p,https://www.instagram.com/thedogist/p/CNVjXEoH8iv/,queued,0,0,,0,0,0,,,0,0,0,0,0,0,,,,,,,,,0,,,,,,,
CNS6KlAHyGy,p,https://www.instagram.com/thedogist/p/CNS6KlAHyGy/,queued,0,0,,0,0,0,,,0,0,0,0,0,0,,,,,,,,,0,,,,,,,
CNQUKAWHQjf,p,https://www.instagram.com/thedogist/p/CNQUKAWHQjf/,queued,0,0,,0,0,0,,,0,0,0,0,0,0,,,,,,,,,0,,,,,,,
CNN4HZmnBFi,p,https://www.instagram.com/thedogist/p/CNN4HZmnBFi/,queued,0,0,,0,0,0,,,0,0,0,0,0,0,,,,,,,,,0,,,,,,,
CNLGBwRnmED,p,https://www.instagram.com/thedogist/p/CNLGBwRnmED/,queued,0,0,,0,0,0,,,0,0,0,0,0,0,,,,,,,,,0,,,,,,,
CNIh5_WnQyp,reel,https://www.instagram.com/thedogist/reel/CNIh5_WnQyp/,queued,0,0,,0,0,0,,,0,0,0,0,0,0,,,,,,,,,0,,,,,,,
CNIXos2HARc,p,https://www.instagram.com/thedogist/p/CNIXos2HARc/,queued,0,0,,0,0,0,,,0,0,0,0,0,0,,,,,,,,,0,,,,,,,
CNGF5oYnjFy,p,https://www.instagram.com/thedogist/p/CNGF5oYnjFy/,queued,0,0,,0,0,0,,,0,0,0,0,0,0,,,,,,,,,0,,,,,,,
CNDA1wCHSiE,p,https://www.instagram.com/thedogist/p/CNDA1wCHSiE/,queued,0,0,,0,0,0,,,0,0,0,0,0,0,,,,,,,,,0,,,,,,,
CNA4ICDnOxu,p,https://www.instagram.com/thedogist/p/CNA4ICDnOxu/,queued,0,0,,0,0,0,,,0,0,0,0,0,0,,,,,,,,,0,,,,,,,
CM-TBCQHEcY,p,https://www.instagram.com/thedogist/p/CM-TBCQHEcY/,queued,0,0,,0,0,0,,,0,0,0,0,0,0,,,,,,,,,0,,,,,,,
CM7-7Qbn0kt,p,https://www.instagram.com/thedogist/p/CM7-7Qbn0kt/,queued,0,0,,0,0,0,,,0,0,0,0,0,0,,,,,,,,,0,,,,,,,
CM5EI6mH01C,p,https://www.instagram.com/thedogist/p/CM5EI6mH01C/,queued,0,0,,0,0,0,,,0,0,0,0,0,0,,,,,,,,,0,,,,,,,
CM26lS9HRHC,p,https://www.instagram.com/thedogist/p/CM26lS9HRHC/,queued,0,0,,0,0,0,,,0,0,0,0,0,0,,,,,,,,,0,,,,,,,
CMzw4yAnwe-,p,https://www.instagram.com/thedogist/p/CMzw4yAnwe-/,queued,0,0,,0,0,0,,,0,0,0,0,0,0,,,,,,,,,0,,,,,,,
CMxCUK2HRu2,p,https://www.instagram.com/thedogist/p/CMxCUK2HRu2/,queued,0,0,,0,0,0,,,0,0,0,0,0,0,,,,,,,,,0,,,,,,,
CMud3Irn4j7,p,https://www.instagram.com/thedogist/p/CMud3Irn4j7/,queued,0,0,,0,0,0,,,0,0,0,0,0,0,,,,,,,,,0,,,,,,,
CMr2k1_nrvL,p,https://www.instagram.com/thedogist/p/CMr2k1_nrvL/,queued,0,0,,0,0,0,,,0,0,0,0,0,0,,,,,,,,,0,,,,,,,
CMpRDKRn64f,p,https://www.instagram.com/thedogist/p/CMpRDKRn64f/,queued,0,0,,0,0,0,,,0,0,0,0,0,0,,,,,,,,,0,,,,,,,
CMkhLnGngUO,p,https://www.instagram.com/thedogist/p/CMkhLnGngUO/,queued,0,0,,0,0,0,,,0,0,0,0,0,0,,,,,,,,,0,,,,,,,
CMj5k5WnlkK,p,https://www.instagram.com/thedogist/p/CMj5k5WnlkK/,queued,0,0,,0,0,0,,,0,0,0,0,0,0,,,,,,,,,0,,,,,,,
CMivXqunKMB,p,https://www.instagram.com/thedogist/p/CMivXqunKMB/,queued,0,0,,0,0,0,,,0,0,0,0,0,0,,,,,,,,,0,,,,,,,
CMf_8pjHNNA,p,https://www.instagram.com/thedogist/p/CMf_8pjHNNA/,queued,0,0,,0,0,0,,,0,0,0,0,0,0,,,,,,,,,0,,,,,,,
CMdYYVBHxw-,p,https://www.instagram.com/thedogist/p/CMdYYVBHxw-/,queued,0,0,,0,0,0,,,0,0,0,0,0,0,,,,,,,,,0,,,,,,,
CMa40FSnyT8,p,https://www.instagram.com/thedogist/p/CMa40FSnyT8/,queued,0,0,,0,0,0,,,0,0,0,0,0,0,,,,,,,,,0,,,,,,,
CMXtBEqnbqc,p,https://www.instagram.com/thedogist/p/CMXtBEqnbqc/,queued,0,0,,0,0,0,,,0,0,0,0,0,0,,,,,,,,,0,,,,,,,
CMVdzqCHmXQ,p,https://www.instagram.com/thedogist/p/CMVdzqCHmXQ/,queued,0,0,,0,0,0,,,0,0,0,0,0,0,,,,,,,,,0,,,,,,,
CMUstOAHQku,p,https://www.instagram.com/thedogist/p/CMUstOAHQku/,queued,0,0,,0,0,0,,,0,0,0,0,0,0,,,,,,,,,0,,,,,,,
CMTUQivneg-,p,https://www.instagram.com/thedogist/p/CMTUQivneg-/,queued,0,0,,0,0,0,,,0,0,0,0,0,0,,,,,,,,,0,,,,,,,
CMQwXV1HaGW,p,https://www.instagram.com/thedogist/p/CMQwXV1HaGW/,queued,0,0,,0,0,0,,,0,0,0,0,0,0,,,,,,,,,0,,,,,,,
CMNVuTZnrXC,p,https://www.instagram.com/thedogist/p/CMNVuTZnrXC/,queued,0,0,,0,0,0,,,0,0,0,0,0,0,,,,,,,,,0,,,,,,,
CMLUo4tHQ7-,p,https://www.instagram.com/thedogist/p/CMLUo4tHQ7-/,queued,0,0,,0,0,0,,,0,0,0,0,0,0,,,,,,,,,0,,,,,,,
CMJBE1bHmzQ,p,https://www.instagram.com/thedogist/p/CMJBE1bHmzQ/,queued,0,0,,0,0,0,,,0,0,0,0,0,0,,,,,,,,,0,,,,,,,
CMGM5yEnBT7,p,https://www.instagram.com/thedogist/p/CMGM5yEnBT7/,queued,0,0,,0,0,0,,,0,0,0,0,0,0,,,,,,,,,0,,,,,,,
CMDKLf-np_9,p,https://www.instagram.com/thedogist/p/CMDKLf-np_9/,queued,0,0,,0,0,0,,,0,0,0,0,0,0,,,,,,,,,0,,,,,,,
CMCvqGonXn_,p,https://www.instagram.com/thedogist/p/CMCvqGonXn_/,queued,0,0,,0,0,0,,,0,0,0,0,0,0,,,,,,,,,0,,,,,,,
CMBKxJrnHVI,p,https://www.instagram.com/thedogist/p/CMBKxJrnHVI/,queued,0,0,,0,0,0,,,0,0,0,0,0,0,,,,,,,,,0,,,,,,,
CL-VbblnElM,p,https://www.instagram.com/thedogist/p/CL-VbblnElM/,queued,0,0,,0,0,0,,,0,0,0,0,0,0,,,,,,,,,0,,,,,,,
CL9oL2DHUAg,p,https://www.instagram.com/thedogist/p/CL9oL2DHUAg/,queued,0,0,,0,0,0,,,0,0,0,0,0,0,,,,,,,,,0,,,,,,,
CL7-xy3Hcjt,p,https://www.instagram.com/thedogist/p/CL7-xy3Hcjt/,queued,0,0,,0,0,0,,,0,0,0,0,0,0,,,,,,,,,0,,,,,,,
CL5DysJH7lF,reel,https://www.instagram.com/thedogist/reel/CL5DysJH7lF/,queued,0,0,,0,0,0,,,0,0,0,0,0,0,,,,,,,,,0,,,,,,,
CL42zI5nVzF,p,https://www.instagram.com/thedogist/p/CL42zI5nVzF/,queued,0,0,,0,0,0,,,0,0,0,0,0,0,,,,,,,,,0,,,,,,,
CL2ZTZdHLo5,p,https://www.instagram.com/thedogist/p/CL2ZTZdHLo5/,queued,0,0,,0,0,0,,,0,0,0,0,0,0,,,,,,,,,0,,,,,,,
CL0gxXuHvD5,p,https://www.instagram.com/thedogist/p/CL0gxXuHvD5/,queued,0,0,,0,0,0,,,0,0,0,0,0,0,,,,,,,,,0,,,,,,,
CLxk_VtHsOH,p,https://www.instagram.com/thedogist/p/CLxk_VtHsOH/,queued,0,0,,0,0,0,,,0,0,0,0,0,0,,,,,,,,,0,,,,,,,
CLwtkspnRC_,p,https://www.instagram.com/thedogist/p/CLwtkspnRC_/,queued,0,0,,0,0,0,,,0,0,0,0,0,0,,,,,,,,,0,,,,,,,
CLujMfcH8VX,p,https://www.instagram.com/thedogist/p/CLujMfcH8VX/,queued,0,0,,0,0,0,,,0,0,0,0,0,0,,,,,,,,,0,,,,,,,
CLsGx5QHU5w,p,https://www.instagram.com/thedogist/p/CLsGx5QHU5w/,queued,0,0,,0,0,0,,,0,0,0,0,0,0,,,,,,,,,0,,,,,,,
CLpUGM3HWTA,p,https://www.instagram.com/thedogist/p/CLpUGM3HWTA/,queued,0,0,,0,0,0,,,0,0,0,0,0,0,,,,,,,,,0,,,,,,,
CLmmmStny0r,p,https://www.instagram.com/thedogist/p/CLmmmStny0r/,queued,0,0,,0,0,0,,,0,0,0,0,0,0,,,,,,,,,0,,,,,,,
CLkUHcxHg4u,p,https://www.instagram.com/thedogist/p/CLkUHcxHg4u/,queued,0,0,,0,0,0,,,0,0,0,0,0,0,,,,,,,,,0,,,,,,,
CLhvIa5nfHR,p,https://www.instagram.com/thedogist/p/CLhvIa5nfHR/,queued,0,0,,0,0,0,,,0,0,0,0,0,0,,,,,,,,,0,,,,,,,
CLfRqawH5E6,p,https://www.instagram.com/thedogist/p/CLfRqawH5E6/,queued,0,0,,0,0,0,,,0,0,0,0,0,0,,,,,,,,,0,,,,,,,
CLclLLgnBOz,p,https://www.instagram.com/thedogist/p/CLclLLgnBOz/,queued,0,0,,0,0,0,,,0,0,0,0,0,0,,,,,,,,,0,,,,,,,
CLZ3re_HY9G,p,https://www.instagram.com/thedogist/p/CLZ3re_HY9G/,queued,0,0,,0,0,0,,,0,0,0,0,0,0,,,,,,,,,0,,,,,,,
CLZgDwXHKXz,p,https://www.instagram.com/thedogist/p/CLZgDwXHKXz/,queued,0,0,,0,0,0,,,0,0,0,0,0,0,,,,,,,,,0,,,,,,,
CLYU-CYneSI,p,https://www.instagram.com/thedogist/p/CLYU-CYneSI/,queued,0,0,,0,0,0,,,0,0,0,0,0,0,,,,,,,,,0,,,,,,,
CLVfXHln5xT,p,https://www.instagram.com/thedogist/p/CLVfXHln5xT/,queued,0,0,,0,0,0,,,0,0,0,0,0,0,,,,,,,,,0,,,,,,,
CLSOvSSnn6x,p,https://www.instagram.com/thedogist/p/CLSOvSSnn6x/,queued,0,0,,0,0,0,,,0,0,0,0,0,0,,,,,,,,,0,,,,,,,
CLPtN66H4f5,p,https://www.instagram.com/thedogist/p/CLPtN66H4f5/,queued,0,0,,0,0,0,,,0,0,0,0,0,0,,,,,,,,,0,,,,,,,
CLNOgVonLOt,p,https://www.instagram.com/thedogist/p/CLNOgVonLOt/,queued,0,0,,0,0,0,,,0,0,0,0,0,0,,,,,,,,,0,,,,,,,
CLKb_L5H9vj,p,https://www.instagram.com/thedogist/p/CLKb_L5H9vj/,queued,0,0,,0,0,0,,,0,0,0,0,0,0,,,,,,,,,0,,,,,,,
CLHyFu1nXz3,p,https://www.instagram.com/thedogist/p/CLHyFu1nXz3/,queued,0,0,,0,0,0,,,0,0,0,0,0,0,,,,,,,,,0,,,,,,,
CLF1pzUnDHW,p,https://www.instagram.com/thedogist/p/CLF1pzUnDHW/,queued,0,0,,0,0,0,,,0,0,0,0,0,0,,,,,,,,,0,,,,,,,
CLFDfGYnppi,p,https://www.instagram.com/thedogist/p/CLFDfGYnppi/,queued,0,0,,0,0,0,,,0,0,0,0,0,0,,,,,,,,,0,,,,,,,
CLDJNekHhrT,p,https://www.instagram.com/thedogist/p/CLDJNekHhrT/,queued,0,0,,0,0,0,,,0,0,0,0,0,0,,,,,,,,,0,,,,,,,
CLCexWcncH9,p,https://www.instagram.com/thedogist/p/CLCexWcncH9/,queued,0,0,,0,0,0,,,0,0,0,0,0,0,,,,,,,,,0,,,,,,,
CK_qSLNn7tj,p,https://www.instagram.com/thedogist/p/CK_qSLNn7tj/,queued,0,0,,0,0,0,,,0,0,0,0,0,0,,,,,,,,,0,,,,,,,
CK9sXMmH0Vv,reel,https://www.instagram.com/thedogist/reel/CK9sXMmH0Vv/,queued,0,0,,0,0,0,,,0,0,0,0,0,0,,,,,,,,,0,,,,,,,
CK6_YF3HL4c,p,https://www.instagram.com/thedogist/p/CK6_YF3HL4c/,queued,0,0,,0,0,0,,,0,0,0,0,0,0,,,,,,,,,0,,,,,,,
CK4xEPqHtEx,p,https://www.instagram.com/thedogist/p/CK4xEPqHtEx/,queued,0,0,,0,0,0,,,0,0,0,0,0,0,,,,,,,,,0,,,,,,,
CK4vBEenbBE,reel,https://www.instagram.com/thedogist/reel/CK4vBEenbBE/,queued,0,0,,0,0,0,,,0,0,0,0,0,0,,,,,,,,,0,,,,,,,
CK2MRSwn0u_,p,https://www.instagram.com/thedogist/p/CK2MRSwn0u_/,queued,0,0,,0,0,0,,,0,0,0,0,0,0,,,,,,,,,0,,,,,,,
CK1pidLnrbN,p,https://www.instagram.com/thedogist/p/CK1pidLnrbN/,queued,0,0,,0,0,0,,,0,0,0,0,0,0,,,,,,,,,0,,,,,,,
CK0A3xjneuW,p,https://www.instagram.com/thedogist/p/CK0A3xjneuW/,queued,0,0,,0,0,0,,,0,0,0,0,0,0,,,,,,,,,0,,,,,,,
CKzLIbbnO3i,reel,https://www.instagram.com/thedogist/reel/CKzLIbbnO3i/,queued,0,0,,0,0,0,,,0,0,0,0,0,0,,,,,,,,,0,,,,,,,
CKzIjsDH_6N,p,https://www.instagram.com/thedogist/p/CKzIjsDH_6N/,queued,0,0,,0,0,0,,,0,0,0,0,0,0,,,,,,,,,0,,,,,,,
CKxJMown2TW,reel,https://www.instagram.com/thedogist/reel/CKxJMown2TW/,queued,0,0,,0,0,0,,,0,0,0,0,0,0,,,,,,,,,0,,,,,,,
CKxGNAEnbJX,reel,https://www.instagram.com/thedogist/reel/CKxGNAEnbJX/,queued,0,0,,0,0,0,,,0,0,0,0,0,0,,,,,,,,,0,,,,,,,
CKxDDa-nvEq,p,https://www.instagram.com/thedogist/p/CKxDDa-nvEq/,queued,0,0,,0,0,0,,,0,0,0,0,0,0,,,,,,,,,0,,,,,,,
CKufhMvHglL,p,https://www.instagram.com/thedogist/p/CKufhMvHglL/,queued,0,0,,0,0,0,,,0,0,0,0,0,0,,,,,,,,,0,,,,,,,
CKrMrz7nuSX,p,https://www.instagram.com/thedogist/p/CKrMrz7nuSX/,queued,0,0,,0,0,0,,,0,0,0,0,0,0,,,,,,,,,0,,,,,,,
CKpigkxHi2B,p,https://www.instagram.com/thedogist/p/CKpigkxHi2B/,queued,0,0,,0,0,0,,,0,0,0,0,0,0,,,,,,,,,0,,,,,,,
CKm5nnznkZx,p,https://www.instagram.com/thedogist/p/CKm5nnznkZx/,queued,0,0,,0,0,0,,,0,0,0,0,0,0,,,,,,,,,0,,,,,,,
CKkMAUPH99P,p,https://www.instagram.com/thedogist/p/CKkMAUPH99P/,queued,0,0,,0,0,0,,,0,0,0,0,0,0,,,,,,,,,0,,,,,,,
CKhxOXnHGiX,p,https://www.instagram.com/thedogist/p/CKhxOXnHGiX/,queued,0,0,,0,0,0,,,0,0,0,0,0,0,,,,,,,,,0,,,,,,,
CKhSPWont_j,p,https://www.instagram.com/thedogist/p/CKhSPWont_j/,queued,0,0,,0,0,0,,,0,0,0,0,0,0,,,,,,,,,0,,,,,,,
CKetTkvnSvq,p,https://www.instagram.com/thedogist/p/CKetTkvnSvq/,queued,0,0,,0,0,0,,,0,0,0,0,0,0,,,,,,,,,0,,,,,,,
CKckHnnHcIx,p,https://www.instagram.com/thedogist/p/CKckHnnHcIx/,queued,0,0,,0,0,0,,,0,0,0,0,0,0,,,,,,,,,0,,,,,,,
CKZml9qnzDJ,p,https://www.instagram.com/thedogist/p/CKZml9qnzDJ/,queued,0,0,,0,0,0,,,0,0,0,0,0,0,,,,,,,,,0,,,,,,,
CKXigLlHs_z,p,https://www.instagram.com/thedogist/p/CKXigLlHs_z/,queued,0,0,,0,0,0,,,0,0,0,0,0,0,,,,,,,,,0,,,,,,,
CKVYujRnAT9,p,https://www.instagram.com/thedogist/p/CKVYujRnAT9/,queued,0,0,,0,0,0,,,0,0,0,0,0,0,,,,,,,,,0,,,,,,,
CKSg90-nd_a,p,https://www.instagram.com/thedogist/p/CKSg90-nd_a/,queued,0,0,,0,0,0,,,0,0,0,0,0,0,,,,,,,,,0,,,,,,,
CKR6didHL_g,p,https://www.instagram.com/thedogist/p/CKR6didHL_g/,queued,0,0,,0,0,0,,,0,0,0,0,0,0,,,,,,,,,0,,,,,,,
CKPQcvwrmOd,p,https://www.instagram.com/thedogist/p/CKPQcvwrmOd/,queued,0,0,,0,0,0,,,0,0,0,0,0,0,,,,,,,,,0,,,,,,,
CKMzrR8ntlq,p,https://www.instagram.com/thedogist/p/CKMzrR8ntlq/,queued,0,0,,0,0,0,,,0,0,0,0,0,0,,,,,,,,,0,,,,,,,
CKKc6NMnz5J,p,https://www.instagram.com/thedogist/p/CKKc6NMnz5J/,queued,0,0,,0,0,0,,,0,0,0,0,0,0,,,,,,,,,0,,,,,,,
CKJ5y6kHhkk,p,https://www.instagram.com/thedogist/p/CKJ5y6kHhkk/,queued,0,0,,0,0,0,,,0,0,0,0,0,0,,,,,,,,,0,,,,,,,
CKIL3h9H7-b,p,https://www.instagram.com/thedogist/p/CKIL3h9H7-b/,queued,0,0,,0,0,0,,,0,0,0,0,0,0,,,,,,,,,0,,,,,,,
CKEu3QVn8He,p,https://www.instagram.com/thedogist/p/CKEu3QVn8He/,queued,0,0,,0,0,0,,,0,0,0,0,0,0,,,,,,,,,0,,,,,,,
CKDKXj0HvXE,p,https://www.instagram.com/thedogist/p/CKDKXj0HvXE/,queued,0,0,,0,0,0,,,0,0,0,0,0,0,,,,,,,,,0,,,,,,,
CKAGYyZnLtK,p,https://www.instagram.com/thedogist/p/CKAGYyZnLtK/,queued,0,0,,0,0,0,,,0,0,0,0,0,0,,,,,,,,,0,,,,,,,
CJ95INHn2DU,p,https://www.instagram.com/thedogist/p/CJ95INHn2DU/,queued,0,0,,0,0,0,,,0,0,0,0,0,0,,,,,,,,,0,,,,,,,
CJ9GLmnnN1i,p,https://www.instagram.com/thedogist/p/CJ9GLmnnN1i/,queued,0,0,,0,0,0,,,0,0,0,0,0,0,,,,,,,,,0,,,,,,,
CJ7rIE1nLm4,p,https://www.instagram.com/thedogist/p/CJ7rIE1nLm4/,queued,0,0,,0,0,0,,,0,0,0,0,0,0,,,,,,,,,0,,,,,,,
CJ4gjxlHQNw,p,https://www.instagram.com/thedogist/p/CJ4gjxlHQNw/,queued,0,0,,0,0,0,,,0,0,0,0,0,0,,,,,,,,,0,,,,,,,
CJ2Hh8HHiNm,p,https://www.instagram.com/thedogist/p/CJ2Hh8HHiNm/,queued,0,0,,0,0,0,,,0,0,0,0,0,0,,,,,,,,,0,,,,,,,
CJz2nzpnl9o,p,https://www.instagram.com/thedogist/p/CJz2nzpnl9o/,queued,0,0,,0,0,0,,,0,0,0,0,0,0,,,,,,,,,0,,,,,,,
CJxVF1LHJXW,p,https://www.instagram.com/thedogist/p/CJxVF1LHJXW/,queued,0,0,,0,0,0,,,0,0,0,0,0,0,,,,,,,,,0,,,,,,,
CJwFWninghS,p,https://www.instagram.com/thedogist/p/CJwFWninghS/,queued,0,0,,0,0,0,,,0,0,0,0,0,0,,,,,,,,,0,,,,,,,
CJuHU6cnkiE,p,https://www.instagram.com/thedogist/p/CJuHU6cnkiE/,queued,0,0,,0,0,0,,,0,0,0,0,0,0,,,,,,,,,0,,,,,,,
CJroZ-IHDrc,p,https://www.instagram.com/thedogist/p/CJroZ-IHDrc/,queued,0,0,,0,0,0,,,0,0,0,0,0,0,,,,,,,,,0,,,,,,,
CJpD1LAnWvE,p,https://www.instagram.com/thedogist/p/CJpD1LAnWvE/,queued,0,0,,0,0,0,,,0,0,0,0,0,0,,,,,,,,,0,,,,,,,
CJm1FvIHJhC,p,https://www.instagram.com/thedogist/p/CJm1FvIHJhC/,queued,0,0,,0,0,0,,,0,0,0,0,0,0,,,,,,,,,0,,,,,,,
CJkHolGHUiU,p,https://www.instagram.com/thedogist/p/CJkHolGHUiU/,queued,0,0,,0,0,0,,,0,0,0,0,0,0,,,,,,,,,0,,,,,,,
CJhT-QkHwFP,p,https://www.instagram.com/thedogist/p/CJhT-QkHwFP/,queued,0,0,,0,0,0,,,0,0,0,0,0,0,,,,,,,,,0,,,,,,,
CJfJIpen_ip,p,https://www.instagram.com/thedogist/p/CJfJIpen_ip/,queued,0,0,,0,0,0,,,0,0,0,0,0,0,,,,,,,,,0,,,,,,,
CJd5-p8nJJt,p,https://www.instagram.com/thedogist/p/CJd5-p8nJJt/,queued,0,0,,0,0,0,,,0,0,0,0,0,0,,,,,,,,,0,,,,,,,
CJblILWnjEe,p,https://www.instagram.com/thedogist/p/CJblILWnjEe/,queued,0,0,,0,0,0,,,0,0,0,0,0,0,,,,,,,,,0,,,,,,,
CJZjpcjH29f,p,https://www.instagram.com/thedogist/p/CJZjpcjH29f/,queued,0,0,,0,0,0,,,0,0,0,0,0,0,,,,,,,,,0,,,,,,,
CJXU02gnPS7,p,https://www.instagram.com/thedogist/p/CJXU02gnPS7/,queued,0,0,,0,0,0,,,0,0,0,0,0,0,,,,,,,,,0,,,,,,,
CJWax5OH5Yo,p,https://www.instagram.com/thedogist/p/CJWax5OH5Yo/,queued,0,0,,0,0,0,,,0,0,0,0,0,0,,,,,,,,,0,,,,,,,
CJTwOTxHqzs,p,https://www.instagram.com/thedogist/p/CJTwOTxHqzs/,queued,0,0,,0,0,0,,,0,0,0,0,0,0,,,,,,,,,0,,,,,,,
CJSFJW8nI1F,p,https://www.instagram.com/thedogist/p/CJSFJW8nI1F/,queued,0,0,,0,0,0,,,0,0,0,0,0,0,,,,,,,,,0,,,,,,,
CJO4dXcnv4Q,p,https://www.instagram.com/thedogist/p/CJO4dXcnv4Q/,queued,0,0,,0,0,0,,,0,0,0,0,0,0,,,,,,,,,0,,,,,,,
CJObn95H5Ga,p,https://www.instagram.com/thedogist/p/CJObn95H5Ga/,queued,0,0,,0,0,0,,,0,0,0,0,0,0,,,,,,,,,0,,,,,,,
CJMlK_nHSV6,p,https://www.instagram.com/thedogist/p/CJMlK_nHSV6/,queued,0,0,,0,0,0,,,0,0,0,0,0,0,,,,,,,,,0,,,,,,,
CJJ3oX1H1Po,p,https://www.instagram.com/thedogist/p/CJJ3oX1H1Po/,queued,0,0,,0,0,0,,,0,0,0,0,0,0,,,,,,,,,0,,,,,,,
CJJQfoGH2Vx,p,https://www.instagram.com/thedogist/p/CJJQfoGH2Vx/,queued,0,0,,0,0,0,,,0,0,0,0,0,0,,,,,,,,,0,,,,,,,
CJHbqiAHHzP,p,https://www.instagram.com/thedogist/p/CJHbqiAHHzP/,queued,0,0,,0,0,0,,,0,0,0,0,0,0,,,,,,,,,0,,,,,,,
CJGxtGaH7Ju,p,https://www.instagram.com/thedogist/p/CJGxtGaH7Ju/,queued,0,0,,0,0,0,,,0,0,0,0,0,0,,,,,,,,,0,,,,,,,
CJEe7OVnR5w,p,https://www.instagram.com/thedogist/p/CJEe7OVnR5w/,queued,0,0,,0,0,0,,,0,0,0,0,0,0,,,,,,,,,0,,,,,,,
CJCi-y4H2pW,p,https://www.instagram.com/thedogist/p/CJCi-y4H2pW/,queued,0,0,,0,0,0,,,0,0,0,0,0,0,,,,,,,,,0,,,,,,,
CJBgOJjnOK5,p,https://www.instagram.com/thedogist/p/CJBgOJjnOK5/,queued,0,0,,0,0,0,,,0,0,0,0,0,0,,,,,,,,,0,,,,,,,
CJABsjKn7mD,p,https://www.instagram.com/thedogist/p/CJABsjKn7mD/,queued,0,0,,0,0,0,,,0,0,0,0,0,0,,,,,,,,,0,,,,,,,
CI_fgqIHqAf,p,https://www.instagram.com/thedogist/p/CI_fgqIHqAf/,queued,0,0,,0,0,0,,,0,0,0,0,0,0,,,,,,,,,0,,,,,,,
CI-87MEH-he,p,https://www.instagram.com/thedogist/p/CI-87MEH-he/,queued,0,0,,0,0,0,,,0,0,0,0,0,0,,,,,,,,,0,,,,,,,
CI9EQsznk3w,p,https://www.instagram.com/thedogist/p/CI9EQsznk3w/,queued,0,0,,0,0,0,,,0,0,0,0,0,0,,,,,,,,,0,,,,,,,
CI8ehmZH2St,p,https://www.instagram.com/thedogist/p/CI8ehmZH2St/,queued,0,0,,0,0,0,,,0,0,0,0,0,0,,,,,,,,,0,,,,,,,
CI6UKJDHmPv,p,https://www.instagram.com/thedogist/p/CI6UKJDHmPv/,queued,0,0,,0,0,0,,,0,0,0,0,0,0,,,,,,,,,0,,,,,,,
CI4GTRSnYFL,p,https://www.instagram.com/thedogist/p/CI4GTRSnYFL/,queued,0,0,,0,0,0,,,0,0,0,0,0,0,,,,,,,,,0,,,,,,,
CI3M0Upn8r7,p,https://www.instagram.com/thedogist/p/CI3M0Upn8r7/,queued,0,0,,0,0,0,,,0,0,0,0,0,0,,,,,,,,,0,,,,,,,
CI1fM8hnsBT,p,https://www.instagram.com/thedogist/p/CI1fM8hnsBT/,queued,0,0,,0,0,0,,,0,0,0,0,0,0,,,,,,,,,0,,,,,,,
CIzO3-zH3xT,p,https://www.instagram.com/thedogist/p/CIzO3-zH3xT/,queued,0,0,,0,0,0,,,0,0,0,0,0,0,,,,,,,,,0,,,,,,,
CIwtz3FHjI0,p,https://www.instagram.com/thedogist/p/CIwtz3FHjI0/,queued,0,0,,0,0,0,,,0,0,0,0,0,0,,,,,,,,,0,,,,,,,
CIt5_t3nCBp,p,https://www.instagram.com/thedogist/p/CIt5_t3nCBp/,queued,0,0,,0,0,0,,,0,0,0,0,0,0,,,,,,,,,0,,,,,,,
CIrpjhOHWGr,p,https://www.instagram.com/thedogist/p/CIrpjhOHWGr/,queued,0,0,,0,0,0,,,0,0,0,0,0,0,,,,,,,,,0,,,,,,,
CIomxcunQ23,p,https://www.instagram.com/thedogist/p/CIomxcunQ23/,queued,0,0,,0,0,0,,,0,0,0,0,0,0,,,,,,,,,0,,,,,,,
CImVgF-HExo,p,https://www.instagram.com/thedogist/p/CImVgF-HExo/,queued,0,0,,0,0,0,,,0,0,0,0,0,0,,,,,,,,,0,,,,,,,
CIjpKtdHhb3,p,https://www.instagram.com/thedogist/p/CIjpKtdHhb3/,queued,0,0,,0,0,0,,,0,0,0,0,0,0,,,,,,,,,0,,,,,,,
CIhCk8OHY_d,p,https://www.instagram.com/thedogist/p/CIhCk8OHY_d/,queued,0,0,,0,0,0,,,0,0,0,0,0,0,,,,,,,,,0,,,,,,,
CIgKYRynctV,p,https://www.instagram.com/thedogist/p/CIgKYRynctV/,queued,0,0,,0,0,0,,,0,0,0,0,0,0,,,,,,,,,0,,,,,,,
CIekkXxnGvh,p,https://www.instagram.com/thedogist/p/CIekkXxnGvh/,queued,0,0,,0,0,0,,,0,0,0,0,0,0,,,,,,,,,0,,,,,,,
CIb5lbJH_U4,p,https://www.instagram.com/thedogist/p/CIb5lbJH_U4/,queued,0,0,,0,0,0,,,0,0,0,0,0,0,,,,,,,,,0,,,,,,,
CIZRgJlHEbv,p,https://www.instagram.com/thedogist/p/CIZRgJlHEbv/,queued,0,0,,0,0,0,,,0,0,0,0,0,0,,,,,,,,,0,,,,,,,
CIYY-jJHaOZ,p,https://www.instagram.com/thedogist/p/CIYY-jJHaOZ/,queued,0,0,,0,0,0,,,0,0,0,0,0,0,,,,,,,,,0,,,,,,,
CIWlmmlnrtq,p,https://www.instagram.com/thedogist/p/CIWlmmlnrtq/,queued,0,0,,0,0,0,,,0,0,0,0,0,0,,,,,,,,,0,,,,,,,
CIV-ihhHY6Z,p,https://www.instagram.com/thedogist/p/CIV-ihhHY6Z/,queued,0,0,,0,0,0,,,0,0,0,0,0,0,,,,,,,,,0,,,,,,,
CIUEFXNHfz5,p,https://www.instagram.com/thedogist/p/CIUEFXNHfz5/,queued,0,0,,0,0,0,,,0,0,0,0,0,0,,,,,,,,,0,,,,,,,
CITTg7Xnu7v,p,https://www.instagram.com/thedogist/p/CITTg7Xnu7v/,queued,0,0,,0,0,0,,,0,0,0,0,0,0,,,,,,,,,0,,,,,,,
CIRWBE-nkaz,p,https://www.instagram.com/thedogist/p/CIRWBE-nkaz/,queued,0,0,,0,0,0,,,0,0,0,0,0,0,,,,,,,,,0,,,,,,,
CIQkt2PnDU7,p,https://www.instagram.com/thedogist/p/CIQkt2PnDU7/,queued,0,0,,0,0,0,,,0,0,0,0,0,0,,,,,,,,,0,,,,,,,
CIOugEXHUYf,p,https://www.instagram.com/thedogist/p/CIOugEXHUYf/,queued,0,0,,0,0,0,,,0,0,0,0,0,0,,,,,,,,,0,,,,,,,
CIMQ9U5HRXF,p,https://www.instagram.com/thedogist/p/CIMQ9U5HRXF/,queued,0,0,,0,0,0,,,0,0,0,0,0,0,,,,,,,,,0,,,,,,,
CIJqzRqnSg3,p,https://www.instagram.com/thedogist/p/CIJqzRqnSg3/,queued,0,0,,0,0,0,,,0,0,0,0,0,0,,,,,,,,,0,,,,,,,
CIJLo-TnMKq,p,https://www.instagram.com/thedogist/p/CIJLo-TnMKq/,queued,0,0,,0,0,0,,,0,0,0,0,0,0,,,,,,,,,0,,,,,,,
CIHdkmjHLjF,p,https://www.instagram.com/thedogist/p/CIHdkmjHLjF/,queued,0,0,,0,0,0,,,0,0,0,0,0,0,,,,,,,,,0,,,,,,,
CIGftr_nT50,p,https://www.instagram.com/thedogist/p/CIGftr_nT50/,queued,0,0,,0,0,0,,,0,0,0,0,0,0,,,,,,,,,0,,,,,,,
CIElPCnno36,p,https://www.instagram.com/thedogist/p/CIElPCnno36/,queued,0,0,,0,0,0,,,0,0,0,0,0,0,,,,,,,,,0,,,,,,,
CIBjN0mn8Su,p,https://www.instagram.com/thedogist/p/CIBjN0mn8Su/,queued,0,0,,0,0,0,,,0,0,0,0,0,0,,,,,,,,,0,,,,,,,
CH_cK1oHKr_,p,https://www.instagram.com/thedogist/p/CH_cK1oHKr_/,queued,0,0,,0,0,0,,,0,0,0,0,0,0,,,,,,,,,0,,,,,,,
CH8qHtnHPXg,p,https://www.instagram.com/thedogist/p/CH8qHtnHPXg/,queued,0,0,,0,0,0,,,0,0,0,0,0,0,,,,,,,,,0,,,,,,,
CH8d6e5Hvs6,p,https://www.instagram.com/thedogist/p/CH8d6e5Hvs6/,queued,0,0,,0,0,0,,,0,0,0,0,0,0,,,,,,,,,0,,,,,,,
CH8NskQn89N,p,https://www.instagram.com/thedogist/p/CH8NskQn89N/,queued,0,0,,0,0,0,,,0,0,0,0,0,0,,,,,,,,,0,,,,,,,
CH6RUYhnbqY,p,https://www.instagram.com/thedogist/p/CH6RUYhnbqY/,queued,0,0,,0,0,0,,,0,0,0,0,0,0,,,,,,,,,0,,,,,,,
CH4AtufHtAh,p,https://www.instagram.com/thedogist/p/CH4AtufHtAh/,queued,0,0,,0,0,0,,,0,0,0,0,0,0,,,,,,,,,0,,,,,,,
CH21R0bH8wU,p,https://www.instagram.com/thedogist/p/CH21R0bH8wU/,queued,0,0,,0,0,0,,,0,0,0,0,0,0,,,,,,,,,0,,,,,,,
CH1JRxUnJGV,p,https://www.instagram.com/thedogist/p/CH1JRxUnJGV/,queued,0,0,,0,0,0,,,0,0,0,0,0,0,,,,,,,,,0,,,,,,,
CH0fY7YntLR,p,https://www.instagram.com/thedogist/p/CH0fY7YntLR/,queued,0,0,,0,0,0,,,0,0,0,0,0,0,,,,,,,,,0,,,,,,,
CHy-Tkfn7iA,p,https://www.instagram.com/thedogist/p/CHy-Tkfn7iA/,queued,0,0,,0,0,0,,,0,0,0,0,0,0,,,,,,,,,0,,,,,,,
CHx8NK7HC5i,reel,https://www.instagram.com/thedogist/reel/CHx8NK7HC5i/,queued,0,0,,0,0,0,,,0,0,0,0,0,0,,,,,,,,,0,,,,,,,
CHv4FwAHdQU,p,https://www.instagram.com/thedogist/p/CHv4FwAHdQU/,queued,0,0,,0,0,0,,,0,0,0,0,0,0,,,,,,,,,0,,,,,,,
CHveQlMHIYP,p,https://www.instagram.com/thedogist/p/CHveQlMHIYP/,queued,0,0,,0,0,0,,,0,0,0,0,0,0,,,,,,,,,0,,,,,,,
CHtaqPhHfdc,p,https://www.instagram.com/thedogist/p/CHtaqPhHfdc/,queued,0,0,,0,0,0,,,0,0,0,0,0,0,,,,,,,,,0,,,,,,,
CHq6TYRHl6Y,p,https://www.instagram.com/thedogist/p/CHq6TYRHl6Y/,queued,0,0,,0,0,0,,,0,0,0,0,0,0,,,,,,,,,0,,,,,,,
CHo2mUlnBa0,p,https://www.instagram.com/thedogist/p/CHo2mUlnBa0/,queued,0,0,,0,0,0,,,0,0,0,0,0,0,,,,,,,,,0,,,,,,,
CHn89Gmn3r8,p,https://www.instagram.com/thedogist/p/CHn89Gmn3r8/,queued,0,0,,0,0,0,,,0,0,0,0,0,0,,,,,,,,,0,,,,,,,
CHjNy9GHISZ,p,https://www.instagram.com/thedogist/p/CHjNy9GHISZ/,queued,0,0,,0,0,0,,,0,0,0,0,0,0,,,,,,,,,0,,,,,,,
CHgib9FHBSB,p,https://www.instagram.com/thedogist/p/CHgib9FHBSB/,queued,0,0,,0,0,0,,,0,0,0,0,0,0,,,,,,,,,0,,,,,,,
CHdn8KFn4uN,p,https://www.instagram.com/thedogist/p/CHdn8KFn4uN/,queued,0,0,,0,0,0,,,0,0,0,0,0,0,,,,,,,,,0,,,,,,,
CHbznnHHOSd,p,https://www.instagram.com/thedogist/p/CHbznnHHOSd/,queued,0,0,,0,0,0,,,0,0,0,0,0,0,,,,,,,,,0,,,,,,,
CHa4MKkH-5A,p,https://www.instagram.com/thedogist/p/CHa4MKkH-5A/,queued,0,0,,0,0,0,,,0,0,0,0,0,0,,,,,,,,,0,,,,,,,
CHY_h6GH1ir,p,https://www.instagram.com/thedogist/p/CHY_h6GH1ir/,queued,0,0,,0,0,0,,,0,0,0,0,0,0,,,,,,,,,0,,,,,,,
CHWe_OYHMzk,p,https://www.instagram.com/thedogist/p/CHWe_OYHMzk/,queued,0,0,,0,0,0,,,0,0,0,0,0,0,,,,,,,,,0,,,,,,,
CHTwIQBHet_,p,https://www.instagram.com/thedogist/p/CHTwIQBHet_/,queued,0,0,,0,0,0,,,0,0,0,0,0,0,,,,,,,,,0,,,,,,,
CHRFNwtHOu4,p,https://www.instagram.com/thedogist/p/CHRFNwtHOu4/,queued,0,0,,0,0,0,,,0,0,0,0,0,0,,,,,,,,,0,,,,,,,
CHQtnztHq4o,p,https://www.instagram.com/thedogist/p/CHQtnztHq4o/,queued,0,0,,0,0,0,,,0,0,0,0,0,0,,,,,,,,,0,,,,,,,
CHPIABNnVEM,p,https://www.instagram.com/thedogist/p/CHPIABNnVEM/,queued,0,0,,0,0,0,,,0,0,0,0,0,0,,,,,,,,,0,,,,,,,
CHMeYm0HErD,p,https://www.instagram.com/thedogist/p/CHMeYm0HErD/,queued,0,0,,0,0,0,,,0,0,0,0,0,0,,,,,,,,,0,,,,,,,
CHI_zoHHSaR,p,https://www.instagram.com/thedogist/p/CHI_zoHHSaR/,queued,0,0,,0,0,0,,,0,0,0,0,0,0,,,,,,,,,0,,,,,,,
CHGSA-PHOIx,p,https://www.instagram.com/thedogist/p/CHGSA-PHOIx/,queued,0,0,,0,0,0,,,0,0,0,0,0,0,,,,,,,,,0,,,,,,,
CHDxEdWHCD0,p,https://www.instagram.com/thedogist/p/CHDxEdWHCD0/,queued,0,0,,0,0,0,,,0,0,0,0,0,0,,,,,,,,,0,,,,,,,
CHBePdTHFC4,p,https://www.instagram.com/thedogist/p/CHBePdTHFC4/,queued,0,0,,0,0,0,,,0,0,0,0,0,0,,,,,,,,,0,,,,,,,
CHBMsm3nLC9,p,https://www.instagram.com/thedogist/p/CHBMsm3nLC9/,queued,0,0,,0,0,0,,,0,0,0,0,0,0,,,,,,,,,0,,,,,,,
CG-u1smncIJ,p,https://www.instagram.com/thedogist/p/CG-u1smncIJ/,queued,0,0,,0,0,0,,,0,0,0,0,0,0,,,,,,,,,0,,,,,,,
CG8vyjqnQmp,p,https://www.instagram.com/thedogist/p/CG8vyjqnQmp/,queued,0,0,,0,0,0,,,0,0,0,0,0,0,,,,,,,,,0,,,,,,,
CG5aYfunQ8z,p,https://www.instagram.com/thedogist/p/CG5aYfunQ8z/,queued,0,0,,0,0,0,,,0,0,0,0,0,0,,,,,,,,,0,,,,,,,
CG3RbeHnxi-,p,https://www.instagram.com/thedogist/p/CG3RbeHnxi-/,queued,0,0,,0,0,0,,,0,0,0,0,0,0,,,,,,,,,0,,,,,,,
CG1J8ukn_3U,p,https://www.instagram.com/thedogist/p/CG1J8ukn_3U/,queued,0,0,,0,0,0,,,0,0,0,0,0,0,,,,,,,,,0,,,,,,,
CGyRAd1HOzz,p,https://www.instagram.com/thedogist/p/CGyRAd1HOzz/,queued,0,0,,0,0,0,,,0,0,0,0,0,0,,,,,,,,,0,,,,,,,
CGv5ehZHG8U,p,https://www.instagram.com/thedogist/p/CGv5ehZHG8U/,queued,0,0,,0,0,0,,,0,0,0,0,0,0,,,,,,,,,0,,,,,,,
CGtLJEZHaE4,p,https://www.instagram.com/thedogist/p/CGtLJEZHaE4/,queued,0,0,,0,0,0,,,0,0,0,0,0,0,,,,,,,,,0,,,,,,,
CGqWeuTne_I,p,https://www.instagram.com/thedogist/p/CGqWeuTne_I/,queued,0,0,,0,0,0,,,0,0,0,0,0,0,,,,,,,,,0,,,,,,,
CGn3uP9Haas,p,https://www.instagram.com/thedogist/p/CGn3uP9Haas/,queued,0,0,,0,0,0,,,0,0,0,0,0,0,,,,,,,,,0,,,,,,,
CGlcDlLnImR,p,https://www.instagram.com/thedogist/p/CGlcDlLnImR/,queued,0,0,,0,0,0,,,0,0,0,0,0,0,,,,,,,,,0,,,,,,,
CGi3lzDnBqE,p,https://www.instagram.com/thedogist/p/CGi3lzDnBqE/,queued,0,0,,0,0,0,,,0,0,0,0,0,0,,,,,,,,,0,,,,,,,
CGiWJo4n6qV,p,https://www.instagram.com/thedogist/p/CGiWJo4n6qV/,queued,0,0,,0,0,0,,,0,0,0,0,0,0,,,,,,,,,0,,,,,,,
CGgRQmLHxqS,p,https://www.instagram.com/thedogist/p/CGgRQmLHxqS/,queued,0,0,,0,0,0,,,0,0,0,0,0,0,,,,,,,,,0,,,,,,,
CGdrG_YHPRd,p,https://www.instagram.com/thedogist/p/CGdrG_YHPRd/,queued,0,0,,0,0,0,,,0,0,0,0,0,0,,,,,,,,,0,,,,,,,
CGbHVDEnt1o,p,https://www.instagram.com/thedogist/p/CGbHVDEnt1o/,queued,0,0,,0,0,0,,,0,0,0,0,0,0,,,,,,,,,0,,,,,,,
CGaQuZNnWwe,p,https://www.instagram.com/thedogist/p/CGaQuZNnWwe/,queued,0,0,,0,0,0,,,0,0,0,0,0,0,,,,,,,,,0,,,,,,,
CGYj1kKn_mL,p,https://www.instagram.com/thedogist/p/CGYj1kKn_mL/,queued,0,0,,0,0,0,,,0,0,0,0,0,0,,,,,,,,,0,,,,,,,
CGV6QS0nFgS,p,https://www.instagram.com/thedogist/p/CGV6QS0nFgS/,queued,0,0,,0,0,0,,,0,0,0,0,0,0,,,,,,,,,0,,,,,,,
CGVHHJfnaqP,p,https://www.instagram.com/thedogist/p/CGVHHJfnaqP/,queued,0,0,,0,0,0,,,0,0,0,0,0,0,,,,,,,,,0,,,,,,,
CGTPmPVnLhL,p,https://www.instagram.com/thedogist/p/CGTPmPVnLhL/,queued,0,0,,0,0,0,,,0,0,0,0,0,0,,,,,,,,,0,,,,,,,
CGRMXHDHESl,p,https://www.instagram.com/thedogist/p/CGRMXHDHESl/,queued,0,0,,0,0,0,,,0,0,0,0,0,0,,,,,,,,,0,,,,,,,
CGOSILFnLJK,p,https://www.instagram.com/thedogist/p/CGOSILFnLJK/,queued,0,0,,0,0,0,,,0,0,0,0,0,0,,,,,,,,,0,,,,,,,
CGLkrGiHwak,p,https://www.instagram.com/thedogist/p/CGLkrGiHwak/,queued,0,0,,0,0,0,,,0,0,0,0,0,0,,,,,,,,,0,,,,,,,
CGI1PErHUZn,p,https://www.instagram.com/thedogist/p/CGI1PErHUZn/,queued,0,0,,0,0,0,,,0,0,0,0,0,0,,,,,,,,,0,,,,,,,
CGGItpendhX,p,https://www.instagram.com/thedogist/p/CGGItpendhX/,queued,0,0,,0,0,0,,,0,0,0,0,0,0,,,,,,,,,0,,,,,,,
CGDTvxmHvz4,p,https://www.instagram.com/thedogist/p/CGDTvxmHvz4/,queued,0,0,,0,0,0,,,0,0,0,0,0,0,,,,,,,,,0,,,,,,,
CGBQS9KH00F,p,https://www.instagram.com/thedogist/p/CGBQS9KH00F/,queued,0,0,,0,0,0,,,0,0,0,0,0,0,,,,,,,,,0,,,,,,,
CF_TwJlnw0Y,p,https://www.instagram.com/thedogist/p/CF_TwJlnw0Y/,queued,0,0,,0,0,0,,,0,0,0,0,0,0,,,,,,,,,0,,,,,,,
CF7_CdNHFCb,p,https://www.instagram.com/thedogist/p/CF7_CdNHFCb/,queued,0,0,,0,0,0,,,0,0,0,0,0,0,,,,,,,,,0,,,,,,,
CF5Xt3tnMsH,p,https://www.instagram.com/thedogist/p/CF5Xt3tnMsH/,queued,0,0,,0,0,0,,,0,0,0,0,0,0,,,,,,,,,0,,,,,,,
CF3ElpFn9oj,p,https://www.instagram.com/thedogist/p/CF3ElpFn9oj/,queued,0,0,,0,0,0,,,0,0,0,0,0,0,,,,,,,,,0,,,,,,,
CF0EfxCH-Cj,p,https://www.instagram.com/thedogist/p/CF0EfxCH-Cj/,queued,0,0,,0,0,0,,,0,0,0,0,0,0,,,,,,,,,0,,,,,,,
CFx3ZEroU2c,p,https://www.instagram.com/thedogist/p/CFx3ZEroU2c/,queued,0,0,,0,0,0,,,0,0,0,0,0,0,,,,,,,,,0,,,,,,,
CFvOWFxHWZy,p,https://www.instagram.com/thedogist/p/CFvOWFxHWZy/,queued,0,0,,0,0,0,,,0,0,0,0,0,0,,,,,,,,,0,,,,,,,
CFs90Nho3K8,p,https://www.instagram.com/thedogist/p/CFs90Nho3K8/,queued,0,0,,0,0,0,,,0,0,0,0,0,0,,,,,,,,,0,,,,,,,
CFpmJjFHcDk,p,https://www.instagram.com/thedogist/p/CFpmJjFHcDk/,queued,0,0,,0,0,0,,,0,0,0,0,0,0,,,,,,,,,0,,,,,,,
CFnwt8yHH71,p,https://www.instagram.com/thedogist/p/CFnwt8yHH71/,queued,0,0,,0,0,0,,,0,0,0,0,0,0,,,,,,,,,0,,,,,,,
CFktFm1n2pK,p,https://www.instagram.com/thedogist/p/CFktFm1n2pK/,queued,0,0,,0,0,0,,,0,0,0,0,0,0,,,,,,,,,0,,,,,,,
CFiY3S-nZPP,p,https://www.instagram.com/thedogist/p/CFiY3S-nZPP/,queued,0,0,,0,0,0,,,0,0,0,0,0,0,,,,,,,,,0,,,,,,,
CFfpBDDnvaB,p,https://www.instagram.com/thedogist/p/CFfpBDDnvaB/,queued,0,0,,0,0,0,,,0,0,0,0,0,0,,,,,,,,,0,,,,,,,
CFck915Hhzf,p,https://www.instagram.com/thedogist/p/CFck915Hhzf/,queued,0,0,,0,0,0,,,0,0,0,0,0,0,,,,,,,,,0,,,,,,,
CFbHICVHbE3,p,https://www.instagram.com/thedogist/p/CFbHICVHbE3/,queued,0,0,,0,0,0,,,0,0,0,0,0,0,,,,,,,,,0,,,,,,,
CFYQqDenyCx,p,https://www.instagram.com/thedogist/p/CFYQqDenyCx/,queued,0,0,,0,0,0,,,0,0,0,0,0,0,,,,,,,,,0,,,,,,,
CFVrt2lno51,p,https://www.instagram.com/thedogist/p/CFVrt2lno51/,queued,0,0,,0,0,0,,,0,0,0,0,0,0,,,,,,,,,0,,,,,,,
CFSUQRjnaMz,p,https://www.instagram.com/thedogist/p/CFSUQRjnaMz/,queued,0,0,,0,0,0,,,0,0,0,0,0,0,,,,,,,,,0,,,,,,,
CFQWx07HEA7,p,https://www.instagram.com/thedogist/p/CFQWx07HEA7/,queued,0,0,,0,0,0,,,0,0,0,0,0,0,,,,,,,,,0,,,,,,,
CFN-_6Ynw_U,p,https://www.instagram.com/thedogist/p/CFN-_6Ynw_U/,queued,0,0,,0,0,0,,,0,0,0,0,0,0,,,,,,,,,0,,,,,,,
CFK52H1H8r2,p,https://www.instagram.com/thedogist/p/CFK52H1H8r2/,queued,0,0,,0,0,0,,,0,0,0,0,0,0,,,,,,,,,0,,,,,,,
CFIqxBdniAo,p,https://www.instagram.com/thedogist/p/CFIqxBdniAo/,queued,0,0,,0,0,0,,,0,0,0,0,0,0,,,,,,,,,0,,,,,,,
CFFzWaOnr-B,p,https://www.instagram.com/thedogist/p/CFFzWaOnr-B/,queued,0,0,,0,0,0,,,0,0,0,0,0,0,,,,,,,,,0,,,,,,,
CFDpDunnhv6,p,https://www.instagram.com/thedogist/p/CFDpDunnhv6/,queued,0,0,,0,0,0,,,0,0,0,0,0,0,,,,,,,,,0,,,,,,,
CFBHnyeHUWl,p,https://www.instagram.com/thedogist/p/CFBHnyeHUWl/,queued,0,0,,0,0,0,,,0,0,0,0,0,0,,,,,,,,,0,,,,,,,
CE-d4gdnSoK,p,https://www.instagram.com/thedogist/p/CE-d4gdnSoK/,queued,0,0,,0,0,0,,,0,0,0,0,0,0,,,,,,,,,0,,,,,,,
CE5dWREn2Wg,p,https://www.instagram.com/thedogist/p/CE5dWREn2Wg/,queued,0,0,,0,0,0,,,0,0,0,0,0,0,,,,,,,,,0,,,,,,,
CE21PZSndj8,p,https://www.instagram.com/thedogist/p/CE21PZSndj8/,queued,0,0,,0,0,0,,,0,0,0,0,0,0,,,,,,,,,0,,,,,,,
CE0us-gnHCZ,p,https://www.instagram.com/thedogist/p/CE0us-gnHCZ/,queued,0,0,,0,0,0,,,0,0,0,0,0,0,,,,,,,,,0,,,,,,,
CExb0konBp6,p,https://www.instagram.com/thedogist/p/CExb0konBp6/,queued,0,0,,0,0,0,,,0,0,0,0,0,0,,,,,,,,,0,,,,,,,
CEujFBgnssb,p,https://www.instagram.com/thedogist/p/CEujFBgnssb/,queued,0,0,,0,0,0,,,0,0,0,0,0,0,,,,,,,,,0,,,,,,,
CEuHVVMnn31,p,https://www.instagram.com/thedogist/p/CEuHVVMnn31/,queued,0,0,,0,0,0,,,0,0,0,0,0,0,,,,,,,,,0,,,,,,,
CEsCw4bHr_c,p,https://www.instagram.com/thedogist/p/CEsCw4bHr_c/,queued,0,0,,0,0,0,,,0,0,0,0,0,0,,,,,,,,,0,,,,,,,
CEpoYW4nu81,p,https://www.instagram.com/thedogist/p/CEpoYW4nu81/,queued,0,0,,0,0,0,,,0,0,0,0,0,0,,,,,,,,,0,,,,,,,
CEmiYHpnxnq,p,https://www.instagram.com/thedogist/p/CEmiYHpnxnq/,queued,0,0,,0,0,0,,,0,0,0,0,0,0,,,,,,,,,0,,,,,,,
CEmZAqWnWfj,p,https://www.instagram.com/thedogist/p/CEmZAqWnWfj/,queued,0,0,,0,0,0,,,0,0,0,0,0,0,,,,,,,,,0,,,,,,,
CEjtTivnyLr,p,https://www.instagram.com/thedogist/p/CEjtTivnyLr/,queued,0,0,,0,0,0,,,0,0,0,0,0,0,,,,,,,,,0,,,,,,,
CEiJ0u6nzz8,p,https://www.instagram.com/thedogist/p/CEiJ0u6nzz8/,queued,0,0,,0,0,0,,,0,0,0,0,0,0,,,,,,,,,0,,,,,,,
CEfofVZHzyk,p,https://www.instagram.com/thedogist/p/CEfofVZHzyk/,queued,0,0,,0,0,0,,,0,0,0,0,0,0,,,,,,,,,0,,,,,,,
CEdOtuJnwuq,p,https://www.instagram.com/thedogist/p/CEdOtuJnwuq/,queued,0,0,,0,0,0,,,0,0,0,0,0,0,,,,,,,,,0,,,,,,,
CEaG3SSnXeh,p,https://www.instagram.com/thedogist/p/CEaG3SSnXeh/,queued,0,0,,0,0,0,,,0,0,0,0,0,0,,,,,,,,,0,,,,,,,
CEYMcn5H7Wy,p,https://www.instagram.com/thedogist/p/CEYMcn5H7Wy/,queued,0,0,,0,0,0,,,0,0,0,0,0,0,,,,,,,,,0,,,,,,,
CEVZvQ9Hvm8,p,https://www.instagram.com/thedogist/p/CEVZvQ9Hvm8/,queued,0,0,,0,0,0,,,0,0,0,0,0,0,,,,,,,,,0,,,,,,,
CESwd9KH3Av,p,https://www.instagram.com/thedogist/p/CESwd9KH3Av/,queued,0,0,,0,0,0,,,0,0,0,0,0,0,,,,,,,,,0,,,,,,,
CEQMrj9HExt,p,https://www.instagram.com/thedogist/p/CEQMrj9HExt/,queued,0,0,,0,0,0,,,0,0,0,0,0,0,,,,,,,,,0,,,,,,,
CENZL0gnlEw,p,https://www.instagram.com/thedogist/p/CENZL0gnlEw/,queued,0,0,,0,0,0,,,0,0,0,0,0,0,,,,,,,,,0,,,,,,,
CEKfa51nnE0,p,https://www.instagram.com/thedogist/p/CEKfa51nnE0/,queued,0,0,,0,0,0,,,0,0,0,0,0,0,,,,,,,,,0,,,,,,,
CEIBBZUne0S,p,https://www.instagram.com/thedogist/p/CEIBBZUne0S/,queued,0,0,,0,0,0,,,0,0,0,0,0,0,,,,,,,,,0,,,,,,,
CEEudstHu7Z,p,https://www.instagram.com/thedogist/p/CEEudstHu7Z/,queued,0,0,,0,0,0,,,0,0,0,0,0,0,,,,,,,,,0,,,,,,,
CECLxERnhZE,p,https://www.instagram.com/thedogist/p/CECLxERnhZE/,queued,0,0,,0,0,0,,,0,0,0,0,0,0,,,,,,,,,0,,,,,,,
CEATRvfHJ4f,p,https://www.instagram.com/thedogist/p/CEATRvfHJ4f/,queued,0,0,,0,0,0,,,0,0,0,0,0,0,,,,,,,,,0,,,,,,,
CD-YVXHHuFy,p,https://www.instagram.com/thedogist/p/CD-YVXHHuFy/,queued,0,0,,0,0,0,,,0,0,0,0,0,0,,,,,,,,,0,,,,,,,
CD7W-rmnbfH,p,https://www.instagram.com/thedogist/p/CD7W-rmnbfH/,queued,0,0,,0,0,0,,,0,0,0,0,0,0,,,,,,,,,0,,,,,,,
CD41uCtHsxo,p,https://www.instagram.com/thedogist/p/CD41uCtHsxo/,queued,0,0,,0,0,0,,,0,0,0,0,0,0,,,,,,,,,0,,,,,,,
CD1vjUkHB8a,p,https://www.instagram.com/thedogist/p/CD1vjUkHB8a/,queued,0,0,,0,0,0,,,0,0,0,0,0,0,,,,,,,,,0,,,,,,,
CDzw3opnpKG,p,https://www.instagram.com/thedogist/p/CDzw3opnpKG/,queued,0,0,,0,0,0,,,0,0,0,0,0,0,,,,,,,,,0,,,,,,,
CDxjBoPHPQy,p,https://www.instagram.com/thedogist/p/CDxjBoPHPQy/,queued,0,0,,0,0,0,,,0,0,0,0,0,0,,,,,,,,,0,,,,,,,
CDutp6JHoxB,p,https://www.instagram.com/thedogist/p/CDutp6JHoxB/,queued,0,0,,0,0,0,,,0,0,0,0,0,0,,,,,,,,,0,,,,,,,
CDr_UuYn9Bw,p,https://www.instagram.com/thedogist/p/CDr_UuYn9Bw/,queued,0,0,,0,0,0,,,0,0,0,0,0,0,,,,,,,,,0,,,,,,,
CDpRTyqn-xw,p,https://www.instagram.com/thedogist/p/CDpRTyqn-xw/,queued,0,0,,0,0,0,,,0,0,0,0,0,0,,,,,,,,,0,,,,,,,
CDnDXEUn_DC,p,https://www.instagram.com/thedogist/p/CDnDXEUn_DC/,queued,0,0,,0,0,0,,,0,0,0,0,0,0,,,,,,,,,0,,,,,,,
CDj2mB8HvH9,p,https://www.instagram.com/thedogist/p/CDj2mB8HvH9/,queued,0,0,,0,0,0,,,0,0,0,0,0,0,,,,,,,,,0,,,,,,,
CDhR4u2Hssw,p,https://www.instagram.com/thedogist/p/CDhR4u2Hssw/,queued,0,0,,0,0,0,,,0,0,0,0,0,0,,,,,,,,,0,,,,,,,
CDexTiEHpaK,p,https://www.instagram.com/thedogist/p/CDexTiEHpaK/,queued,0,0,,0,0,0,,,0,0,0,0,0,0,,,,,,,,,0,,,,,,,
CDc1ERFnKBZ,p,https://www.instagram.com/thedogist/p/CDc1ERFnKBZ/,queued,0,0,,0,0,0,,,0,0,0,0,0,0,,,,,,,,,0,,,,,,,
CDaG6YunCH-,p,https://www.instagram.com/thedogist/p/CDaG6YunCH-/,queued,0,0,,0,0,0,,,0,0,0,0,0,0,,,,,,,,,0,,,,,,,
CDXLbiCnji_,p,https://www.instagram.com/thedogist/p/CDXLbiCnji_/,queued,0,0,,0,0,0,,,0,0,0,0,0,0,,,,,,,,,0,,,,,,,
CDVO5t2nzs-,p,https://www.instagram.com/thedogist/p/CDVO5t2nzs-/,queued,0,0,,0,0,0,,,0,0,0,0,0,0,,,,,,,,,0,,,,,,,
CDR8_MbHNZP,p,https://www.instagram.com/thedogist/p/CDR8_MbHNZP/,queued,0,0,,0,0,0,,,0,0,0,0,0,0,,,,,,,,,0,,,,,,,
CDRkZ2UnMyr,p,https://www.instagram.com/thedogist/p/CDRkZ2UnMyr/,queued,0,0,,0,0,0,,,0,0,0,0,0,0,,,,,,,,,0,,,,,,,
CDP7k9gH0ox,p,https://www.instagram.com/thedogist/p/CDP7k9gH0ox/,queued,0,0,,0,0,0,,,0,0,0,0,0,0,,,,,,,,,0,,,,,,,
CDNCblfnxpo,p,https://www.instagram.com/thedogist/p/CDNCblfnxpo/,queued,0,0,,0,0,0,,,0,0,0,0,0,0,,,,,,,,,0,,,,,,,
CDKO-ZfH-l4,p,https://www.instagram.com/thedogist/p/CDKO-ZfH-l4/,queued,0,0,,0,0,0,,,0,0,0,0,0,0,,,,,,,,,0,,,,,,,
CDHlLAEndLQ,p,https://www.instagram.com/thedogist/p/CDHlLAEndLQ/,queued,0,0,,0,0,0,,,0,0,0,0,0,0,,,,,,,,,0,,,,,,,
CDFEGN2nBtn,p,https://www.instagram.com/thedogist/p/CDFEGN2nBtn/,queued,0,0,,0,0,0,,,0,0,0,0,0,0,,,,,,,,,0,,,,,,,
CDC60Y5niXH,p,https://www.instagram.com/thedogist/p/CDC60Y5niXH/,queued,0,0,,0,0,0,,,0,0,0,0,0,0,,,,,,,,,0,,,,,,,
CC_9lxrnHw4,p,https://www.instagram.com/thedogist/p/CC_9lxrnHw4/,queued,0,0,,0,0,0,,,0,0,0,0,0,0,,,,,,,,,0,,,,,,,
CC9ri5dnSpf,p,https://www.instagram.com/thedogist/p/CC9ri5dnSpf/,queued,0,0,,0,0,0,,,0,0,0,0,0,0,,,,,,,,,0,,,,,,,
CC7F5WEnZsL,p,https://www.instagram.com/thedogist/p/CC7F5WEnZsL/,queued,0,0,,0,0,0,,,0,0,0,0,0,0,,,,,,,,,0,,,,,,,
CC6NGIBnOxH,reel,https://www.instagram.com/thedogist/reel/CC6NGIBnOxH/,queued,0,0,,0,0,0,,,0,0,0,0,0,0,,,,,,,,,0,,,,,,,
CC4SaJ6nqS-,p,https://www.instagram.com/thedogist/p/CC4SaJ6nqS-/,queued,0,0,,0,0,0,,,0,0,0,0,0,0,,,,,,,,,0,,,,,,,
CC1z17_Hpc-,p,https://www.instagram.com/thedogist/p/CC1z17_Hpc-/,queued,0,0,,0,0,0,,,0,0,0,0,0,0,,,,,,,,,0,,,,,,,
CC1AIywnzll,p,https://www.instagram.com/thedogist/p/CC1AIywnzll/,queued,0,0,,0,0,0,,,0,0,0,0,0,0,,,,,,,,,0,,,,,,,
CCyxRYdHa_U,p,https://www.instagram.com/thedogist/p/CCyxRYdHa_U/,queued,0,0,,0,0,0,,,0,0,0,0,0,0,,,,,,,,,0,,,,,,,
CCwlsKEHwAH,p,https://www.instagram.com/thedogist/p/CCwlsKEHwAH/,queued,0,0,,0,0,0,,,0,0,0,0,0,0,,,,,,,,,0,,,,,,,
CCuWKF0Hkzd,p,https://www.instagram.com/thedogist/p/CCuWKF0Hkzd/,queued,0,0,,0,0,0,,,0,0,0,0,0,0,,,,,,,,,0,,,,,,,
CCtpcO8nhgH,p,https://www.instagram.com/thedogist/p/CCtpcO8nhgH/,queued,0,0,,0,0,0,,,0,0,0,0,0,0,,,,,,,,,0,,,,,,,
CCrenOdHf1s,p,https://www.instagram.com/thedogist/p/CCrenOdHf1s/,queued,0,0,,0,0,0,,,0,0,0,0,0,0,,,,,,,,,0,,,,,,,
CCorCruH10H,p,https://www.instagram.com/thedogist/p/CCorCruH10H/,queued,0,0,,0,0,0,,,0,0,0,0,0,0,,,,,,,,,0,,,,,,,
CCmR83zHZmw,p,https://www.instagram.com/thedogist/p/CCmR83zHZmw/,queued,0,0,,0,0,0,,,0,0,0,0,0,0,,,,,,,,,0,,,,,,,
CCl99Zun8aY,p,https://www.instagram.com/thedogist/p/CCl99Zun8aY/,queued,0,0,,0,0,0,,,0,0,0,0,0,0,,,,,,,,,0,,,,,,,
CCj9kmEHVCg,p,https://www.instagram.com/thedogist/p/CCj9kmEHVCg/,queued,0,0,,0,0,0,,,0,0,0,0,0,0,,,,,,,,,0,,,,,,,
CChu9gsHqd8,p,https://www.instagram.com/thedogist/p/CChu9gsHqd8/,queued,0,0,,0,0,0,,,0,0,0,0,0,0,,,,,,,,,0,,,,,,,
CCesX0zHy5k,p,https://www.instagram.com/thedogist/p/CCesX0zHy5k/,queued,0,0,,0,0,0,,,0,0,0,0,0,0,,,,,,,,,0,,,,,,,
CCb3gr5FAHq,p,https://www.instagram.com/thedogist/p/CCb3gr5FAHq/,queued,0,0,,0,0,0,,,0,0,0,0,0,0,,,,,,,,,0,,,,,,,
CCZvfCxnp4S,p,https://www.instagram.com/thedogist/p/CCZvfCxnp4S/,queued,0,0,,0,0,0,,,0,0,0,0,0,0,,,,,,,,,0,,,,,,,
CCW5s_uHT9T,p,https://www.instagram.com/thedogist/p/CCW5s_uHT9T/,queued,0,0,,0,0,0,,,0,0,0,0,0,0,,,,,,,,,0,,,,,,,
CCUrcAMnOmY,p,https://www.instagram.com/thedogist/p/CCUrcAMnOmY/,queued,0,0,,0,0,0,,,0,0,0,0,0,0,,,,,,,,,0,,,,,,,
CCSDwcWn5xW,p,https://www.instagram.com/thedogist/p/CCSDwcWn5xW/,queued,0,0,,0,0,0,,,0,0,0,0,0,0,,,,,,,,,0,,,,,,,
CCO_vhRn8Gx,p,https://www.instagram.com/thedogist/p/CCO_vhRn8Gx/,queued,0,0,,0,0,0,,,0,0,0,0,0,0,,,,,,,,,0,,,,,,,
CCM99LWH7kR,p,https://www.instagram.com/thedogist/p/CCM99LWH7kR/,queued,0,0,,0,0,0,,,0,0,0,0,0,0,,,,,,,,,0,,,,,,,
CCJyYQ6nZVk,p,https://www.instagram.com/thedogist/p/CCJyYQ6nZVk/,queued,0,0,,0,0,0,,,0,0,0,0,0,0,,,,,,,,,0,,,,,,,
CCG3MgKHSqy,p,https://www.instagram.com/thedogist/p/CCG3MgKHSqy/,queued,0,0,,0,0,0,,,0,0,0,0,0,0,,,,,,,,,0,,,,,,,
CCEnx8MnvoD,p,https://www.instagram.com/thedogist/p/CCEnx8MnvoD/,queued,0,0,,0,0,0,,,0,0,0,0,0,0,,,,,,,,,0,,,,,,,
CCCYhx8nwzz,p,https://www.instagram.com/thedogist/p/CCCYhx8nwzz/,queued,0,0,,0,0,0,,,0,0,0,0,0,0,,,,,,,,,0,,,,,,,
CB-8iX8nsae,p,https://www.instagram.com/thedogist/p/CB-8iX8nsae/,queued,0,0,,0,0,0,,,0,0,0,0,0,0,,,,,,,,,0,,,,,,,
CB9BusnHc09,p,https://www.instagram.com/thedogist/p/CB9BusnHc09/,queued,0,0,,0,0,0,,,0,0,0,0,0,0,,,,,,,,,0,,,,,,,
CB6T4a_nPR6,p,https://www.instagram.com/thedogist/p/CB6T4a_nPR6/,queued,0,0,,0,0,0,,,0,0,0,0,0,0,,,,,,,,,0,,,,,,,
CB4iZn_HdeN,p,https://www.instagram.com/thedogist/p/CB4iZn_HdeN/,queued,0,0,,0,0,0,,,0,0,0,0,0,0,,,,,,,,,0,,,,,,,
CB167WwnGma,p,https://www.instagram.com/thedogist/p/CB167WwnGma/,queued,0,0,,0,0,0,,,0,0,0,0,0,0,,,,,,,,,0,,,,,,,
CBzCyppHw3S,p,https://www.instagram.com/thedogist/p/CBzCyppHw3S/,queued,0,0,,0,0,0,,,0,0,0,0,0,0,,,,,,,,,0,,,,,,,
CBwMovXHH72,p,https://www.instagram.com/thedogist/p/CBwMovXHH72/,queued,0,0,,0,0,0,,,0,0,0,0,0,0,,,,,,,,,0,,,,,,,
CBt0GHhnnec,p,https://www.instagram.com/thedogist/p/CBt0GHhnnec/,queued,0,0,,0,0,0,,,0,0,0,0,0,0,,,,,,,,,0,,,,,,,
CBq6yahnrfs,p,https://www.instagram.com/thedogist/p/CBq6yahnrfs/,queued,0,0,,0,0,0,,,0,0,0,0,0,0,,,,,,,,,0,,,,,,,
CBn1HqVnAvE,p,https://www.instagram.com/thedogist/p/CBn1HqVnAvE/,queued,0,0,,0,0,0,,,0,0,0,0,0,0,,,,,,,,,0,,,,,,,
CBlt_OoHMgw,p,https://www.instagram.com/thedogist/p/CBlt_OoHMgw/,queued,0,0,,0,0,0,,,0,0,0,0,0,0,,,,,,,,,0,,,,,,,
CBjKt1gHhA4,p,https://www.instagram.com/thedogist/p/CBjKt1gHhA4/,queued,0,0,,0,0,0,,,0,0,0,0,0,0,,,,,,,,,0,,,,,,,
CBhJFHKnQlW,p,https://www.instagram.com/thedogist/p/CBhJFHKnQlW/,queued,0,0,,0,0,0,,,0,0,0,0,0,0,,,,,,,,,0,,,,,,,
CBgGiAtDNYs,p,https://www.instagram.com/thedogist/p/CBgGiAtDNYs/,queued,0,0,,0,0,0,,,0,0,0,0,0,0,,,,,,,,,0,,,,,,,
CBetobZjws5,p,https://www.instagram.com/thedogist/p/CBetobZjws5/,queued,0,0,,0,0,0,,,0,0,0,0,0,0,,,,,,,,,0,,,,,,,
CBdaDQUHP1W,p,https://www.instagram.com/thedogist/p/CBdaDQUHP1W/,queued,0,0,,0,0,0,,,0,0,0,0,0,0,,,,,,,,,0,,,,,,,
CBbijxQHY7t,p,https://www.instagram.com/thedogist/p/CBbijxQHY7t/,queued,0,0,,0,0,0,,,0,0,0,0,0,0,,,,,,,,,0,,,,,,,
CBZJTpDHaFp,p,https://www.instagram.com/thedogist/p/CBZJTpDHaFp/,queued,0,0,,0,0,0,,,0,0,0,0,0,0,,,,,,,,,0,,,,,,,
CBV-rcgHM1l,p,https://www.instagram.com/thedogist/p/CBV-rcgHM1l/,queued,0,0,,0,0,0,,,0,0,0,0,0,0,,,,,,,,,0,,,,,,,
CBTrqYOnxzm,p,https://www.instagram.com/thedogist/p/CBTrqYOnxzm/,queued,0,0,,0,0,0,,,0,0,0,0,0,0,,,,,,,,,0,,,,,,,
CBRjpQOHJ53,p,https://www.instagram.com/thedogist/p/CBRjpQOHJ53/,queued,0,0,,0,0,0,,,0,0,0,0,0,0,,,,,,,,,0,,,,,,,
CBRB51Vn7qM,p,https://www.instagram.com/thedogist/p/CBRB51Vn7qM/,queued,0,0,,0,0,0,,,0,0,0,0,0,0,,,,,,,,,0,,,,,,,
CBPOX_IHj5S,p,https://www.instagram.com/thedogist/p/CBPOX_IHj5S/,queued,0,0,,0,0,0,,,0,0,0,0,0,0,,,,,,,,,0,,,,,,,
CBOaZ-RHjtr,p,https://www.instagram.com/thedogist/p/CBOaZ-RHjtr/,queued,0,0,,0,0,0,,,0,0,0,0,0,0,,,,,,,,,0,,,,,,,
CBL3t_qns3Q,p,https://www.instagram.com/thedogist/p/CBL3t_qns3Q/,queued,0,0,,0,0,0,,,0,0,0,0,0,0,,,,,,,,,0,,,,,,,
CBJwrfUHr12,p,https://www.instagram.com/thedogist/p/CBJwrfUHr12/,queued,0,0,,0,0,0,,,0,0,0,0,0,0,,,,,,,,,0,,,,,,,
CBHWEwznfvP,p,https://www.instagram.com/thedogist/p/CBHWEwznfvP/,queued,0,0,,0,0,0,,,0,0,0,0,0,0,,,,,,,,,0,,,,,,,
CBGlfhbHOPC,p,https://www.instagram.com/thedogist/p/CBGlfhbHOPC/,queued,0,0,,0,0,0,,,0,0,0,0,0,0,,,,,,,,,0,,,,,,,
CBENTGSnT1a,p,https://www.instagram.com/thedogist/p/CBENTGSnT1a/,queued,0,0,,0,0,0,,,0,0,0,0,0,0,,,,,,,,,0,,,,,,,
CBB4oPYn6ly,p,https://www.instagram.com/thedogist/p/CBB4oPYn6ly/,queued,0,0,,0,0,0,,,0,0,0,0,0,0,,,,,,,,,0,,,,,,,
CBBW8mjHhcn,p,https://www.instagram.com/thedogist/p/CBBW8mjHhcn/,queued,0,0,,0,0,0,,,0,0,0,0,0,0,,,,,,,,,0,,,,,,,
CA-sJlFHujM,p,https://www.instagram.com/thedogist/p/CA-sJlFHujM/,queued,0,0,,0,0,0,,,0,0,0,0,0,0,,,,,,,,,0,,,,,,,
CA-j5knH2rF,p,https://www.instagram.com/thedogist/p/CA-j5knH2rF/,queued,0,0,,0,0,0,,,0,0,0,0,0,0,,,,,,,,,0,,,,,,,
CA7pUQTHGj2,p,https://www.instagram.com/thedogist/p/CA7pUQTHGj2/,queued,0,0,,0,0,0,,,0,0,0,0,0,0,,,,,,,,,0,,,,,,,
CA6b9M1nYog,p,https://www.instagram.com/thedogist/p/CA6b9M1nYog/,queued,0,0,,0,0,0,,,0,0,0,0,0,0,,,,,,,,,0,,,,,,,
CA3bQFenry8,p,https://www.instagram.com/thedogist/p/CA3bQFenry8/,queued,0,0,,0,0,0,,,0,0,0,0,0,0,,,,,,,,,0,,,,,,,
CA09fUpnwd6,p,https://www.instagram.com/thedogist/p/CA09fUpnwd6/,queued,0,0,,0,0,0,,,0,0,0,0,0,0,,,,,,,,,0,,,,,,,
CA0XNx8Hsie,p,https://www.instagram.com/thedogist/p/CA0XNx8Hsie/,queued,0,0,,0,0,0,,,0,0,0,0,0,0,,,,,,,,,0,,,,,,,
CAyvvupH2Lm,p,https://www.instagram.com/thedogist/p/CAyvvupH2Lm/,queued,0,0,,0,0,0,,,0,0,0,0,0,0,,,,,,,,,0,,,,,,,
CAwQvH_Huek,p,https://www.instagram.com/thedogist/p/CAwQvH_Huek/,queued,0,0,,0,0,0,,,0,0,0,0,0,0,,,,,,,,,0,,,,,,,
CAu7q7onOtc,p,https://www.instagram.com/thedogist/p/CAu7q7onOtc/,queued,0,0,,0,0,0,,,0,0,0,0,0,0,,,,,,,,,0,,,,,,,
CAtyC1cHgjV,p,https://www.instagram.com/thedogist/p/CAtyC1cHgjV/,queued,0,0,,0,0,0,,,0,0,0,0,0,0,,,,,,,,,0,,,,,,,
CAq_QIiHkYP,p,https://www.instagram.com/thedogist/p/CAq_QIiHkYP/,queued,0,0,,0,0,0,,,0,0,0,0,0,0,,,,,,,,,0,,,,,,,
CAn1TIunBNm,p,https://www.instagram.com/thedogist/p/CAn1TIunBNm/,queued,0,0,,0,0,0,,,0,0,0,0,0,0,,,,,,,,,0,,,,,,,
CAmAbmvnkcp,p,https://www.instagram.com/thedogist/p/CAmAbmvnkcp/,queued,0,0,,0,0,0,,,0,0,0,0,0,0,,,,,,,,,0,,,,,,,
CAlIwyinkbh,p,https://www.instagram.com/thedogist/p/CAlIwyinkbh/,queued,0,0,,0,0,0,,,0,0,0,0,0,0,,,,,,,,,0,,,,,,,
CAih_u-n35x,p,https://www.instagram.com/thedogist/p/CAih_u-n35x/,queued,0,0,,0,0,0,,,0,0,0,0,0,0,,,,,,,,,0,,,,,,,
CAeLYO4n7Ka,p,https://www.instagram.com/thedogist/p/CAeLYO4n7Ka/,queued,0,0,,0,0,0,,,0,0,0,0,0,0,,,,,,,,,0,,,,,,,
CAbSkYbnHKD,p,https://www.instagram.com/thedogist/p/CAbSkYbnHKD/,queued,0,0,,0,0,0,,,0,0,0,0,0,0,,,,,,,,,0,,,,,,,
CAY1rEkHyVi,p,https://www.instagram.com/thedogist/p/CAY1rEkHyVi/,queued,0,0,,0,0,0,,,0,0,0,0,0,0,,,,,,,,,0,,,,,,,
CATkw_OHEar,p,https://www.instagram.com/thedogist/p/CATkw_OHEar/,queued,0,0,,0,0,0,,,0,0,0,0,0,0,,,,,,,,,0,,,,,,,
CAOHZ2tH340,p,https://www.instagram.com/thedogist/p/CAOHZ2tH340/,queued,0,0,,0,0,0,,,0,0,0,0,0,0,,,,,,,,,0,,,,,,,
CAK86I4nidv,p,https://www.instagram.com/thedogist/p/CAK86I4nidv/,queued,0,0,,0,0,0,,,0,0,0,0,0,0,,,,,,,,,0,,,,,,,
CAJw5lSHUTu,p,https://www.instagram.com/thedogist/p/CAJw5lSHUTu/,queued,0,0,,0,0,0,,,0,0,0,0,0,0,,,,,,,,,0,,,,,,,
CAG2rg_nbk8,p,https://www.instagram.com/thedogist/p/CAG2rg_nbk8/,queued,0,0,,0,0,0,,,0,0,0,0,0,0,,,,,,,,,0,,,,,,,
CAGM16sHMjT,p,https://www.instagram.com/thedogist/p/CAGM16sHMjT/,queued,0,0,,0,0,0,,,0,0,0,0,0,0,,,,,,,,,0,,,,,,,
CAD5LMxnMat,p,https://www.instagram.com/thedogist/p/CAD5LMxnMat/,queued,0,0,,0,0,0,,,0,0,0,0,0,0,,,,,,,,,0,,,,,,,
CAB9xXxHJ-s,p,https://www.instagram.com/thedogist/p/CAB9xXxHJ-s/,queued,0,0,,0,0,0,,,0,0,0,0,0,0,,,,,,,,,0,,,,,,,
B_-y7C2n6_1,p,https://www.instagram.com/thedogist/p/B_-y7C2n6_1/,queued,0,0,,0,0,0,,,0,0,0,0,0,0,,,,,,,,,0,,,,,,,
B_6U9_9HWTO,p,https://www.instagram.com/thedogist/p/B_6U9_9HWTO/,queued,0,0,,0,0,0,,,0,0,0,0,0,0,,,,,,,,,0,,,,,,,
B_3MAndHSuY,p,https://www.instagram.com/thedogist/p/B_3MAndHSuY/,queued,0,0,,0,0,0,,,0,0,0,0,0,0,,,,,,,,,0,,,,,,,
B_1MSTzHt0X,p,https://www.instagram.com/thedogist/p/B_1MSTzHt0X/,queued,0,0,,0,0,0,,,0,0,0,0,0,0,,,,,,,,,0,,,,,,,
B_ybSZVnwYf,p,https://www.instagram.com/thedogist/p/B_ybSZVnwYf/,queued,0,0,,0,0,0,,,0,0,0,0,0,0,,,,,,,,,0,,,,,,,
B_vzwPGHXEd,p,https://www.instagram.com/thedogist/p/B_vzwPGHXEd/,queued,0,0,,0,0,0,,,0,0,0,0,0,0,,,,,,,,,0,,,,,,,
B_teIyaHPFg,p,https://www.instagram.com/thedogist/p/B_teIyaHPFg/,queued,0,0,,0,0,0,,,0,0,0,0,0,0,,,,,,,,,0,,,,,,,
B_qM26THKvk,p,https://www.instagram.com/thedogist/p/B_qM26THKvk/,queued,0,0,,0,0,0,,,0,0,0,0,0,0,,,,,,,,,0,,,,,,,
B_lQESLn-wP,p,https://www.instagram.com/thedogist/p/B_lQESLn-wP/,queued,0,0,,0,0,0,,,0,0,0,0,0,0,,,,,,,,,0,,,,,,,
B_kpnyyn28A,p,https://www.instagram.com/thedogist/p/B_kpnyyn28A/,queued,0,0,,0,0,0,,,0,0,0,0,0,0,,,,,,,,,0,,,,,,,
B_i7zBWnsIL,p,https://www.instagram.com/thedogist/p/B_i7zBWnsIL/,queued,0,0,,0,0,0,,,0,0,0,0,0,0,,,,,,,,,0,,,,,,,
B_gWW1qHmwD,p,https://www.instagram.com/thedogist/p/B_gWW1qHmwD/,queued,0,0,,0,0,0,,,0,0,0,0,0,0,,,,,,,,,0,,,,,,,
B_eAFIyHTvZ,p,https://www.instagram.com/thedogist/p/B_eAFIyHTvZ/,queued,0,0,,0,0,0,,,0,0,0,0,0,0,,,,,,,,,0,,,,,,,
B_bLmYaHVli,p,https://www.instagram.com/thedogist/p/B_bLmYaHVli/,queued,0,0,,0,0,0,,,0,0,0,0,0,0,,,,,,,,,0,,,,,,,
B_Y6CllnjKb,p,https://www.instagram.com/thedogist/p/B_Y6CllnjKb/,queued,0,0,,0,0,0,,,0,0,0,0,0,0,,,,,,,,,0,,,,,,,
B_WJQkKnZFy,p,https://www.instagram.com/thedogist/p/B_WJQkKnZFy/,queued,0,0,,0,0,0,,,0,0,0,0,0,0,,,,,,,,,0,,,,,,,
B_SuXNyn7Lh,p,https://www.instagram.com/thedogist/p/B_SuXNyn7Lh/,queued,0,0,,0,0,0,,,0,0,0,0,0,0,,,,,,,,,0,,,,,,,
B_Qh2X0nRx3,p,https://www.instagram.com/thedogist/p/B_Qh2X0nRx3/,queued,0,0,,0,0,0,,,0,0,0,0,0,0,,,,,,,,,0,,,,,,,
B_OQsinnPI1,p,https://www.instagram.com/thedogist/p/B_OQsinnPI1/,queued,0,0,,0,0,0,,,0,0,0,0,0,0,,,,,,,,,0,,,,,,,
B_LzUw0n4jX,p,https://www.instagram.com/thedogist/p/B_LzUw0n4jX/,queued,0,0,,0,0,0,,,0,0,0,0,0,0,,,,,,,,,0,,,,,,,
B_JLgEhH7F4,p,https://www.instagram.com/thedogist/p/B_JLgEhH7F4/,queued,0,0,,0,0,0,,,0,0,0,0,0,0,,,,,,,,,0,,,,,,,
B_GQKawHejn,p,https://www.instagram.com/thedogist/p/B_GQKawHejn/,queued,0,0,,0,0,0,,,0,0,0,0,0,0,,,,,,,,,0,,,,,,,
B_DJ82BnhoB,p,https://www.instagram.com/thedogist/p/B_DJ82BnhoB/,queued,0,0,,0,0,0,,,0,0,0,0,0,0,,,,,,,,,0,,,,,,,
B_BdEEDnSAA,p,https://www.instagram.com/thedogist/p/B_BdEEDnSAA/,queued,0,0,,0,0,0,,,0,0,0,0,0,0,,,,,,,,,0,,,,,,,
B--9Z75nqP7,p,https://www.instagram.com/thedogist/p/B--9Z75nqP7/,queued,0,0,,0,0,0,,,0,0,0,0,0,0,,,,,,,,,0,,,,,,,
B-8Wv0Mns8j,p,https://www.instagram.com/thedogist/p/B-8Wv0Mns8j/,queued,0,0,,0,0,0,,,0,0,0,0,0,0,,,,,,,,,0,,,,,,,
B-5iCgrnyvs,p,https://www.instagram.com/thedogist/p/B-5iCgrnyvs/,queued,0,0,,0,0,0,,,0,0,0,0,0,0,,,,,,,,,0,,,,,,,
B-2Wgu5nlIe,p,https://www.instagram.com/thedogist/p/B-2Wgu5nlIe/,queued,0,0,,0,0,0,,,0,0,0,0,0,0,,,,,,,,,0,,,,,,,
B-0SNoQHw7t,p,https://www.instagram.com/thedogist/p/B-0SNoQHw7t/,queued,0,0,,0,0,0,,,0,0,0,0,0,0,,,,,,,,,0,,,,,,,
B-xviWlnfbk,p,https://www.instagram.com/thedogist/p/B-xviWlnfbk/,queued,0,0,,0,0,0,,,0,0,0,0,0,0,,,,,,,,,0,,,,,,,
B-vLV8IHySq,p,https://www.instagram.com/thedogist/p/B-vLV8IHySq/,queued,0,0,,0,0,0,,,0,0,0,0,0,0,,,,,,,,,0,,,,,,,
B-smh-KnKXR,p,https://www.instagram.com/thedogist/p/B-smh-KnKXR/,queued,0,0,,0,0,0,,,0,0,0,0,0,0,,,,,,,,,0,,,,,,,
B-sIzm4nz7C,p,https://www.instagram.com/thedogist/p/B-sIzm4nz7C/,queued,0,0,,0,0,0,,,0,0,0,0,0,0,,,,,,,,,0,,,,,,,
B-pdtY9n86A,p,https://www.instagram.com/thedogist/p/B-pdtY9n86A/,queued,0,0,,0,0,0,,,0,0,0,0,0,0,,,,,,,,,0,,,,,,,
B-nNz-On_00,p,https://www.instagram.com/thedogist/p/B-nNz-On_00/,queued,0,0,,0,0,0,,,0,0,0,0,0,0,,,,,,,,,0,,,,,,,
B-lKjCuHnWD,p,https://www.instagram.com/thedogist/p/B-lKjCuHnWD/,queued,0,0,,0,0,0,,,0,0,0,0,0,0,,,,,,,,,0,,,,,,,
B-im79mHbOP,p,https://www.instagram.com/thedogist/p/B-im79mHbOP/,queued,0,0,,0,0,0,,,0,0,0,0,0,0,,,,,,,,,0,,,,,,,
B-gFPWLHG_8,p,https://www.instagram.com/thedogist/p/B-gFPWLHG_8/,queued,0,0,,0,0,0,,,0,0,0,0,0,0,,,,,,,,,0,,,,,,,
B-fJrStnniw,p,https://www.instagram.com/thedogist/p/B-fJrStnniw/,queued,0,0,,0,0,0,,,0,0,0,0,0,0,,,,,,,,,0,,,,,,,
B-dU12DHdIz,p,https://www.instagram.com/thedogist/p/B-dU12DHdIz/,queued,0,0,,0,0,0,,,0,0,0,0,0,0,,,,,,,,,0,,,,,,,
B-cb7sDHVYS,p,https://www.instagram.com/thedogist/p/B-cb7sDHVYS/,queued,0,0,,0,0,0,,,0,0,0,0,0,0,,,,,,,,,0,,,,,,,
B-arBA7nIak,p,https://www.instagram.com/thedogist/p/B-arBA7nIak/,queued,0,0,,0,0,0,,,0,0,0,0,0,0,,,,,,,,,0,,,,,,,
B-aDW5GnNlU,p,https://www.instagram.com/thedogist/p/B-aDW5GnNlU/,queued,0,0,,0,0,0,,,0,0,0,0,0,0,,,,,,,,,0,,,,,,,
B-Yb3-xnfkF,p,https://www.instagram.com/thedogist/p/B-Yb3-xnfkF/,queued,0,0,,0,0,0,,,0,0,0,0,0,0,,,,,,,,,0,,,,,,,
B-YFtKGHTcF,p,https://www.instagram.com/thedogist/p/B-YFtKGHTcF/,queued,0,0,,0,0,0,,,0,0,0,0,0,0,,,,,,,,,0,,,,,,,
B-VhcCgHxfv,p,https://www.instagram.com/thedogist/p/B-VhcCgHxfv/,queued,0,0,,0,0,0,,,0,0,0,0,0,0,,,,,,,,,0,,,,,,,
B-Shs-DnGDK,p,https://www.instagram.com/thedogist/p/B-Shs-DnGDK/,queued,0,0,,0,0,0,,,0,0,0,0,0,0,,,,,,,,,0,,,,,,,
B-QOrakn3dU,p,https://www.instagram.com/thedogist/p/B-QOrakn3dU/,queued,0,0,,0,0,0,,,0,0,0,0,0,0,,,,,,,,,0,,,,,,,
B-PZu-Jn9HI,p,https://www.instagram.com/thedogist/p/B-PZu-Jn9HI/,queued,0,0,,0,0,0,,,0,0,0,0,0,0,,,,,,,,,0,,,,,,,
B-OGScQHTQa,p,https://www.instagram.com/thedogist/p/B-OGScQHTQa/,queued,0,0,,0,0,0,,,0,0,0,0,0,0,,,,,,,,,0,,,,,,,
B-NLQSuHZ21,p,https://www.instagram.com/thedogist/p/B-NLQSuHZ21/,queued,0,0,,0,0,0,,,0,0,0,0,0,0,,,,,,,,,0,,,,,,,
B-KouLlH-E1,p,https://www.instagram.com/thedogist/p/B-KouLlH-E1/,queued,0,0,,0,0,0,,,0,0,0,0,0,0,,,,,,,,,0,,,,,,,
B-IuZRcH-TE,p,https://www.instagram.com/thedogist/p/B-IuZRcH-TE/,queued,0,0,,0,0,0,,,0,0,0,0,0,0,,,,,,,,,0,,,,,,,
B-FhSB9Hscy,p,https://www.instagram.com/thedogist/p/B-FhSB9Hscy/,queued,0,0,,0,0,0,,,0,0,0,0,0,0,,,,,,,,,0,,,,,,,
B-DjS18H4X7,p,https://www.instagram.com/thedogist/p/B-DjS18H4X7/,queued,0,0,,0,0,0,,,0,0,0,0,0,0,,,,,,,,,0,,,,,,,
B-A3u0-H4-N,p,https://www.instagram.com/thedogist/p/B-A3u0-H4-N/,queued,0,0,,0,0,0,,,0,0,0,0,0,0,,,,,,,,,0,,,,,,,
B-AVSLQHIBs,p,https://www.instagram.com/thedogist/p/B-AVSLQHIBs/,queued,0,0,,0,0,0,,,0,0,0,0,0,0,,,,,,,,,0,,,,,,,
B99mZk7nW3w,p,https://www.instagram.com/thedogist/p/B99mZk7nW3w/,queued,0,0,,0,0,0,,,0,0,0,0,0,0,,,,,,,,,0,,,,,,,
B97sOPUn59n,p,https://www.instagram.com/thedogist/p/B97sOPUn59n/,queued,0,0,,0,0,0,,,0,0,0,0,0,0,,,,,,,,,0,,,,,,,
B95Q8_PnX--,p,https://www.instagram.com/thedogist/p/B95Q8_PnX--/,queued,0,0,,0,0,0,,,0,0,0,0,0,0,,,,,,,,,0,,,,,,,
B949vxBHL-r,p,https://www.instagram.com/thedogist/p/B949vxBHL-r/,queued,0,0,,0,0,0,,,0,0,0,0,0,0,,,,,,,,,0,,,,,,,
B92Ozj0nzws,p,https://www.instagram.com/thedogist/p/B92Ozj0nzws/,queued,0,0,,0,0,0,,,0,0,0,0,0,0,,,,,,,,,0,,,,,,,
B915wLPHzqr,p,https://www.instagram.com/thedogist/p/B915wLPHzqr/,queued,0,0,,0,0,0,,,0,0,0,0,0,0,,,,,,,,,0,,,,,,,
B90A23VnCW9,p,https://www.instagram.com/thedogist/p/B90A23VnCW9/,queued,0,0,,0,0,0,,,0,0,0,0,0,0,,,,,,,,,0,,,,,,,
B9zaJtpH0Pm,p,https://www.instagram.com/thedogist/p/B9zaJtpH0Pm/,queued,0,0,,0,0,0,,,0,0,0,0,0,0,,,,,,,,,0,,,,,,,
B9xmPvvnvMl,p,https://www.instagram.com/thedogist/p/B9xmPvvnvMl/,queued,0,0,,0,0,0,,,0,0,0,0,0,0,,,,,,,,,0,,,,,,,
B9w612gnYMX,p,https://www.instagram.com/thedogist/p/B9w612gnYMX/,queued,0,0,,0,0,0,,,0,0,0,0,0,0,,,,,,,,,0,,,,,,,
B9uyrewHhnE,p,https://www.instagram.com/thedogist/p/B9uyrewHhnE/,queued,0,0,,0,0,0,,,0,0,0,0,0,0,,,,,,,,,0,,,,,,,
B9ssFmOHcFA,p,https://www.instagram.com/thedogist/p/B9ssFmOHcFA/,queued,0,0,,0,0,0,,,0,0,0,0,0,0,,,,,,,,,0,,,,,,,
B9rlzIkH-Og,p,https://www.instagram.com/thedogist/p/B9rlzIkH-Og/,queued,0,0,,0,0,0,,,0,0,0,0,0,0,,,,,,,,,0,,,,,,,
B9o744lHQFk,p,https://www.instagram.com/thedogist/p/B9o744lHQFk/,queued,0,0,,0,0,0,,,0,0,0,0,0,0,,,,,,,,,0,,,,,,,
B9nQsE_nPZG,p,https://www.instagram.com/thedogist/p/B9nQsE_nPZG/,queued,0,0,,0,0,0,,,0,0,0,0,0,0,,,,,,,,,0,,,,,,,
B9mvSQ5HGIP,p,https://www.instagram.com/thedogist/p/B9mvSQ5HGIP/,queued,0,0,,0,0,0,,,0,0,0,0,0,0,,,,,,,,,0,,,,,,,
B9kf84lHHMz,p,https://www.instagram.com/thedogist/p/B9kf84lHHMz/,queued,0,0,,0,0,0,,,0,0,0,0,0,0,,,,,,,,,0,,,,,,,
B9h9UdeHjHA,p,https://www.instagram.com/thedogist/p/B9h9UdeHjHA/,queued,0,0,,0,0,0,,,0,0,0,0,0,0,,,,,,,,,0,,,,,,,
B9hmxLOHIc2,p,https://www.instagram.com/thedogist/p/B9hmxLOHIc2/,queued,0,0,,0,0,0,,,0,0,0,0,0,0,,,,,,,,,0,,,,,,,
B9euCKwn3R4,p,https://www.instagram.com/thedogist/p/B9euCKwn3R4/,queued,0,0,,0,0,0,,,0,0,0,0,0,0,,,,,,,,,0,,,,,,,
B9ciKGuH2S-,p,https://www.instagram.com/thedogist/p/B9ciKGuH2S-/,queued,0,0,,0,0,0,,,0,0,0,0,0,0,,,,,,,,,0,,,,,,,
B9aIet0HzcE,p,https://www.instagram.com/thedogist/p/B9aIet0HzcE/,queued,0,0,,0,0,0,,,0,0,0,0,0,0,,,,,,,,,0,,,,,,,
B9ZtgTgnAlZ,p,https://www.instagram.com/thedogist/p/B9ZtgTgnAlZ/,queued,0,0,,0,0,0,,,0,0,0,0,0,0,,,,,,,,,0,,,,,,,
B9Xth09HjJf,p,https://www.instagram.com/thedogist/p/B9Xth09HjJf/,queued,0,0,,0,0,0,,,0,0,0,0,0,0,,,,,,,,,0,,,,,,,
B9W95ysH-fc,p,https://www.instagram.com/thedogist/p/B9W95ysH-fc/,queued,0,0,,0,0,0,,,0,0,0,0,0,0,,,,,,,,,0,,,,,,,
B9VJLCtnp5O,p,https://www.instagram.com/thedogist/p/B9VJLCtnp5O/,queued,0,0,,0,0,0,,,0,0,0,0,0,0,,,,,,,,,0,,,,,,,
B9UbGHDnK_3,p,https://www.instagram.com/thedogist/p/B9UbGHDnK_3/,queued,0,0,,0,0,0,,,0,0,0,0,0,0,,,,,,,,,0,,,,,,,
B9ShCm1nwwp,p,https://www.instagram.com/thedogist/p/B9ShCm1nwwp/,queued,0,0,,0,0,0,,,0,0,0,0,0,0,,,,,,,,,0,,,,,,,
B9SC5wHny5Z,p,https://www.instagram.com/thedogist/p/B9SC5wHny5Z/,queued,0,0,,0,0,0,,,0,0,0,0,0,0,,,,,,,,,0,,,,,,,
B9QXVvAH-lz,p,https://www.instagram.com/thedogist/p/B9QXVvAH-lz/,queued,0,0,,0,0,0,,,0,0,0,0,0,0,,,,,,,,,0,,,,,,,
B9QAErRHCqs,p,https://www.instagram.com/thedogist/p/B9QAErRHCqs/,queued,0,0,,0,0,0,,,0,0,0,0,0,0,,,,,,,,,0,,,,,,,
B9PMMiAnhXb,p,https://www.instagram.com/thedogist/p/B9PMMiAnhXb/,queued,0,0,,0,0,0,,,0,0,0,0,0,0,,,,,,,,,0,,,,,,,
B9N6IB5ns_q,p,https://www.instagram.com/thedogist/p/B9N6IB5ns_q/,queued,0,0,,0,0,0,,,0,0,0,0,0,0,,,,,,,,,0,,,,,,,
B9M4Bkwn7oG,p,https://www.instagram.com/thedogist/p/B9M4Bkwn7oG/,queued,0,0,,0,0,0,,,0,0,0,0,0,0,,,,,,,,,0,,,,,,,
B9MsEFLnKMC,p,https://www.instagram.com/thedogist/p/B9MsEFLnKMC/,queued,0,0,,0,0,0,,,0,0,0,0,0,0,,,,,,,,,0,,,,,,,
B9K0GnJHlUi,p,https://www.instagram.com/thedogist/p/B9K0GnJHlUi/,queued,0,0,,0,0,0,,,0,0,0,0,0,0,,,,,,,,,0,,,,,,,
B9KCVdYHkzA,p,https://www.instagram.com/thedogist/p/B9KCVdYHkzA/,queued,0,0,,0,0,0,,,0,0,0,0,0,0,,,,,,,,,0,,,,,,,
B9ITkUpnnwd,p,https://www.instagram.com/thedogist/p/B9ITkUpnnwd/,queued,0,0,,0,0,0,,,0,0,0,0,0,0,,,,,,,,,0,,,,,,,
B9GMjUWHHX3,p,https://www.instagram.com/thedogist/p/B9GMjUWHHX3/,queued,0,0,,0,0,0,,,0,0,0,0,0,0,,,,,,,,,0,,,,,,,
B9FAQbKnpBD,p,https://www.instagram.com/thedogist/p/B9FAQbKnpBD/,queued,0,0,,0,0,0,,,0,0,0,0,0,0,,,,,,,,,0,,,,,,,
B9DS3Uknbc1,p,https://www.instagram.com/thedogist/p/B9DS3Uknbc1/,queued,0,0,,0,0,0,,,0,0,0,0,0,0,,,,,,,,,0,,,,,,,
B9Auk3nnzpf,p,https://www.instagram.com/thedogist/p/B9Auk3nnzpf/,queued,0,0,,0,0,0,,,0,0,0,0,0,0,,,,,,,,,0,,,,,,,
B9ANaXfnhj2,p,https://www.instagram.com/thedogist/p/B9ANaXfnhj2/,queued,0,0,,0,0,0,,,0,0,0,0,0,0,,,,,,,,,0,,,,,,,
B8-CnzynqD9,p,https://www.instagram.com/thedogist/p/B8-CnzynqD9/,queued,0,0,,0,0,0,,,0,0,0,0,0,0,,,,,,,,,0,,,,,,,
B89QvGlnSi_,p,https://www.instagram.com/thedogist/p/B89QvGlnSi_/,queued,0,0,,0,0,0,,,0,0,0,0,0,0,,,,,,,,,0,,,,,,,
B87Z7hPn1N3,p,https://www.instagram.com/thedogist/p/B87Z7hPn1N3/,queued,0,0,,0,0,0,,,0,0,0,0,0,0,,,,,,,,,0,,,,,,,
B84weewn89k,p,https://www.instagram.com/thedogist/p/B84weewn89k/,queued,0,0,,0,0,0,,,0,0,0,0,0,0,,,,,,,,,0,,,,,,,
B83_xZKnbah,p,https://www.instagram.com/thedogist/p/B83_xZKnbah/,queued,0,0,,0,0,0,,,0,0,0,0,0,0,,,,,,,,,0,,,,,,,
B81-2U7nagg,p,https://www.instagram.com/thedogist/p/B81-2U7nagg/,queued,0,0,,0,0,0,,,0,0,0,0,0,0,,,,,,,,,0,,,,,,,
B8zrQpgH2ui,p,https://www.instagram.com/thedogist/p/B8zrQpgH2ui/,queued,0,0,,0,0,0,,,0,0,0,0,0,0,,,,,,,,,0,,,,,,,
B8xVQW2Hx5k,p,https://www.instagram.com/thedogist/p/B8xVQW2Hx5k/,queued,0,0,,0,0,0,,,0,0,0,0,0,0,,,,,,,,,0,,,,,,,
B8wlv2EnJvq,p,https://www.instagram.com/thedogist/p/B8wlv2EnJvq/,queued,0,0,,0,0,0,,,0,0,0,0,0,0,,,,,,,,,0,,,,,,,
B8u0jpbH8gy,p,https://www.instagram.com/thedogist/p/B8u0jpbH8gy/,queued,0,0,,0,0,0,,,0,0,0,0,0,0,,,,,,,,,0,,,,,,,
B8uIPfrHEV6,p,https://www.instagram.com/thedogist/p/B8uIPfrHEV6/,queued,0,0,,0,0,0,,,0,0,0,0,0,0,,,,,,,,,0,,,,,,,
B8rYK1UHXKk,p,https://www.instagram.com/thedogist/p/B8rYK1UHXKk/,queued,0,0,,0,0,0,,,0,0,0,0,0,0,,,,,,,,,0,,,,,,,
B8pOPpIHvNf,p,https://www.instagram.com/thedogist/p/B8pOPpIHvNf/,queued,0,0,,0,0,0,,,0,0,0,0,0,0,,,,,,,,,0,,,,,,,
B8o83wXnfsy,p,https://www.instagram.com/thedogist/p/B8o83wXnfsy/,queued,0,0,,0,0,0,,,0,0,0,0,0,0,,,,,,,,,0,,,,,,,
B8nCOKsHLtj,p,https://www.instagram.com/thedogist/p/B8nCOKsHLtj/,queued,0,0,,0,0,0,,,0,0,0,0,0,0,,,,,,,,,0,,,,,,,
B8mcH3Gnbxu,p,https://www.instagram.com/thedogist/p/B8mcH3Gnbxu/,queued,0,0,,0,0,0,,,0,0,0,0,0,0,,,,,,,,,0,,,,,,,
B8koTwknHwJ,p,https://www.instagram.com/thedogist/p/B8koTwknHwJ/,queued,0,0,,0,0,0,,,0,0,0,0,0,0,,,,,,,,,0,,,,,,,
B8kQHCcnOua,p,https://www.instagram.com/thedogist/p/B8kQHCcnOua/,queued,0,0,,0,0,0,,,0,0,0,0,0,0,,,,,,,,,0,,,,,,,
B8jhS8EntW8,p,https://www.instagram.com/thedogist/p/B8jhS8EntW8/,queued,0,0,,0,0,0,,,0,0,0,0,0,0,,,,,,,,,0,,,,,,,
B8iPUgeHxdP,p,https://www.instagram.com/thedogist/p/B8iPUgeHxdP/,queued,0,0,,0,0,0,,,0,0,0,0,0,0,,,,,,,,,0,,,,,,,
B8fBeJ7nAFl,p,https://www.instagram.com/thedogist/p/B8fBeJ7nAFl/,queued,0,0,,0,0,0,,,0,0,0,0,0,0,,,,,,,,,0,,,,,,,
B8dK4t1Hi--,p,https://www.instagram.com/thedogist/p/B8dK4t1Hi--/,queued,0,0,,0,0,0,,,0,0,0,0,0,0,,,,,,,,,0,,,,,,,
B8c32G3HzKe,p,https://www.instagram.com/thedogist/p/B8c32G3HzKe/,queued,0,0,,0,0,0,,,0,0,0,0,0,0,,,,,,,,,0,,,,,,,
B8ckNXEntQM,p,https://www.instagram.com/thedogist/p/B8ckNXEntQM/,queued,0,0,,0,0,0,,,0,0,0,0,0,0,,,,,,,,,0,,,,,,,
B8cFEkcntEo,p,https://www.instagram.com/thedogist/p/B8cFEkcntEo/,queued,0,0,,0,0,0,,,0,0,0,0,0,0,,,,,,,,,0,,,,,,,
B8aEaOon7mr,p,https://www.instagram.com/thedogist/p/B8aEaOon7mr/,queued,0,0,,0,0,0,,,0,0,0,0,0,0,,,,,,,,,0,,,,,,,
B8ZrhCBnpqP,p,https://www.instagram.com/thedogist/p/B8ZrhCBnpqP/,queued,0,0,,0,0,0,,,0,0,0,0,0,0,,,,,,,,,0,,,,,,,
B8XwSzAn9Y7,p,https://www.instagram.com/thedogist/p/B8XwSzAn9Y7/,queued,0,0,,0,0,0,,,0,0,0,0,0,0,,,,,,,,,0,,,,,,,
B8XJTdMneYe,p,https://www.instagram.com/thedogist/p/B8XJTdMneYe/,queued,0,0,,0,0,0,,,0,0,0,0,0,0,,,,,,,,,0,,,,,,,
B8UvM-enjDH,p,https://www.instagram.com/thedogist/p/B8UvM-enjDH/,queued,0,0,,0,0,0,,,0,0,0,0,0,0,,,,,,,,,0,,,,,,,
B8UrlFNHag-,p,https://www.instagram.com/thedogist/p/B8UrlFNHag-/,queued,0,0,,0,0,0,,,0,0,0,0,0,0,,,,,,,,,0,,,,,,,
B8SWRw6Hkn7,p,https://www.instagram.com/thedogist/p/B8SWRw6Hkn7/,queued,0,0,,0,0,0,,,0,0,0,0,0,0,,,,,,,,,0,,,,,,,
B8PFYqGHS8K,p,https://www.instagram.com/thedogist/p/B8PFYqGHS8K/,queued,0,0,,0,0,0,,,0,0,0,0,0,0,,,,,,,,,0,,,,,,,
B8M7aGznYKt,p,https://www.instagram.com/thedogist/p/B8M7aGznYKt/,queued,0,0,,0,0,0,,,0,0,0,0,0,0,,,,,,,,,0,,,,,,,
B8K-eLOnKEw,p,https://www.instagram.com/thedogist/p/B8K-eLOnKEw/,queued,0,0,,0,0,0,,,0,0,0,0,0,0,,,,,,,,,0,,,,,,,
B8KLJfkHfSd,p,https://www.instagram.com/thedogist/p/B8KLJfkHfSd/,queued,0,0,,0,0,0,,,0,0,0,0,0,0,,,,,,,,,0,,,,,,,
B8IKjG_Hrgs,p,https://www.instagram.com/thedogist/p/B8IKjG_Hrgs/,queued,0,0,,0,0,0,,,0,0,0,0,0,0,,,,,,,,,0,,,,,,,
B8HnnGqnL24,p,https://www.instagram.com/thedogist/p/B8HnnGqnL24/,queued,0,0,,0,0,0,,,0,0,0,0,0,0,,,,,,,,,0,,,,,,,
B8FDSfYHG_d,p,https://www.instagram.com/thedogist/p/B8FDSfYHG_d/,queued,0,0,,0,0,0,,,0,0,0,0,0,0,,,,,,,,,0,,,,,,,
B8EqNSAHjHu,p,https://www.instagram.com/thedogist/p/B8EqNSAHjHu/,queued,0,0,,0,0,0,,,0,0,0,0,0,0,,,,,,,,,0,,,,,,,
B8DFYzJHosE,p,https://www.instagram.com/thedogist/p/B8DFYzJHosE/,queued,0,0,,0,0,0,,,0,0,0,0,0,0,,,,,,,,,0,,,,,,,
B8CUCiqnL9H,p,https://www.instagram.com/thedogist/p/B8CUCiqnL9H/,queued,0,0,,0,0,0,,,0,0,0,0,0,0,,,,,,,,,0,,,,,,,
B8AcqHcnDkv,p,https://www.instagram.com/thedogist/p/B8AcqHcnDkv/,queued,0,0,,0,0,0,,,0,0,0,0,0,0,,,,,,,,,0,,,,,,,
B79NC2_Hzko,p,https://www.instagram.com/thedogist/p/B79NC2_Hzko/,queued,0,0,,0,0,0,,,0,0,0,0,0,0,,,,,,,,,0,,,,,,,
B764Bx0no7S,p,https://www.instagram.com/thedogist/p/B764Bx0no7S/,queued,0,0,,0,0,0,,,0,0,0,0,0,0,,,,,,,,,0,,,,,,,
B74TdpLntoZ,p,https://www.instagram.com/thedogist/p/B74TdpLntoZ/,queued,0,0,,0,0,0,,,0,0,0,0,0,0,,,,,,,,,0,,,,,,,
B72If7HHvoZ,p,https://www.instagram.com/thedogist/p/B72If7HHvoZ/,queued,0,0,,0,0,0,,,0,0,0,0,0,0,,,,,,,,,0,,,,,,,
B7zk1GcnLLX,p,https://www.instagram.com/thedogist/p/B7zk1GcnLLX/,queued,0,0,,0,0,0,,,0,0,0,0,0,0,,,,,,,,,0,,,,,,,
B7w3UETHUzK,p,https://www.instagram.com/thedogist/p/B7w3UETHUzK/,queued,0,0,,0,0,0,,,0,0,0,0,0,0,,,,,,,,,0,,,,,,,
B7ugB2kn3yk,p,https://www.instagram.com/thedogist/p/B7ugB2kn3yk/,queued,0,0,,0,0,0,,,0,0,0,0,0,0,,,,,,,,,0,,,,,,,
B7tN24FHB8-,p,https://www.instagram.com/thedogist/p/B7tN24FHB8-/,queued,0,0,,0,0,0,,,0,0,0,0,0,0,,,,,,,,,0,,,,,,,
B7rtVuCHXLg,p,https://www.instagram.com/thedogist/p/B7rtVuCHXLg/,queued,0,0,,0,0,0,,,0,0,0,0,0,0,,,,,,,,,0,,,,,,,
B7o0oGgnqAL,p,https://www.instagram.com/thedogist/p/B7o0oGgnqAL/,queued,0,0,,0,0,0,,,0,0,0,0,0,0,,,,,,,,,0,,,,,,,
B7mrvBcnuKA,p,https://www.instagram.com/thedogist/p/B7mrvBcnuKA/,queued,0,0,,0,0,0,,,0,0,0,0,0,0,,,,,,,,,0,,,,,,,
B7j5W4IHDCp,p,https://www.instagram.com/thedogist/p/B7j5W4IHDCp/,queued,0,0,,0,0,0,,,0,0,0,0,0,0,,,,,,,,,0,,,,,,,
B7ha4NpH_Pq,p,https://www.instagram.com/thedogist/p/B7ha4NpH_Pq/,queued,0,0,,0,0,0,,,0,0,0,0,0,0,,,,,,,,,0,,,,,,,
B7eixGsnYCQ,p,https://www.instagram.com/thedogist/p/B7eixGsnYCQ/,queued,0,0,,0,0,0,,,0,0,0,0,0,0,,,,,,,,,0,,,,,,,
B7cKthFHH_A,p,https://www.instagram.com/thedogist/p/B7cKthFHH_A/,queued,0,0,,0,0,0,,,0,0,0,0,0,0,,,,,,,,,0,,,,,,,
B7Zg--qndGQ,p,https://www.instagram.com/thedogist/p/B7Zg--qndGQ/,queued,0,0,,0,0,0,,,0,0,0,0,0,0,,,,,,,,,0,,,,,,,
B7W1ilnn9tC,p,https://www.instagram.com/thedogist/p/B7W1ilnn9tC/,queued,0,0,,0,0,0,,,0,0,0,0,0,0,,,,,,,,,0,,,,,,,
B7WZqCXH1c1,p,https://www.instagram.com/thedogist/p/B7WZqCXH1c1/,queued,0,0,,0,0,0,,,0,0,0,0,0,0,,,,,,,,,0,,,,,,,
B7UFRHUHdHW,p,https://www.instagram.com/thedogist/p/B7UFRHUHdHW/,queued,0,0,,0,0,0,,,0,0,0,0,0,0,,,,,,,,,0,,,,,,,
B7RyNtJHs5_,p,https://www.instagram.com/thedogist/p/B7RyNtJHs5_/,queued,0,0,,0,0,0,,,0,0,0,0,0,0,,,,,,,,,0,,,,,,,
B7PVlgXH4bt,p,https://www.instagram.com/thedogist/p/B7PVlgXH4bt/,queued,0,0,,0,0,0,,,0,0,0,0,0,0,,,,,,,,,0,,,,,,,
B7OgO23HmLj,p,https://www.instagram.com/thedogist/p/B7OgO23HmLj/,queued,0,0,,0,0,0,,,0,0,0,0,0,0,,,,,,,,,0,,,,,,,
B7MO-6Ynb2V,p,https://www.instagram.com/thedogist/p/B7MO-6Ynb2V/,queued,0,0,,0,0,0,,,0,0,0,0,0,0,,,,,,,,,0,,,,,,,
B7JoTCOnHtJ,p,https://www.instagram.com/thedogist/p/B7JoTCOnHtJ/,queued,0,0,,0,0,0,,,0,0,0,0,0,0,,,,,,,,,0,,,,,,,
B7HcE-4nZ6N,p,https://www.instagram.com/thedogist/p/B7HcE-4nZ6N/,queued,0,0,,0,0,0,,,0,0,0,0,0,0,,,,,,,,,0,,,,,,,
B7EV99nHcc1,p,https://www.instagram.com/thedogist/p/B7EV99nHcc1/,queued,0,0,,0,0,0,,,0,0,0,0,0,0,,,,,,,,,0,,,,,,,
B7CKf0dnBLN,p,https://www.instagram.com/thedogist/p/B7CKf0dnBLN/,queued,0,0,,0,0,0,,,0,0,0,0,0,0,,,,,,,,,0,,,,,,,
B6_S8wIHftk,p,https://www.instagram.com/thedogist/p/B6_S8wIHftk/,queued,0,0,,0,0,0,,,0,0,0,0,0,0,,,,,,,,,0,,,,,,,
B69RIv1nA8X,p,https://www.instagram.com/thedogist/p/B69RIv1nA8X/,queued,0,0,,0,0,0,,,0,0,0,0,0,0,,,,,,,,,0,,,,,,,
B66y97Jntb7,p,https://www.instagram.com/thedogist/p/B66y97Jntb7/,queued,0,0,,0,0,0,,,0,0,0,0,0,0,,,,,,,,,0,,,,,,,
B66P5OwnRNd,p,https://www.instagram.com/thedogist/p/B66P5OwnRNd/,queued,0,0,,0,0,0,,,0,0,0,0,0,0,,,,,,,,,0,,,,,,,
B64TCYJHekm,p,https://www.instagram.com/thedogist/p/B64TCYJHekm/,queued,0,0,,0,0,0,,,0,0,0,0,0,0,,,,,,,,,0,,,,,,,
B63q6F3ndit,p,https://www.instagram.com/thedogist/p/B63q6F3ndit/,queued,0,0,,0,0,0,,,0,0,0,0,0,0,,,,,,,,,0,,,,,,,
B61lfocHkUa,p,https://www.instagram.com/thedogist/p/B61lfocHkUa/,queued,0,0,,0,0,0,,,0,0,0,0,0,0,,,,,,,,,0,,,,,,,
B6zIBsqHEBU,p,https://www.instagram.com/thedogist/p/B6zIBsqHEBU/,queued,0,0,,0,0,0,,,0,0,0,0,0,0,,,,,,,,,0,,,,,,,
B6v8kThn-Tw,p,https://www.instagram.com/thedogist/p/B6v8kThn-Tw/,queued,0,0,,0,0,0,,,0,0,0,0,0,0,,,,,,,,,0,,,,,,,
B6vqzsLHLOo,p,https://www.instagram.com/thedogist/p/B6vqzsLHLOo/,queued,0,0,,0,0,0,,,0,0,0,0,0,0,,,,,,,,,0,,,,,,,
B6t6e_0HbUH,p,https://www.instagram.com/thedogist/p/B6t6e_0HbUH/,queued,0,0,,0,0,0,,,0,0,0,0,0,0,,,,,,,,,0,,,,,,,
B6tKhixHxcA,p,https://www.instagram.com/thedogist/p/B6tKhixHxcA/,queued,0,0,,0,0,0,,,0,0,0,0,0,0,,,,,,,,,0,,,,,,,
B6qxCf1H6L9,p,https://www.instagram.com/thedogist/p/B6qxCf1H6L9/,queued,0,0,,0,0,0,,,0,0,0,0,0,0,,,,,,,,,0,,,,,,,
B6oxurdHuRa,p,https://www.instagram.com/thedogist/p/B6oxurdHuRa/,queued,0,0,,0,0,0,,,0,0,0,0,0,0,,,,,,,,,0,,,,,,,
B6mCtnEH1oQ,p,https://www.instagram.com/thedogist/p/B6mCtnEH1oQ/,queued,0,0,,0,0,0,,,0,0,0,0,0,0,,,,,,,,,0,,,,,,,
B6jqFkWnnvI,p,https://www.instagram.com/thedogist/p/B6jqFkWnnvI/,queued,0,0,,0,0,0,,,0,0,0,0,0,0,,,,,,,,,0,,,,,,,
B6i0hgdnPF4,p,https://www.instagram.com/thedogist/p/B6i0hgdnPF4/,queued,0,0,,0,0,0,,,0,0,0,0,0,0,,,,,,,,,0,,,,,,,
B6hE04bn2se,p,https://www.instagram.com/thedogist/p/B6hE04bn2se/,queued,0,0,,0,0,0,,,0,0,0,0,0,0,,,,,,,,,0,,,,,,,
B6f9qWknNgU,p,https://www.instagram.com/thedogist/p/B6f9qWknNgU/,queued,0,0,,0,0,0,,,0,0,0,0,0,0,,,,,,,,,0,,,,,,,
B6evnSknQba,p,https://www.instagram.com/thedogist/p/B6evnSknQba/,queued,0,0,,0,0,0,,,0,0,0,0,0,0,,,,,,,,,0,,,,,,,
B6eH74THtfl,p,https://www.instagram.com/thedogist/p/B6eH74THtfl/,queued,0,0,,0,0,0,,,0,0,0,0,0,0,,,,,,,,,0,,,,,,,
B6bx78BnDV0,p,https://www.instagram.com/thedogist/p/B6bx78BnDV0/,queued,0,0,,0,0,0,,,0,0,0,0,0,0,,,,,,,,,0,,,,,,,
B6ZCPZpnFHe,p,https://www.instagram.com/thedogist/p/B6ZCPZpnFHe/,queued,0,0,,0,0,0,,,0,0,0,0,0,0,,,,,,,,,0,,,,,,,
B6W7rXaHKNi,p,https://www.instagram.com/thedogist/p/B6W7rXaHKNi/,queued,0,0,,0,0,0,,,0,0,0,0,0,0,,,,,,,,,0,,,,,,,
B6WbN4kn_uc,p,https://www.instagram.com/thedogist/p/B6WbN4kn_uc/,queued,0,0,,0,0,0,,,0,0,0,0,0,0,,,,,,,,,0,,,,,,,
B6UHvZgnkwg,p,https://www.instagram.com/thedogist/p/B6UHvZgnkwg/,queued,0,0,,0,0,0,,,0,0,0,0,0,0,,,,,,,,,0,,,,,,,
B6TmozYHIRq,p,https://www.instagram.com/thedogist/p/B6TmozYHIRq/,queued,0,0,,0,0,0,,,0,0,0,0,0,0,,,,,,,,,0,,,,,,,
B6TTQQhn09V,p,https://www.instagram.com/thedogist/p/B6TTQQhn09V/,queued,0,0,,0,0,0,,,0,0,0,0,0,0,,,,,,,,,0,,,,,,,
B6RbXNjHxsA,p,https://www.instagram.com/thedogist/p/B6RbXNjHxsA/,queued,0,0,,0,0,0,,,0,0,0,0,0,0,,,,,,,,,0,,,,,,,
B6OwSnnHkoI,p,https://www.instagram.com/thedogist/p/B6OwSnnHkoI/,queued,0,0,,0,0,0,,,0,0,0,0,0,0,,,,,,,,,0,,,,,,,
B6MDeEMn_iF,p,https://www.instagram.com/thedogist/p/B6MDeEMn_iF/,queued,0,0,,0,0,0,,,0,0,0,0,0,0,,,,,,,,,0,,,,,,,
B6LmpWxHhws,p,https://www.instagram.com/thedogist/p/B6LmpWxHhws/,queued,0,0,,0,0,0,,,0,0,0,0,0,0,,,,,,,,,0,,,,,,,
B6JkTlQH54H,p,https://www.instagram.com/thedogist/p/B6JkTlQH54H/,queued,0,0,,0,0,0,,,0,0,0,0,0,0,,,,,,,,,0,,,,,,,
B6HID1IHbbN,p,https://www.instagram.com/thedogist/p/B6HID1IHbbN/,queued,0,0,,0,0,0,,,0,0,0,0,0,0,,,,,,,,,0,,,,,,,
B6G_alfH97D,p,https://www.instagram.com/thedogist/p/B6G_alfH97D/,queued,0,0,,0,0,0,,,0,0,0,0,0,0,,,,,,,,,0,,,,,,,
B6EpvZcntu6,p,https://www.instagram.com/thedogist/p/B6EpvZcntu6/,queued,0,0,,0,0,0,,,0,0,0,0,0,0,,,,,,,,,0,,,,,,,
B6ESTS4HOYW,p,https://www.instagram.com/thedogist/p/B6ESTS4HOYW/,queued,0,0,,0,0,0,,,0,0,0,0,0,0,,,,,,,,,0,,,,,,,
B6CR_Ajn23X,p,https://www.instagram.com/thedogist/p/B6CR_Ajn23X/,queued,0,0,,0,0,0,,,0,0,0,0,0,0,,,,,,,,,0,,,,,,,
B6BZKbNHPY3,p,https://www.instagram.com/thedogist/p/B6BZKbNHPY3/,queued,0,0,,0,0,0,,,0,0,0,0,0,0,,,,,,,,,0,,,,,,,
B6BDVvbHLbt,p,https://www.instagram.com/thedogist/p/B6BDVvbHLbt/,queued,0,0,,0,0,0,,,0,0,0,0,0,0,,,,,,,,,0,,,,,,,
B5_CsSDnabN,p,https://www.instagram.com/thedogist/p/B5_CsSDnabN/,queued,0,0,,0,0,0,,,0,0,0,0,0,0,,,,,,,,,0,,,,,,,
B586RVan4cI,p,https://www.instagram.com/thedogist/p/B586RVan4cI/,queued,0,0,,0,0,0,,,0,0,0,0,0,0,,,,,,,,,0,,,,,,,
B58ouMCHO8F,p,https://www.instagram.com/thedogist/p/B58ouMCHO8F/,queued,0,0,,0,0,0,,,0,0,0,0,0,0,,,,,,,,,0,,,,,,,
B58NMwmHj6Q,p,https://www.instagram.com/thedogist/p/B58NMwmHj6Q/,queued,0,0,,0,0,0,,,0,0,0,0,0,0,,,,,,,,,0,,,,,,,
B56vKs9ndMk,p,https://www.instagram.com/thedogist/p/B56vKs9ndMk/,queued,0,0,,0,0,0,,,0,0,0,0,0,0,,,,,,,,,0,,,,,,,
B556mRhnZFi,p,https://www.instagram.com/thedogist/p/B556mRhnZFi/,queued,0,0,,0,0,0,,,0,0,0,0,0,0,,,,,,,,,0,,,,,,,
B55o0Sun8IE,p,https://www.instagram.com/thedogist/p/B55o0Sun8IE/,queued,0,0,,0,0,0,,,0,0,0,0,0,0,,,,,,,,,0,,,,,,,
B54A_jxn7LS,p,https://www.instagram.com/thedogist/p/B54A_jxn7LS/,queued,0,0,,0,0,0,,,0,0,0,0,0,0,,,,,,,,,0,,,,,,,
B53TCkLHP34,p,https://www.instagram.com/thedogist/p/B53TCkLHP34/,queued,0,0,,0,0,0,,,0,0,0,0,0,0,,,,,,,,,0,,,,,,,
B527YQInS1W,p,https://www.instagram.com/thedogist/p/B527YQInS1W/,queued,0,0,,0,0,0,,,0,0,0,0,0,0,,,,,,,,,0,,,,,,,
B51Nu2ZnO4M,p,https://www.instagram.com/thedogist/p/B51Nu2ZnO4M/,queued,0,0,,0,0,0,,,0,0,0,0,0,0,,,,,,,,,0,,,,,,,
B50MynFn7vg,p,https://www.instagram.com/thedogist/p/B50MynFn7vg/,queued,0,0,,0,0,0,,,0,0,0,0,0,0,,,,,,,,,0,,,,,,,
B5zHPYWHF5e,p,https://www.instagram.com/thedogist/p/B5zHPYWHF5e/,queued,0,0,,0,0,0,,,0,0,0,0,0,0,,,,,,,,,0,,,,,,,
B5xjUvynEly,p,https://www.instagram.com/thedogist/p/B5xjUvynEly/,queued,0,0,,0,0,0,,,0,0,0,0,0,0,,,,,,,,,0,,,,,,,
B5vOH8_nGvF,p,https://www.instagram.com/thedogist/p/B5vOH8_nGvF/,queued,0,0,,0,0,0,,,0,0,0,0,0,0,,,,,,,,,0,,,,,,,
B5tCAcAnTi6,p,https://www.instagram.com/thedogist/p/B5tCAcAnTi6/,queued,0,0,,0,0,0,,,0,0,0,0,0,0,,,,,,,,,0,,,,,,,
B5qk5d0njB6,p,https://www.instagram.com/thedogist/p/B5qk5d0njB6/,queued,0,0,,0,0,0,,,0,0,0,0,0,0,,,,,,,,,0,,,,,,,
B5qGukAnb2n,p,https://www.instagram.com/thedogist/p/B5qGukAnb2n/,queued,0,0,,0,0,0,,,0,0,0,0,0,0,,,,,,,,,0,,,,,,,
B5oKX6tHtx9,p,https://www.instagram.com/thedogist/p/B5oKX6tHtx9/,queued,0,0,,0,0,0,,,0,0,0,0,0,0,,,,,,,,,0,,,,,,,
B5nhDuDHV8f,p,https://www.instagram.com/thedogist/p/B5nhDuDHV8f/,queued,0,0,,0,0,0,,,0,0,0,0,0,0,,,,,,,,,0,,,,,,,
B5lVl05nMqq,p,https://www.instagram.com/thedogist/p/B5lVl05nMqq/,queued,0,0,,0,0,0,,,0,0,0,0,0,0,,,,,,,,,0,,,,,,,
B5iiBE-n-HD,p,https://www.instagram.com/thedogist/p/B5iiBE-n-HD/,queued,0,0,,0,0,0,,,0,0,0,0,0,0,,,,,,,,,0,,,,,,,
B5gYyqOHK9r,p,https://www.instagram.com/thedogist/p/B5gYyqOHK9r/,queued,0,0,,0,0,0,,,0,0,0,0,0,0,,,,,,,,,0,,,,,,,
B5fwYs_HGNQ,p,https://www.instagram.com/thedogist/p/B5fwYs_HGNQ/,queued,0,0,,0,0,0,,,0,0,0,0,0,0,,,,,,,,,0,,,,,,,
B5eBpLmHeUp,p,https://www.instagram.com/thedogist/p/B5eBpLmHeUp/,queued,0,0,,0,0,0,,,0,0,0,0,0,0,,,,,,,,,0,,,,,,,
B5da-b7nvFv,p,https://www.instagram.com/thedogist/p/B5da-b7nvFv/,queued,0,0,,0,0,0,,,0,0,0,0,0,0,,,,,,,,,0,,,,,,,
B5dE7p_nUXJ,p,https://www.instagram.com/thedogist/p/B5dE7p_nUXJ/,queued,0,0,,0,0,0,,,0,0,0,0,0,0,,,,,,,,,0,,,,,,,
B5bBJitHSe0,p,https://www.instagram.com/thedogist/p/B5bBJitHSe0/,queued,0,0,,0,0,0,,,0,0,0,0,0,0,,,,,,,,,0,,,,,,,
B5YwUh2HJvH,p,https://www.instagram.com/thedogist/p/B5YwUh2HJvH/,queued,0,0,,0,0,0,,,0,0,0,0,0,0,,,,,,,,,0,,,,,,,
B5YG9vsHfnL,p,https://www.instagram.com/thedogist/p/B5YG9vsHfnL/,queued,0,0,,0,0,0,,,0,0,0,0,0,0,,,,,,,,,0,,,,,,,
B5Wg3kSHvDs,p,https://www.instagram.com/thedogist/p/B5Wg3kSHvDs/,queued,0,0,,0,0,0,,,0,0,0,0,0,0,,,,,,,,,0,,,,,,,
B5TnNc-nEvD,p,https://www.instagram.com/thedogist/p/B5TnNc-nEvD/,queued,0,0,,0,0,0,,,0,0,0,0,0,0,,,,,,,,,0,,,,,,,
B5RaNE2nZJF,p,https://www.instagram.com/thedogist/p/B5RaNE2nZJF/,queued,0,0,,0,0,0,,,0,0,0,0,0,0,,,,,,,,,0,,,,,,,
B5Ql6NFHssi,p,https://www.instagram.com/thedogist/p/B5Ql6NFHssi/,queued,0,0,,0,0,0,,,0,0,0,0,0,0,,,,,,,,,0,,,,,,,
B5O0El5HJgZ,p,https://www.instagram.com/thedogist/p/B5O0El5HJgZ/,queued,0,0,,0,0,0,,,0,0,0,0,0,0,,,,,,,,,0,,,,,,,
B5NzfPpnK42,p,https://www.instagram.com/thedogist/p/B5NzfPpnK42/,queued,0,0,,0,0,0,,,0,0,0,0,0,0,,,,,,,,,0,,,,,,,
B5MFWIPH_46,p,https://www.instagram.com/thedogist/p/B5MFWIPH_46/,queued,0,0,,0,0,0,,,0,0,0,0,0,0,,,,,,,,,0,,,,,,,
B5LObgMHy2Q,p,https://www.instagram.com/thedogist/p/B5LObgMHy2Q/,queued,0,0,,0,0,0,,,0,0,0,0,0,0,,,,,,,,,0,,,,,,,
B5JIQWzHVZl,p,https://www.instagram.com/thedogist/p/B5JIQWzHVZl/,queued,0,0,,0,0,0,,,0,0,0,0,0,0,,,,,,,,,0,,,,,,,
B5HVlFFHgwh,p,https://www.instagram.com/thedogist/p/B5HVlFFHgwh/,queued,0,0,,0,0,0,,,0,0,0,0,0,0,,,,,,,,,0,,,,,,,
B5GJYiBnbUh,p,https://www.instagram.com/thedogist/p/B5GJYiBnbUh/,queued,0,0,,0,0,0,,,0,0,0,0,0,0,,,,,,,,,0,,,,,,,
B5EFyBqnzqi,p,https://www.instagram.com/thedogist/p/B5EFyBqnzqi/,queued,0,0,,0,0,0,,,0,0,0,0,0,0,,,,,,,,,0,,,,,,,
B5DqYmBnG7u,p,https://www.instagram.com/thedogist/p/B5DqYmBnG7u/,queued,0,0,,0,0,0,,,0,0,0,0,0,0,,,,,,,,,0,,,,,,,
B5B2w0inAy8,p,https://www.instagram.com/thedogist/p/B5B2w0inAy8/,queued,0,0,,0,0,0,,,0,0,0,0,0,0,,,,,,,,,0,,,,,,,
B5BJHwcHFJI,p,https://www.instagram.com/thedogist/p/B5BJHwcHFJI/,queued,0,0,,0,0,0,,,0,0,0,0,0,0,,,,,,,,,0,,,,,,,
B5AybgGHyQh,p,https://www.instagram.com/thedogist/p/B5AybgGHyQh/,queued,0,0,,0,0,0,,,0,0,0,0,0,0,,,,,,,,,0,,,,,,,
B4-rpavnTdw,p,https://www.instagram.com/thedogist/p/B4-rpavnTdw/,queued,0,0,,0,0,0,,,0,0,0,0,0,0,,,,,,,,,0,,,,,,,
B483Ps4HWsU,p,https://www.instagram.com/thedogist/p/B483Ps4HWsU/,queued,0,0,,0,0,0,,,0,0,0,0,0,0,,,,,,,,,0,,,,,,,
B476I7CHr9Z,p,https://www.instagram.com/thedogist/p/B476I7CHr9Z/,queued,0,0,,0,0,0,,,0,0,0,0,0,0,,,,,,,,,0,,,,,,,
B46LR6CHu3M,p,https://www.instagram.com/thedogist/p/B46LR6CHu3M/,queued,0,0,,0,0,0,,,0,0,0,0,0,0,,,,,,,,,0,,,,,,,
B45hCIBnXP2,reel,https://www.instagram.com/thedogist/reel/B45hCIBnXP2/,queued,0,0,,0,0,0,,,0,0,0,0,0,0,,,,,,,,,0,,,,,,,
B431JR4nJTK,p,https://www.instagram.com/thedogist/p/B431JR4nJTK/,queued,0,0,,0,0,0,,,0,0,0,0,0,0,,,,,,,,,0,,,,,,,
B424ugvFUqG,p,https://www.instagram.com/thedogist/p/B424ugvFUqG/,queued,0,0,,0,0,0,,,0,0,0,0,0,0,,,,,,,,,0,,,,,,,
B42mWMcHhls,p,https://www.instagram.com/thedogist/p/B42mWMcHhls/,queued,0,0,,0,0,0,,,0,0,0,0,0,0,,,,,,,,,0,,,,,,,
B40th1InO65,p,https://www.instagram.com/thedogist/p/B40th1InO65/,queued,0,0,,0,0,0,,,0,0,0,0,0,0,,,,,,,,,0,,,,,,,
B4x_2gXnrOZ,p,https://www.instagram.com/thedogist/p/B4x_2gXnrOZ/,queued,0,0,,0,0,0,,,0,0,0,0,0,0,,,,,,,,,0,,,,,,,
B4v3qsXHc3n,p,https://www.instagram.com/thedogist/p/B4v3qsXHc3n/,queued,0,0,,0,0,0,,,0,0,0,0,0,0,,,,,,,,,0,,,,,,,
B4u6GD-nirm,p,https://www.instagram.com/thedogist/p/B4u6GD-nirm/,queued,0,0,,0,0,0,,,0,0,0,0,0,0,,,,,,,,,0,,,,,,,
B4tD2tynAn4,p,https://www.instagram.com/thedogist/p/B4tD2tynAn4/,queued,0,0,,0,0,0,,,0,0,0,0,0,0,,,,,,,,,0,,,,,,,
B4saPnvH0SO,p,https://www.instagram.com/thedogist/p/B4saPnvH0SO/,queued,0,0,,0,0,0,,,0,0,0,0,0,0,,,,,,,,,0,,,,,,,
B4pyJGonQGW,p,https://www.instagram.com/thedogist/p/B4pyJGonQGW/,queued,0,0,,0,0,0,,,0,0,0,0,0,0,,,,,,,,,0,,,,,,,
B4oCDexntY6,p,https://www.instagram.com/thedogist/p/B4oCDexntY6/,queued,0,0,,0,0,0,,,0,0,0,0,0,0,,,,,,,,,0,,,,,,,
B4nXWcbnM4_,p,https://www.instagram.com/thedogist/p/B4nXWcbnM4_/,queued,0,0,,0,0,0,,,0,0,0,0,0,0,,,,,,,,,0,,,,,,,
B4lYsS_HQRB,p,https://www.instagram.com/thedogist/p/B4lYsS_HQRB/,queued,0,0,,0,0,0,,,0,0,0,0,0,0,,,,,,,,,0,,,,,,,
B4ku1qAndTw,p,https://www.instagram.com/thedogist/p/B4ku1qAndTw/,queued,0,0,,0,0,0,,,0,0,0,0,0,0,,,,,,,,,0,,,,,,,
B4jQ1XOnbse,p,https://www.instagram.com/thedogist/p/B4jQ1XOnbse/,queued,0,0,,0,0,0,,,0,0,0,0,0,0,,,,,,,,,0,,,,,,,
B4gE9irn4E-,p,https://www.instagram.com/thedogist/p/B4gE9irn4E-/,queued,0,0,,0,0,0,,,0,0,0,0,0,0,,,,,,,,,0,,,,,,,
B4flDtYHHvK,p,https://www.instagram.com/thedogist/p/B4flDtYHHvK/,queued,0,0,,0,0,0,,,0,0,0,0,0,0,,,,,,,,,0,,,,,,,
B4dkGKKHvHd,p,https://www.instagram.com/thedogist/p/B4dkGKKHvHd/,queued,0,0,,0,0,0,,,0,0,0,0,0,0,,,,,,,,,0,,,,,,,
B4czEjgn_Lo,p,https://www.instagram.com/thedogist/p/B4czEjgn_Lo/,queued,0,0,,0,0,0,,,0,0,0,0,0,0,,,,,,,,,0,,,,,,,
B4bgMR5nJ9k,p,https://www.instagram.com/thedogist/p/B4bgMR5nJ9k/,queued,0,0,,0,0,0,,,0,0,0,0,0,0,,,,,,,,,0,,,,,,,
B4a-_9lnx3E,p,https://www.instagram.com/thedogist/p/B4a-_9lnx3E/,queued,0,0,,0,0,0,,,0,0,0,0,0,0,,,,,,,,,0,,,,,,,
B4aP3Jkn_Af,p,https://www.instagram.com/thedogist/p/B4aP3Jkn_Af/,queued,0,0,,0,0,0,,,0,0,0,0,0,0,,,,,,,,,0,,,,,,,
B4Xx7iZHQyi,p,https://www.instagram.com/thedogist/p/B4Xx7iZHQyi/,queued,0,0,,0,0,0,,,0,0,0,0,0,0,,,,,,,,,0,,,,,,,
B4VPCuHn6_X,p,https://www.instagram.com/thedogist/p/B4VPCuHn6_X/,queued,0,0,,0,0,0,,,0,0,0,0,0,0,,,,,,,,,0,,,,,,,
B4TQ7c7n_1_,p,https://www.instagram.com/thedogist/p/B4TQ7c7n_1_/,queued,0,0,,0,0,0,,,0,0,0,0,0,0,,,,,,,,,0,,,,,,,
B4SPak6ndcc,p,https://www.instagram.com/thedogist/p/B4SPak6ndcc/,queued,0,0,,0,0,0,,,0,0,0,0,0,0,,,,,,,,,0,,,,,,,
B4QatnVnYvV,p,https://www.instagram.com/thedogist/p/B4QatnVnYvV/,queued,0,0,,0,0,0,,,0,0,0,0,0,0,,,,,,,,,0,,,,,,,
B4ObDdDHd1F,p,https://www.instagram.com/thedogist/p/B4ObDdDHd1F/,queued,0,0,,0,0,0,,,0,0,0,0,0,0,,,,,,,,,0,,,,,,,
B4NWgQSHP19,p,https://www.instagram.com/thedogist/p/B4NWgQSHP19/,queued,0,0,,0,0,0,,,0,0,0,0,0,0,,,,,,,,,0,,,,,,,
B4LunrinShd,p,https://www.instagram.com/thedogist/p/B4LunrinShd/,queued,0,0,,0,0,0,,,0,0,0,0,0,0,,,,,,,,,0,,,,,,,
B4LSHj3Hvy1,p,https://www.instagram.com/thedogist/p/B4LSHj3Hvy1/,queued,0,0,,0,0,0,,,0,0,0,0,0,0,,,,,,,,,0,,,,,,,
B4I_fLEnI15,p,https://www.instagram.com/thedogist/p/B4I_fLEnI15/,queued,0,0,,0,0,0,,,0,0,0,0,0,0,,,,,,,,,0,,,,,,,
B4IKfSPHX_x,p,https://www.instagram.com/thedogist/p/B4IKfSPHX_x/,queued,0,0,,0,0,0,,,0,0,0,0,0,0,,,,,,,,,0,,,,,,,
B4GR4fsnVCO,p,https://www.instagram.com/thedogist/p/B4GR4fsnVCO/,queued,0,0,,0,0,0,,,0,0,0,0,0,0,,,,,,,,,0,,,,,,,
B4GFRabH_Ky,p,https://www.instagram.com/thedogist/p/B4GFRabH_Ky/,queued,0,0,,0,0,0,,,0,0,0,0,0,0,,,,,,,,,0,,,,,,,
B4DuOcsnzKZ,p,https://www.instagram.com/thedogist/p/B4DuOcsnzKZ/,queued,0,0,,0,0,0,,,0,0,0,0,0,0,,,,,,,,,0,,,,,,,
B4DHAz2n9g_,p,https://www.instagram.com/thedogist/p/B4DHAz2n9g_/,queued,0,0,,0,0,0,,,0,0,0,0,0,0,,,,,,,,,0,,,,,,,
B4Bl3gDnobj,p,https://www.instagram.com/thedogist/p/B4Bl3gDnobj/,queued,0,0,,0,0,0,,,0,0,0,0,0,0,,,,,,,,,0,,,,,,,
B4AmYWkndGS,p,https://www.instagram.com/thedogist/p/B4AmYWkndGS/,queued,0,0,,0,0,0,,,0,0,0,0,0,0,,,,,,,,,0,,,,,,,
B3-t-qoHoyo,p,https://www.instagram.com/thedogist/p/B3-t-qoHoyo/,queued,0,0,,0,0,0,,,0,0,0,0,0,0,,,,,,,,,0,,,,,,,
B3-VVP9HSuz,p,https://www.instagram.com/thedogist/p/B3-VVP9HSuz/,queued,0,0,,0,0,0,,,0,0,0,0,0,0,,,,,,,,,0,,,,,,,
B38dxkUnKRF,p,https://www.instagram.com/thedogist/p/B38dxkUnKRF/,queued,0,0,,0,0,0,,,0,0,0,0,0,0,,,,,,,,,0,,,,,,,
B37_swVH9GF,p,https://www.instagram.com/thedogist/p/B37_swVH9GF/,queued,0,0,,0,0,0,,,0,0,0,0,0,0,,,,,,,,,0,,,,,,,
B37g-pJH85O,p,https://www.instagram.com/thedogist/p/B37g-pJH85O/,queued,0,0,,0,0,0,,,0,0,0,0,0,0,,,,,,,,,0,,,,,,,
B35_5CSnorN,p,https://www.instagram.com/thedogist/p/B35_5CSnorN/,queued,0,0,,0,0,0,,,0,0,0,0,0,0,,,,,,,,,0,,,,,,,
B35cesenDEj,p,https://www.instagram.com/thedogist/p/B35cesenDEj/,queued,0,0,,0,0,0,,,0,0,0,0,0,0,,,,,,,,,0,,,,,,,
B34iy5XnNni,p,https://www.instagram.com/thedogist/p/B34iy5XnNni/,queued,0,0,,0,0,0,,,0,0,0,0,0,0,,,,,,,,,0,,,,,,,
B33C1w7HsOh,p,https://www.instagram.com/thedogist/p/B33C1w7HsOh/,queued,0,0,,0,0,0,,,0,0,0,0,0,0,,,,,,,,,0,,,,,,,
B32cUtfnoQe,p,https://www.instagram.com/thedogist/p/B32cUtfnoQe/,queued,0,0,,0,0,0,,,0,0,0,0,0,0,,,,,,,,,0,,,,,,,
B30GSZmnafI,p,https://www.instagram.com/thedogist/p/B30GSZmnafI/,queued,0,0,,0,0,0,,,0,0,0,0,0,0,,,,,,,,,0,,,,,,,
B3zpJ6NHxvq,p,https://www.instagram.com/thedogist/p/B3zpJ6NHxvq/,queued,0,0,,0,0,0,,,0,0,0,0,0,0,,,,,,,,,0,,,,,,,
B3x-eElnXZf,p,https://www.instagram.com/thedogist/p/B3x-eElnXZf/,queued,0,0,,0,0,0,,,0,0,0,0,0,0,,,,,,,,,0,,,,,,,
B3w4kUUHFID,p,https://www.instagram.com/thedogist/p/B3w4kUUHFID/,queued,0,0,,0,0,0,,,0,0,0,0,0,0,,,,,,,,,0,,,,,,,
B3vOBgjnTyS,p,https://www.instagram.com/thedogist/p/B3vOBgjnTyS/,queued,0,0,,0,0,0,,,0,0,0,0,0,0,,,,,,,,,0,,,,,,,
B3uqtlzHVMh,p,https://www.instagram.com/thedogist/p/B3uqtlzHVMh/,queued,0,0,,0,0,0,,,0,0,0,0,0,0,,,,,,,,,0,,,,,,,
B3slm_vHeP2,p,https://www.instagram.com/thedogist/p/B3slm_vHeP2/,queued,0,0,,0,0,0,,,0,0,0,0,0,0,,,,,,,,,0,,,,,,,
B3sZuvtHH3q,p,https://www.instagram.com/thedogist/p/B3sZuvtHH3q/,queued,0,0,,0,0,0,,,0,0,0,0,0,0,,,,,,,,,0,,,,,,,
B3qA-qfH5EO,p,https://www.instagram.com/thedogist/p/B3qA-qfH5EO/,queued,0,0,,0,0,0,,,0,0,0,0,0,0,,,,,,,,,0,,,,,,,
B3prTLSns0j,p,https://www.instagram.com/thedogist/p/B3prTLSns0j/,queued,0,0,,0,0,0,,,0,0,0,0,0,0,,,,,,,,,0,,,,,,,
B3pGGEJnptO,p,https://www.instagram.com/thedogist/p/B3pGGEJnptO/,queued,0,0,,0,0,0,,,0,0,0,0,0,0,,,,,,,,,0,,,,,,,
B3nwzJynvZF,p,https://www.instagram.com/thedogist/p/B3nwzJynvZF/,queued,0,0,,0,0,0,,,0,0,0,0,0,0,,,,,,,,,0,,,,,,,
B3mzfInnvc-,p,https://www.instagram.com/thedogist/p/B3mzfInnvc-/,queued,0,0,,0,0,0,,,0,0,0,0,0,0,,,,,,,,,0,,,,,,,
B3lFLzVHdJN,p,https://www.instagram.com/thedogist/p/B3lFLzVHdJN/,queued,0,0,,0,0,0,,,0,0,0,0,0,0,,,,,,,,,0,,,,,,,
B3kW5i7nl-v,p,https://www.instagram.com/thedogist/p/B3kW5i7nl-v/,queued,0,0,,0,0,0,,,0,0,0,0,0,0,,,,,,,,,0,,,,,,,
B3iXgHIHIV0,p,https://www.instagram.com/thedogist/p/B3iXgHIHIV0/,queued,0,0,,0,0,0,,,0,0,0,0,0,0,,,,,,,,,0,,,,,,,
B3hjT9GHvpa,p,https://www.instagram.com/thedogist/p/B3hjT9GHvpa/,queued,0,0,,0,0,0,,,0,0,0,0,0,0,,,,,,,,,0,,,,,,,
B3f5tx4HbYc,p,https://www.instagram.com/thedogist/p/B3f5tx4HbYc/,queued,0,0,,0,0,0,,,0,0,0,0,0,0,,,,,,,,,0,,,,,,,
B3fV5zhn2ON,p,https://www.instagram.com/thedogist/p/B3fV5zhn2ON/,queued,0,0,,0,0,0,,,0,0,0,0,0,0,,,,,,,,,0,,,,,,,
B3dFtKzHhhC,p,https://www.instagram.com/thedogist/p/B3dFtKzHhhC/,queued,0,0,,0,0,0,,,0,0,0,0,0,0,,,,,,,,,0,,,,,,,
B3aoq8dnrBA,p,https://www.instagram.com/thedogist/p/B3aoq8dnrBA/,queued,0,0,,0,0,0,,,0,0,0,0,0,0,,,,,,,,,0,,,,,,,
B3Z_PC0n2Y8,p,https://www.instagram.com/thedogist/p/B3Z_PC0n2Y8/,queued,0,0,,0,0,0,,,0,0,0,0,0,0,,,,,,,,,0,,,,,,,
B3YAPjXHVEs,p,https://www.instagram.com/thedogist/p/B3YAPjXHVEs/,queued,0,0,,0,0,0,,,0,0,0,0,0,0,,,,,,,,,0,,,,,,,
B3XrkbanRze,p,https://www.instagram.com/thedogist/p/B3XrkbanRze/,queued,0,0,,0,0,0,,,0,0,0,0,0,0,,,,,,,,,0,,,,,,,
B3XQV1pnInQ,p,https://www.instagram.com/thedogist/p/B3XQV1pnInQ/,queued,0,0,,0,0,0,,,0,0,0,0,0,0,,,,,,,,,0,,,,,,,
B3VvxXyHz2R,p,https://www.instagram.com/thedogist/p/B3VvxXyHz2R/,queued,0,0,,0,0,0,,,0,0,0,0,0,0,,,,,,,,,0,,,,,,,
B3VRCQhHsuF,p,https://www.instagram.com/thedogist/p/B3VRCQhHsuF/,queued,0,0,,0,0,0,,,0,0,0,0,0,0,,,,,,,,,0,,,,,,,
B3TMVObnEeA,p,https://www.instagram.com/thedogist/p/B3TMVObnEeA/,queued,0,0,,0,0,0,,,0,0,0,0,0,0,,,,,,,,,0,,,,,,,
B3Sc3tsns2z,p,https://www.instagram.com/thedogist/p/B3Sc3tsns2z/,queued,0,0,,0,0,0,,,0,0,0,0,0,0,,,,,,,,,0,,,,,,,
B3QS-VnnzrV,p,https://www.instagram.com/thedogist/p/B3QS-VnnzrV/,queued,0,0,,0,0,0,,,0,0,0,0,0,0,,,,,,,,,0,,,,,,,
B3Put0_HoPV,p,https://www.instagram.com/thedogist/p/B3Put0_HoPV/,queued,0,0,,0,0,0,,,0,0,0,0,0,0,,,,,,,,,0,,,,,,,
B3N87sMHC2u,p,https://www.instagram.com/thedogist/p/B3N87sMHC2u/,queued,0,0,,0,0,0,,,0,0,0,0,0,0,,,,,,,,,0,,,,,,,
B3NDllAnrh_,p,https://www.instagram.com/thedogist/p/B3NDllAnrh_/,queued,0,0,,0,0,0,,,0,0,0,0,0,0,,,,,,,,,0,,,,,,,
B3LbXrxnB2j,p,https://www.instagram.com/thedogist/p/B3LbXrxnB2j/,queued,0,0,,0,0,0,,,0,0,0,0,0,0,,,,,,,,,0,,,,,,,
B3K2LILHN46,p,https://www.instagram.com/thedogist/p/B3K2LILHN46/,queued,0,0,,0,0,0,,,0,0,0,0,0,0,,,,,,,,,0,,,,,,,
B3In_37n-9n,p,https://www.instagram.com/thedogist/p/B3In_37n-9n/,queued,0,0,,0,0,0,,,0,0,0,0,0,0,,,,,,,,,0,,,,,,,
B3GQpvtHLwr,p,https://www.instagram.com/thedogist/p/B3GQpvtHLwr/,queued,0,0,,0,0,0,,,0,0,0,0,0,0,,,,,,,,,0,,,,,,,
B3FAagln1JX,p,https://www.instagram.com/thedogist/p/B3FAagln1JX/,queued,0,0,,0,0,0,,,0,0,0,0,0,0,,,,,,,,,0,,,,,,,
B3DzdEXnlwz,p,https://www.instagram.com/thedogist/p/B3DzdEXnlwz/,queued,0,0,,0,0,0,,,0,0,0,0,0,0,,,,,,,,,0,,,,,,,
B3C6K2pn1vN,p,https://www.instagram.com/thedogist/p/B3C6K2pn1vN/,queued,0,0,,0,0,0,,,0,0,0,0,0,0,,,,,,,,,0,,,,,,,
B3CnZTxHkNi,p,https://www.instagram.com/thedogist/p/B3CnZTxHkNi/,queued,0,0,,0,0,0,,,0,0,0,0,0,0,,,,,,,,,0,,,,,,,
B3BPHRansBg,p,https://www.instagram.com/thedogist/p/B3BPHRansBg/,queued,0,0,,0,0,0,,,0,0,0,0,0,0,,,,,,,,,0,,,,,,,
B3AEwVKnOPu,p,https://www.instagram.com/thedogist/p/B3AEwVKnOPu/,queued,0,0,,0,0,0,,,0,0,0,0,0,0,,,,,,,,,0,,,,,,,
B2-tCH5ngD4,p,https://www.instagram.com/thedogist/p/B2-tCH5ngD4/,queued,0,0,,0,0,0,,,0,0,0,0,0,0,,,,,,,,,0,,,,,,,
B294ARxnawA,p,https://www.instagram.com/thedogist/p/B294ARxnawA/,queued,0,0,,0,0,0,,,0,0,0,0,0,0,,,,,,,,,0,,,,,,,
B29icFfnnWG,p,https://www.instagram.com/thedogist/p/B29icFfnnWG/,queued,0,0,,0,0,0,,,0,0,0,0,0,0,,,,,,,,,0,,,,,,,
B275RFeHZgp,p,https://www.instagram.com/thedogist/p/B275RFeHZgp/,queued,0,0,,0,0,0,,,0,0,0,0,0,0,,,,,,,,,0,,,,,,,
B27M2jeH_FA,p,https://www.instagram.com/thedogist/p/B27M2jeH_FA/,queued,0,0,,0,0,0,,,0,0,0,0,0,0,,,,,,,,,0,,,,,,,
B26uxVvHQfy,p,https://www.instagram.com/thedogist/p/B26uxVvHQfy/,queued,0,0,,0,0,0,,,0,0,0,0,0,0,,,,,,,,,0,,,,,,,
B248q9on5Lo,p,https://www.instagram.com/thedogist/p/B248q9on5Lo/,queued,0,0,,0,0,0,,,0,0,0,0,0,0,,,,,,,,,0,,,,,,,
B22k0WAn31G,p,https://www.instagram.com/thedogist/p/B22k0WAn31G/,queued,0,0,,0,0,0,,,0,0,0,0,0,0,,,,,,,,,0,,,,,,,
B22BGF8HEYL,p,https://www.instagram.com/thedogist/p/B22BGF8HEYL/,queued,0,0,,0,0,0,,,0,0,0,0,0,0,,,,,,,,,0,,,,,,,
B20GOt8n5qE,p,https://www.instagram.com/thedogist/p/B20GOt8n5qE/,queued,0,0,,0,0,0,,,0,0,0,0,0,0,,,,,,,,,0,,,,,,,
B2zsecxHybx,p,https://www.instagram.com/thedogist/p/B2zsecxHybx/,queued,0,0,,0,0,0,,,0,0,0,0,0,0,,,,,,,,,0,,,,,,,
B2xZD_7nVJG,p,https://www.instagram.com/thedogist/p/B2xZD_7nVJG/,queued,0,0,,0,0,0,,,0,0,0,0,0,0,,,,,,,,,0,,,,,,,
B2uo0sWnnMH,p,https://www.instagram.com/thedogist/p/B2uo0sWnnMH/,queued,0,0,,0,0,0,,,0,0,0,0,0,0,,,,,,,,,0,,,,,,,
B2smT-mn1dw,p,https://www.instagram.com/thedogist/p/B2smT-mn1dw/,queued,0,0,,0,0,0,,,0,0,0,0,0,0,,,,,,,,,0,,,,,,,
B2p_wQ7HKKg,p,https://www.instagram.com/thedogist/p/B2p_wQ7HKKg/,queued,0,0,,0,0,0,,,0,0,0,0,0,0,,,,,,,,,0,,,,,,,
B2pa1I-HRGs,p,https://www.instagram.com/thedogist/p/B2pa1I-HRGs/,queued,0,0,,0,0,0,,,0,0,0,0,0,0,,,,,,,,,0,,,,,,,
B2o4M6GHpCG,p,https://www.instagram.com/thedogist/p/B2o4M6GHpCG/,queued,0,0,,0,0,0,,,0,0,0,0,0,0,,,,,,,,,0,,,,,,,
B2nTSeun-cC,p,https://www.instagram.com/thedogist/p/B2nTSeun-cC/,queued,0,0,,0,0,0,,,0,0,0,0,0,0,,,,,,,,,0,,,,,,,
B2mf0tWHRK0,p,https://www.instagram.com/thedogist/p/B2mf0tWHRK0/,queued,0,0,,0,0,0,,,0,0,0,0,0,0,,,,,,,,,0,,,,,,,
B2kW95aHnYR,p,https://www.instagram.com/thedogist/p/B2kW95aHnYR/,queued,0,0,,0,0,0,,,0,0,0,0,0,0,,,,,,,,,0,,,,,,,
B2iEs8sHdOr,p,https://www.instagram.com/thedogist/p/B2iEs8sHdOr/,queued,0,0,,0,0,0,,,0,0,0,0,0,0,,,,,,,,,0,,,,,,,
B2hOxdvng_X,p,https://www.instagram.com/thedogist/p/B2hOxdvng_X/,queued,0,0,,0,0,0,,,0,0,0,0,0,0,,,,,,,,,0,,,,,,,
B2fZ6CgnPcm,p,https://www.instagram.com/thedogist/p/B2fZ6CgnPcm/,queued,0,0,,0,0,0,,,0,0,0,0,0,0,,,,,,,,,0,,,,,,,
B2exHS7nIpt,p,https://www.instagram.com/thedogist/p/B2exHS7nIpt/,queued,0,0,,0,0,0,,,0,0,0,0,0,0,,,,,,,,,0,,,,,,,
B2cr4uQHGRt,p,https://www.instagram.com/thedogist/p/B2cr4uQHGRt/,queued,0,0,,0,0,0,,,0,0,0,0,0,0,,,,,,,,,0,,,,,,,
B2cG9yXnGLC,p,https://www.instagram.com/thedogist/p/B2cG9yXnGLC/,queued,0,0,,0,0,0,,,0,0,0,0,0,0,,,,,,,,,0,,,,,,,
B2aGi1LH3zK,p,https://www.instagram.com/thedogist/p/B2aGi1LH3zK/,queued,0,0,,0,0,0,,,0,0,0,0,0,0,,,,,,,,,0,,,,,,,
B2XMnfIHAh5,p,https://www.instagram.com/thedogist/p/B2XMnfIHAh5/,queued,0,0,,0,0,0,,,0,0,0,0,0,0,,,,,,,,,0,,,,,,,
B2WxBAlHwlo,p,https://www.instagram.com/thedogist/p/B2WxBAlHwlo/,queued,0,0,,0,0,0,,,0,0,0,0,0,0,,,,,,,,,0,,,,,,,
B2VQe8an1zr,p,https://www.instagram.com/thedogist/p/B2VQe8an1zr/,queued,0,0,,0,0,0,,,0,0,0,0,0,0,,,,,,,,,0,,,,,,,
B2UCUpWHfa9,p,https://www.instagram.com/thedogist/p/B2UCUpWHfa9/,queued,0,0,,0,0,0,,,0,0,0,0,0,0,,,,,,,,,0,,,,,,,
B2SZ4qMnYod,p,https://www.instagram.com/thedogist/p/B2SZ4qMnYod/,queued,0,0,,0,0,0,,,0,0,0,0,0,0,,,,,,,,,0,,,,,,,
B2QacZIH9IE,p,https://www.instagram.com/thedogist/p/B2QacZIH9IE/,queued,0,0,,0,0,0,,,0,0,0,0,0,0,,,,,,,,,0,,,,,,,
B2Pee8BHuHN,p,https://www.instagram.com/thedogist/p/B2Pee8BHuHN/,queued,0,0,,0,0,0,,,0,0,0,0,0,0,,,,,,,,,0,,,,,,,
B2NAXoMF2RW,p,https://www.instagram.com/thedogist/p/B2NAXoMF2RW/,queued,0,0,,0,0,0,,,0,0,0,0,0,0,,,,,,,,,0,,,,,,,
B2KiP4snBFg,p,https://www.instagram.com/thedogist/p/B2KiP4snBFg/,queued,0,0,,0,0,0,,,0,0,0,0,0,0,,,,,,,,,0,,,,,,,
B2IfpmbHcAV,p,https://www.instagram.com/thedogist/p/B2IfpmbHcAV/,queued,0,0,,0,0,0,,,0,0,0,0,0,0,,,,,,,,,0,,,,,,,
B2IHVhvH9JY,p,https://www.instagram.com/thedogist/p/B2IHVhvH9JY/,queued,0,0,,0,0,0,,,0,0,0,0,0,0,,,,,,,,,0,,,,,,,
B2FoHsynA7J,p,https://www.instagram.com/thedogist/p/B2FoHsynA7J/,queued,0,0,,0,0,0,,,0,0,0,0,0,0,,,,,,,,,0,,,,,,,
B2FDjyGHieD,p,https://www.instagram.com/thedogist/p/B2FDjyGHieD/,queued,0,0,,0,0,0,,,0,0,0,0,0,0,,,,,,,,,0,,,,,,,
B2DcNZuH2S5,p,https://www.instagram.com/thedogist/p/B2DcNZuH2S5/,queued,0,0,,0,0,0,,,0,0,0,0,0,0,,,,,,,,,0,,,,,,,
B2DHHTtH18Z,p,https://www.instagram.com/thedogist/p/B2DHHTtH18Z/,queued,0,0,,0,0,0,,,0,0,0,0,0,0,,,,,,,,,0,,,,,,,
B2CSHxKHCt2,p,https://www.instagram.com/thedogist/p/B2CSHxKHCt2/,queued,0,0,,0,0,0,,,0,0,0,0,0,0,,,,,,,,,0,,,,,,,
B2AoyLpHru8,p,https://www.instagram.com/thedogist/p/B2AoyLpHru8/,queued,0,0,,0,0,0,,,0,0,0,0,0,0,,,,,,,,,0,,,,,,,
B1_6OFxnJEy,p,https://www.instagram.com/thedogist/p/B1_6OFxnJEy/,queued,0,0,,0,0,0,,,0,0,0,0,0,0,,,,,,,,,0,,,,,,,
B1-HgQGHj2F,p,https://www.instagram.com/thedogist/p/B1-HgQGHj2F/,queued,0,0,,0,0,0,,,0,0,0,0,0,0,,,,,,,,,0,,,,,,,
B19M-1inAw8,p,https://www.instagram.com/thedogist/p/B19M-1inAw8/,queued,0,0,,0,0,0,,,0,0,0,0,0,0,,,,,,,,,0,,,,,,,
B17Rd9GnTH-,p,https://www.instagram.com/thedogist/p/B17Rd9GnTH-/,queued,0,0,,0,0,0,,,0,0,0,0,0,0,,,,,,,,,0,,,,,,,
B14KtFtHAB9,p,https://www.instagram.com/thedogist/p/B14KtFtHAB9/,queued,0,0,,0,0,0,,,0,0,0,0,0,0,,,,,,,,,0,,,,,,,
B11-1cgnmJU,p,https://www.instagram.com/thedogist/p/B11-1cgnmJU/,queued,0,0,,0,0,0,,,0,0,0,0,0,0,,,,,,,,,0,,,,,,,
B11zh2znJpZ,p,https://www.instagram.com/thedogist/p/B11zh2znJpZ/,queued,0,0,,0,0,0,,,0,0,0,0,0,0,,,,,,,,,0,,,,,,,
B1zi84gHJGl,p,https://www.instagram.com/thedogist/p/B1zi84gHJGl/,queued,0,0,,0,0,0,,,0,0,0,0,0,0,,,,,,,,,0,,,,,,,
B1yr9_YHJ_v,p,https://www.instagram.com/thedogist/p/B1yr9_YHJ_v/,queued,0,0,,0,0,0,,,0,0,0,0,0,0,,,,,,,,,0,,,,,,,
B1xTzILnL6E,p,https://www.instagram.com/thedogist/p/B1xTzILnL6E/,queued,0,0,,0,0,0,,,0,0,0,0,0,0,,,,,,,,,0,,,,,,,
B1wkqbMgnuC,p,https://www.instagram.com/thedogist/p/B1wkqbMgnuC/,queued,0,0,,0,0,0,,,0,0,0,0,0,0,,,,,,,,,0,,,,,,,
B1uTeHsnErC,p,https://www.instagram.com/thedogist/p/B1uTeHsnErC/,queued,0,0,,0,0,0,,,0,0,0,0,0,0,,,,,,,,,0,,,,,,,
B1twJBJnd30,p,https://www.instagram.com/thedogist/p/B1twJBJnd30/,queued,0,0,,0,0,0,,,0,0,0,0,0,0,,,,,,,,,0,,,,,,,
B1rxflWH823,p,https://www.instagram.com/thedogist/p/B1rxflWH823/,queued,0,0,,0,0,0,,,0,0,0,0,0,0,,,,,,,,,0,,,,,,,
B1rWLIAnFXG,p,https://www.instagram.com/thedogist/p/B1rWLIAnFXG/,queued,0,0,,0,0,0,,,0,0,0,0,0,0,,,,,,,,,0,,,,,,,
B1pToxbnIKL,p,https://www.instagram.com/thedogist/p/B1pToxbnIKL/,queued,0,0,,0,0,0,,,0,0,0,0,0,0,,,,,,,,,0,,,,,,,
B1oydLbHXwc,p,https://www.instagram.com/thedogist/p/B1oydLbHXwc/,queued,0,0,,0,0,0,,,0,0,0,0,0,0,,,,,,,,,0,,,,,,,
B1oXwlHHjjE,p,https://www.instagram.com/thedogist/p/B1oXwlHHjjE/,queued,0,0,,0,0,0,,,0,0,0,0,0,0,,,,,,,,,0,,,,,,,
B1mceKjHUEV,p,https://www.instagram.com/thedogist/p/B1mceKjHUEV/,queued,0,0,,0,0,0,,,0,0,0,0,0,0,,,,,,,,,0,,,,,,,
B1kM_kNnlpq,p,https://www.instagram.com/thedogist/p/B1kM_kNnlpq/,queued,0,0,,0,0,0,,,0,0,0,0,0,0,,,,,,,,,0,,,,,,,
B1jeKnFnSm3,p,https://www.instagram.com/thedogist/p/B1jeKnFnSm3/,queued,0,0,,0,0,0,,,0,0,0,0,0,0,,,,,,,,,0,,,,,,,
B1jT7lRHRvi,p,https://www.instagram.com/thedogist/p/B1jT7lRHRvi/,queued,0,0,,0,0,0,,,0,0,0,0,0,0,,,,,,,,,0,,,,,,,
B1hrDTwHFmC,p,https://www.instagram.com/thedogist/p/B1hrDTwHFmC/,queued,0,0,,0,0,0,,,0,0,0,0,0,0,,,,,,,,,0,,,,,,,
B1hTlfvHxwG,p,https://www.instagram.com/thedogist/p/B1hTlfvHxwG/,queued,0,0,,0,0,0,,,0,0,0,0,0,0,,,,,,,,,0,,,,,,,
B1e-ZMEnMaU,p,https://www.instagram.com/thedogist/p/B1e-ZMEnMaU/,queued,0,0,,0,0,0,,,0,0,0,0,0,0,,,,,,,,,0,,,,,,,
B1efn5oHm6C,p,https://www.instagram.com/thedogist/p/B1efn5oHm6C/,queued,0,0,,0,0,0,,,0,0,0,0,0,0,,,,,,,,,0,,,,,,,
B1bkIeznh2v,p,https://www.instagram.com/thedogist/p/B1bkIeznh2v/,queued,0,0,,0,0,0,,,0,0,0,0,0,0,,,,,,,,,0,,,,,,,
B1ZtGXknGc2,p,https://www.instagram.com/thedogist/p/B1ZtGXknGc2/,queued,0,0,,0,0,0,,,0,0,0,0,0,0,,,,,,,,,0,,,,,,,
B1Y9WFiH_mQ,p,https://www.instagram.com/thedogist/p/B1Y9WFiH_mQ/,queued,0,0,,0,0,0,,,0,0,0,0,0,0,,,,,,,,,0,,,,,,,
B1W8txrHfGP,p,https://www.instagram.com/thedogist/p/B1W8txrHfGP/,queued,0,0,,0,0,0,,,0,0,0,0,0,0,,,,,,,,,0,,,,,,,
B1WWsN7nWuU,p,https://www.instagram.com/thedogist/p/B1WWsN7nWuU/,queued,0,0,,0,0,0,,,0,0,0,0,0,0,,,,,,,,,0,,,,,,,
B1VHewJnmt-,p,https://www.instagram.com/thedogist/p/B1VHewJnmt-/,queued,0,0,,0,0,0,,,0,0,0,0,0,0,,,,,,,,,0,,,,,,,
B1UbIBDHodY,p,https://www.instagram.com/thedogist/p/B1UbIBDHodY/,queued,0,0,,0,0,0,,,0,0,0,0,0,0,,,,,,,,,0,,,,,,,
B1SOSujHgJM,p,https://www.instagram.com/thedogist/p/B1SOSujHgJM/,queued,0,0,,0,0,0,,,0,0,0,0,0,0,,,,,,,,,0,,,,,,,
B1RZgNInq0_,p,https://www.instagram.com/thedogist/p/B1RZgNInq0_/,queued,0,0,,0,0,0,,,0,0,0,0,0,0,,,,,,,,,0,,,,,,,
B1O_oNOHmnY,p,https://www.instagram.com/thedogist/p/B1O_oNOHmnY/,queued,0,0,,0,0,0,,,0,0,0,0,0,0,,,,,,,,,0,,,,,,,
B1NSQfYn8eM,p,https://www.instagram.com/thedogist/p/B1NSQfYn8eM/,queued,0,0,,0,0,0,,,0,0,0,0,0,0,,,,,,,,,0,,,,,,,
B1M1RQmn_c5,p,https://www.instagram.com/thedogist/p/B1M1RQmn_c5/,queued,0,0,,0,0,0,,,0,0,0,0,0,0,,,,,,,,,0,,,,,,,
B1Kk7uln8f2,p,https://www.instagram.com/thedogist/p/B1Kk7uln8f2/,queued,0,0,,0,0,0,,,0,0,0,0,0,0,,,,,,,,,0,,,,,,,
B1KJKShHdtI,p,https://www.instagram.com/thedogist/p/B1KJKShHdtI/,queued,0,0,,0,0,0,,,0,0,0,0,0,0,,,,,,,,,0,,,,,,,
B1IKfaOHXgL,p,https://www.instagram.com/thedogist/p/B1IKfaOHXgL/,queued,0,0,,0,0,0,,,0,0,0,0,0,0,,,,,,,,,0,,,,,,,
B1HImUQHhc6,p,https://www.instagram.com/thedogist/p/B1HImUQHhc6/,queued,0,0,,0,0,0,,,0,0,0,0,0,0,,,,,,,,,0,,,,,,,
B1FtUtEnaPM,p,https://www.instagram.com/thedogist/p/B1FtUtEnaPM/,queued,0,0,,0,0,0,,,0,0,0,0,0,0,,,,,,,,,0,,,,,,,
B1EYQ2dHV7n,p,https://www.instagram.com/thedogist/p/B1EYQ2dHV7n/,queued,0,0,,0,0,0,,,0,0,0,0,0,0,,,,,,,,,0,,,,,,,
B1CxWPHnbgI,p,https://www.instagram.com/thedogist/p/B1CxWPHnbgI/,queued,0,0,,0,0,0,,,0,0,0,0,0,0,,,,,,,,,0,,,,,,,
B1CJoUdng-z,p,https://www.instagram.com/thedogist/p/B1CJoUdng-z/,queued,0,0,,0,0,0,,,0,0,0,0,0,0,,,,,,,,,0,,,,,,,
B0_tlFHH5Ne,p,https://www.instagram.com/thedogist/p/B0_tlFHH5Ne/,queued,0,0,,0,0,0,,,0,0,0,0,0,0,,,,,,,,,0,,,,,,,
B09yP7OnLds,p,https://www.instagram.com/thedogist/p/B09yP7OnLds/,queued,0,0,,0,0,0,,,0,0,0,0,0,0,,,,,,,,,0,,,,,,,
B08uq-pnMHr,p,https://www.instagram.com/thedogist/p/B08uq-pnMHr/,queued,0,0,,0,0,0,,,0,0,0,0,0,0,,,,,,,,,0,,,,,,,
B07BnJnnyID,p,https://www.instagram.com/thedogist/p/B07BnJnnyID/,queued,0,0,,0,0,0,,,0,0,0,0,0,0,,,,,,,,,0,,,,,,,
B06hHpWHIdX,p,https://www.instagram.com/thedogist/p/B06hHpWHIdX/,queued,0,0,,0,0,0,,,0,0,0,0,0,0,,,,,,,,,0,,,,,,,
B04weoXn-9w,p,https://www.instagram.com/thedogist/p/B04weoXn-9w/,queued,0,0,,0,0,0,,,0,0,0,0,0,0,,,,,,,,,0,,,,,,,
B04UXG8nJOi,p,https://www.instagram.com/thedogist/p/B04UXG8nJOi/,queued,0,0,,0,0,0,,,0,0,0,0,0,0,,,,,,,,,0,,,,,,,
B01-R22nJJY,p,https://www.instagram.com/thedogist/p/B01-R22nJJY/,queued,0,0,,0,0,0,,,0,0,0,0,0,0,,,,,,,,,0,,,,,,,
B01r-LnFDc3,p,https://www.instagram.com/thedogist/p/B01r-LnFDc3/,queued,0,0,,0,0,0,,,0,0,0,0,0,0,,,,,,,,,0,,,,,,,
B01KjcpH3kx,p,https://www.instagram.com/thedogist/p/B01KjcpH3kx/,queued,0,0,,0,0,0,,,0,0,0,0,0,0,,,,,,,,,0,,,,,,,
B0zSDLmHB0H,p,https://www.instagram.com/thedogist/p/B0zSDLmHB0H/,queued,0,0,,0,0,0,,,0,0,0,0,0,0,,,,,,,,,0,,,,,,,
B0yjJbdnkEK,p,https://www.instagram.com/thedogist/p/B0yjJbdnkEK/,queued,0,0,,0,0,0,,,0,0,0,0,0,0,,,,,,,,,0,,,,,,,
B0xC0GKnQyk,p,https://www.instagram.com/thedogist/p/B0xC0GKnQyk/,queued,0,0,,0,0,0,,,0,0,0,0,0,0,,,,,,,,,0,,,,,,,
B0wRA0uHHas,p,https://www.instagram.com/thedogist/p/B0wRA0uHHas/,queued,0,0,,0,0,0,,,0,0,0,0,0,0,,,,,,,,,0,,,,,,,
B0uVrmoHH0r,p,https://www.instagram.com/thedogist/p/B0uVrmoHH0r/,queued,0,0,,0,0,0,,,0,0,0,0,0,0,,,,,,,,,0,,,,,,,
B0tyMASHSi6,p,https://www.instagram.com/thedogist/p/B0tyMASHSi6/,queued,0,0,,0,0,0,,,0,0,0,0,0,0,,,,,,,,,0,,,,,,,
B0rl3EfHguA,p,https://www.instagram.com/thedogist/p/B0rl3EfHguA/,queued,0,0,,0,0,0,,,0,0,0,0,0,0,,,,,,,,,0,,,,,,,
B0rEZv4nbtF,p,https://www.instagram.com/thedogist/p/B0rEZv4nbtF/,queued,0,0,,0,0,0,,,0,0,0,0,0,0,,,,,,,,,0,,,,,,,
B0qz4HEHONM,p,https://www.instagram.com/thedogist/p/B0qz4HEHONM/,queued,0,0,,0,0,0,,,0,0,0,0,0,0,,,,,,,,,0,,,,,,,
B0pF0TJHPRI,p,https://www.instagram.com/thedogist/p/B0pF0TJHPRI/,queued,0,0,,0,0,0,,,0,0,0,0,0,0,,,,,,,,,0,,,,,,,
B0mQCRknrou,p,https://www.instagram.com/thedogist/p/B0mQCRknrou/,queued,0,0,,0,0,0,,,0,0,0,0,0,0,,,,,,,,,0,,,,,,,
B0lrJqrHP7w,p,https://www.instagram.com/thedogist/p/B0lrJqrHP7w/,queued,0,0,,0,0,0,,,0,0,0,0,0,0,,,,,,,,,0,,,,,,,
B0kA-pUHAMo,p,https://www.instagram.com/thedogist/p/B0kA-pUHAMo/,queued,0,0,,0,0,0,,,0,0,0,0,0,0,,,,,,,,,0,,,,,,,
B0jcZf7njTw,p,https://www.instagram.com/thedogist/p/B0jcZf7njTw/,queued,0,0,,0,0,0,,,0,0,0,0,0,0,,,,,,,,,0,,,,,,,
B0giOyLngzI,p,https://www.instagram.com/thedogist/p/B0giOyLngzI/,queued,0,0,,0,0,0,,,0,0,0,0,0,0,,,,,,,,,0,,,,,,,
B0ecaK7n2eV,p,https://www.instagram.com/thedogist/p/B0ecaK7n2eV/,queued,0,0,,0,0,0,,,0,0,0,0,0,0,,,,,,,,,0,,,,,,,
B0d6aLFnKyw,p,https://www.instagram.com/thedogist/p/B0d6aLFnKyw/,queued,0,0,,0,0,0,,,0,0,0,0,0,0,,,,,,,,,0,,,,,,,
B0b8umgnz5m,p,https://www.instagram.com/thedogist/p/B0b8umgnz5m/,queued,0,0,,0,0,0,,,0,0,0,0,0,0,,,,,,,,,0,,,,,,,
B0bTA9YnBkJ,p,https://www.instagram.com/thedogist/p/B0bTA9YnBkJ/,queued,0,0,,0,0,0,,,0,0,0,0,0,0,,,,,,,,,0,,,,,,,
B0ZwyXyHGZ1,p,https://www.instagram.com/thedogist/p/B0ZwyXyHGZ1/,queued,0,0,,0,0,0,,,0,0,0,0,0,0,,,,,,,,,0,,,,,,,
B0ZJbEhHbKF,p,https://www.instagram.com/thedogist/p/B0ZJbEhHbKF/,queued,0,0,,0,0,0,,,0,0,0,0,0,0,,,,,,,,,0,,,,,,,
B0YxRptn7i6,p,https://www.instagram.com/thedogist/p/B0YxRptn7i6/,queued,0,0,,0,0,0,,,0,0,0,0,0,0,,,,,,,,,0,,,,,,,
B0WO_8lHqK6,p,https://www.instagram.com/thedogist/p/B0WO_8lHqK6/,queued,0,0,,0,0,0,,,0,0,0,0,0,0,,,,,,,,,0,,,,,,,
B0UsP8UHFIX,p,https://www.instagram.com/thedogist/p/B0UsP8UHFIX/,queued,0,0,,0,0,0,,,0,0,0,0,0,0,,,,,,,,,0,,,,,,,
B0UEzvOniS7,p,https://www.instagram.com/thedogist/p/B0UEzvOniS7/,queued,0,0,,0,0,0,,,0,0,0,0,0,0,,,,,,,,,0,,,,,,,
B0R6txxHfyf,p,https://www.instagram.com/thedogist/p/B0R6txxHfyf/,queued,0,0,,0,0,0,,,0,0,0,0,0,0,,,,,,,,,0,,,,,,,
B0RTZcrnKbZ,p,https://www.instagram.com/thedogist/p/B0RTZcrnKbZ/,queued,0,0,,0,0,0,,,0,0,0,0,0,0,,,,,,,,,0,,,,,,,
B0PgGJmH1da,p,https://www.instagram.com/thedogist/p/B0PgGJmH1da/,queued,0,0,,0,0,0,,,0,0,0,0,0,0,,,,,,,,,0,,,,,,,
B0OhR8QHbuE,p,https://www.instagram.com/thedogist/p/B0OhR8QHbuE/,queued,0,0,,0,0,0,,,0,0,0,0,0,0,,,,,,,,,0,,,,,,,
B0Mr21YnA8k,p,https://www.instagram.com/thedogist/p/B0Mr21YnA8k/,queued,0,0,,0,0,0,,,0,0,0,0,0,0,,,,,,,,,0,,,,,,,
B0LtNlUHPgb,p,https://www.instagram.com/thedogist/p/B0LtNlUHPgb/,queued,0,0,,0,0,0,,,0,0,0,0,0,0,,,,,,,,,0,,,,,,,
B0J4Uo-npwb,p,https://www.instagram.com/thedogist/p/B0J4Uo-npwb/,queued,0,0,,0,0,0,,,0,0,0,0,0,0,,,,,,,,,0,,,,,,,
B0JhwWGHt6_,p,https://www.instagram.com/thedogist/p/B0JhwWGHt6_/,queued,0,0,,0,0,0,,,0,0,0,0,0,0,,,,,,,,,0,,,,,,,
B0HruBTHQp8,p,https://www.instagram.com/thedogist/p/B0HruBTHQp8/,queued,0,0,,0,0,0,,,0,0,0,0,0,0,,,,,,,,,0,,,,,,,
B0GqlKeHEAI,p,https://www.instagram.com/thedogist/p/B0GqlKeHEAI/,queued,0,0,,0,0,0,,,0,0,0,0,0,0,,,,,,,,,0,,,,,,,
B0FV6RrnrSf,p,https://www.instagram.com/thedogist/p/B0FV6RrnrSf/,queued,0,0,,0,0,0,,,0,0,0,0,0,0,,,,,,,,,0,,,,,,,
B0D2KPVnOE8,p,https://www.instagram.com/thedogist/p/B0D2KPVnOE8/,queued,0,0,,0,0,0,,,0,0,0,0,0,0,,,,,,,,,0,,,,,,,
B0CZFz5nZS5,p,https://www.instagram.com/thedogist/p/B0CZFz5nZS5/,queued,0,0,,0,0,0,,,0,0,0,0,0,0,,,,,,,,,0,,,,,,,
B0CAA3NHKJu,p,https://www.instagram.com/thedogist/p/B0CAA3NHKJu/,queued,0,0,,0,0,0,,,0,0,0,0,0,0,,,,,,,,,0,,,,,,,
Bz__nzJnL8h,p,https://www.instagram.com/thedogist/p/Bz__nzJnL8h/,queued,0,0,,0,0,0,,,0,0,0,0,0,0,,,,,,,,,0,,,,,,,
Bz_kCujHmYd,p,https://www.instagram.com/thedogist/p/Bz_kCujHmYd/,queued,0,0,,0,0,0,,,0,0,0,0,0,0,,,,,,,,,0,,,,,,,
Bz9ZSNwnby6,p,https://www.instagram.com/thedogist/p/Bz9ZSNwnby6/,queued,0,0,,0,0,0,,,0,0,0,0,0,0,,,,,,,,,0,,,,,,,
Bz6bcIKHoYV,p,https://www.instagram.com/thedogist/p/Bz6bcIKHoYV/,queued,0,0,,0,0,0,,,0,0,0,0,0,0,,,,,,,,,0,,,,,,,
Bz5eoAHHwNU,p,https://www.instagram.com/thedogist/p/Bz5eoAHHwNU/,queued,0,0,,0,0,0,,,0,0,0,0,0,0,,,,,,,,,0,,,,,,,
Bz3gAu-H-V0,reel,https://www.instagram.com/thedogist/reel/Bz3gAu-H-V0/,queued,0,0,,0,0,0,,,0,0,0,0,0,0,,,,,,,,,0,,,,,,,
Bz0yQk0n6MC,p,https://www.instagram.com/thedogist/p/Bz0yQk0n6MC/,queued,0,0,,0,0,0,,,0,0,0,0,0,0,,,,,,,,,0,,,,,,,
BzzAVe6nWVt,p,https://www.instagram.com/thedogist/p/BzzAVe6nWVt/,queued,0,0,,0,0,0,,,0,0,0,0,0,0,,,,,,,,,0,,,,,,,
BzyL9nlnfrY,p,https://www.instagram.com/thedogist/p/BzyL9nlnfrY/,queued,0,0,,0,0,0,,,0,0,0,0,0,0,,,,,,,,,0,,,,,,,
BzwUKv8HZxP,p,https://www.instagram.com/thedogist/p/BzwUKv8HZxP/,queued,0,0,,0,0,0,,,0,0,0,0,0,0,,,,,,,,,0,,,,,,,
BztG9pMHGL1,p,https://www.instagram.com/thedogist/p/BztG9pMHGL1/,queued,0,0,,0,0,0,,,0,0,0,0,0,0,,,,,,,,,0,,,,,,,
BzqvNIBHM2O,p,https://www.instagram.com/thedogist/p/BzqvNIBHM2O/,queued,0,0,,0,0,0,,,0,0,0,0,0,0,,,,,,,,,0,,,,,,,
Bzn22njnuM8,p,https://www.instagram.com/thedogist/p/Bzn22njnuM8/,queued,0,0,,0,0,0,,,0,0,0,0,0,0,,,,,,,,,0,,,,,,,
BzlqGQnHtVw,p,https://www.instagram.com/thedogist/p/BzlqGQnHtVw/,queued,0,0,,0,0,0,,,0,0,0,0,0,0,,,,,,,,,0,,,,,,,
BzlXavIHnBt,p,https://www.instagram.com/thedogist/p/BzlXavIHnBt/,queued,0,0,,0,0,0,,,0,0,0,0,0,0,,,,,,,,,0,,,,,,,
BzjmWeHHldq,p,https://www.instagram.com/thedogist/p/BzjmWeHHldq/,queued,0,0,,0,0,0,,,0,0,0,0,0,0,,,,,,,,,0,,,,,,,
BzinwqIHrNL,p,https://www.instagram.com/thedogist/p/BzinwqIHrNL/,queued,0,0,,0,0,0,,,0,0,0,0,0,0,,,,,,,,,0,,,,,,,
BziehPFnVfV,p,https://www.instagram.com/thedogist/p/BziehPFnVfV/,queued,0,0,,0,0,0,,,0,0,0,0,0,0,,,,,,,,,0,,,,,,,
BzhUeyqHkwu,p,https://www.instagram.com/thedogist/p/BzhUeyqHkwu/,queued,0,0,,0,0,0,,,0,0,0,0,0,0,,,,,,,,,0,,,,,,,
Bzgi3xYHs1N,p,https://www.instagram.com/thedogist/p/Bzgi3xYHs1N/,queued,0,0,,0,0,0,,,0,0,0,0,0,0,,,,,,,,,0,,,,,,,
BzepDOZH5Et,p,https://www.instagram.com/thedogist/p/BzepDOZH5Et/,queued,0,0,,0,0,0,,,0,0,0,0,0,0,,,,,,,,,0,,,,,,,
BzbJyDlHH8T,p,https://www.instagram.com/thedogist/p/BzbJyDlHH8T/,queued,0,0,,0,0,0,,,0,0,0,0,0,0,,,,,,,,,0,,,,,,,
BzZXH8VHUJI,p,https://www.instagram.com/thedogist/p/BzZXH8VHUJI/,queued,0,0,,0,0,0,,,0,0,0,0,0,0,,,,,,,,,0,,,,,,,
BzWf7RyHswG,p,https://www.instagram.com/thedogist/p/BzWf7RyHswG/,queued,0,0,,0,0,0,,,0,0,0,0,0,0,,,,,,,,,0,,,,,,,
BzWS33pHR0R,p,https://www.instagram.com/thedogist/p/BzWS33pHR0R/,queued,0,0,,0,0,0,,,0,0,0,0,0,0,,,,,,,,,0,,,,,,,
BzWMIsYnuqv,p,https://www.instagram.com/thedogist/p/BzWMIsYnuqv/,queued,0,0,,0,0,0,,,0,0,0,0,0,0,,,,,,,,,0,,,,,,,
BzVoV3rnupV,p,https://www.instagram.com/thedogist/p/BzVoV3rnupV/,queued,0,0,,0,0,0,,,0,0,0,0,0,0,,,,,,,,,0,,,,,,,
BzT1m21H2cy,p,https://www.instagram.com/thedogist/p/BzT1m21H2cy/,queued,0,0,,0,0,0,,,0,0,0,0,0,0,,,,,,,,,0,,,,,,,
BzTSGODHmOZ,p,https://www.instagram.com/thedogist/p/BzTSGODHmOZ/,queued,0,0,,0,0,0,,,0,0,0,0,0,0,,,,,,,,,0,,,,,,,
BzRZqreHJ3-,p,https://www.instagram.com/thedogist/p/BzRZqreHJ3-/,queued,0,0,,0,0,0,,,0,0,0,0,0,0,,,,,,,,,0,,,,,,,
BzQpl9wn6VM,p,https://www.instagram.com/thedogist/p/BzQpl9wn6VM/,queued,0,0,,0,0,0,,,0,0,0,0,0,0,,,,,,,,,0,,,,,,,
BzO4RkNnegR,p,https://www.instagram.com/thedogist/p/BzO4RkNnegR/,queued,0,0,,0,0,0,,,0,0,0,0,0,0,,,,,,,,,0,,,,,,,
BzOTHjLHWhv,p,https://www.instagram.com/thedogist/p/BzOTHjLHWhv/,queued,0,0,,0,0,0,,,0,0,0,0,0,0,,,,,,,,,0,,,,,,,
BzMjO4onnHu,p,https://www.instagram.com/thedogist/p/BzMjO4onnHu/,queued,0,0,,0,0,0,,,0,0,0,0,0,0,,,,,,,,,0,,,,,,,
BzLwSCMnHNQ,p,https://www.instagram.com/thedogist/p/BzLwSCMnHNQ/,queued,0,0,,0,0,0,,,0,0,0,0,0,0,,,,,,,,,0,,,,,,,
BzKBRQBnSe0,p,https://www.instagram.com/thedogist/p/BzKBRQBnSe0/,queued,0,0,,0,0,0,,,0,0,0,0,0,0,,,,,,,,,0,,,,,,,
BzJbRLWnPH3,p,https://www.instagram.com/thedogist/p/BzJbRLWnPH3/,queued,0,0,,0,0,0,,,0,0,0,0,0,0,,,,,,,,,0,,,,,,,
BzG8mE_H54z,p,https://www.instagram.com/thedogist/p/BzG8mE_H54z/,queued,0,0,,0,0,0,,,0,0,0,0,0,0,,,,,,,,,0,,,,,,,
BzEbddonMFG,p,https://www.instagram.com/thedogist/p/BzEbddonMFG/,queued,0,0,,0,0,0,,,0,0,0,0,0,0,,,,,,,,,0,,,,,,,
BzBwAh_HOCl,p,https://www.instagram.com/thedogist/p/BzBwAh_HOCl/,queued,0,0,,0,0,0,,,0,0,0,0,0,0,,,,,,,,,0,,,,,,,
By_afPenxn4,p,https://www.instagram.com/thedogist/p/By_afPenxn4/,queued,0,0,,0,0,0,,,0,0,0,0,0,0,,,,,,,,,0,,,,,,,
By-he_dn7W1,p,https://www.instagram.com/thedogist/p/By-he_dn7W1/,queued,0,0,,0,0,0,,,0,0,0,0,0,0,,,,,,,,,0,,,,,,,
By8fgACH-df,p,https://www.instagram.com/thedogist/p/By8fgACH-df/,queued,0,0,,0,0,0,,,0,0,0,0,0,0,,,,,,,,,0,,,,,,,
By54my-HXNz,p,https://www.instagram.com/thedogist/p/By54my-HXNz/,queued,0,0,,0,0,0,,,0,0,0,0,0,0,,,,,,,,,0,,,,,,,
By5bgpDno7q,p,https://www.instagram.com/thedogist/p/By5bgpDno7q/,queued,0,0,,0,0,0,,,0,0,0,0,0,0,,,,,,,,,0,,,,,,,
By3OMEyHxmn,p,https://www.instagram.com/thedogist/p/By3OMEyHxmn/,queued,0,0,,0,0,0,,,0,0,0,0,0,0,,,,,,,,,0,,,,,,,
By1VFz3HYsi,p,https://www.instagram.com/thedogist/p/By1VFz3HYsi/,queued,0,0,,0,0,0,,,0,0,0,0,0,0,,,,,,,,,0,,,,,,,
Byyi7d6nlmx,p,https://www.instagram.com/thedogist/p/Byyi7d6nlmx/,queued,0,0,,0,0,0,,,0,0,0,0,0,0,,,,,,,,,0,,,,,,,
ByxloVWHyel,p,https://www.instagram.com/thedogist/p/ByxloVWHyel/,queued,0,0,,0,0,0,,,0,0,0,0,0,0,,,,,,,,,0,,,,,,,
ByvxAHUH0E2,p,https://www.instagram.com/thedogist/p/ByvxAHUH0E2/,queued,0,0,,0,0,0,,,0,0,0,0,0,0,,,,,,,,,0,,,,,,,
BytZIron5ab,p,https://www.instagram.com/thedogist/p/BytZIron5ab/,queued,0,0,,0,0,0,,,0,0,0,0,0,0,,,,,,,,,0,,,,,,,
Byqk5orns8S,p,https://www.instagram.com/thedogist/p/Byqk5orns8S/,queued,0,0,,0,0,0,,,0,0,0,0,0,0,,,,,,,,,0,,,,,,,
ByqEaB4nC84,p,https://www.instagram.com/thedogist/p/ByqEaB4nC84/,queued,0,0,,0,0,0,,,0,0,0,0,0,0,,,,,,,,,0,,,,,,,
ByoLSRTn8Px,p,https://www.instagram.com/thedogist/p/ByoLSRTn8Px/,queued,0,0,,0,0,0,,,0,0,0,0,0,0,,,,,,,,,0,,,,,,,
BynZcBQHco5,p,https://www.instagram.com/thedogist/p/BynZcBQHco5/,queued,0,0,,0,0,0,,,0,0,0,0,0,0,,,,,,,,,0,,,,,,,
Byl93s8H5Og,p,https://www.instagram.com/thedogist/p/Byl93s8H5Og/,queued,0,0,,0,0,0,,,0,0,0,0,0,0,,,,,,,,,0,,,,,,,
Byk_87zHkjF,p,https://www.instagram.com/thedogist/p/Byk_87zHkjF/,queued,0,0,,0,0,0,,,0,0,0,0,0,0,,,,,,,,,0,,,,,,,
ByixAL7HCRf,p,https://www.instagram.com/thedogist/p/ByixAL7HCRf/,queued,0,0,,0,0,0,,,0,0,0,0,0,0,,,,,,,,,0,,,,,,,
BygoB5_HlEQ,p,https://www.instagram.com/thedogist/p/BygoB5_HlEQ/,queued,0,0,,0,0,0,,,0,0,0,0,0,0,,,,,,,,,0,,,,,,,
BygDIA4nOs2,p,https://www.instagram.com/thedogist/p/BygDIA4nOs2/,queued,0,0,,0,0,0,,,0,0,0,0,0,0,,,,,,,,,0,,,,,,,
ByeCMuunK6m,p,https://www.instagram.com/thedogist/p/ByeCMuunK6m/,queued,0,0,,0,0,0,,,0,0,0,0,0,0,,,,,,,,,0,,,,,,,
BydZNpbnOEx,p,https://www.instagram.com/thedogist/p/BydZNpbnOEx/,queued,0,0,,0,0,0,,,0,0,0,0,0,0,,,,,,,,,0,,,,,,,
Bybf8KEnhBY,p,https://www.instagram.com/thedogist/p/Bybf8KEnhBY/,queued,0,0,,0,0,0,,,0,0,0,0,0,0,,,,,,,,,0,,,,,,,
ByagQKEHPMJ,p,https://www.instagram.com/thedogist/p/ByagQKEHPMJ/,queued,0,0,,0,0,0,,,0,0,0,0,0,0,,,,,,,,,0,,,,,,,
ByZEce9nduG,p,https://www.instagram.com/thedogist/p/ByZEce9nduG/,queued,0,0,,0,0,0,,,0,0,0,0,0,0,,,,,,,,,0,,,,,,,
ByX81hWn8MA,p,https://www.instagram.com/thedogist/p/ByX81hWn8MA/,queued,0,0,,0,0,0,,,0,0,0,0,0,0,,,,,,,,,0,,,,,,,
ByVdYWjHu06,p,https://www.instagram.com/thedogist/p/ByVdYWjHu06/,queued,0,0,,0,0,0,,,0,0,0,0,0,0,,,,,,,,,0,,,,,,,
ByTlc4sHL9q,p,https://www.instagram.com/thedogist/p/ByTlc4sHL9q/,queued,0,0,,0,0,0,,,0,0,0,0,0,0,,,,,,,,,0,,,,,,,
ByTFIyYHb-k,reel,https://www.instagram.com/thedogist/reel/ByTFIyYHb-k/,queued,0,0,,0,0,0,,,0,0,0,0,0,0,,,,,,,,,0,,,,,,,
ByRFl0QHnUO,p,https://www.instagram.com/thedogist/p/ByRFl0QHnUO/,queued,0,0,,0,0,0,,,0,0,0,0,0,0,,,,,,,,,0,,,,,,,
ByQRa9pnH5L,p,https://www.instagram.com/thedogist/p/ByQRa9pnH5L/,queued,0,0,,0,0,0,,,0,0,0,0,0,0,,,,,,,,,0,,,,,,,
ByOuv9LnTWw,p,https://www.instagram.com/thedogist/p/ByOuv9LnTWw/,queued,0,0,,0,0,0,,,0,0,0,0,0,0,,,,,,,,,0,,,,,,,
ByNqJDhnIE2,p,https://www.instagram.com/thedogist/p/ByNqJDhnIE2/,queued,0,0,,0,0,0,,,0,0,0,0,0,0,,,,,,,,,0,,,,,,,
ByK3F-ZH7SC,p,https://www.instagram.com/thedogist/p/ByK3F-ZH7SC/,queued,0,0,,0,0,0,,,0,0,0,0,0,0,,,,,,,,,0,,,,,,,
ByJYePTn7yQ,p,https://www.instagram.com/thedogist/p/ByJYePTn7yQ/,queued,0,0,,0,0,0,,,0,0,0,0,0,0,,,,,,,,,0,,,,,,,
ByIiqFZnk_l,p,https://www.instagram.com/thedogist/p/ByIiqFZnk_l/,queued,0,0,,0,0,0,,,0,0,0,0,0,0,,,,,,,,,0,,,,,,,
ByIWkpNno5I,p,https://www.instagram.com/thedogist/p/ByIWkpNno5I/,queued,0,0,,0,0,0,,,0,0,0,0,0,0,,,,,,,,,0,,,,,,,
ByGErx6n6Ti,p,https://www.instagram.com/thedogist/p/ByGErx6n6Ti/,queued,0,0,,0,0,0,,,0,0,0,0,0,0,,,,,,,,,0,,,,,,,
ByEFqn7ntQ9,p,https://www.instagram.com/thedogist/p/ByEFqn7ntQ9/,queued,0,0,,0,0,0,,,0,0,0,0,0,0,,,,,,,,,0,,,,,,,
ByDPJ1HHqpb,p,https://www.instagram.com/thedogist/p/ByDPJ1HHqpb/,queued,0,0,,0,0,0,,,0,0,0,0,0,0,,,,,,,,,0,,,,,,,
ByBAf7IndHZ,p,https://www.instagram.com/thedogist/p/ByBAf7IndHZ/,queued,0,0,,0,0,0,,,0,0,0,0,0,0,,,,,,,,,0,,,,,,,
Bx_SF30HfP1,p,https://www.instagram.com/thedogist/p/Bx_SF30HfP1/,queued,0,0,,0,0,0,,,0,0,0,0,0,0,,,,,,,,,0,,,,,,,
Bx-NfOLnqWw,p,https://www.instagram.com/thedogist/p/Bx-NfOLnqWw/,queued,0,0,,0,0,0,,,0,0,0,0,0,0,,,,,,,,,0,,,,,,,
Bx8yVkSHwTZ,p,https://www.instagram.com/thedogist/p/Bx8yVkSHwTZ/,queued,0,0,,0,0,0,,,0,0,0,0,0,0,,,,,,,,,0,,,,,,,
Bx8DIkHHrkB,p,https://www.instagram.com/thedogist/p/Bx8DIkHHrkB/,queued,0,0,,0,0,0,,,0,0,0,0,0,0,,,,,,,,,0,,,,,,,
Bx7p6NBnwIe,p,https://www.instagram.com/thedogist/p/Bx7p6NBnwIe/,queued,0,0,,0,0,0,,,0,0,0,0,0,0,,,,,,,,,0,,,,,,,
Bx56y-sHW_9,p,https://www.instagram.com/thedogist/p/Bx56y-sHW_9/,queued,0,0,,0,0,0,,,0,0,0,0,0,0,,,,,,,,,0,,,,,,,
Bx5QvZVnvYH,p,https://www.instagram.com/thedogist/p/Bx5QvZVnvYH/,queued,0,0,,0,0,0,,,0,0,0,0,0,0,,,,,,,,,0,,,,,,,
Bx2w0E2nMtM,p,https://www.instagram.com/thedogist/p/Bx2w0E2nMtM/,queued,0,0,,0,0,0,,,0,0,0,0,0,0,,,,,,,,,0,,,,,,,
Bx0oOvvnCLv,p,https://www.instagram.com/thedogist/p/Bx0oOvvnCLv/,queued,0,0,,0,0,0,,,0,0,0,0,0,0,,,,,,,,,0,,,,,,,
Bxz0hWXHB86,p,https://www.instagram.com/thedogist/p/Bxz0hWXHB86/,queued,0,0,,0,0,0,,,0,0,0,0,0,0,,,,,,,,,0,,,,,,,
BxyIq9oH5jE,p,https://www.instagram.com/thedogist/p/BxyIq9oH5jE/,queued,0,0,,0,0,0,,,0,0,0,0,0,0,,,,,,,,,0,,,,,,,
BxxgrGaHcFH,p,https://www.instagram.com/thedogist/p/BxxgrGaHcFH/,queued,0,0,,0,0,0,,,0,0,0,0,0,0,,,,,,,,,0,,,,,,,
BxxU0YuHjF0,p,https://www.instagram.com/thedogist/p/BxxU0YuHjF0/,queued,0,0,,0,0,0,,,0,0,0,0,0,0,,,,,,,,,0,,,,,,,
BxvQ1Zpn_y4,p,https://www.instagram.com/thedogist/p/BxvQ1Zpn_y4/,queued,0,0,,0,0,0,,,0,0,0,0,0,0,,,,,,,,,0,,,,,,,
Bxu8q-2HXD-,p,https://www.instagram.com/thedogist/p/Bxu8q-2HXD-/,queued,0,0,,0,0,0,,,0,0,0,0,0,0,,,,,,,,,0,,,,,,,
BxseuXpHTEq,p,https://www.instagram.com/thedogist/p/BxseuXpHTEq/,queued,0,0,,0,0,0,,,0,0,0,0,0,0,,,,,,,,,0,,,,,,,
BxsH4T-nrEd,p,https://www.instagram.com/thedogist/p/BxsH4T-nrEd/,queued,0,0,,0,0,0,,,0,0,0,0,0,0,,,,,,,,,0,,,,,,,
BxpjN9zHX2w,p,https://www.instagram.com/thedogist/p/BxpjN9zHX2w/,queued,0,0,,0,0,0,,,0,0,0,0,0,0,,,,,,,,,0,,,,,,,
BxnpImun4rU,p,https://www.instagram.com/thedogist/p/BxnpImun4rU/,queued,0,0,,0,0,0,,,0,0,0,0,0,0,,,,,,,,,0,,,,,,,
BxluIrhHDAD,p,https://www.instagram.com/thedogist/p/BxluIrhHDAD/,queued,0,0,,0,0,0,,,0,0,0,0,0,0,,,,,,,,,0,,,,,,,
Bxks1VJnocn,p,https://www.instagram.com/thedogist/p/Bxks1VJnocn/,queued,0,0,,0,0,0,,,0,0,0,0,0,0,,,,,,,,,0,,,,,,,
Bxi-mqbnyH-,p,https://www.instagram.com/thedogist/p/Bxi-mqbnyH-/,queued,0,0,,0,0,0,,,0,0,0,0,0,0,,,,,,,,,0,,,,,,,
BxibUyyHHJa,p,https://www.instagram.com/thedogist/p/BxibUyyHHJa/,queued,0,0,,0,0,0,,,0,0,0,0,0,0,,,,,,,,,0,,,,,,,
BxiDf2bnMeX,p,https://www.instagram.com/thedogist/p/BxiDf2bnMeX/,queued,0,0,,0,0,0,,,0,0,0,0,0,0,,,,,,,,,0,,,,,,,
BxgX_9PHPs9,p,https://www.instagram.com/thedogist/p/BxgX_9PHPs9/,queued,0,0,,0,0,0,,,0,0,0,0,0,0,,,,,,,,,0,,,,,,,
BxfziQqHnPI,p,https://www.instagram.com/thedogist/p/BxfziQqHnPI/,queued,0,0,,0,0,0,,,0,0,0,0,0,0,,,,,,,,,0,,,,,,,
BxfawyHHUQx,p,https://www.instagram.com/thedogist/p/BxfawyHHUQx/,queued,0,0,,0,0,0,,,0,0,0,0,0,0,,,,,,,,,0,,,,,,,
BxdoH9KnzLk,p,https://www.instagram.com/thedogist/p/BxdoH9KnzLk/,queued,0,0,,0,0,0,,,0,0,0,0,0,0,,,,,,,,,0,,,,,,,
Bxc2rPSnOhV,p,https://www.instagram.com/thedogist/p/Bxc2rPSnOhV/,queued,0,0,,0,0,0,,,0,0,0,0,0,0,,,,,,,,,0,,,,,,,
Bxa7XuenXOm,p,https://www.instagram.com/thedogist/p/Bxa7XuenXOm/,queued,0,0,,0,0,0,,,0,0,0,0,0,0,,,,,,,,,0,,,,,,,
BxaDEV4HjPU,p,https://www.instagram.com/thedogist/p/BxaDEV4HjPU/,queued,0,0,,0,0,0,,,0,0,0,0,0,0,,,,,,,,,0,,,,,,,
BxYpUqlnElW,p,https://www.instagram.com/thedogist/p/BxYpUqlnElW/,queued,0,0,,0,0,0,,,0,0,0,0,0,0,,,,,,,,,0,,,,,,,
BxYEeqQnfWt,p,https://www.instagram.com/thedogist/p/BxYEeqQnfWt/,queued,0,0,,0,0,0,,,0,0,0,0,0,0,,,,,,,,,0,,,,,,,
BxVwxpuHHot,p,https://www.instagram.com/thedogist/p/BxVwxpuHHot/,queued,0,0,,0,0,0,,,0,0,0,0,0,0,,,,,,,,,0,,,,,,,
BxVen4XH4WZ,p,https://www.instagram.com/thedogist/p/BxVen4XH4WZ/,queued,0,0,,0,0,0,,,0,0,0,0,0,0,,,,,,,,,0,,,,,,,
BxVRjOun9OO,p,https://www.instagram.com/thedogist/p/BxVRjOun9OO/,queued,0,0,,0,0,0,,,0,0,0,0,0,0,,,,,,,,,0,,,,,,,
BxTQPz3Hc1z,p,https://www.instagram.com/thedogist/p/BxTQPz3Hc1z/,queued,0,0,,0,0,0,,,0,0,0,0,0,0,,,,,,,,,0,,,,,,,
BxQoK9Inhqv,p,https://www.instagram.com/thedogist/p/BxQoK9Inhqv/,queued,0,0,,0,0,0,,,0,0,0,0,0,0,,,,,,,,,0,,,,,,,
BxPqhC_H-4A,p,https://www.instagram.com/thedogist/p/BxPqhC_H-4A/,queued,0,0,,0,0,0,,,0,0,0,0,0,0,,,,,,,,,0,,,,,,,
BxNzSkXnqYC,p,https://www.instagram.com/thedogist/p/BxNzSkXnqYC/,queued,0,0,,0,0,0,,,0,0,0,0,0,0,,,,,,,,,0,,,,,,,
BxNIvrcnTlk,p,https://www.instagram.com/thedogist/p/BxNIvrcnTlk/,queued,0,0,,0,0,0,,,0,0,0,0,0,0,,,,,,,,,0,,,,,,,
BxLYpSvHsrT,p,https://www.instagram.com/thedogist/p/BxLYpSvHsrT/,queued,0,0,,0,0,0,,,0,0,0,0,0,0,,,,,,,,,0,,,,,,,
BxLHol7HARl,p,https://www.instagram.com/thedogist/p/BxLHol7HARl/,queued,0,0,,0,0,0,,,0,0,0,0,0,0,,,,,,,,,0,,,,,,,
BxJUlc0nFzN,p,https://www.instagram.com/thedogist/p/BxJUlc0nFzN/,queued,0,0,,0,0,0,,,0,0,0,0,0,0,,,,,,,,,0,,,,,,,
BxIaUgPnld1,p,https://www.instagram.com/thedogist/p/BxIaUgPnld1/,queued,0,0,,0,0,0,,,0,0,0,0,0,0,,,,,,,,,0,,,,,,,
BxGdHl8HCSs,p,https://www.instagram.com/thedogist/p/BxGdHl8HCSs/,queued,0,0,,0,0,0,,,0,0,0,0,0,0,,,,,,,,,0,,,,,,,
BxDms04HBRA,p,https://www.instagram.com/thedogist/p/BxDms04HBRA/,queued,0,0,,0,0,0,,,0,0,0,0,0,0,,,,,,,,,0,,,,,,,
BxDHDkTH9_2,p,https://www.instagram.com/thedogist/p/BxDHDkTH9_2/,queued,0,0,,0,0,0,,,0,0,0,0,0,0,,,,,,,,,0,,,,,,,
BxBAtvjnjv9,p,https://www.instagram.com/thedogist/p/BxBAtvjnjv9/,queued,0,0,,0,0,0,,,0,0,0,0,0,0,,,,,,,,,0,,,,,,,
Bw-ZK9HnPVs,p,https://www.instagram.com/thedogist/p/Bw-ZK9HnPVs/,queued,0,0,,0,0,0,,,0,0,0,0,0,0,,,,,,,,,0,,,,,,,
Bw8erOWH3FR,p,https://www.instagram.com/thedogist/p/Bw8erOWH3FR/,queued,0,0,,0,0,0,,,0,0,0,0,0,0,,,,,,,,,0,,,,,,,
Bw73knYn6zv,p,https://www.instagram.com/thedogist/p/Bw73knYn6zv/,queued,0,0,,0,0,0,,,0,0,0,0,0,0,,,,,,,,,0,,,,,,,
Bw5UGPEHTpc,p,https://www.instagram.com/thedogist/p/Bw5UGPEHTpc/,queued,0,0,,0,0,0,,,0,0,0,0,0,0,,,,,,,,,0,,,,,,,
Bw4oHzengSS,p,https://www.instagram.com/thedogist/p/Bw4oHzengSS/,queued,0,0,,0,0,0,,,0,0,0,0,0,0,,,,,,,,,0,,,,,,,
Bw2_fFjADzF,p,https://www.instagram.com/thedogist/p/Bw2_fFjADzF/,queued,0,0,,0,0,0,,,0,0,0,0,0,0,,,,,,,,,0,,,,,,,
Bw2SPFUg7FC,p,https://www.instagram.com/thedogist/p/Bw2SPFUg7FC/,queued,0,0,,0,0,0,,,0,0,0,0,0,0,,,,,,,,,0,,,,,,,
Bw0Vj02Hz7G,p,https://www.instagram.com/thedogist/p/Bw0Vj02Hz7G/,queued,0,0,,0,0,0,,,0,0,0,0,0,0,,,,,,,,,0,,,,,,,
Bwx6__5HGL1,p,https://www.instagram.com/thedogist/p/Bwx6__5HGL1/,queued,0,0,,0,0,0,,,0,0,0,0,0,0,,,,,,,,,0,,,,,,,
BwxEZpSHTTe,p,https://www.instagram.com/thedogist/p/BwxEZpSHTTe/,queued,0,0,,0,0,0,,,0,0,0,0,0,0,,,,,,,,,0,,,,,,,
BwvWK9iH7sL,p,https://www.instagram.com/thedogist/p/BwvWK9iH7sL/,queued,0,0,,0,0,0,,,0,0,0,0,0,0,,,,,,,,,0,,,,,,,
BwukHrjnoc7,p,https://www.instagram.com/thedogist/p/BwukHrjnoc7/,queued,0,0,,0,0,0,,,0,0,0,0,0,0,,,,,,,,,0,,,,,,,
BwuHMFLH2yk,p,https://www.instagram.com/thedogist/p/BwuHMFLH2yk/,queued,0,0,,0,0,0,,,0,0,0,0,0,0,,,,,,,,,0,,,,,,,
BwsziPjHGXB,p,https://www.instagram.com/thedogist/p/BwsziPjHGXB/,queued,0,0,,0,0,0,,,0,0,0,0,0,0,,,,,,,,,0,,,,,,,
BwrzXP2HU8c,p,https://www.instagram.com/thedogist/p/BwrzXP2HU8c/,queued,0,0,,0,0,0,,,0,0,0,0,0,0,,,,,,,,,0,,,,,,,
BwqL2P9HRKv,p,https://www.instagram.com/thedogist/p/BwqL2P9HRKv/,queued,0,0,,0,0,0,,,0,0,0,0,0,0,,,,,,,,,0,,,,,,,
BwpgphQH1tD,p,https://www.instagram.com/thedogist/p/BwpgphQH1tD/,queued,0,0,,0,0,0,,,0,0,0,0,0,0,,,,,,,,,0,,,,,,,
BwmqZSGngs0,p,https://www.instagram.com/thedogist/p/BwmqZSGngs0/,queued,0,0,,0,0,0,,,0,0,0,0,0,0,,,,,,,,,0,,,,,,,
Bwk_6TVHXzP,p,https://www.instagram.com/thedogist/p/Bwk_6TVHXzP/,queued,0,0,,0,0,0,,,0,0,0,0,0,0,,,,,,,,,0,,,,,,,
BwkfCU6nEhy,p,https://www.instagram.com/thedogist/p/BwkfCU6nEhy/,queued,0,0,,0,0,0,,,0,0,0,0,0,0,,,,,,,,,0,,,,,,,
Bwib7Z6HJRw,p,https://www.instagram.com/thedogist/p/Bwib7Z6HJRw/,queued,0,0,,0,0,0,,,0,0,0,0,0,0,,,,,,,,,0,,,,,,,
Bwh3RLrnPrO,p,https://www.instagram.com/thedogist/p/Bwh3RLrnPrO/,queued,0,0,,0,0,0,,,0,0,0,0,0,0,,,,,,,,,0,,,,,,,
BwgEhxbn1Ck,p,https://www.instagram.com/thedogist/p/BwgEhxbn1Ck/,queued,0,0,,0,0,0,,,0,0,0,0,0,0,,,,,,,,,0,,,,,,,
BwfNQJDnEsF,p,https://www.instagram.com/thedogist/p/BwfNQJDnEsF/,queued,0,0,,0,0,0,,,0,0,0,0,0,0,,,,,,,,,0,,,,,,,
Bwc3FZnHT9j,p,https://www.instagram.com/thedogist/p/Bwc3FZnHT9j/,queued,0,0,,0,0,0,,,0,0,0,0,0,0,,,,,,,,,0,,,,,,,
BwcKY5unfd8,p,https://www.instagram.com/thedogist/p/BwcKY5unfd8/,queued,0,0,,0,0,0,,,0,0,0,0,0,0,,,,,,,,,0,,,,,,,
BwatsX_H34T,p,https://www.instagram.com/thedogist/p/BwatsX_H34T/,queued,0,0,,0,0,0,,,0,0,0,0,0,0,,,,,,,,,0,,,,,,,
BwZ7R1onlJM,p,https://www.instagram.com/thedogist/p/BwZ7R1onlJM/,queued,0,0,,0,0,0,,,0,0,0,0,0,0,,,,,,,,,0,,,,,,,
BwXtOsVnEg5,p,https://www.instagram.com/thedogist/p/BwXtOsVnEg5/,queued,0,0,,0,0,0,,,0,0,0,0,0,0,,,,,,,,,0,,,,,,,
BwVN-hanIX_,p,https://www.instagram.com/thedogist/p/BwVN-hanIX_/,queued,0,0,,0,0,0,,,0,0,0,0,0,0,,,,,,,,,0,,,,,,,
BwS4pSNHll6,p,https://www.instagram.com/thedogist/p/BwS4pSNHll6/,queued,0,0,,0,0,0,,,0,0,0,0,0,0,,,,,,,,,0,,,,,,,
BwSdVWTngdk,p,https://www.instagram.com/thedogist/p/BwSdVWTngdk/,queued,0,0,,0,0,0,,,0,0,0,0,0,0,,,,,,,,,0,,,,,,,
BwP18cKHFhx,p,https://www.instagram.com/thedogist/p/BwP18cKHFhx/,queued,0,0,,0,0,0,,,0,0,0,0,0,0,,,,,,,,,0,,,,,,,
BwM15l2newz,p,https://www.instagram.com/thedogist/p/BwM15l2newz/,queued,0,0,,0,0,0,,,0,0,0,0,0,0,,,,,,,,,0,,,,,,,
BwLSnQCndHz,p,https://www.instagram.com/thedogist/p/BwLSnQCndHz/,queued,0,0,,0,0,0,,,0,0,0,0,0,0,,,,,,,,,0,,,,,,,
BwK2PD1HsJc,p,https://www.instagram.com/thedogist/p/BwK2PD1HsJc/,queued,0,0,,0,0,0,,,0,0,0,0,0,0,,,,,,,,,0,,,,,,,
BwIxdqsnFqL,p,https://www.instagram.com/thedogist/p/BwIxdqsnFqL/,queued,0,0,,0,0,0,,,0,0,0,0,0,0,,,,,,,,,0,,,,,,,
BwF61rWggQo,p,https://www.instagram.com/thedogist/p/BwF61rWggQo/,queued,0,0,,0,0,0,,,0,0,0,0,0,0,,,,,,,,,0,,,,,,,
BwDiQ39HNeY,p,https://www.instagram.com/thedogist/p/BwDiQ39HNeY/,queued,0,0,,0,0,0,,,0,0,0,0,0,0,,,,,,,,,0,,,,,,,
BwAtj1qHgdt,p,https://www.instagram.com/thedogist/p/BwAtj1qHgdt/,queued,0,0,,0,0,0,,,0,0,0,0,0,0,,,,,,,,,0,,,,,,,
Bv_4ZgXnxRM,p,https://www.instagram.com/thedogist/p/Bv_4ZgXnxRM/,queued,0,0,,0,0,0,,,0,0,0,0,0,0,,,,,,,,,0,,,,,,,
Bv-Ydhfn_tg,p,https://www.instagram.com/thedogist/p/Bv-Ydhfn_tg/,queued,0,0,,0,0,0,,,0,0,0,0,0,0,,,,,,,,,0,,,,,,,
Bv9wuh-nlBT,p,https://www.instagram.com/thedogist/p/Bv9wuh-nlBT/,queued,0,0,,0,0,0,,,0,0,0,0,0,0,,,,,,,,,0,,,,,,,
Bv8LSOVnw5I,p,https://www.instagram.com/thedogist/p/Bv8LSOVnw5I/,queued,0,0,,0,0,0,,,0,0,0,0,0,0,,,,,,,,,0,,,,,,,
Bv6rVGInH0B,p,https://www.instagram.com/thedogist/p/Bv6rVGInH0B/,queued,0,0,,0,0,0,,,0,0,0,0,0,0,,,,,,,,,0,,,,,,,
Bv4-Q_FnZwZ,p,https://www.instagram.com/thedogist/p/Bv4-Q_FnZwZ/,queued,0,0,,0,0,0,,,0,0,0,0,0,0,,,,,,,,,0,,,,,,,
Bv4HcTnHeXK,p,https://www.instagram.com/thedogist/p/Bv4HcTnHeXK/,queued,0,0,,0,0,0,,,0,0,0,0,0,0,,,,,,,,,0,,,,,,,
Bv2YXH7HAk7,p,https://www.instagram.com/thedogist/p/Bv2YXH7HAk7/,queued,0,0,,0,0,0,,,0,0,0,0,0,0,,,,,,,,,0,,,,,,,
Bv1qA6AHsHJ,p,https://www.instagram.com/thedogist/p/Bv1qA6AHsHJ/,queued,0,0,,0,0,0,,,0,0,0,0,0,0,,,,,,,,,0,,,,,,,
Bvzu9xunZD2,p,https://www.instagram.com/thedogist/p/Bvzu9xunZD2/,queued,0,0,,0,0,0,,,0,0,0,0,0,0,,,,,,,,,0,,,,,,,
BvzL6RqHfZG,p,https://www.instagram.com/thedogist/p/BvzL6RqHfZG/,queued,0,0,,0,0,0,,,0,0,0,0,0,0,,,,,,,,,0,,,,,,,
BvxY1cWnD7A,p,https://www.instagram.com/thedogist/p/BvxY1cWnD7A/,queued,0,0,,0,0,0,,,0,0,0,0,0,0,,,,,,,,,0,,,,,,,
Bvw8G6dHh_W,p,https://www.instagram.com/thedogist/p/Bvw8G6dHh_W/,queued,0,0,,0,0,0,,,0,0,0,0,0,0,,,,,,,,,0,,,,,,,
BvunTXaHmFs,p,https://www.instagram.com/thedogist/p/BvunTXaHmFs/,queued,0,0,,0,0,0,,,0,0,0,0,0,0,,,,,,,,,0,,,,,,,
Bvrtr0SHKKl,p,https://www.instagram.com/thedogist/p/Bvrtr0SHKKl/,queued,0,0,,0,0,0,,,0,0,0,0,0,0,,,,,,,,,0,,,,,,,
Bvo_3TMngUd,p,https://www.instagram.com/thedogist/p/Bvo_3TMngUd/,queued,0,0,,0,0,0,,,0,0,0,0,0,0,,,,,,,,,0,,,,,,,
BvmSVT9HUkQ,p,https://www.instagram.com/thedogist/p/BvmSVT9HUkQ/,queued,0,0,,0,0,0,,,0,0,0,0,0,0,,,,,,,,,0,,,,,,,
BvmIOIJHbsi,p,https://www.instagram.com/thedogist/p/BvmIOIJHbsi/,queued,0,0,,0,0,0,,,0,0,0,0,0,0,,,,,,,,,0,,,,,,,
BvknbFlHGPA,p,https://www.instagram.com/thedogist/p/BvknbFlHGPA/,queued,0,0,,0,0,0,,,0,0,0,0,0,0,,,,,,,,,0,,,,,,,
BvkL5f2nb0z,p,https://www.instagram.com/thedogist/p/BvkL5f2nb0z/,queued,0,0,,0,0,0,,,0,0,0,0,0,0,,,,,,,,,0,,,,,,,
BviEIB3H1D1,p,https://www.instagram.com/thedogist/p/BviEIB3H1D1/,queued,0,0,,0,0,0,,,0,0,0,0,0,0,,,,,,,,,0,,,,,,,
BvhjPW6n0rJ,p,https://www.instagram.com/thedogist/p/BvhjPW6n0rJ/,queued,0,0,,0,0,0,,,0,0,0,0,0,0,,,,,,,,,0,,,,,,,
BvfYuNnniH9,p,https://www.instagram.com/thedogist/p/BvfYuNnniH9/,queued,0,0,,0,0,0,,,0,0,0,0,0,0,,,,,,,,,0,,,,,,,
Bvecrijn_k0,p,https://www.instagram.com/thedogist/p/Bvecrijn_k0/,queued,0,0,,0,0,0,,,0,0,0,0,0,0,,,,,,,,,0,,,,,,,
BvcichNH1QN,p,https://www.instagram.com/thedogist/p/BvcichNH1QN/,queued,0,0,,0,0,0,,,0,0,0,0,0,0,,,,,,,,,0,,,,,,,
Bvbv-ZfnVOa,p,https://www.instagram.com/thedogist/p/Bvbv-ZfnVOa/,queued,0,0,,0,0,0,,,0,0,0,0,0,0,,,,,,,,,0,,,,,,,
BvZhtKIHGth,p,https://www.instagram.com/thedogist/p/BvZhtKIHGth/,queued,0,0,,0,0,0,,,0,0,0,0,0,0,,,,,,,,,0,,,,,,,
BvXuYbLnmch,p,https://www.instagram.com/thedogist/p/BvXuYbLnmch/,queued,0,0,,0,0,0,,,0,0,0,0,0,0,,,,,,,,,0,,,,,,,
BvW5c88Hris,p,https://www.instagram.com/thedogist/p/BvW5c88Hris/,queued,0,0,,0,0,0,,,0,0,0,0,0,0,,,,,,,,,0,,,,,,,
BvVSKO5H2gr,p,https://www.instagram.com/thedogist/p/BvVSKO5H2gr/,queued,0,0,,0,0,0,,,0,0,0,0,0,0,,,,,,,,,0,,,,,,,
BvUTU1XHnl-,p,https://www.instagram.com/thedogist/p/BvUTU1XHnl-/,queued,0,0,,0,0,0,,,0,0,0,0,0,0,,,,,,,,,0,,,,,,,
BvSjZu-nPfg,p,https://www.instagram.com/thedogist/p/BvSjZu-nPfg/,queued,0,0,,0,0,0,,,0,0,0,0,0,0,,,,,,,,,0,,,,,,,
BvSDjPKnOx7,p,https://www.instagram.com/thedogist/p/BvSDjPKnOx7/,queued,0,0,,0,0,0,,,0,0,0,0,0,0,,,,,,,,,0,,,,,,,
BvPJu6PnEsg,p,https://www.instagram.com/thedogist/p/BvPJu6PnEsg/,queued,0,0,,0,0,0,,,0,0,0,0,0,0,,,,,,,,,0,,,,,,,
BvNW0BYnlko,p,https://www.instagram.com/thedogist/p/BvNW0BYnlko/,queued,0,0,,0,0,0,,,0,0,0,0,0,0,,,,,,,,,0,,,,,,,
BvM1nbBHTFl,p,https://www.instagram.com/thedogist/p/BvM1nbBHTFl/,queued,0,0,,0,0,0,,,0,0,0,0,0,0,,,,,,,,,0,,,,,,,
BvLAMgIHGQJ,p,https://www.instagram.com/thedogist/p/BvLAMgIHGQJ/,queued,0,0,,0,0,0,,,0,0,0,0,0,0,,,,,,,,,0,,,,,,,
BvKGdhpH8oT,p,https://www.instagram.com/thedogist/p/BvKGdhpH8oT/,queued,0,0,,0,0,0,,,0,0,0,0,0,0,,,,,,,,,0,,,,,,,
BvIL685HA5U,p,https://www.instagram.com/thedogist/p/BvIL685HA5U/,queued,0,0,,0,0,0,,,0,0,0,0,0,0,,,,,,,,,0,,,,,,,
BvH0ZM1nLoe,p,https://www.instagram.com/thedogist/p/BvH0ZM1nLoe/,queued,0,0,,0,0,0,,,0,0,0,0,0,0,,,,,,,,,0,,,,,,,
BvE-mCKH74Z,p,https://www.instagram.com/thedogist/p/BvE-mCKH74Z/,queued,0,0,,0,0,0,,,0,0,0,0,0,0,,,,,,,,,0,,,,,,,
BvDRHJNH8kB,p,https://www.instagram.com/thedogist/p/BvDRHJNH8kB/,queued,0,0,,0,0,0,,,0,0,0,0,0,0,,,,,,,,,0,,,,,,,
BvC7CMsH8OJ,p,https://www.instagram.com/thedogist/p/BvC7CMsH8OJ/,queued,0,0,,0,0,0,,,0,0,0,0,0,0,,,,,,,,,0,,,,,,,
BvCtKg3nTG9,p,https://www.instagram.com/thedogist/p/BvCtKg3nTG9/,queued,0,0,,0,0,0,,,0,0,0,0,0,0,,,,,,,,,0,,,,,,,
BvAo-rXn6gs,p,https://www.instagram.com/thedogist/p/BvAo-rXn6gs/,queued,0,0,,0,0,0,,,0,0,0,0,0,0,,,,,,,,,0,,,,,,,
Bu_cKlOnl8U,p,https://www.instagram.com/thedogist/p/Bu_cKlOnl8U/,queued,0,0,,0,0,0,,,0,0,0,0,0,0,,,,,,,,,0,,,,,,,
Bu9AUv9nqYA,p,https://www.instagram.com/thedogist/p/Bu9AUv9nqYA/,queued,0,0,,0,0,0,,,0,0,0,0,0,0,,,,,,,,,0,,,,,,,
Bu7RnsCAREH,p,https://www.instagram.com/thedogist/p/Bu7RnsCAREH/,queued,0,0,,0,0,0,,,0,0,0,0,0,0,,,,,,,,,0,,,,,,,
Bu6g9uIn95E,p,https://www.instagram.com/thedogist/p/Bu6g9uIn95E/,queued,0,0,,0,0,0,,,0,0,0,0,0,0,,,,,,,,,0,,,,,,,
Bu4wqxLHk5e,p,https://www.instagram.com/thedogist/p/Bu4wqxLHk5e/,queued,0,0,,0,0,0,,,0,0,0,0,0,0,,,,,,,,,0,,,,,,,
Bu4AXBNHkX8,p,https://www.instagram.com/thedogist/p/Bu4AXBNHkX8/,queued,0,0,,0,0,0,,,0,0,0,0,0,0,,,,,,,,,0,,,,,,,
Bu2AhsVnaTr,p,https://www.instagram.com/thedogist/p/Bu2AhsVnaTr/,queued,0,0,,0,0,0,,,0,0,0,0,0,0,,,,,,,,,0,,,,,,,
BuzskLsHXKG,p,https://www.instagram.com/thedogist/p/BuzskLsHXKG/,queued,0,0,,0,0,0,,,0,0,0,0,0,0,,,,,,,,,0,,,,,,,
Buy__vkH8KL,p,https://www.instagram.com/thedogist/p/Buy__vkH8KL/,queued,0,0,,0,0,0,,,0,0,0,0,0,0,,,,,,,,,0,,,,,,,
BuxUltrH6R-,p,https://www.instagram.com/thedogist/p/BuxUltrH6R-/,queued,0,0,,0,0,0,,,0,0,0,0,0,0,,,,,,,,,0,,,,,,,
BuwnJC2H-JU,p,https://www.instagram.com/thedogist/p/BuwnJC2H-JU/,queued,0,0,,0,0,0,,,0,0,0,0,0,0,,,,,,,,,0,,,,,,,
BuuCMHynZf5,p,https://www.instagram.com/thedogist/p/BuuCMHynZf5/,queued,0,0,,0,0,0,,,0,0,0,0,0,0,,,,,,,,,0,,,,,,,
BurzXBSHrDJ,p,https://www.instagram.com/thedogist/p/BurzXBSHrDJ/,queued,0,0,,0,0,0,,,0,0,0,0,0,0,,,,,,,,,0,,,,,,,
BupCOZkHa6l,p,https://www.instagram.com/thedogist/p/BupCOZkHa6l/,queued,0,0,,0,0,0,,,0,0,0,0,0,0,,,,,,,,,0,,,,,,,
BumSud9HsJq,p,https://www.instagram.com/thedogist/p/BumSud9HsJq/,queued,0,0,,0,0,0,,,0,0,0,0,0,0,,,,,,,,,0,,,,,,,
BukL6TrH7IO,p,https://www.instagram.com/thedogist/p/BukL6TrH7IO/,queued,0,0,,0,0,0,,,0,0,0,0,0,0,,,,,,,,,0,,,,,,,
BujsbmpHdW8,p,https://www.instagram.com/thedogist/p/BujsbmpHdW8/,queued,0,0,,0,0,0,,,0,0,0,0,0,0,,,,,,,,,0,,,,,,,
BujIec6nxNZ,p,https://www.instagram.com/thedogist/p/BujIec6nxNZ/,queued,0,0,,0,0,0,,,0,0,0,0,0,0,,,,,,,,,0,,,,,,,
BuhUDDmn5iR,p,https://www.instagram.com/thedogist/p/BuhUDDmn5iR/,queued,0,0,,0,0,0,,,0,0,0,0,0,0,,,,,,,,,0,,,,,,,
BugzoKxHBwn,p,https://www.instagram.com/thedogist/p/BugzoKxHBwn/,queued,0,0,,0,0,0,,,0,0,0,0,0,0,,,,,,,,,0,,,,,,,
Bue2GhVH6VU,p,https://www.instagram.com/thedogist/p/Bue2GhVH6VU/,queued,0,0,,0,0,0,,,0,0,0,0,0,0,,,,,,,,,0,,,,,,,
BuedE4eHdS0,reel,https://www.instagram.com/thedogist/reel/BuedE4eHdS0/,queued,0,0,,0,0,0,,,0,0,0,0,0,0,,,,,,,,,0,,,,,,,
BueHnWsnx_W,p,https://www.instagram.com/thedogist/p/BueHnWsnx_W/,queued,0,0,,0,0,0,,,0,0,0,0,0,0,,,,,,,,,0,,,,,,,
BuccsczHKqk,p,https://www.instagram.com/thedogist/p/BuccsczHKqk/,queued,0,0,,0,0,0,,,0,0,0,0,0,0,,,,,,,,,0,,,,,,,
BuZ6mygHK6n,p,https://www.instagram.com/thedogist/p/BuZ6mygHK6n/,queued,0,0,,0,0,0,,,0,0,0,0,0,0,,,,,,,,,0,,,,,,,
BuXJB8bHHKn,p,https://www.instagram.com/thedogist/p/BuXJB8bHHKn/,queued,0,0,,0,0,0,,,0,0,0,0,0,0,,,,,,,,,0,,,,,,,
BuWrElfH-UY,p,https://www.instagram.com/thedogist/p/BuWrElfH-UY/,queued,0,0,,0,0,0,,,0,0,0,0,0,0,,,,,,,,,0,,,,,,,
BuU6me-nHyw,p,https://www.instagram.com/thedogist/p/BuU6me-nHyw/,queued,0,0,,0,0,0,,,0,0,0,0,0,0,,,,,,,,,0,,,,,,,
BuUcr1FnG9y,p,https://www.instagram.com/thedogist/p/BuUcr1FnG9y/,queued,0,0,,0,0,0,,,0,0,0,0,0,0,,,,,,,,,0,,,,,,,
BuSWu6QHg9z,p,https://www.instagram.com/thedogist/p/BuSWu6QHg9z/,queued,0,0,,0,0,0,,,0,0,0,0,0,0,,,,,,,,,0,,,,,,,
BuRg4aCHpZV,p,https://www.instagram.com/thedogist/p/BuRg4aCHpZV/,queued,0,0,,0,0,0,,,0,0,0,0,0,0,,,,,,,,,0,,,,,,,
BuPD-_7nbmh,p,https://www.instagram.com/thedogist/p/BuPD-_7nbmh/,queued,0,0,,0,0,0,,,0,0,0,0,0,0,,,,,,,,,0,,,,,,,
BuM0Q5NnUij,p,https://www.instagram.com/thedogist/p/BuM0Q5NnUij/,queued,0,0,,0,0,0,,,0,0,0,0,0,0,,,,,,,,,0,,,,,,,
BuJ-6YrnyOL,p,https://www.instagram.com/thedogist/p/BuJ-6YrnyOL/,queued,0,0,,0,0,0,,,0,0,0,0,0,0,,,,,,,,,0,,,,,,,
BuITvnWHoyf,p,https://www.instagram.com/thedogist/p/BuITvnWHoyf/,queued,0,0,,0,0,0,,,0,0,0,0,0,0,,,,,,,,,0,,,,,,,
BuHryphHavE,p,https://www.instagram.com/thedogist/p/BuHryphHavE/,queued,0,0,,0,0,0,,,0,0,0,0,0,0,,,,,,,,,0,,,,,,,
BuFI8XonJ_Y,p,https://www.instagram.com/thedogist/p/BuFI8XonJ_Y/,queued,0,0,,0,0,0,,,0,0,0,0,0,0,,,,,,,,,0,,,,,,,
BuE7GZEHQSz,p,https://www.instagram.com/thedogist/p/BuE7GZEHQSz/,queued,0,0,,0,0,0,,,0,0,0,0,0,0,,,,,,,,,0,,,,,,,
BuCM5jLHokV,p,https://www.instagram.com/thedogist/p/BuCM5jLHokV/,queued,0,0,,0,0,0,,,0,0,0,0,0,0,,,,,,,,,0,,,,,,,
BuAOyQnnzso,p,https://www.instagram.com/thedogist/p/BuAOyQnnzso/,queued,0,0,,0,0,0,,,0,0,0,0,0,0,,,,,,,,,0,,,,,,,
Bt_U3ijH4c-,p,https://www.instagram.com/thedogist/p/Bt_U3ijH4c-/,queued,0,0,,0,0,0,,,0,0,0,0,0,0,,,,,,,,,0,,,,,,,
Bt9nLtGHd1w,p,https://www.instagram.com/thedogist/p/Bt9nLtGHd1w/,queued,0,0,,0,0,0,,,0,0,0,0,0,0,,,,,,,,,0,,,,,,,
Bt9KODIHq4t,p,https://www.instagram.com/thedogist/p/Bt9KODIHq4t/,queued,0,0,,0,0,0,,,0,0,0,0,0,0,,,,,,,,,0,,,,,,,
Bt7CenknX7m,p,https://www.instagram.com/thedogist/p/Bt7CenknX7m/,queued,0,0,,0,0,0,,,0,0,0,0,0,0,,,,,,,,,0,,,,,,,
Bt6X_zSn_nN,p,https://www.instagram.com/thedogist/p/Bt6X_zSn_nN/,queued,0,0,,0,0,0,,,0,0,0,0,0,0,,,,,,,,,0,,,,,,,
Bt6FSJonR-d,p,https://www.instagram.com/thedogist/p/Bt6FSJonR-d/,queued,0,0,,0,0,0,,,0,0,0,0,0,0,,,,,,,,,0,,,,,,,
Bt4aqUiH57e,p,https://www.instagram.com/thedogist/p/Bt4aqUiH57e/,queued,0,0,,0,0,0,,,0,0,0,0,0,0,,,,,,,,,0,,,,,,,
Bt4NLNzHjvY,p,https://www.instagram.com/thedogist/p/Bt4NLNzHjvY/,queued,0,0,,0,0,0,,,0,0,0,0,0,0,,,,,,,,,0,,,,,,,
Bt1M2j6H2sk,p,https://www.instagram.com/thedogist/p/Bt1M2j6H2sk/,queued,0,0,,0,0,0,,,0,0,0,0,0,0,,,,,,,,,0,,,,,,,
Btz3RZpniwy,p,https://www.instagram.com/thedogist/p/Btz3RZpniwy/,queued,0,0,,0,0,0,,,0,0,0,0,0,0,,,,,,,,,0,,,,,,,
BtzgtB2HO5F,p,https://www.instagram.com/thedogist/p/BtzgtB2HO5F/,queued,0,0,,0,0,0,,,0,0,0,0,0,0,,,,,,,,,0,,,,,,,
BtzM-1fHRuQ,p,https://www.instagram.com/thedogist/p/BtzM-1fHRuQ/,queued,0,0,,0,0,0,,,0,0,0,0,0,0,,,,,,,,,0,,,,,,,
BtyyW7ynz49,p,https://www.instagram.com/thedogist/p/BtyyW7ynz49/,queued,0,0,,0,0,0,,,0,0,0,0,0,0,,,,,,,,,0,,,,,,,
BtyhdSvHnI0,p,https://www.instagram.com/thedogist/p/BtyhdSvHnI0/,queued,0,0,,0,0,0,,,0,0,0,0,0,0,,,,,,,,,0,,,,,,,
BtxCX8-HSkS,p,https://www.instagram.com/thedogist/p/BtxCX8-HSkS/,queued,0,0,,0,0,0,,,0,0,0,0,0,0,,,,,,,,,0,,,,,,,
BtwhNARH0bM,p,https://www.instagram.com/thedogist/p/BtwhNARH0bM/,queued,0,0,,0,0,0,,,0,0,0,0,0,0,,,,,,,,,0,,,,,,,
BtugLRAHnLH,p,https://www.instagram.com/thedogist/p/BtugLRAHnLH/,queued,0,0,,0,0,0,,,0,0,0,0,0,0,,,,,,,,,0,,,,,,,
BtqlZIdnbcB,p,https://www.instagram.com/thedogist/p/BtqlZIdnbcB/,queued,0,0,,0,0,0,,,0,0,0,0,0,0,,,,,,,,,0,,,,,,,
BtpIi2KnT27,p,https://www.instagram.com/thedogist/p/BtpIi2KnT27/,queued,0,0,,0,0,0,,,0,0,0,0,0,0,,,,,,,,,0,,,,,,,
BtoRISQnIAW,p,https://www.instagram.com/thedogist/p/BtoRISQnIAW/,queued,0,0,,0,0,0,,,0,0,0,0,0,0,,,,,,,,,0,,,,,,,
Btn6rUmnMJE,p,https://www.instagram.com/thedogist/p/Btn6rUmnMJE/,queued,0,0,,0,0,0,,,0,0,0,0,0,0,,,,,,,,,0,,,,,,,
Btmmy3yHIFP,p,https://www.instagram.com/thedogist/p/Btmmy3yHIFP/,queued,0,0,,0,0,0,,,0,0,0,0,0,0,,,,,,,,,0,,,,,,,
Btl8XwgnEQi,p,https://www.instagram.com/thedogist/p/Btl8XwgnEQi/,queued,0,0,,0,0,0,,,0,0,0,0,0,0,,,,,,,,,0,,,,,,,
BtkDfp2HYzm,p,https://www.instagram.com/thedogist/p/BtkDfp2HYzm/,queued,0,0,,0,0,0,,,0,0,0,0,0,0,,,,,,,,,0,,,,,,,
BtjSH-XHViw,p,https://www.instagram.com/thedogist/p/BtjSH-XHViw/,queued,0,0,,0,0,0,,,0,0,0,0,0,0,,,,,,,,,0,,,,,,,
BthrIaJHp1Q,p,https://www.instagram.com/thedogist/p/BthrIaJHp1Q/,queued,0,0,,0,0,0,,,0,0,0,0,0,0,,,,,,,,,0,,,,,,,
Btg5r68nyI9,p,https://www.instagram.com/thedogist/p/Btg5r68nyI9/,queued,0,0,,0,0,0,,,0,0,0,0,0,0,,,,,,,,,0,,,,,,,
BtfEQ4FHqda,p,https://www.instagram.com/thedogist/p/BtfEQ4FHqda/,queued,0,0,,0,0,0,,,0,0,0,0,0,0,,,,,,,,,0,,,,,,,
BtekUo8HSJf,p,https://www.instagram.com/thedogist/p/BtekUo8HSJf/,queued,0,0,,0,0,0,,,0,0,0,0,0,0,,,,,,,,,0,,,,,,,
BteEUReH_rV,p,https://www.instagram.com/thedogist/p/BteEUReH_rV/,queued,0,0,,0,0,0,,,0,0,0,0,0,0,,,,,,,,,0,,,,,,,
BtcRo7GHOc6,p,https://www.instagram.com/thedogist/p/BtcRo7GHOc6/,queued,0,0,,0,0,0,,,0,0,0,0,0,0,,,,,,,,,0,,,,,,,
BtbXqFQn9jB,p,https://www.instagram.com/thedogist/p/BtbXqFQn9jB/,queued,0,0,,0,0,0,,,0,0,0,0,0,0,,,,,,,,,0,,,,,,,
BtZnqtznfQa,p,https://www.instagram.com/thedogist/p/BtZnqtznfQa/,queued,0,0,,0,0,0,,,0,0,0,0,0,0,,,,,,,,,0,,,,,,,
BtYnTLPHsIK,p,https://www.instagram.com/thedogist/p/BtYnTLPHsIK/,queued,0,0,,0,0,0,,,0,0,0,0,0,0,,,,,,,,,0,,,,,,,
BtWueh_nr5h,p,https://www.instagram.com/thedogist/p/BtWueh_nr5h/,queued,0,0,,0,0,0,,,0,0,0,0,0,0,,,,,,,,,0,,,,,,,
BtV94TNHJYC,p,https://www.instagram.com/thedogist/p/BtV94TNHJYC/,queued,0,0,,0,0,0,,,0,0,0,0,0,0,,,,,,,,,0,,,,,,,
BtUvaXYHtU8,p,https://www.instagram.com/thedogist/p/BtUvaXYHtU8/,queued,0,0,,0,0,0,,,0,0,0,0,0,0,,,,,,,,,0,,,,,,,
BtR3gTtnxP-,p,https://www.instagram.com/thedogist/p/BtR3gTtnxP-/,queued,0,0,,0,0,0,,,0,0,0,0,0,0,,,,,,,,,0,,,,,,,
BtRb9hIHAEm,p,https://www.instagram.com/thedogist/p/BtRb9hIHAEm/,queued,0,0,,0,0,0,,,0,0,0,0,0,0,,,,,,,,,0,,,,,,,
BtPDeT-HBMY,p,https://www.instagram.com/thedogist/p/BtPDeT-HBMY/,queued,0,0,,0,0,0,,,0,0,0,0,0,0,,,,,,,,,0,,,,,,,
BtMcCRzHT5Y,p,https://www.instagram.com/thedogist/p/BtMcCRzHT5Y/,queued,0,0,,0,0,0,,,0,0,0,0,0,0,,,,,,,,,0,,,,,,,
BtKNznonto2,p,https://www.instagram.com/thedogist/p/BtKNznonto2/,queued,0,0,,0,0,0,,,0,0,0,0,0,0,,,,,,,,,0,,,,,,,
BtH4zhlnAaX,p,https://www.instagram.com/thedogist/p/BtH4zhlnAaX/,queued,0,0,,0,0,0,,,0,0,0,0,0,0,,,,,,,,,0,,,,,,,
BtHJMA_nHAn,p,https://www.instagram.com/thedogist/p/BtHJMA_nHAn/,queued,0,0,,0,0,0,,,0,0,0,0,0,0,,,,,,,,,0,,,,,,,
BtEFKBpnxf5,p,https://www.instagram.com/thedogist/p/BtEFKBpnxf5/,queued,0,0,,0,0,0,,,0,0,0,0,0,0,,,,,,,,,0,,,,,,,
BtClMT_nRZo,p,https://www.instagram.com/thedogist/p/BtClMT_nRZo/,queued,0,0,,0,0,0,,,0,0,0,0,0,0,,,,,,,,,0,,,,,,,
BtCI5LLHPNI,p,https://www.instagram.com/thedogist/p/BtCI5LLHPNI/,queued,0,0,,0,0,0,,,0,0,0,0,0,0,,,,,,,,,0,,,,,,,
Bs_wKk0n0za,p,https://www.instagram.com/thedogist/p/Bs_wKk0n0za/,queued,0,0,,0,0,0,,,0,0,0,0,0,0,,,,,,,,,0,,,,,,,
Bs_Bkd3Hs1b,p,https://www.instagram.com/thedogist/p/Bs_Bkd3Hs1b/,queued,0,0,,0,0,0,,,0,0,0,0,0,0,,,,,,,,,0,,,,,,,
Bs9ELH8nMwu,p,https://www.instagram.com/thedogist/p/Bs9ELH8nMwu/,queued,0,0,,0,0,0,,,0,0,0,0,0,0,,,,,,,,,0,,,,,,,
Bs6oQaOnlGC,p,https://www.instagram.com/thedogist/p/Bs6oQaOnlGC/,queued,0,0,,0,0,0,,,0,0,0,0,0,0,,,,,,,,,0,,,,,,,
Bs6EkVFHfgg,p,https://www.instagram.com/thedogist/p/Bs6EkVFHfgg/,queued,0,0,,0,0,0,,,0,0,0,0,0,0,,,,,,,,,0,,,,,,,
Bs4JXcbnNmP,p,https://www.instagram.com/thedogist/p/Bs4JXcbnNmP/,queued,0,0,,0,0,0,,,0,0,0,0,0,0,,,,,,,,,0,,,,,,,
Bs3368onDyn,p,https://www.instagram.com/thedogist/p/Bs3368onDyn/,queued,0,0,,0,0,0,,,0,0,0,0,0,0,,,,,,,,,0,,,,,,,
Bs1e805nDxE,p,https://www.instagram.com/thedogist/p/Bs1e805nDxE/,queued,0,0,,0,0,0,,,0,0,0,0,0,0,,,,,,,,,0,,,,,,,
Bs0yUFrn3l7,p,https://www.instagram.com/thedogist/p/Bs0yUFrn3l7/,queued,0,0,,0,0,0,,,0,0,0,0,0,0,,,,,,,,,0,,,,,,,
Bsy5nUyHdrm,p,https://www.instagram.com/thedogist/p/Bsy5nUyHdrm/,queued,0,0,,0,0,0,,,0,0,0,0,0,0,,,,,,,,,0,,,,,,,
BswQDpFny9M,p,https://www.instagram.com/thedogist/p/BswQDpFny9M/,queued,0,0,,0,0,0,,,0,0,0,0,0,0,,,,,,,,,0,,,,,,,
Bsv1Dw2Hul6,p,https://www.instagram.com/thedogist/p/Bsv1Dw2Hul6/,queued,0,0,,0,0,0,,,0,0,0,0,0,0,,,,,,,,,0,,,,,,,
BstdWGqnxk6,p,https://www.instagram.com/thedogist/p/BstdWGqnxk6/,queued,0,0,,0,0,0,,,0,0,0,0,0,0,,,,,,,,,0,,,,,,,
Bsq_DXHnfZH,p,https://www.instagram.com/thedogist/p/Bsq_DXHnfZH/,queued,0,0,,0,0,0,,,0,0,0,0,0,0,,,,,,,,,0,,,,,,,
Bsql7NnHTnQ,p,https://www.instagram.com/thedogist/p/Bsql7NnHTnQ/,queued,0,0,,0,0,0,,,0,0,0,0,0,0,,,,,,,,,0,,,,,,,
BsowwEMHBdF,p,https://www.instagram.com/thedogist/p/BsowwEMHBdF/,queued,0,0,,0,0,0,,,0,0,0,0,0,0,,,,,,,,,0,,,,,,,
BsoQ7AoHqDx,p,https://www.instagram.com/thedogist/p/BsoQ7AoHqDx/,queued,0,0,,0,0,0,,,0,0,0,0,0,0,,,,,,,,,0,,,,,,,
BsmRZThHpkq,p,https://www.instagram.com/thedogist/p/BsmRZThHpkq/,queued,0,0,,0,0,0,,,0,0,0,0,0,0,,,,,,,,,0,,,,,,,
BslpSZUHPnY,p,https://www.instagram.com/thedogist/p/BslpSZUHPnY/,queued,0,0,,0,0,0,,,0,0,0,0,0,0,,,,,,,,,0,,,,,,,
BsjhF6LnZH3,p,https://www.instagram.com/thedogist/p/BsjhF6LnZH3/,queued,0,0,,0,0,0,,,0,0,0,0,0,0,,,,,,,,,0,,,,,,,
BsivOsJHUM7,p,https://www.instagram.com/thedogist/p/BsivOsJHUM7/,queued,0,0,,0,0,0,,,0,0,0,0,0,0,,,,,,,,,0,,,,,,,
BsglpvqnPMf,p,https://www.instagram.com/thedogist/p/BsglpvqnPMf/,queued,0,0,,0,0,0,,,0,0,0,0,0,0,,,,,,,,,0,,,,,,,
Bsf6oW0HlBP,p,https://www.instagram.com/thedogist/p/Bsf6oW0HlBP/,queued,0,0,,0,0,0,,,0,0,0,0,0,0,,,,,,,,,0,,,,,,,
BseOl5_nc7z,p,https://www.instagram.com/thedogist/p/BseOl5_nc7z/,queued,0,0,,0,0,0,,,0,0,0,0,0,0,,,,,,,,,0,,,,,,,
BsddCAgHUa_,p,https://www.instagram.com/thedogist/p/BsddCAgHUa_/,queued,0,0,,0,0,0,,,0,0,0,0,0,0,,,,,,,,,0,,,,,,,
Bsby7meH3Bx,p,https://www.instagram.com/thedogist/p/Bsby7meH3Bx/,queued,0,0,,0,0,0,,,0,0,0,0,0,0,,,,,,,,,0,,,,,,,
Bsa_JDCHvXD,p,https://www.instagram.com/thedogist/p/Bsa_JDCHvXD/,queued,0,0,,0,0,0,,,0,0,0,0,0,0,,,,,,,,,0,,,,,,,
BsYtUf0nFSL,p,https://www.instagram.com/thedogist/p/BsYtUf0nFSL/,queued,0,0,,0,0,0,,,0,0,0,0,0,0,,,,,,,,,0,,,,,,,
BsW3Y6_HkCZ,p,https://www.instagram.com/thedogist/p/BsW3Y6_HkCZ/,queued,0,0,,0,0,0,,,0,0,0,0,0,0,,,,,,,,,0,,,,,,,
BsV6tnlnqtU,p,https://www.instagram.com/thedogist/p/BsV6tnlnqtU/,queued,0,0,,0,0,0,,,0,0,0,0,0,0,,,,,,,,,0,,,,,,,
BsUcQMtn9WT,p,https://www.instagram.com/thedogist/p/BsUcQMtn9WT/,queued,0,0,,0,0,0,,,0,0,0,0,0,0,,,,,,,,,0,,,,,,,
BsTkiHlH7-K,p,https://www.instagram.com/thedogist/p/BsTkiHlH7-K/,queued,0,0,,0,0,0,,,0,0,0,0,0,0,,,,,,,,,0,,,,,,,
BsQ1StFHiAd,p,https://www.instagram.com/thedogist/p/BsQ1StFHiAd/,queued,0,0,,0,0,0,,,0,0,0,0,0,0,,,,,,,,,0,,,,,,,
BsOZouJHYmy,p,https://www.instagram.com/thedogist/p/BsOZouJHYmy/,queued,0,0,,0,0,0,,,0,0,0,0,0,0,,,,,,,,,0,,,,,,,
BsMSOVfH1Sv,p,https://www.instagram.com/thedogist/p/BsMSOVfH1Sv/,queued,0,0,,0,0,0,,,0,0,0,0,0,0,,,,,,,,,0,,,,,,,
BsLV9Ynn5Tc,p,https://www.instagram.com/thedogist/p/BsLV9Ynn5Tc/,queued,0,0,,0,0,0,,,0,0,0,0,0,0,,,,,,,,,0,,,,,,,
BsJpTOAnsec,p,https://www.instagram.com/thedogist/p/BsJpTOAnsec/,queued,0,0,,0,0,0,,,0,0,0,0,0,0,,,,,,,,,0,,,,,,,
BsJBSR2nsoO,p,https://www.instagram.com/thedogist/p/BsJBSR2nsoO/,queued,0,0,,0,0,0,,,0,0,0,0,0,0,,,,,,,,,0,,,,,,,
BsGdk0kHIFS,p,https://www.instagram.com/thedogist/p/BsGdk0kHIFS/,queued,0,0,,0,0,0,,,0,0,0,0,0,0,,,,,,,,,0,,,,,,,
BsE1UMinMCc,p,https://www.instagram.com/thedogist/p/BsE1UMinMCc/,queued,0,0,,0,0,0,,,0,0,0,0,0,0,,,,,,,,,0,,,,,,,
BsD4usBHwS_,p,https://www.instagram.com/thedogist/p/BsD4usBHwS_/,queued,0,0,,0,0,0,,,0,0,0,0,0,0,,,,,,,,,0,,,,,,,
BsCPUOhn2xR,p,https://www.instagram.com/thedogist/p/BsCPUOhn2xR/,queued,0,0,,0,0,0,,,0,0,0,0,0,0,,,,,,,,,0,,,,,,,
BsBS9LQnFQm,p,https://www.instagram.com/thedogist/p/BsBS9LQnFQm/,queued,0,0,,0,0,0,,,0,0,0,0,0,0,,,,,,,,,0,,,,,,,
Br_cmGDHBv_,p,https://www.instagram.com/thedogist/p/Br_cmGDHBv_/,queued,0,0,,0,0,0,,,0,0,0,0,0,0,,,,,,,,,0,,,,,,,
Br_KcDnnUU9,p,https://www.instagram.com/thedogist/p/Br_KcDnnUU9/,queued,0,0,,0,0,0,,,0,0,0,0,0,0,,,,,,,,,0,,,,,,,
Br8xOpdHvSN,p,https://www.instagram.com/thedogist/p/Br8xOpdHvSN/,queued,0,0,,0,0,0,,,0,0,0,0,0,0,,,,,,,,,0,,,,,,,
Br73UgDnG7-,p,https://www.instagram.com/thedogist/p/Br73UgDnG7-/,queued,0,0,,0,0,0,,,0,0,0,0,0,0,,,,,,,,,0,,,,,,,
Br5T3tlnWbg,p,https://www.instagram.com/thedogist/p/Br5T3tlnWbg/,queued,0,0,,0,0,0,,,0,0,0,0,0,0,,,,,,,,,0,,,,,,,
Br3gDU0ngdG,p,https://www.instagram.com/thedogist/p/Br3gDU0ngdG/,queued,0,0,,0,0,0,,,0,0,0,0,0,0,,,,,,,,,0,,,,,,,
Br26ZgtHzBQ,p,https://www.instagram.com/thedogist/p/Br26ZgtHzBQ/,queued,0,0,,0,0,0,,,0,0,0,0,0,0,,,,,,,,,0,,,,,,,
Br0Oa7Bn4kc,p,https://www.instagram.com/thedogist/p/Br0Oa7Bn4kc/,queued,0,0,,0,0,0,,,0,0,0,0,0,0,,,,,,,,,0,,,,,,,
BryCZ9vnidU,p,https://www.instagram.com/thedogist/p/BryCZ9vnidU/,queued,0,0,,0,0,0,,,0,0,0,0,0,0,,,,,,,,,0,,,,,,,
BrwAaK3HvJa,p,https://www.instagram.com/thedogist/p/BrwAaK3HvJa/,queued,0,0,,0,0,0,,,0,0,0,0,0,0,,,,,,,,,0,,,,,,,
BrvjsR5ngqR,p,https://www.instagram.com/thedogist/p/BrvjsR5ngqR/,queued,0,0,,0,0,0,,,0,0,0,0,0,0,,,,,,,,,0,,,,,,,
BrvNiIRnTxp,p,https://www.instagram.com/thedogist/p/BrvNiIRnTxp/,queued,0,0,,0,0,0,,,0,0,0,0,0,0,,,,,,,,,0,,,,,,,
BrtnxHGniRP,p,https://www.instagram.com/thedogist/p/BrtnxHGniRP/,queued,0,0,,0,0,0,,,0,0,0,0,0,0,,,,,,,,,0,,,,,,,
Brs324nHgED,p,https://www.instagram.com/thedogist/p/Brs324nHgED/,queued,0,0,,0,0,0,,,0,0,0,0,0,0,,,,,,,,,0,,,,,,,
BrsgQYpnCcX,p,https://www.instagram.com/thedogist/p/BrsgQYpnCcX/,queued,0,0,,0,0,0,,,0,0,0,0,0,0,,,,,,,,,0,,,,,,,
Brqy_EbHc7C,p,https://www.instagram.com/thedogist/p/Brqy_EbHc7C/,queued,0,0,,0,0,0,,,0,0,0,0,0,0,,,,,,,,,0,,,,,,,
BrqdTTVnCC1,p,https://www.instagram.com/thedogist/p/BrqdTTVnCC1/,queued,0,0,,0,0,0,,,0,0,0,0,0,0,,,,,,,,,0,,,,,,,
BroJTOlnMUy,reel,https://www.instagram.com/thedogist/reel/BroJTOlnMUy/,queued,0,0,,0,0,0,,,0,0,0,0,0,0,,,,,,,,,0,,,,,,,
Brngo8CH7Og,p,https://www.instagram.com/thedogist/p/Brngo8CH7Og/,queued,0,0,,0,0,0,,,0,0,0,0,0,0,,,,,,,,,0,,,,,,,
BrlxLytnN9o,p,https://www.instagram.com/thedogist/p/BrlxLytnN9o/,queued,0,0,,0,0,0,,,0,0,0,0,0,0,,,,,,,,,0,,,,,,,
BrlTEwFHz5D,p,https://www.instagram.com/thedogist/p/BrlTEwFHz5D/,queued,0,0,,0,0,0,,,0,0,0,0,0,0,,,,,,,,,0,,,,,,,
Brk1p-qn3Ls,p,https://www.instagram.com/thedogist/p/Brk1p-qn3Ls/,queued,0,0,,0,0,0,,,0,0,0,0,0,0,,,,,,,,,0,,,,,,,
BrjJeScnlCU,p,https://www.instagram.com/thedogist/p/BrjJeScnlCU/,queued,0,0,,0,0,0,,,0,0,0,0,0,0,,,,,,,,,0,,,,,,,
BrioHJanozY,p,https://www.instagram.com/thedogist/p/BrioHJanozY/,queued,0,0,,0,0,0,,,0,0,0,0,0,0,,,,,,,,,0,,,,,,,
BrgUK4vH18Q,p,https://www.instagram.com/thedogist/p/BrgUK4vH18Q/,queued,0,0,,0,0,0,,,0,0,0,0,0,0,,,,,,,,,0,,,,,,,
BrfgXrun_QJ,p,https://www.instagram.com/thedogist/p/BrfgXrun_QJ/,queued,0,0,,0,0,0,,,0,0,0,0,0,0,,,,,,,,,0,,,,,,,
Brdw7k2nZQR,p,https://www.instagram.com/thedogist/p/Brdw7k2nZQR/,queued,0,0,,0,0,0,,,0,0,0,0,0,0,,,,,,,,,0,,,,,,,
BrdFg4wn-gS,p,https://www.instagram.com/thedogist/p/BrdFg4wn-gS/,queued,0,0,,0,0,0,,,0,0,0,0,0,0,,,,,,,,,0,,,,,,,
BrbTfR9n0Sy,p,https://www.instagram.com/thedogist/p/BrbTfR9n0Sy/,queued,0,0,,0,0,0,,,0,0,0,0,0,0,,,,,,,,,0,,,,,,,
BrbB1panIWf,p,https://www.instagram.com/thedogist/p/BrbB1panIWf/,queued,0,0,,0,0,0,,,0,0,0,0,0,0,,,,,,,,,0,,,,,,,
BrYq4UBnxmg,p,https://www.instagram.com/thedogist/p/BrYq4UBnxmg/,queued,0,0,,0,0,0,,,0,0,0,0,0,0,,,,,,,,,0,,,,,,,
BrYV0OaHUNy,p,https://www.instagram.com/thedogist/p/BrYV0OaHUNy/,queued,0,0,,0,0,0,,,0,0,0,0,0,0,,,,,,,,,0,,,,,,,
BrX823BHDFZ,p,https://www.instagram.com/thedogist/p/BrX823BHDFZ/,queued,0,0,,0,0,0,,,0,0,0,0,0,0,,,,,,,,,0,,,,,,,
BrWElBln70w,p,https://www.instagram.com/thedogist/p/BrWElBln70w/,queued,0,0,,0,0,0,,,0,0,0,0,0,0,,,,,,,,,0,,,,,,,
BrVthceHq3m,p,https://www.instagram.com/thedogist/p/BrVthceHq3m/,queued,0,0,,0,0,0,,,0,0,0,0,0,0,,,,,,,,,0,,,,,,,
BrTyZD_HiXO,p,https://www.instagram.com/thedogist/p/BrTyZD_HiXO/,queued,0,0,,0,0,0,,,0,0,0,0,0,0,,,,,,,,,0,,,,,,,
BrS82bvnhDq,p,https://www.instagram.com/thedogist/p/BrS82bvnhDq/,queued,0,0,,0,0,0,,,0,0,0,0,0,0,,,,,,,,,0,,,,,,,
BrRDvPwHY9p,p,https://www.instagram.com/thedogist/p/BrRDvPwHY9p/,queued,0,0,,0,0,0,,,0,0,0,0,0,0,,,,,,,,,0,,,,,,,
BrOmSiQn4Ru,p,https://www.instagram.com/thedogist/p/BrOmSiQn4Ru/,queued,0,0,,0,0,0,,,0,0,0,0,0,0,,,,,,,,,0,,,,,,,
BrN2G3tHO_V,p,https://www.instagram.com/thedogist/p/BrN2G3tHO_V/,queued,0,0,,0,0,0,,,0,0,0,0,0,0,,,,,,,,,0,,,,,,,
BrLiLk9Hr5B,p,https://www.instagram.com/thedogist/p/BrLiLk9Hr5B/,queued,0,0,,0,0,0,,,0,0,0,0,0,0,,,,,,,,,0,,,,,,,
BrJB5Vcnj6F,p,https://www.instagram.com/thedogist/p/BrJB5Vcnj6F/,queued,0,0,,0,0,0,,,0,0,0,0,0,0,,,,,,,,,0,,,,,,,
BrGyQhtnLQu,p,https://www.instagram.com/thedogist/p/BrGyQhtnLQu/,queued,0,0,,0,0,0,,,0,0,0,0,0,0,,,,,,,,,0,,,,,,,
BrDhIRyHCeJ,p,https://www.instagram.com/thedogist/p/BrDhIRyHCeJ/,queued,0,0,,0,0,0,,,0,0,0,0,0,0,,,,,,,,,0,,,,,,,
BrBz_DGHMvA,p,https://www.instagram.com/thedogist/p/BrBz_DGHMvA/,queued,0,0,,0,0,0,,,0,0,0,0,0,0,,,,,,,,,0,,,,,,,
Bq_ie9QHR8k,p,https://www.instagram.com/thedogist/p/Bq_ie9QHR8k/,queued,0,0,,0,0,0,,,0,0,0,0,0,0,,,,,,,,,0,,,,,,,
Bq-n90GnOaF,p,https://www.instagram.com/thedogist/p/Bq-n90GnOaF/,queued,0,0,,0,0,0,,,0,0,0,0,0,0,,,,,,,,,0,,,,,,,
Bq9HbanHzXt,p,https://www.instagram.com/thedogist/p/Bq9HbanHzXt/,queued,0,0,,0,0,0,,,0,0,0,0,0,0,,,,,,,,,0,,,,,,,
Bq7g3WmHveC,p,https://www.instagram.com/thedogist/p/Bq7g3WmHveC/,queued,0,0,,0,0,0,,,0,0,0,0,0,0,,,,,,,,,0,,,,,,,
Bq55m35H0S6,p,https://www.instagram.com/thedogist/p/Bq55m35H0S6/,queued,0,0,,0,0,0,,,0,0,0,0,0,0,,,,,,,,,0,,,,,,,
Bq5Jx7enwFT,p,https://www.instagram.com/thedogist/p/Bq5Jx7enwFT/,queued,0,0,,0,0,0,,,0,0,0,0,0,0,,,,,,,,,0,,,,,,,
Bq3Zn_gnNGe,p,https://www.instagram.com/thedogist/p/Bq3Zn_gnNGe/,queued,0,0,,0,0,0,,,0,0,0,0,0,0,,,,,,,,,0,,,,,,,
Bq22QtJH1_7,p,https://www.instagram.com/thedogist/p/Bq22QtJH1_7/,queued,0,0,,0,0,0,,,0,0,0,0,0,0,,,,,,,,,0,,,,,,,
Bq2Uv6IHxVZ,p,https://www.instagram.com/thedogist/p/Bq2Uv6IHxVZ/,queued,0,0,,0,0,0,,,0,0,0,0,0,0,,,,,,,,,0,,,,,,,
Bq00cRPHwBw,p,https://www.instagram.com/thedogist/p/Bq00cRPHwBw/,queued,0,0,,0,0,0,,,0,0,0,0,0,0,,,,,,,,,0,,,,,,,
BqzrvijnRWO,p,https://www.instagram.com/thedogist/p/BqzrvijnRWO/,queued,0,0,,0,0,0,,,0,0,0,0,0,0,,,,,,,,,0,,,,,,,
Bqxc0DRncDa,p,https://www.instagram.com/thedogist/p/Bqxc0DRncDa/,queued,0,0,,0,0,0,,,0,0,0,0,0,0,,,,,,,,,0,,,,,,,
BqvSeEWncQ5,p,https://www.instagram.com/thedogist/p/BqvSeEWncQ5/,queued,0,0,,0,0,0,,,0,0,0,0,0,0,,,,,,,,,0,,,,,,,
Bqu5Wqvnqii,p,https://www.instagram.com/thedogist/p/Bqu5Wqvnqii/,queued,0,0,,0,0,0,,,0,0,0,0,0,0,,,,,,,,,0,,,,,,,
Bqs4IhDHbPh,p,https://www.instagram.com/thedogist/p/Bqs4IhDHbPh/,queued,0,0,,0,0,0,,,0,0,0,0,0,0,,,,,,,,,0,,,,,,,
Bqse1ZfHlVp,p,https://www.instagram.com/thedogist/p/Bqse1ZfHlVp/,queued,0,0,,0,0,0,,,0,0,0,0,0,0,,,,,,,,,0,,,,,,,
Bqql9uRHDpP,p,https://www.instagram.com/thedogist/p/Bqql9uRHDpP/,queued,0,0,,0,0,0,,,0,0,0,0,0,0,,,,,,,,,0,,,,,,,
BqqSOc5H94k,p,https://www.instagram.com/thedogist/p/BqqSOc5H94k/,queued,0,0,,0,0,0,,,0,0,0,0,0,0,,,,,,,,,0,,,,,,,
BqpoNT5n2Vq,p,https://www.instagram.com/thedogist/p/BqpoNT5n2Vq/,queued,0,0,,0,0,0,,,0,0,0,0,0,0,,,,,,,,,0,,,,,,,
Bqnzk69H6kf,p,https://www.instagram.com/thedogist/p/Bqnzk69H6kf/,queued,0,0,,0,0,0,,,0,0,0,0,0,0,,,,,,,,,0,,,,,,,
BqlMGy1Hl5r,p,https://www.instagram.com/thedogist/p/BqlMGy1Hl5r/,queued,0,0,,0,0,0,,,0,0,0,0,0,0,,,,,,,,,0,,,,,,,
BqiwE_xnkyr,p,https://www.instagram.com/thedogist/p/BqiwE_xnkyr/,queued,0,0,,0,0,0,,,0,0,0,0,0,0,,,,,,,,,0,,,,,,,
Bqh94O5HKwj,p,https://www.instagram.com/thedogist/p/Bqh94O5HKwj/,queued,0,0,,0,0,0,,,0,0,0,0,0,0,,,,,,,,,0,,,,,,,
BqfxvvPnn2B,p,https://www.instagram.com/thedogist/p/BqfxvvPnn2B/,queued,0,0,,0,0,0,,,0,0,0,0,0,0,,,,,,,,,0,,,,,,,
BqfgeShH_9w,p,https://www.instagram.com/thedogist/p/BqfgeShH_9w/,queued,0,0,,0,0,0,,,0,0,0,0,0,0,,,,,,,,,0,,,,,,,
Bqc29Asn1UH,p,https://www.instagram.com/thedogist/p/Bqc29Asn1UH/,queued,0,0,,0,0,0,,,0,0,0,0,0,0,,,,,,,,,0,,,,,,,
BqbRNpwHz97,p,https://www.instagram.com/thedogist/p/BqbRNpwHz97/,queued,0,0,,0,0,0,,,0,0,0,0,0,0,,,,,,,,,0,,,,,,,
BqaduKXn8KH,p,https://www.instagram.com/thedogist/p/BqaduKXn8KH/,queued,0,0,,0,0,0,,,0,0,0,0,0,0,,,,,,,,,0,,,,,,,
BqYMQ5rHo2A,p,https://www.instagram.com/thedogist/p/BqYMQ5rHo2A/,queued,0,0,,0,0,0,,,0,0,0,0,0,0,,,,,,,,,0,,,,,,,
BqXfJWhn5VW,p,https://www.instagram.com/thedogist/p/BqXfJWhn5VW/,queued,0,0,,0,0,0,,,0,0,0,0,0,0,,,,,,,,,0,,,,,,,
BqVlTlAnzV0,p,https://www.instagram.com/thedogist/p/BqVlTlAnzV0/,queued,0,0,,0,0,0,,,0,0,0,0,0,0,,,,,,,,,0,,,,,,,
BqVRHhOnOn-,p,https://www.instagram.com/thedogist/p/BqVRHhOnOn-/,queued,0,0,,0,0,0,,,0,0,0,0,0,0,,,,,,,,,0,,,,,,,
BqTOc1eHKz3,p,https://www.instagram.com/thedogist/p/BqTOc1eHKz3/,queued,0,0,,0,0,0,,,0,0,0,0,0,0,,,,,,,,,0,,,,,,,
BqSoKWgHF2r,p,https://www.instagram.com/thedogist/p/BqSoKWgHF2r/,queued,0,0,,0,0,0,,,0,0,0,0,0,0,,,,,,,,,0,,,,,,,
BqQ1kMZHqBv,p,https://www.instagram.com/thedogist/p/BqQ1kMZHqBv/,queued,0,0,,0,0,0,,,0,0,0,0,0,0,,,,,,,,,0,,,,,,,
BqQZL7Qn59h,p,https://www.instagram.com/thedogist/p/BqQZL7Qn59h/,queued,0,0,,0,0,0,,,0,0,0,0,0,0,,,,,,,,,0,,,,,,,
BqQEzGing9h,p,https://www.instagram.com/thedogist/p/BqQEzGing9h/,queued,0,0,,0,0,0,,,0,0,0,0,0,0,,,,,,,,,0,,,,,,,
BqOR1mvHzWl,p,https://www.instagram.com/thedogist/p/BqOR1mvHzWl/,queued,0,0,,0,0,0,,,0,0,0,0,0,0,,,,,,,,,0,,,,,,,
BqN0nnVnUZl,p,https://www.instagram.com/thedogist/p/BqN0nnVnUZl/,queued,0,0,,0,0,0,,,0,0,0,0,0,0,,,,,,,,,0,,,,,,,
BqNVSyan8Rv,p,https://www.instagram.com/thedogist/p/BqNVSyan8Rv/,queued,0,0,,0,0,0,,,0,0,0,0,0,0,,,,,,,,,0,,,,,,,
BqLlEOgniy7,p,https://www.instagram.com/thedogist/p/BqLlEOgniy7/,queued,0,0,,0,0,0,,,0,0,0,0,0,0,,,,,,,,,0,,,,,,,
BqJFYcEnBDr,p,https://www.instagram.com/thedogist/p/BqJFYcEnBDr/,queued,0,0,,0,0,0,,,0,0,0,0,0,0,,,,,,,,,0,,,,,,,
BqIOm2DHurD,p,https://www.instagram.com/thedogist/p/BqIOm2DHurD/,queued,0,0,,0,0,0,,,0,0,0,0,0,0,,,,,,,,,0,,,,,,,
BqGYWRgHmzV,p,https://www.instagram.com/thedogist/p/BqGYWRgHmzV/,queued,0,0,,0,0,0,,,0,0,0,0,0,0,,,,,,,,,0,,,,,,,
BqFlcLfHOcG,p,https://www.instagram.com/thedogist/p/BqFlcLfHOcG/,queued,0,0,,0,0,0,,,0,0,0,0,0,0,,,,,,,,,0,,,,,,,
BqDsqo9HPE-,p,https://www.instagram.com/thedogist/p/BqDsqo9HPE-/,queued,0,0,,0,0,0,,,0,0,0,0,0,0,,,,,,,,,0,,,,,,,
BqDRppInlz0,p,https://www.instagram.com/thedogist/p/BqDRppInlz0/,queued,0,0,,0,0,0,,,0,0,0,0,0,0,,,,,,,,,0,,,,,,,
BqBDgZnHkYL,p,https://www.instagram.com/thedogist/p/BqBDgZnHkYL/,queued,0,0,,0,0,0,,,0,0,0,0,0,0,,,,,,,,,0,,,,,,,
BqARn0qnzui,p,https://www.instagram.com/thedogist/p/BqARn0qnzui/,queued,0,0,,0,0,0,,,0,0,0,0,0,0,,,,,,,,,0,,,,,,,
Bp-4s4rn2cg,p,https://www.instagram.com/thedogist/p/Bp-4s4rn2cg/,queued,0,0,,0,0,0,,,0,0,0,0,0,0,,,,,,,,,0,,,,,,,
Bp-XhAOnuUE,p,https://www.instagram.com/thedogist/p/Bp-XhAOnuUE/,queued,0,0,,0,0,0,,,0,0,0,0,0,0,,,,,,,,,0,,,,,,,
Bp906Lfnr5a,p,https://www.instagram.com/thedogist/p/Bp906Lfnr5a/,queued,0,0,,0,0,0,,,0,0,0,0,0,0,,,,,,,,,0,,,,,,,
Bp8B-NpnGer,p,https://www.instagram.com/thedogist/p/Bp8B-NpnGer/,queued,0,0,,0,0,0,,,0,0,0,0,0,0,,,,,,,,,0,,,,,,,
Bp7ObnTnPkm,p,https://www.instagram.com/thedogist/p/Bp7ObnTnPkm/,queued,0,0,,0,0,0,,,0,0,0,0,0,0,,,,,,,,,0,,,,,,,
Bp5nCU7HEbQ,p,https://www.instagram.com/thedogist/p/Bp5nCU7HEbQ/,queued,0,0,,0,0,0,,,0,0,0,0,0,0,,,,,,,,,0,,,,,,,
Bp5FDSdHbGi,p,https://www.instagram.com/thedogist/p/Bp5FDSdHbGi/,queued,0,0,,0,0,0,,,0,0,0,0,0,0,,,,,,,,,0,,,,,,,
Bp3RpI6nKS9,p,https://www.instagram.com/thedogist/p/Bp3RpI6nKS9/,queued,0,0,,0,0,0,,,0,0,0,0,0,0,,,,,,,,,0,,,,,,,
Bp2xR5zHSYY,p,https://www.instagram.com/thedogist/p/Bp2xR5zHSYY/,queued,0,0,,0,0,0,,,0,0,0,0,0,0,,,,,,,,,0,,,,,,,
Bp2h_Nvnq6p,p,https://www.instagram.com/thedogist/p/Bp2h_Nvnq6p/,queued,0,0,,0,0,0,,,0,0,0,0,0,0,,,,,,,,,0,,,,,,,
Bp0zDwwHN_2,p,https://www.instagram.com/thedogist/p/Bp0zDwwHN_2/,queued,0,0,,0,0,0,,,0,0,0,0,0,0,,,,,,,,,0,,,,,,,
Bp0DvmlHGi9,p,https://www.instagram.com/thedogist/p/Bp0DvmlHGi9/,queued,0,0,,0,0,0,,,0,0,0,0,0,0,,,,,,,,,0,,,,,,,
BpxqHx-n8Fp,p,https://www.instagram.com/thedogist/p/BpxqHx-n8Fp/,queued,0,0,,0,0,0,,,0,0,0,0,0,0,,,,,,,,,0,,,,,,,
Bpw_8Pwnl2Y,p,https://www.instagram.com/thedogist/p/Bpw_8Pwnl2Y/,queued,0,0,,0,0,0,,,0,0,0,0,0,0,,,,,,,,,0,,,,,,,
Bpu9i4Snxzk,p,https://www.instagram.com/thedogist/p/Bpu9i4Snxzk/,queued,0,0,,0,0,0,,,0,0,0,0,0,0,,,,,,,,,0,,,,,,,
BpshY8nnhyy,p,https://www.instagram.com/thedogist/p/BpshY8nnhyy/,queued,0,0,,0,0,0,,,0,0,0,0,0,0,,,,,,,,,0,,,,,,,
Bpr5J8pnivg,p,https://www.instagram.com/thedogist/p/Bpr5J8pnivg/,queued,0,0,,0,0,0,,,0,0,0,0,0,0,,,,,,,,,0,,,,,,,
BprtV_hHQ2J,p,https://www.instagram.com/thedogist/p/BprtV_hHQ2J/,queued,0,0,,0,0,0,,,0,0,0,0,0,0,,,,,,,,,0,,,,,,,
Bpp8l54nfGC,p,https://www.instagram.com/thedogist/p/Bpp8l54nfGC/,queued,0,0,,0,0,0,,,0,0,0,0,0,0,,,,,,,,,0,,,,,,,
BppkspBnwt2,p,https://www.instagram.com/thedogist/p/BppkspBnwt2/,queued,0,0,,0,0,0,,,0,0,0,0,0,0,,,,,,,,,0,,,,,,,
BpnO5Mzgisf,p,https://www.instagram.com/thedogist/p/BpnO5Mzgisf/,queued,0,0,,0,0,0,,,0,0,0,0,0,0,,,,,,,,,0,,,,,,,
Bpmyu_onJlt,p,https://www.instagram.com/thedogist/p/Bpmyu_onJlt/,queued,0,0,,0,0,0,,,0,0,0,0,0,0,,,,,,,,,0,,,,,,,
Bpkl5juHXxw,p,https://www.instagram.com/thedogist/p/Bpkl5juHXxw/,queued,0,0,,0,0,0,,,0,0,0,0,0,0,,,,,,,,,0,,,,,,,
BpkSrDHnnLR,p,https://www.instagram.com/thedogist/p/BpkSrDHnnLR/,queued,0,0,,0,0,0,,,0,0,0,0,0,0,,,,,,,,,0,,,,,,,
BpiIHFVHObO,p,https://www.instagram.com/thedogist/p/BpiIHFVHObO/,queued,0,0,,0,0,0,,,0,0,0,0,0,0,,,,,,,,,0,,,,,,,
Bph4OWxny4P,p,https://www.instagram.com/thedogist/p/Bph4OWxny4P/,queued,0,0,,0,0,0,,,0,0,0,0,0,0,,,,,,,,,0,,,,,,,
BphXwKHHP1L,p,https://www.instagram.com/thedogist/p/BphXwKHHP1L/,queued,0,0,,0,0,0,,,0,0,0,0,0,0,,,,,,,,,0,,,,,,,
Bpf9BW4HchQ,p,https://www.instagram.com/thedogist/p/Bpf9BW4HchQ/,queued,0,0,,0,0,0,,,0,0,0,0,0,0,,,,,,,,,0,,,,,,,
Bpfkk61ndYE,p,https://www.instagram.com/thedogist/p/Bpfkk61ndYE/,queued,0,0,,0,0,0,,,0,0,0,0,0,0,,,,,,,,,0,,,,,,,
BpfPq8mHaoR,p,https://www.instagram.com/thedogist/p/BpfPq8mHaoR/,queued,0,0,,0,0,0,,,0,0,0,0,0,0,,,,,,,,,0,,,,,,,
BpdIfkYnEDI,p,https://www.instagram.com/thedogist/p/BpdIfkYnEDI/,queued,0,0,,0,0,0,,,0,0,0,0,0,0,,,,,,,,,0,,,,,,,
BpcbbDynx_V,p,https://www.instagram.com/thedogist/p/BpcbbDynx_V/,queued,0,0,,0,0,0,,,0,0,0,0,0,0,,,,,,,,,0,,,,,,,
Bpa3RQ3H16x,p,https://www.instagram.com/thedogist/p/Bpa3RQ3H16x/,queued,0,0,,0,0,0,,,0,0,0,0,0,0,,,,,,,,,0,,,,,,,
BpaPx_-H1sZ,p,https://www.instagram.com/thedogist/p/BpaPx_-H1sZ/,queued,0,0,,0,0,0,,,0,0,0,0,0,0,,,,,,,,,0,,,,,,,
BpZolQVH7eu,p,https://www.instagram.com/thedogist/p/BpZolQVH7eu/,queued,0,0,,0,0,0,,,0,0,0,0,0,0,,,,,,,,,0,,,,,,,
BpX9xV0nhvt,p,https://www.instagram.com/thedogist/p/BpX9xV0nhvt/,queued,0,0,,0,0,0,,,0,0,0,0,0,0,,,,,,,,,0,,,,,,,
BpXjHIwH_DY,p,https://www.instagram.com/thedogist/p/BpXjHIwH_DY/,queued,0,0,,0,0,0,,,0,0,0,0,0,0,,,,,,,,,0,,,,,,,
BpUyMuGngPf,p,https://www.instagram.com/thedogist/p/BpUyMuGngPf/,queued,0,0,,0,0,0,,,0,0,0,0,0,0,,,,,,,,,0,,,,,,,
BpS_ZBGHyKz,p,https://www.instagram.com/thedogist/p/BpS_ZBGHyKz/,queued,0,0,,0,0,0,,,0,0,0,0,0,0,,,,,,,,,0,,,,,,,
BpSESJenoN_,p,https://www.instagram.com/thedogist/p/BpSESJenoN_/,queued,0,0,,0,0,0,,,0,0,0,0,0,0,,,,,,,,,0,,,,,,,
BpQtldtnW7h,p,https://www.instagram.com/thedogist/p/BpQtldtnW7h/,queued,0,0,,0,0,0,,,0,0,0,0,0,0,,,,,,,,,0,,,,,,,
BpQDPzOHdCx,p,https://www.instagram.com/thedogist/p/BpQDPzOHdCx/,queued,0,0,,0,0,0,,,0,0,0,0,0,0,,,,,,,,,0,,,,,,,
BpPuQekHpAb,p,https://www.instagram.com/thedogist/p/BpPuQekHpAb/,queued,0,0,,0,0,0,,,0,0,0,0,0,0,,,,,,,,,0,,,,,,,
BpNtvMUH5h4,p,https://www.instagram.com/thedogist/p/BpNtvMUH5h4/,queued,0,0,,0,0,0,,,0,0,0,0,0,0,,,,,,,,,0,,,,,,,
BpNZvvFH9j1,p,https://www.instagram.com/thedogist/p/BpNZvvFH9j1/,queued,0,0,,0,0,0,,,0,0,0,0,0,0,,,,,,,,,0,,,,,,,
BpLG3ZUnnYQ,p,https://www.instagram.com/thedogist/p/BpLG3ZUnnYQ/,queued,0,0,,0,0,0,,,0,0,0,0,0,0,,,,,,,,,0,,,,,,,
BpK4wBVHDwk,p,https://www.instagram.com/thedogist/p/BpK4wBVHDwk/,queued,0,0,,0,0,0,,,0,0,0,0,0,0,,,,,,,,,0,,,,,,,
BpKMafaHgiA,p,https://www.instagram.com/thedogist/p/BpKMafaHgiA/,queued,0,0,,0,0,0,,,0,0,0,0,0,0,,,,,,,,,0,,,,,,,
BpIQfVdn6Jc,p,https://www.instagram.com/thedogist/p/BpIQfVdn6Jc/,queued,0,0,,0,0,0,,,0,0,0,0,0,0,,,,,,,,,0,,,,,,,
BpGVaRXHy8G,p,https://www.instagram.com/thedogist/p/BpGVaRXHy8G/,queued,0,0,,0,0,0,,,0,0,0,0,0,0,,,,,,,,,0,,,,,,,
BpE5hWinfI7,p,https://www.instagram.com/thedogist/p/BpE5hWinfI7/,queued,0,0,,0,0,0,,,0,0,0,0,0,0,,,,,,,,,0,,,,,,,
BpDiXVgnEjS,p,https://www.instagram.com/thedogist/p/BpDiXVgnEjS/,queued,0,0,,0,0,0,,,0,0,0,0,0,0,,,,,,,,,0,,,,,,,
BpCyP17nN6h,p,https://www.instagram.com/thedogist/p/BpCyP17nN6h/,queued,0,0,,0,0,0,,,0,0,0,0,0,0,,,,,,,,,0,,,,,,,
BpBGXt-nlGx,p,https://www.instagram.com/thedogist/p/BpBGXt-nlGx/,queued,0,0,,0,0,0,,,0,0,0,0,0,0,,,,,,,,,0,,,,,,,
Bo_-FRygFiO,p,https://www.instagram.com/thedogist/p/Bo_-FRygFiO/,queued,0,0,,0,0,0,,,0,0,0,0,0,0,,,,,,,,,0,,,,,,,
Bo-aMZUgqy_,p,https://www.instagram.com/thedogist/p/Bo-aMZUgqy_/,queued,0,0,,0,0,0,,,0,0,0,0,0,0,,,,,,,,,0,,,,,,,
Bo9ppwQAF5b,p,https://www.instagram.com/thedogist/p/Bo9ppwQAF5b/,queued,0,0,,0,0,0,,,0,0,0,0,0,0,,,,,,,,,0,,,,,,,
Bo601rZAKOq,p,https://www.instagram.com/thedogist/p/Bo601rZAKOq/,queued,0,0,,0,0,0,,,0,0,0,0,0,0,,,,,,,,,0,,,,,,,
Bo4iheIARYN,p,https://www.instagram.com/thedogist/p/Bo4iheIARYN/,queued,0,0,,0,0,0,,,0,0,0,0,0,0,,,,,,,,,0,,,,,,,
Bo2ood3ASB1,p,https://www.instagram.com/thedogist/p/Bo2ood3ASB1/,queued,0,0,,0,0,0,,,0,0,0,0,0,0,,,,,,,,,0,,,,,,,
Bo2QhWXAhsF,p,https://www.instagram.com/thedogist/p/Bo2QhWXAhsF/,queued,0,0,,0,0,0,,,0,0,0,0,0,0,,,,,,,,,0,,,,,,,
Bo0JC7Cg-dp,p,https://www.instagram.com/thedogist/p/Bo0JC7Cg-dp/,queued,0,0,,0,0,0,,,0,0,0,0,0,0,,,,,,,,,0,,,,,,,
BozjG00A6dn,p,https://www.instagram.com/thedogist/p/BozjG00A6dn/,queued,0,0,,0,0,0,,,0,0,0,0,0,0,,,,,,,,,0,,,,,,,
Boxfs8WgxOq,p,https://www.instagram.com/thedogist/p/Boxfs8WgxOq/,queued,0,0,,0,0,0,,,0,0,0,0,0,0,,,,,,,,,0,,,,,,,
Bowg--FAGts,p,https://www.instagram.com/thedogist/p/Bowg--FAGts/,queued,0,0,,0,0,0,,,0,0,0,0,0,0,,,,,,,,,0,,,,,,,
BouIithglCm,p,https://www.instagram.com/thedogist/p/BouIithglCm/,queued,0,0,,0,0,0,,,0,0,0,0,0,0,,,,,,,,,0,,,,,,,
Bosml1agZIt,p,https://www.instagram.com/thedogist/p/Bosml1agZIt/,queued,0,0,,0,0,0,,,0,0,0,0,0,0,,,,,,,,,0,,,,,,,
Bor1lEIAozF,p,https://www.instagram.com/thedogist/p/Bor1lEIAozF/,queued,0,0,,0,0,0,,,0,0,0,0,0,0,,,,,,,,,0,,,,,,,
BoprYNmgy7-,p,https://www.instagram.com/thedogist/p/BoprYNmgy7-/,queued,0,0,,0,0,0,,,0,0,0,0,0,0,,,,,,,,,0,,,,,,,
BoowIDMAWME,p,https://www.instagram.com/thedogist/p/BoowIDMAWME/,queued,0,0,,0,0,0,,,0,0,0,0,0,0,,,,,,,,,0,,,,,,,
BomwR5JguqW,p,https://www.instagram.com/thedogist/p/BomwR5JguqW/,queued,0,0,,0,0,0,,,0,0,0,0,0,0,,,,,,,,,0,,,,,,,
Bokc1puAZXG,p,https://www.instagram.com/thedogist/p/Bokc1puAZXG/,queued,0,0,,0,0,0,,,0,0,0,0,0,0,,,,,,,,,0,,,,,,,
Boj3WM7A-qG,p,https://www.instagram.com/thedogist/p/Boj3WM7A-qG/,queued,0,0,,0,0,0,,,0,0,0,0,0,0,,,,,,,,,0,,,,,,,
Boh1U27AjP2,p,https://www.instagram.com/thedogist/p/Boh1U27AjP2/,queued,0,0,,0,0,0,,,0,0,0,0,0,0,,,,,,,,,0,,,,,,,
BohRamTAE_q,p,https://www.instagram.com/thedogist/p/BohRamTAE_q/,queued,0,0,,0,0,0,,,0,0,0,0,0,0,,,,,,,,,0,,,,,,,
BofYuOFD2L7,p,https://www.instagram.com/thedogist/p/BofYuOFD2L7/,queued,0,0,,0,0,0,,,0,0,0,0,0,0,,,,,,,,,0,,,,,,,
BoekNpQAk3j,p,https://www.instagram.com/thedogist/p/BoekNpQAk3j/,queued,0,0,,0,0,0,,,0,0,0,0,0,0,,,,,,,,,0,,,,,,,
BocstY4A3Kj,p,https://www.instagram.com/thedogist/p/BocstY4A3Kj/,queued,0,0,,0,0,0,,,0,0,0,0,0,0,,,,,,,,,0,,,,,,,
BocB1LKAl61,p,https://www.instagram.com/thedogist/p/BocB1LKAl61/,queued,0,0,,0,0,0,,,0,0,0,0,0,0,,,,,,,,,0,,,,,,,
BoZ0-BXgL20,p,https://www.instagram.com/thedogist/p/BoZ0-BXgL20/,queued,0,0,,0,0,0,,,0,0,0,0,0,0,,,,,,,,,0,,,,,,,
BoZUJSRAZD6,p,https://www.instagram.com/thedogist/p/BoZUJSRAZD6/,queued,0,0,,0,0,0,,,0,0,0,0,0,0,,,,,,,,,0,,,,,,,
BoX20IwAfh4,p,https://www.instagram.com/thedogist/p/BoX20IwAfh4/,queued,0,0,,0,0,0,,,0,0,0,0,0,0,,,,,,,,,0,,,,,,,
BoXZga7g1rU,p,https://www.instagram.com/thedogist/p/BoXZga7g1rU/,queued,0,0,,0,0,0,,,0,0,0,0,0,0,,,,,,,,,0,,,,,,,
BoUtFj7AVNa,p,https://www.instagram.com/thedogist/p/BoUtFj7AVNa/,queued,0,0,,0,0,0,,,0,0,0,0,0,0,,,,,,,,,0,,,,,,,
BoSfHE0AjHa,p,https://www.instagram.com/thedogist/p/BoSfHE0AjHa/,queued,0,0,,0,0,0,,,0,0,0,0,0,0,,,,,,,,,0,,,,,,,
BoRj8H3gp1O,p,https://www.instagram.com/thedogist/p/BoRj8H3gp1O/,queued,0,0,,0,0,0,,,0,0,0,0,0,0,,,,,,,,,0,,,,,,,
BoQLii6AMj-,p,https://www.instagram.com/thedogist/p/BoQLii6AMj-/,queued,0,0,,0,0,0,,,0,0,0,0,0,0,,,,,,,,,0,,,,,,,
BoO_GMdAdoD,p,https://www.instagram.com/thedogist/p/BoO_GMdAdoD/,queued,0,0,,0,0,0,,,0,0,0,0,0,0,,,,,,,,,0,,,,,,,
BoM43OVghP0,p,https://www.instagram.com/thedogist/p/BoM43OVghP0/,queued,0,0,,0,0,0,,,0,0,0,0,0,0,,,,,,,,,0,,,,,,,
BoKrBvwgSG1,p,https://www.instagram.com/thedogist/p/BoKrBvwgSG1/,queued,0,0,,0,0,0,,,0,0,0,0,0,0,,,,,,,,,0,,,,,,,
BoHRymwAYHq,p,https://www.instagram.com/thedogist/p/BoHRymwAYHq/,queued,0,0,,0,0,0,,,0,0,0,0,0,0,,,,,,,,,0,,,,,,,
BoFTzdQAQNE,p,https://www.instagram.com/thedogist/p/BoFTzdQAQNE/,queued,0,0,,0,0,0,,,0,0,0,0,0,0,,,,,,,,,0,,,,,,,
BoEt31FAf5z,p,https://www.instagram.com/thedogist/p/BoEt31FAf5z/,queued,0,0,,0,0,0,,,0,0,0,0,0,0,,,,,,,,,0,,,,,,,
BoCKz1eAohY,p,https://www.instagram.com/thedogist/p/BoCKz1eAohY/,queued,0,0,,0,0,0,,,0,0,0,0,0,0,,,,,,,,,0,,,,,,,
BoAYL3vgmCh,p,https://www.instagram.com/thedogist/p/BoAYL3vgmCh/,queued,0,0,,0,0,0,,,0,0,0,0,0,0,,,,,,,,,0,,,,,,,
Bn-HSrpA7ZG,p,https://www.instagram.com/thedogist/p/Bn-HSrpA7ZG/,queued,0,0,,0,0,0,,,0,0,0,0,0,0,,,,,,,,,0,,,,,,,
Bn9Q6LGgBZs,p,https://www.instagram.com/thedogist/p/Bn9Q6LGgBZs/,queued,0,0,,0,0,0,,,0,0,0,0,0,0,,,,,,,,,0,,,,,,,
Bn7hJwNAR7L,p,https://www.instagram.com/thedogist/p/Bn7hJwNAR7L/,queued,0,0,,0,0,0,,,0,0,0,0,0,0,,,,,,,,,0,,,,,,,
Bn7SKuPgKRQ,p,https://www.instagram.com/thedogist/p/Bn7SKuPgKRQ/,queued,0,0,,0,0,0,,,0,0,0,0,0,0,,,,,,,,,0,,,,,,,
Bn4jLIJAxa3,p,https://www.instagram.com/thedogist/p/Bn4jLIJAxa3/,queued,0,0,,0,0,0,,,0,0,0,0,0,0,,,,,,,,,0,,,,,,,
Bn2QfV0nw-Y,p,https://www.instagram.com/thedogist/p/Bn2QfV0nw-Y/,queued,0,0,,0,0,0,,,0,0,0,0,0,0,,,,,,,,,0,,,,,,,
BnzS7znDvfX,p,https://www.instagram.com/thedogist/p/BnzS7znDvfX/,queued,0,0,,0,0,0,,,0,0,0,0,0,0,,,,,,,,,0,,,,,,,
BnxF8BNjMse,p,https://www.instagram.com/thedogist/p/BnxF8BNjMse/,queued,0,0,,0,0,0,,,0,0,0,0,0,0,,,,,,,,,0,,,,,,,
Bnwv3qEDEya,p,https://www.instagram.com/thedogist/p/Bnwv3qEDEya/,queued,0,0,,0,0,0,,,0,0,0,0,0,0,,,,,,,,,0,,,,,,,
BnuzZzGjDp4,p,https://www.instagram.com/thedogist/p/BnuzZzGjDp4/,queued,0,0,,0,0,0,,,0,0,0,0,0,0,,,,,,,,,0,,,,,,,
Bnt6GFsD1b2,p,https://www.instagram.com/thedogist/p/Bnt6GFsD1b2/,queued,0,0,,0,0,0,,,0,0,0,0,0,0,,,,,,,,,0,,,,,,,
Bnrq9g3nvgg,p,https://www.instagram.com/thedogist/p/Bnrq9g3nvgg/,queued,0,0,,0,0,0,,,0,0,0,0,0,0,,,,,,,,,0,,,,,,,
Bnq_RKyHzJR,p,https://www.instagram.com/thedogist/p/Bnq_RKyHzJR/,queued,0,0,,0,0,0,,,0,0,0,0,0,0,,,,,,,,,0,,,,,,,
Bnpgy-2ngpG,p,https://www.instagram.com/thedogist/p/Bnpgy-2ngpG/,queued,0,0,,0,0,0,,,0,0,0,0,0,0,,,,,,,,,0,,,,,,,
BnozlttA0Mj,p,https://www.instagram.com/thedogist/p/BnozlttA0Mj/,queued,0,0,,0,0,0,,,0,0,0,0,0,0,,,,,,,,,0,,,,,,,
Bnogc5kjRv1,p,https://www.instagram.com/thedogist/p/Bnogc5kjRv1/,queued,0,0,,0,0,0,,,0,0,0,0,0,0,,,,,,,,,0,,,,,,,
BnmlozygISz,p,https://www.instagram.com/thedogist/p/BnmlozygISz/,queued,0,0,,0,0,0,,,0,0,0,0,0,0,,,,,,,,,0,,,,,,,
BnkcwtJgAyw,p,https://www.instagram.com/thedogist/p/BnkcwtJgAyw/,queued,0,0,,0,0,0,,,0,0,0,0,0,0,,,,,,,,,0,,,,,,,
Bnj60jWAG2e,p,https://www.instagram.com/thedogist/p/Bnj60jWAG2e/,queued,0,0,,0,0,0,,,0,0,0,0,0,0,,,,,,,,,0,,,,,,,
BnjSSfTg2P2,p,https://www.instagram.com/thedogist/p/BnjSSfTg2P2/,queued,0,0,,0,0,0,,,0,0,0,0,0,0,,,,,,,,,0,,,,,,,
BnhMudFAwIM,p,https://www.instagram.com/thedogist/p/BnhMudFAwIM/,queued,0,0,,0,0,0,,,0,0,0,0,0,0,,,,,,,,,0,,,,,,,
BneptVjA82Y,p,https://www.instagram.com/thedogist/p/BneptVjA82Y/,queued,0,0,,0,0,0,,,0,0,0,0,0,0,,,,,,,,,0,,,,,,,
BneDWGUAW_r,p,https://www.instagram.com/thedogist/p/BneDWGUAW_r/,queued,0,0,,0,0,0,,,0,0,0,0,0,0,,,,,,,,,0,,,,,,,
BncLeZDAFbx,p,https://www.instagram.com/thedogist/p/BncLeZDAFbx/,queued,0,0,,0,0,0,,,0,0,0,0,0,0,,,,,,,,,0,,,,,,,
BnbtdXRAULo,p,https://www.instagram.com/thedogist/p/BnbtdXRAULo/,queued,0,0,,0,0,0,,,0,0,0,0,0,0,,,,,,,,,0,,,,,,,
BnZoljqg4H9,p,https://www.instagram.com/thedogist/p/BnZoljqg4H9/,queued,0,0,,0,0,0,,,0,0,0,0,0,0,,,,,,,,,0,,,,,,,
BnXIrjxA4QL,p,https://www.instagram.com/thedogist/p/BnXIrjxA4QL/,queued,0,0,,0,0,0,,,0,0,0,0,0,0,,,,,,,,,0,,,,,,,
BnUW-ItACbx,p,https://www.instagram.com/thedogist/p/BnUW-ItACbx/,queued,0,0,,0,0,0,,,0,0,0,0,0,0,,,,,,,,,0,,,,,,,
BnSJHk_A5ZL,p,https://www.instagram.com/thedogist/p/BnSJHk_A5ZL/,queued,0,0,,0,0,0,,,0,0,0,0,0,0,,,,,,,,,0,,,,,,,
BnO35_igZbf,p,https://www.instagram.com/thedogist/p/BnO35_igZbf/,queued,0,0,,0,0,0,,,0,0,0,0,0,0,,,,,,,,,0,,,,,,,
BnM-6x-gQOf,p,https://www.instagram.com/thedogist/p/BnM-6x-gQOf/,queued,0,0,,0,0,0,,,0,0,0,0,0,0,,,,,,,,,0,,,,,,,
BnMYQ36ACHy,p,https://www.instagram.com/thedogist/p/BnMYQ36ACHy/,queued,0,0,,0,0,0,,,0,0,0,0,0,0,,,,,,,,,0,,,,,,,
BnKR78TAc4e,p,https://www.instagram.com/thedogist/p/BnKR78TAc4e/,queued,0,0,,0,0,0,,,0,0,0,0,0,0,,,,,,,,,0,,,,,,,
BnH38yoAtbk,p,https://www.instagram.com/thedogist/p/BnH38yoAtbk/,queued,0,0,,0,0,0,,,0,0,0,0,0,0,,,,,,,,,0,,,,,,,
BnHR3AKAJ19,p,https://www.instagram.com/thedogist/p/BnHR3AKAJ19/,queued,0,0,,0,0,0,,,0,0,0,0,0,0,,,,,,,,,0,,,,,,,
BnFKb6ugY9u,p,https://www.instagram.com/thedogist/p/BnFKb6ugY9u/,queued,0,0,,0,0,0,,,0,0,0,0,0,0,,,,,,,,,0,,,,,,,
BnEt6S7gngm,p,https://www.instagram.com/thedogist/p/BnEt6S7gngm/,queued,0,0,,0,0,0,,,0,0,0,0,0,0,,,,,,,,,0,,,,,,,
BnCvWchgCAS,p,https://www.instagram.com/thedogist/p/BnCvWchgCAS/,queued,0,0,,0,0,0,,,0,0,0,0,0,0,,,,,,,,,0,,,,,,,
BnCCBRMgEEZ,p,https://www.instagram.com/thedogist/p/BnCCBRMgEEZ/,queued,0,0,,0,0,0,,,0,0,0,0,0,0,,,,,,,,,0,,,,,,,
BnATxwAAl5a,p,https://www.instagram.com/thedogist/p/BnATxwAAl5a/,queued,0,0,,0,0,0,,,0,0,0,0,0,0,,,,,,,,,0,,,,,,,
Bm_kmUggEf5,p,https://www.instagram.com/thedogist/p/Bm_kmUggEf5/,queued,0,0,,0,0,0,,,0,0,0,0,0,0,,,,,,,,,0,,,,,,,
Bm9uQcRAtwU,p,https://www.instagram.com/thedogist/p/Bm9uQcRAtwU/,queued,0,0,,0,0,0,,,0,0,0,0,0,0,,,,,,,,,0,,,,,,,
Bm8-zxYAV_G,p,https://www.instagram.com/thedogist/p/Bm8-zxYAV_G/,queued,0,0,,0,0,0,,,0,0,0,0,0,0,,,,,,,,,0,,,,,,,
Bm6dteWg1i0,p,https://www.instagram.com/thedogist/p/Bm6dteWg1i0/,queued,0,0,,0,0,0,,,0,0,0,0,0,0,,,,,,,,,0,,,,,,,
Bm4YaMpgkhv,p,https://www.instagram.com/thedogist/p/Bm4YaMpgkhv/,queued,0,0,,0,0,0,,,0,0,0,0,0,0,,,,,,,,,0,,,,,,,
Bm4SS0agVo5,p,https://www.instagram.com/thedogist/p/Bm4SS0agVo5/,queued,0,0,,0,0,0,,,0,0,0,0,0,0,,,,,,,,,0,,,,,,,
Bm1ShhQg5mU,p,https://www.instagram.com/thedogist/p/Bm1ShhQg5mU/,queued,0,0,,0,0,0,,,0,0,0,0,0,0,,,,,,,,,0,,,,,,,
BmzhgX5AIvJ,p,https://www.instagram.com/thedogist/p/BmzhgX5AIvJ/,queued,0,0,,0,0,0,,,0,0,0,0,0,0,,,,,,,,,0,,,,,,,
BmypyCPgeOT,p,https://www.instagram.com/thedogist/p/BmypyCPgeOT/,queued,0,0,,0,0,0,,,0,0,0,0,0,0,,,,,,,,,0,,,,,,,
BmxKvcCgQpc,p,https://www.instagram.com/thedogist/p/BmxKvcCgQpc/,queued,0,0,,0,0,0,,,0,0,0,0,0,0,,,,,,,,,0,,,,,,,
BmwTKWsgxsf,p,https://www.instagram.com/thedogist/p/BmwTKWsgxsf/,queued,0,0,,0,0,0,,,0,0,0,0,0,0,,,,,,,,,0,,,,,,,
BmuFAmWgQdP,p,https://www.instagram.com/thedogist/p/BmuFAmWgQdP/,queued,0,0,,0,0,0,,,0,0,0,0,0,0,,,,,,,,,0,,,,,,,
Bmtm8v2A3J1,p,https://www.instagram.com/thedogist/p/Bmtm8v2A3J1/,queued,0,0,,0,0,0,,,0,0,0,0,0,0,,,,,,,,,0,,,,,,,
BmrbDVmAv8n,p,https://www.instagram.com/thedogist/p/BmrbDVmAv8n/,queued,0,0,,0,0,0,,,0,0,0,0,0,0,,,,,,,,,0,,,,,,,
BmpNDR1gjqN,p,https://www.instagram.com/thedogist/p/BmpNDR1gjqN/,queued,0,0,,0,0,0,,,0,0,0,0,0,0,,,,,,,,,0,,,,,,,
BmoHpIIgC7Z,p,https://www.instagram.com/thedogist/p/BmoHpIIgC7Z/,queued,0,0,,0,0,0,,,0,0,0,0,0,0,,,,,,,,,0,,,,,,,
Bml_qDegIRh,p,https://www.instagram.com/thedogist/p/Bml_qDegIRh/,queued,0,0,,0,0,0,,,0,0,0,0,0,0,,,,,,,,,0,,,,,,,
Bmj7U7Ng1dy,p,https://www.instagram.com/thedogist/p/Bmj7U7Ng1dy/,queued,0,0,,0,0,0,,,0,0,0,0,0,0,,,,,,,,,0,,,,,,,
BmjZS-AAOQp,p,https://www.instagram.com/thedogist/p/BmjZS-AAOQp/,queued,0,0,,0,0,0,,,0,0,0,0,0,0,,,,,,,,,0,,,,,,,
BmhLABHA0gZ,p,https://www.instagram.com/thedogist/p/BmhLABHA0gZ/,queued,0,0,,0,0,0,,,0,0,0,0,0,0,,,,,,,,,0,,,,,,,
BmgwmG9Asyw,p,https://www.instagram.com/thedogist/p/BmgwmG9Asyw/,queued,0,0,,0,0,0,,,0,0,0,0,0,0,,,,,,,,,0,,,,,,,
Bme8sDpg3Pw,p,https://www.instagram.com/thedogist/p/Bme8sDpg3Pw/,queued,0,0,,0,0,0,,,0,0,0,0,0,0,,,,,,,,,0,,,,,,,
Bmd0Igng4oj,p,https://www.instagram.com/thedogist/p/Bmd0Igng4oj/,queued,0,0,,0,0,0,,,0,0,0,0,0,0,,,,,,,,,0,,,,,,,
BmbSh5Yg0FO,p,https://www.instagram.com/thedogist/p/BmbSh5Yg0FO/,queued,0,0,,0,0,0,,,0,0,0,0,0,0,,,,,,,,,0,,,,,,,
BmY7zttAee4,p,https://www.instagram.com/thedogist/p/BmY7zttAee4/,queued,0,0,,0,0,0,,,0,0,0,0,0,0,,,,,,,,,0,,,,,,,
BmXFjUtAxmE,p,https://www.instagram.com/thedogist/p/BmXFjUtAxmE/,queued,0,0,,0,0,0,,,0,0,0,0,0,0,,,,,,,,,0,,,,,,,
BmWDJdeAkCW,p,https://www.instagram.com/thedogist/p/BmWDJdeAkCW/,queued,0,0,,0,0,0,,,0,0,0,0,0,0,,,,,,,,,0,,,,,,,
BmUcj3xAlLQ,p,https://www.instagram.com/thedogist/p/BmUcj3xAlLQ/,queued,0,0,,0,0,0,,,0,0,0,0,0,0,,,,,,,,,0,,,,,,,
BmTT0uhABPz,p,https://www.instagram.com/thedogist/p/BmTT0uhABPz/,queued,0,0,,0,0,0,,,0,0,0,0,0,0,,,,,,,,,0,,,,,,,
BmRV-qjAwwV,p,https://www.instagram.com/thedogist/p/BmRV-qjAwwV/,queued,0,0,,0,0,0,,,0,0,0,0,0,0,,,,,,,,,0,,,,,,,
BmPS4FwAnY5,p,https://www.instagram.com/thedogist/p/BmPS4FwAnY5/,queued,0,0,,0,0,0,,,0,0,0,0,0,0,,,,,,,,,0,,,,,,,
BmOO_5rgkj1,p,https://www.instagram.com/thedogist/p/BmOO_5rgkj1/,queued,0,0,,0,0,0,,,0,0,0,0,0,0,,,,,,,,,0,,,,,,,
BmL74LNA3Y2,p,https://www.instagram.com/thedogist/p/BmL74LNA3Y2/,queued,0,0,,0,0,0,,,0,0,0,0,0,0,,,,,,,,,0,,,,,,,
BmKKGlYA3rv,p,https://www.instagram.com/thedogist/p/BmKKGlYA3rv/,queued,0,0,,0,0,0,,,0,0,0,0,0,0,,,,,,,,,0,,,,,,,
BmJohUOAFmT,p,https://www.instagram.com/thedogist/p/BmJohUOAFmT/,queued,0,0,,0,0,0,,,0,0,0,0,0,0,,,,,,,,,0,,,,,,,
BmHk-YcgIrx,p,https://www.instagram.com/thedogist/p/BmHk-YcgIrx/,queued,0,0,,0,0,0,,,0,0,0,0,0,0,,,,,,,,,0,,,,,,,
BmGsY_pAMf8,p,https://www.instagram.com/thedogist/p/BmGsY_pAMf8/,queued,0,0,,0,0,0,,,0,0,0,0,0,0,,,,,,,,,0,,,,,,,
BmEo44mAK3x,p,https://www.instagram.com/thedogist/p/BmEo44mAK3x/,queued,0,0,,0,0,0,,,0,0,0,0,0,0,,,,,,,,,0,,,,,,,
BmEOhL9A-2q,p,https://www.instagram.com/thedogist/p/BmEOhL9A-2q/,queued,0,0,,0,0,0,,,0,0,0,0,0,0,,,,,,,,,0,,,,,,,
BmCVrheAL9F,p,https://www.instagram.com/thedogist/p/BmCVrheAL9F/,queued,0,0,,0,0,0,,,0,0,0,0,0,0,,,,,,,,,0,,,,,,,
BmBU8sbAJ-K,p,https://www.instagram.com/thedogist/p/BmBU8sbAJ-K/,queued,0,0,,0,0,0,,,0,0,0,0,0,0,,,,,,,,,0,,,,,,,
Bl_jmPhAMhZ,p,https://www.instagram.com/thedogist/p/Bl_jmPhAMhZ/,queued,0,0,,0,0,0,,,0,0,0,0,0,0,,,,,,,,,0,,,,,,,
Bl-53mlAqYK,p,https://www.instagram.com/thedogist/p/Bl-53mlAqYK/,queued,0,0,,0,0,0,,,0,0,0,0,0,0,,,,,,,,,0,,,,,,,
Bl8-2Z1gl1J,p,https://www.instagram.com/thedogist/p/Bl8-2Z1gl1J/,queued,0,0,,0,0,0,,,0,0,0,0,0,0,,,,,,,,,0,,,,,,,
Bl6gkPTgtwD,p,https://www.instagram.com/thedogist/p/Bl6gkPTgtwD/,queued,0,0,,0,0,0,,,0,0,0,0,0,0,,,,,,,,,0,,,,,,,
Bl6NJS5AXHL,p,https://www.instagram.com/thedogist/p/Bl6NJS5AXHL/,queued,0,0,,0,0,0,,,0,0,0,0,0,0,,,,,,,,,0,,,,,,,
Bl5vP9oApFT,p,https://www.instagram.com/thedogist/p/Bl5vP9oApFT/,queued,0,0,,0,0,0,,,0,0,0,0,0,0,,,,,,,,,0,,,,,,,
Bl38OW9AH4D,p,https://www.instagram.com/thedogist/p/Bl38OW9AH4D/,queued,0,0,,0,0,0,,,0,0,0,0,0,0,,,,,,,,,0,,,,,,,
Bl3My-tAFt8,p,https://www.instagram.com/thedogist/p/Bl3My-tAFt8/,queued,0,0,,0,0,0,,,0,0,0,0,0,0,,,,,,,,,0,,,,,,,
Bl1Kwzwg-Fm,p,https://www.instagram.com/thedogist/p/Bl1Kwzwg-Fm/,queued,0,0,,0,0,0,,,0,0,0,0,0,0,,,,,,,,,0,,,,,,,
BlzSG2jgP2K,p,https://www.instagram.com/thedogist/p/BlzSG2jgP2K/,queued,0,0,,0,0,0,,,0,0,0,0,0,0,,,,,,,,,0,,,,,,,
Blxw1ykAAMN,p,https://www.instagram.com/thedogist/p/Blxw1ykAAMN/,queued,0,0,,0,0,0,,,0,0,0,0,0,0,,,,,,,,,0,,,,,,,
Blv9zWYAivA,p,https://www.instagram.com/thedogist/p/Blv9zWYAivA/,queued,0,0,,0,0,0,,,0,0,0,0,0,0,,,,,,,,,0,,,,,,,
BlvVlqaAB2B,p,https://www.instagram.com/thedogist/p/BlvVlqaAB2B/,queued,0,0,,0,0,0,,,0,0,0,0,0,0,,,,,,,,,0,,,,,,,
Bltbw-QAWoC,p,https://www.instagram.com/thedogist/p/Bltbw-QAWoC/,queued,0,0,,0,0,0,,,0,0,0,0,0,0,,,,,,,,,0,,,,,,,
BlszNfVAMym,p,https://www.instagram.com/thedogist/p/BlszNfVAMym/,queued,0,0,,0,0,0,,,0,0,0,0,0,0,,,,,,,,,0,,,,,,,
BlqypTVgdgD,p,https://www.instagram.com/thedogist/p/BlqypTVgdgD/,queued,0,0,,0,0,0,,,0,0,0,0,0,0,,,,,,,,,0,,,,,,,
Blob3ARgZuU,p,https://www.instagram.com/thedogist/p/Blob3ARgZuU/,queued,0,0,,0,0,0,,,0,0,0,0,0,0,,,,,,,,,0,,,,,,,
Blnx_n8AP25,p,https://www.instagram.com/thedogist/p/Blnx_n8AP25/,queued,0,0,,0,0,0,,,0,0,0,0,0,0,,,,,,,,,0,,,,,,,
BllulgUAjSB,p,https://www.instagram.com/thedogist/p/BllulgUAjSB/,queued,0,0,,0,0,0,,,0,0,0,0,0,0,,,,,,,,,0,,,,,,,
BllROdrAenO,p,https://www.instagram.com/thedogist/p/BllROdrAenO/,queued,0,0,,0,0,0,,,0,0,0,0,0,0,,,,,,,,,0,,,,,,,
BljA2OcAL0r,p,https://www.instagram.com/thedogist/p/BljA2OcAL0r/,queued,0,0,,0,0,0,,,0,0,0,0,0,0,,,,,,,,,0,,,,,,,
Blice58AP7H,p,https://www.instagram.com/thedogist/p/Blice58AP7H/,queued,0,0,,0,0,0,,,0,0,0,0,0,0,,,,,,,,,0,,,,,,,
BlgihsAAeXI,p,https://www.instagram.com/thedogist/p/BlgihsAAeXI/,queued,0,0,,0,0,0,,,0,0,0,0,0,0,,,,,,,,,0,,,,,,,
Blf8ggBA8dO,p,https://www.instagram.com/thedogist/p/Blf8ggBA8dO/,queued,0,0,,0,0,0,,,0,0,0,0,0,0,,,,,,,,,0,,,,,,,
BleJd6ogo0e,p,https://www.instagram.com/thedogist/p/BleJd6ogo0e/,queued,0,0,,0,0,0,,,0,0,0,0,0,0,,,,,,,,,0,,,,,,,
BldWAR7gE3j,p,https://www.instagram.com/thedogist/p/BldWAR7gE3j/,queued,0,0,,0,0,0,,,0,0,0,0,0,0,,,,,,,,,0,,,,,,,
Blbr9nDAuAD,p,https://www.instagram.com/thedogist/p/Blbr9nDAuAD/,queued,0,0,,0,0,0,,,0,0,0,0,0,0,,,,,,,,,0,,,,,,,
BlbNBf3ARO6,p,https://www.instagram.com/thedogist/p/BlbNBf3ARO6/,queued,0,0,,0,0,0,,,0,0,0,0,0,0,,,,,,,,,0,,,,,,,
BlZAx0Eg-58,p,https://www.instagram.com/thedogist/p/BlZAx0Eg-58/,queued,0,0,,0,0,0,,,0,0,0,0,0,0,,,,,,,,,0,,,,,,,
BlYT_vIgh6N,p,https://www.instagram.com/thedogist/p/BlYT_vIgh6N/,queued,0,0,,0,0,0,,,0,0,0,0,0,0,,,,,,,,,0,,,,,,,
BlWIcAXgh-N,p,https://www.instagram.com/thedogist/p/BlWIcAXgh-N/,queued,0,0,,0,0,0,,,0,0,0,0,0,0,,,,,,,,,0,,,,,,,
BlT54FjAhYn,p,https://www.instagram.com/thedogist/p/BlT54FjAhYn/,queued,0,0,,0,0,0,,,0,0,0,0,0,0,,,,,,,,,0,,,,,,,
BlTSHongFlY,p,https://www.instagram.com/thedogist/p/BlTSHongFlY/,queued,0,0,,0,0,0,,,0,0,0,0,0,0,,,,,,,,,0,,,,,,,
BlRW7kyg2Mi,p,https://www.instagram.com/thedogist/p/BlRW7kyg2Mi/,queued,0,0,,0,0,0,,,0,0,0,0,0,0,,,,,,,,,0,,,,,,,
BlQjgGZgjKb,p,https://www.instagram.com/thedogist/p/BlQjgGZgjKb/,queued,0,0,,0,0,0,,,0,0,0,0,0,0,,,,,,,,,0,,,,,,,
BlOUjpNAfVh,p,https://www.instagram.com/thedogist/p/BlOUjpNAfVh/,queued,0,0,,0,0,0,,,0,0,0,0,0,0,,,,,,,,,0,,,,,,,
BlMkgRzg29x,p,https://www.instagram.com/thedogist/p/BlMkgRzg29x/,queued,0,0,,0,0,0,,,0,0,0,0,0,0,,,,,,,,,0,,,,,,,
BlLS-6tA-Zf,p,https://www.instagram.com/thedogist/p/BlLS-6tA-Zf/,queued,0,0,,0,0,0,,,0,0,0,0,0,0,,,,,,,,,0,,,,,,,
BlJWiWOA-xd,p,https://www.instagram.com/thedogist/p/BlJWiWOA-xd/,queued,0,0,,0,0,0,,,0,0,0,0,0,0,,,,,,,,,0,,,,,,,
BlG2PTXgAoa,p,https://www.instagram.com/thedogist/p/BlG2PTXgAoa/,queued,0,0,,0,0,0,,,0,0,0,0,0,0,,,,,,,,,0,,,,,,,
BlGi9MJgHAD,p,https://www.instagram.com/thedogist/p/BlGi9MJgHAD/,queued,0,0,,0,0,0,,,0,0,0,0,0,0,,,,,,,,,0,,,,,,,
BlEUsN0gXJ8,p,https://www.instagram.com/thedogist/p/BlEUsN0gXJ8/,queued,0,0,,0,0,0,,,0,0,0,0,0,0,,,,,,,,,0,,,,,,,
BlDZmnGA38A,p,https://www.instagram.com/thedogist/p/BlDZmnGA38A/,queued,0,0,,0,0,0,,,0,0,0,0,0,0,,,,,,,,,0,,,,,,,
BlB-O9EAmtV,p,https://www.instagram.com/thedogist/p/BlB-O9EAmtV/,queued,0,0,,0,0,0,,,0,0,0,0,0,0,,,,,,,,,0,,,,,,,
BlBbACrApIA,p,https://www.instagram.com/thedogist/p/BlBbACrApIA/,queued,0,0,,0,0,0,,,0,0,0,0,0,0,,,,,,,,,0,,,,,,,
Bk_W7jxAG-7,p,https://www.instagram.com/thedogist/p/Bk_W7jxAG-7/,queued,0,0,,0,0,0,,,0,0,0,0,0,0,,,,,,,,,0,,,,,,,
Bk-ukY-ALBl,p,https://www.instagram.com/thedogist/p/Bk-ukY-ALBl/,queued,0,0,,0,0,0,,,0,0,0,0,0,0,,,,,,,,,0,,,,,,,
Bk8depdg3vs,p,https://www.instagram.com/thedogist/p/Bk8depdg3vs/,queued,0,0,,0,0,0,,,0,0,0,0,0,0,,,,,,,,,0,,,,,,,
Bk71pLzABPo,p,https://www.instagram.com/thedogist/p/Bk71pLzABPo/,queued,0,0,,0,0,0,,,0,0,0,0,0,0,,,,,,,,,0,,,,,,,
Bk6K1eMAVKw,p,https://www.instagram.com/thedogist/p/Bk6K1eMAVKw/,queued,0,0,,0,0,0,,,0,0,0,0,0,0,,,,,,,,,0,,,,,,,
Bk5ZqrKAaxZ,p,https://www.instagram.com/thedogist/p/Bk5ZqrKAaxZ/,queued,0,0,,0,0,0,,,0,0,0,0,0,0,,,,,,,,,0,,,,,,,
Bk37ihwAJpo,p,https://www.instagram.com/thedogist/p/Bk37ihwAJpo/,queued,0,0,,0,0,0,,,0,0,0,0,0,0,,,,,,,,,0,,,,,,,
Bk3OwMoAKct,p,https://www.instagram.com/thedogist/p/Bk3OwMoAKct/,queued,0,0,,0,0,0,,,0,0,0,0,0,0,,,,,,,,,0,,,,,,,
Bk1O2T8gNpn,p,https://www.instagram.com/thedogist/p/Bk1O2T8gNpn/,queued,0,0,,0,0,0,,,0,0,0,0,0,0,,,,,,,,,0,,,,,,,
Bk0-FXOgMdM,p,https://www.instagram.com/thedogist/p/Bk0-FXOgMdM/,queued,0,0,,0,0,0,,,0,0,0,0,0,0,,,,,,,,,0,,,,,,,
Bk0eL_SAmaz,p,https://www.instagram.com/thedogist/p/Bk0eL_SAmaz/,queued,0,0,,0,0,0,,,0,0,0,0,0,0,,,,,,,,,0,,,,,,,
BkyikQ4gq3j,p,https://www.instagram.com/thedogist/p/BkyikQ4gq3j/,queued,0,0,,0,0,0,,,0,0,0,0,0,0,,,,,,,,,0,,,,,,,
BkyDGa8AdLA,p,https://www.instagram.com/thedogist/p/BkyDGa8AdLA/,queued,0,0,,0,0,0,,,0,0,0,0,0,0,,,,,,,,,0,,,,,,,
Bkvw1yDAeBF,p,https://www.instagram.com/thedogist/p/Bkvw1yDAeBF/,queued,0,0,,0,0,0,,,0,0,0,0,0,0,,,,,,,,,0,,,,,,,
BkvHUO4Dii2,p,https://www.instagram.com/thedogist/p/BkvHUO4Dii2/,queued,0,0,,0,0,0,,,0,0,0,0,0,0,,,,,,,,,0,,,,,,,
BktbRwJgHwz,p,https://www.instagram.com/thedogist/p/BktbRwJgHwz/,queued,0,0,,0,0,0,,,0,0,0,0,0,0,,,,,,,,,0,,,,,,,
Bksbhbglyj-,p,https://www.instagram.com/thedogist/p/Bksbhbglyj-/,queued,0,0,,0,0,0,,,0,0,0,0,0,0,,,,,,,,,0,,,,,,,
Bkq7w_gA5Su,p,https://www.instagram.com/thedogist/p/Bkq7w_gA5Su/,queued,0,0,,0,0,0,,,0,0,0,0,0,0,,,,,,,,,0,,,,,,,
BkoBJwNj1Vz,p,https://www.instagram.com/thedogist/p/BkoBJwNj1Vz/,queued,0,0,,0,0,0,,,0,0,0,0,0,0,,,,,,,,,0,,,,,,,
Bkl0GXDDoJi,p,https://www.instagram.com/thedogist/p/Bkl0GXDDoJi/,queued,0,0,,0,0,0,,,0,0,0,0,0,0,,,,,,,,,0,,,,,,,
Bkk3brjFnWs,p,https://www.instagram.com/thedogist/p/Bkk3brjFnWs/,queued,0,0,,0,0,0,,,0,0,0,0,0,0,,,,,,,,,0,,,,,,,
BkiU_NylDWJ,p,https://www.instagram.com/thedogist/p/BkiU_NylDWJ/,queued,0,0,,0,0,0,,,0,0,0,0,0,0,,,,,,,,,0,,,,,,,
Bkg1mgsATWy,p,https://www.instagram.com/thedogist/p/Bkg1mgsATWy/,queued,0,0,,0,0,0,,,0,0,0,0,0,0,,,,,,,,,0,,,,,,,
Bkf2s6WFOd9,p,https://www.instagram.com/thedogist/p/Bkf2s6WFOd9/,queued,0,0,,0,0,0,,,0,0,0,0,0,0,,,,,,,,,0,,,,,,,
Bkdr1VeF8xD,p,https://www.instagram.com/thedogist/p/Bkdr1VeF8xD/,queued,0,0,,0,0,0,,,0,0,0,0,0,0,,,,,,,,,0,,,,,,,
Bkcv4Kil4cr,p,https://www.instagram.com/thedogist/p/Bkcv4Kil4cr/,queued,0,0,,0,0,0,,,0,0,0,0,0,0,,,,,,,,,0,,,,,,,
Bkbb-H0jHFo,p,https://www.instagram.com/thedogist/p/Bkbb-H0jHFo/,queued,0,0,,0,0,0,,,0,0,0,0,0,0,,,,,,,,,0,,,,,,,
BkaasRolpbV,p,https://www.instagram.com/thedogist/p/BkaasRolpbV/,queued,0,0,,0,0,0,,,0,0,0,0,0,0,,,,,,,,,0,,,,,,,
BkX8kvglAvX,p,https://www.instagram.com/thedogist/p/BkX8kvglAvX/,queued,0,0,,0,0,0,,,0,0,0,0,0,0,,,,,,,,,0,,,,,,,
BkWTfNujaA7,p,https://www.instagram.com/thedogist/p/BkWTfNujaA7/,queued,0,0,,0,0,0,,,0,0,0,0,0,0,,,,,,,,,0,,,,,,,
BkV4RB0F4WN,p,https://www.instagram.com/thedogist/p/BkV4RB0F4WN/,queued,0,0,,0,0,0,,,0,0,0,0,0,0,,,,,,,,,0,,,,,,,
BkTmY9Tgjaq,p,https://www.instagram.com/thedogist/p/BkTmY9Tgjaq/,queued,0,0,,0,0,0,,,0,0,0,0,0,0,,,,,,,,,0,,,,,,,
BkTVnSfFAzB,p,https://www.instagram.com/thedogist/p/BkTVnSfFAzB/,queued,0,0,,0,0,0,,,0,0,0,0,0,0,,,,,,,,,0,,,,,,,
BkQ4vORFGKD,p,https://www.instagram.com/thedogist/p/BkQ4vORFGKD/,queued,0,0,,0,0,0,,,0,0,0,0,0,0,,,,,,,,,0,,,,,,,
BkQUKhWllo-,p,https://www.instagram.com/thedogist/p/BkQUKhWllo-/,queued,0,0,,0,0,0,,,0,0,0,0,0,0,,,,,,,,,0,,,,,,,
BkOjMTxlKMx,p,https://www.instagram.com/thedogist/p/BkOjMTxlKMx/,queued,0,0,,0,0,0,,,0,0,0,0,0,0,,,,,,,,,0,,,,,,,
BkN_hzIFS6E,p,https://www.instagram.com/thedogist/p/BkN_hzIFS6E/,queued,0,0,,0,0,0,,,0,0,0,0,0,0,,,,,,,,,0,,,,,,,
BkNq4MrAzdW,p,https://www.instagram.com/thedogist/p/BkNq4MrAzdW/,queued,0,0,,0,0,0,,,0,0,0,0,0,0,,,,,,,,,0,,,,,,,
BkL-kXoAeON,p,https://www.instagram.com/thedogist/p/BkL-kXoAeON/,queued,0,0,,0,0,0,,,0,0,0,0,0,0,,,,,,,,,0,,,,,,,
BkLhiDdFggf,p,https://www.instagram.com/thedogist/p/BkLhiDdFggf/,queued,0,0,,0,0,0,,,0,0,0,0,0,0,,,,,,,,,0,,,,,,,
BkJjhAxA20c,p,https://www.instagram.com/thedogist/p/BkJjhAxA20c/,queued,0,0,,0,0,0,,,0,0,0,0,0,0,,,,,,,,,0,,,,,,,
BkIzn7EFUPb,p,https://www.instagram.com/thedogist/p/BkIzn7EFUPb/,queued,0,0,,0,0,0,,,0,0,0,0,0,0,,,,,,,,,0,,,,,,,
BkGZKLNl6k2,p,https://www.instagram.com/thedogist/p/BkGZKLNl6k2/,queued,0,0,,0,0,0,,,0,0,0,0,0,0,,,,,,,,,0,,,,,,,
BkGEBRTFyXw,p,https://www.instagram.com/thedogist/p/BkGEBRTFyXw/,queued,0,0,,0,0,0,,,0,0,0,0,0,0,,,,,,,,,0,,,,,,,
BkESV4eAdvo,p,https://www.instagram.com/thedogist/p/BkESV4eAdvo/,queued,0,0,,0,0,0,,,0,0,0,0,0,0,,,,,,,,,0,,,,,,,
BkDclmDlRzX,p,https://www.instagram.com/thedogist/p/BkDclmDlRzX/,queued,0,0,,0,0,0,,,0,0,0,0,0,0,,,,,,,,,0,,,,,,,
BkB1LJKALKY,p,https://www.instagram.com/thedogist/p/BkB1LJKALKY/,queued,0,0,,0,0,0,,,0,0,0,0,0,0,,,,,,,,,0,,,,,,,
BkBQLpSlwan,p,https://www.instagram.com/thedogist/p/BkBQLpSlwan/,queued,0,0,,0,0,0,,,0,0,0,0,0,0,,,,,,,,,0,,,,,,,
Bj-3jgllof7,p,https://www.instagram.com/thedogist/p/Bj-3jgllof7/,queued,0,0,,0,0,0,,,0,0,0,0,0,0,,,,,,,,,0,,,,,,,
Bj-leUnl26L,p,https://www.instagram.com/thedogist/p/Bj-leUnl26L/,queued,0,0,,0,0,0,,,0,0,0,0,0,0,,,,,,,,,0,,,,,,,
Bj8qmBZgLUU,p,https://www.instagram.com/thedogist/p/Bj8qmBZgLUU/,queued,0,0,,0,0,0,,,0,0,0,0,0,0,,,,,,,,,0,,,,,,,
Bj785rPlH9O,p,https://www.instagram.com/thedogist/p/Bj785rPlH9O/,queued,0,0,,0,0,0,,,0,0,0,0,0,0,,,,,,,,,0,,,,,,,
Bj7gUccFMPF,p,https://www.instagram.com/thedogist/p/Bj7gUccFMPF/,queued,0,0,,0,0,0,,,0,0,0,0,0,0,,,,,,,,,0,,,,,,,
Bj51Y6jlV63,p,https://www.instagram.com/thedogist/p/Bj51Y6jlV63/,queued,0,0,,0,0,0,,,0,0,0,0,0,0,,,,,,,,,0,,,,,,,
Bj5cTKal8Nm,p,https://www.instagram.com/thedogist/p/Bj5cTKal8Nm/,queued,0,0,,0,0,0,,,0,0,0,0,0,0,,,,,,,,,0,,,,,,,
Bj3QRZIgixR,p,https://www.instagram.com/thedogist/p/Bj3QRZIgixR/,queued,0,0,,0,0,0,,,0,0,0,0,0,0,,,,,,,,,0,,,,,,,
Bj2s83SlNMu,p,https://www.instagram.com/thedogist/p/Bj2s83SlNMu/,queued,0,0,,0,0,0,,,0,0,0,0,0,0,,,,,,,,,0,,,,,,,
Bj0kdfFAxOO,p,https://www.instagram.com/thedogist/p/Bj0kdfFAxOO/,queued,0,0,,0,0,0,,,0,0,0,0,0,0,,,,,,,,,0,,,,,,,
BjzzkecFmRx,p,https://www.instagram.com/thedogist/p/BjzzkecFmRx/,queued,0,0,,0,0,0,,,0,0,0,0,0,0,,,,,,,,,0,,,,,,,
BjyZNNLg9pA,p,https://www.instagram.com/thedogist/p/BjyZNNLg9pA/,queued,0,0,,0,0,0,,,0,0,0,0,0,0,,,,,,,,,0,,,,,,,
BjxzccSlDGe,p,https://www.instagram.com/thedogist/p/BjxzccSlDGe/,queued,0,0,,0,0,0,,,0,0,0,0,0,0,,,,,,,,,0,,,,,,,
Bjvu8_cAaJE,p,https://www.instagram.com/thedogist/p/Bjvu8_cAaJE/,queued,0,0,,0,0,0,,,0,0,0,0,0,0,,,,,,,,,0,,,,,,,
Bjs8aopgV0s,p,https://www.instagram.com/thedogist/p/Bjs8aopgV0s/,queued,0,0,,0,0,0,,,0,0,0,0,0,0,,,,,,,,,0,,,,,,,
BjsextCAKGs,p,https://www.instagram.com/thedogist/p/BjsextCAKGs/,queued,0,0,,0,0,0,,,0,0,0,0,0,0,,,,,,,,,0,,,,,,,
BjqqlrQAI-u,p,https://www.instagram.com/thedogist/p/BjqqlrQAI-u/,queued,0,0,,0,0,0,,,0,0,0,0,0,0,,,,,,,,,0,,,,,,,
BjqBtwLgqd0,p,https://www.instagram.com/thedogist/p/BjqBtwLgqd0/,queued,0,0,,0,0,0,,,0,0,0,0,0,0,,,,,,,,,0,,,,,,,
Bjnrttngsrq,p,https://www.instagram.com/thedogist/p/Bjnrttngsrq/,queued,0,0,,0,0,0,,,0,0,0,0,0,0,,,,,,,,,0,,,,,,,
BjnQtbggO90,p,https://www.instagram.com/thedogist/p/BjnQtbggO90/,queued,0,0,,0,0,0,,,0,0,0,0,0,0,,,,,,,,,0,,,,,,,
Bjlu38JFHbP,p,https://www.instagram.com/thedogist/p/Bjlu38JFHbP/,queued,0,0,,0,0,0,,,0,0,0,0,0,0,,,,,,,,,0,,,,,,,
BjlHuS5DAC-,p,https://www.instagram.com/thedogist/p/BjlHuS5DAC-/,queued,0,0,,0,0,0,,,0,0,0,0,0,0,,,,,,,,,0,,,,,,,
Bjkv-mbjRgH,p,https://www.instagram.com/thedogist/p/Bjkv-mbjRgH/,queued,0,0,,0,0,0,,,0,0,0,0,0,0,,,,,,,,,0,,,,,,,
BjijRfLjbYm,p,https://www.instagram.com/thedogist/p/BjijRfLjbYm/,queued,0,0,,0,0,0,,,0,0,0,0,0,0,,,,,,,,,0,,,,,,,
BjiIFC7jx9U,p,https://www.instagram.com/thedogist/p/BjiIFC7jx9U/,queued,0,0,,0,0,0,,,0,0,0,0,0,0,,,,,,,,,0,,,,,,,
BjgArBDjKKg,p,https://www.instagram.com/thedogist/p/BjgArBDjKKg/,queued,0,0,,0,0,0,,,0,0,0,0,0,0,,,,,,,,,0,,,,,,,
Bje_9UoDJ_N,p,https://www.instagram.com/thedogist/p/Bje_9UoDJ_N/,queued,0,0,,0,0,0,,,0,0,0,0,0,0,,,,,,,,,0,,,,,,,
BjdncppjOYS,p,https://www.instagram.com/thedogist/p/BjdncppjOYS/,queued,0,0,,0,0,0,,,0,0,0,0,0,0,,,,,,,,,0,,,,,,,
BjchjeSA_wE,p,https://www.instagram.com/thedogist/p/BjchjeSA_wE/,queued,0,0,,0,0,0,,,0,0,0,0,0,0,,,,,,,,,0,,,,,,,
BjasHbnDnYD,p,https://www.instagram.com/thedogist/p/BjasHbnDnYD/,queued,0,0,,0,0,0,,,0,0,0,0,0,0,,,,,,,,,0,,,,,,,
BjYBHA0jZ1J,p,https://www.instagram.com/thedogist/p/BjYBHA0jZ1J/,queued,0,0,,0,0,0,,,0,0,0,0,0,0,,,,,,,,,0,,,,,,,
BjV9c6Rj3Ka,p,https://www.instagram.com/thedogist/p/BjV9c6Rj3Ka/,queued,0,0,,0,0,0,,,0,0,0,0,0,0,,,,,,,,,0,,,,,,,
BjVgFsNDiLA,p,https://www.instagram.com/thedogist/p/BjVgFsNDiLA/,queued,0,0,,0,0,0,,,0,0,0,0,0,0,,,,,,,,,0,,,,,,,
BjSlmY-jzAs,p,https://www.instagram.com/thedogist/p/BjSlmY-jzAs/,queued,0,0,,0,0,0,,,0,0,0,0,0,0,,,,,,,,,0,,,,,,,
BjQxIkODGWi,p,https://www.instagram.com/thedogist/p/BjQxIkODGWi/,queued,0,0,,0,0,0,,,0,0,0,0,0,0,,,,,,,,,0,,,,,,,
BjP6ROpjkdL,p,https://www.instagram.com/thedogist/p/BjP6ROpjkdL/,queued,0,0,,0,0,0,,,0,0,0,0,0,0,,,,,,,,,0,,,,,,,
BjOHpBBgjsA,p,https://www.instagram.com/thedogist/p/BjOHpBBgjsA/,queued,0,0,,0,0,0,,,0,0,0,0,0,0,,,,,,,,,0,,,,,,,
BjNHVIXjAyB,p,https://www.instagram.com/thedogist/p/BjNHVIXjAyB/,queued,0,0,,0,0,0,,,0,0,0,0,0,0,,,,,,,,,0,,,,,,,
BjLlYOfAyfq,p,https://www.instagram.com/thedogist/p/BjLlYOfAyfq/,queued,0,0,,0,0,0,,,0,0,0,0,0,0,,,,,,,,,0,,,,,,,
BjK-YJuj8EV,p,https://www.instagram.com/thedogist/p/BjK-YJuj8EV/,queued,0,0,,0,0,0,,,0,0,0,0,0,0,,,,,,,,,0,,,,,,,
BjIeN-XDY6o,p,https://www.instagram.com/thedogist/p/BjIeN-XDY6o/,queued,0,0,,0,0,0,,,0,0,0,0,0,0,,,,,,,,,0,,,,,,,
BjGAZPjjbnx,p,https://www.instagram.com/thedogist/p/BjGAZPjjbnx/,queued,0,0,,0,0,0,,,0,0,0,0,0,0,,,,,,,,,0,,,,,,,
BjD4FErjwPD,p,https://www.instagram.com/thedogist/p/BjD4FErjwPD/,queued,0,0,,0,0,0,,,0,0,0,0,0,0,,,,,,,,,0,,,,,,,
BjDGbsEjufz,p,https://www.instagram.com/thedogist/p/BjDGbsEjufz/,queued,0,0,,0,0,0,,,0,0,0,0,0,0,,,,,,,,,0,,,,,,,
BjA5P6kjjaA,p,https://www.instagram.com/thedogist/p/BjA5P6kjjaA/,queued,0,0,,0,0,0,,,0,0,0,0,0,0,,,,,,,,,0,,,,,,,
Bi9vL8LjytU,p,https://www.instagram.com/thedogist/p/Bi9vL8LjytU/,queued,0,0,,0,0,0,,,0,0,0,0,0,0,,,,,,,,,0,,,,,,,
Bi7RgCmDWkN,p,https://www.instagram.com/thedogist/p/Bi7RgCmDWkN/,queued,0,0,,0,0,0,,,0,0,0,0,0,0,,,,,,,,,0,,,,,,,
Bi5yzBIDdtQ,p,https://www.instagram.com/thedogist/p/Bi5yzBIDdtQ/,queued,0,0,,0,0,0,,,0,0,0,0,0,0,,,,,,,,,0,,,,,,,
Bi4ps49D1ku,p,https://www.instagram.com/thedogist/p/Bi4ps49D1ku/,queued,0,0,,0,0,0,,,0,0,0,0,0,0,,,,,,,,,0,,,,,,,
Bi3Mf4Sj7f7,p,https://www.instagram.com/thedogist/p/Bi3Mf4Sj7f7/,queued,0,0,,0,0,0,,,0,0,0,0,0,0,,,,,,,,,0,,,,,,,
Bi2nCv6j8Ob,p,https://www.instagram.com/thedogist/p/Bi2nCv6j8Ob/,queued,0,0,,0,0,0,,,0,0,0,0,0,0,,,,,,,,,0,,,,,,,
Bi0SVRtH2yX,p,https://www.instagram.com/thedogist/p/Bi0SVRtH2yX/,queued,0,0,,0,0,0,,,0,0,0,0,0,0,,,,,,,,,0,,,,,,,
BizgCOEDciX,p,https://www.instagram.com/thedogist/p/BizgCOEDciX/,queued,0,0,,0,0,0,,,0,0,0,0,0,0,,,,,,,,,0,,,,,,,
Bixw_usAYzm,p,https://www.instagram.com/thedogist/p/Bixw_usAYzm/,queued,0,0,,0,0,0,,,0,0,0,0,0,0,,,,,,,,,0,,,,,,,
Biwub0ygoxO,p,https://www.instagram.com/thedogist/p/Biwub0ygoxO/,queued,0,0,,0,0,0,,,0,0,0,0,0,0,,,,,,,,,0,,,,,,,
BivF6_XA7xA,p,https://www.instagram.com/thedogist/p/BivF6_XA7xA/,queued,0,0,,0,0,0,,,0,0,0,0,0,0,,,,,,,,,0,,,,,,,
BiuYhqIAUVt,p,https://www.instagram.com/thedogist/p/BiuYhqIAUVt/,queued,0,0,,0,0,0,,,0,0,0,0,0,0,,,,,,,,,0,,,,,,,
BisqD6bABGL,p,https://www.instagram.com/thedogist/p/BisqD6bABGL/,queued,0,0,,0,0,0,,,0,0,0,0,0,0,,,,,,,,,0,,,,,,,
Birp-j8g59f,p,https://www.instagram.com/thedogist/p/Birp-j8g59f/,queued,0,0,,0,0,0,,,0,0,0,0,0,0,,,,,,,,,0,,,,,,,
BipkxJSg7oW,p,https://www.instagram.com/thedogist/p/BipkxJSg7oW/,queued,0,0,,0,0,0,,,0,0,0,0,0,0,,,,,,,,,0,,,,,,,
Bins3V1AJ0l,p,https://www.instagram.com/thedogist/p/Bins3V1AJ0l/,queued,0,0,,0,0,0,,,0,0,0,0,0,0,,,,,,,,,0,,,,,,,
Bim1cbpghv0,p,https://www.instagram.com/thedogist/p/Bim1cbpghv0/,queued,0,0,,0,0,0,,,0,0,0,0,0,0,,,,,,,,,0,,,,,,,
BikRBUoAlQI,p,https://www.instagram.com/thedogist/p/BikRBUoAlQI/,queued,0,0,,0,0,0,,,0,0,0,0,0,0,,,,,,,,,0,,,,,,,
BiilzQ1Aylh,p,https://www.instagram.com/thedogist/p/BiilzQ1Aylh/,queued,0,0,,0,0,0,,,0,0,0,0,0,0,,,,,,,,,0,,,,,,,
Bihi07tAUjq,p,https://www.instagram.com/thedogist/p/Bihi07tAUjq/,queued,0,0,,0,0,0,,,0,0,0,0,0,0,,,,,,,,,0,,,,,,,
Bif8pK_Auo7,p,https://www.instagram.com/thedogist/p/Bif8pK_Auo7/,queued,0,0,,0,0,0,,,0,0,0,0,0,0,,,,,,,,,0,,,,,,,
BifOYIagzBD,p,https://www.instagram.com/thedogist/p/BifOYIagzBD/,queued,0,0,,0,0,0,,,0,0,0,0,0,0,,,,,,,,,0,,,,,,,
BidPEl1AMIG,p,https://www.instagram.com/thedogist/p/BidPEl1AMIG/,queued,0,0,,0,0,0,,,0,0,0,0,0,0,,,,,,,,,0,,,,,,,
BicGG66g9kz,p,https://www.instagram.com/thedogist/p/BicGG66g9kz/,queued,0,0,,0,0,0,,,0,0,0,0,0,0,,,,,,,,,0,,,,,,,
BiZvllTADu_,p,https://www.instagram.com/thedogist/p/BiZvllTADu_/,queued,0,0,,0,0,0,,,0,0,0,0,0,0,,,,,,,,,0,,,,,,,
BiYBRiyATRB,p,https://www.instagram.com/thedogist/p/BiYBRiyATRB/,queued,0,0,,0,0,0,,,0,0,0,0,0,0,,,,,,,,,0,,,,,,,
BiXbKFHg3BZ,p,https://www.instagram.com/thedogist/p/BiXbKFHg3BZ/,queued,0,0,,0,0,0,,,0,0,0,0,0,0,,,,,,,,,0,,,,,,,
BiVP9B1AsIo,p,https://www.instagram.com/thedogist/p/BiVP9B1AsIo/,queued,0,0,,0,0,0,,,0,0,0,0,0,0,,,,,,,,,0,,,,,,,
BiUjzP1AqMY,p,https://www.instagram.com/thedogist/p/BiUjzP1AqMY/,queued,0,0,,0,0,0,,,0,0,0,0,0,0,,,,,,,,,0,,,,,,,
BiS2GsRgoJs,p,https://www.instagram.com/thedogist/p/BiS2GsRgoJs/,queued,0,0,,0,0,0,,,0,0,0,0,0,0,,,,,,,,,0,,,,,,,
BiSBiwlAr_a,p,https://www.instagram.com/thedogist/p/BiSBiwlAr_a/,queued,0,0,,0,0,0,,,0,0,0,0,0,0,,,,,,,,,0,,,,,,,
BiP96ybgqwO,p,https://www.instagram.com/thedogist/p/BiP96ybgqwO/,queued,0,0,,0,0,0,,,0,0,0,0,0,0,,,,,,,,,0,,,,,,,
BiN27Mbg8ec,p,https://www.instagram.com/thedogist/p/BiN27Mbg8ec/,queued,0,0,,0,0,0,,,0,0,0,0,0,0,,,,,,,,,0,,,,,,,
BiNnJ4_gmZ2,p,https://www.instagram.com/thedogist/p/BiNnJ4_gmZ2/,queued,0,0,,0,0,0,,,0,0,0,0,0,0,,,,,,,,,0,,,,,,,
BiMzVvFgL66,p,https://www.instagram.com/thedogist/p/BiMzVvFgL66/,queued,0,0,,0,0,0,,,0,0,0,0,0,0,,,,,,,,,0,,,,,,,
BiLRboCgucx,p,https://www.instagram.com/thedogist/p/BiLRboCgucx/,queued,0,0,,0,0,0,,,0,0,0,0,0,0,,,,,,,,,0,,,,,,,
BiKjQg1A8cx,p,https://www.instagram.com/thedogist/p/BiKjQg1A8cx/,queued,0,0,,0,0,0,,,0,0,0,0,0,0,,,,,,,,,0,,,,,,,
BiIOCQMgmLg,p,https://www.instagram.com/thedogist/p/BiIOCQMgmLg/,queued,0,0,,0,0,0,,,0,0,0,0,0,0,,,,,,,,,0,,,,,,,
BiHrmNfAjSZ,p,https://www.instagram.com/thedogist/p/BiHrmNfAjSZ/,queued,0,0,,0,0,0,,,0,0,0,0,0,0,,,,,,,,,0,,,,,,,
BiF5Pb0gvcG,p,https://www.instagram.com/thedogist/p/BiF5Pb0gvcG/,queued,0,0,,0,0,0,,,0,0,0,0,0,0,,,,,,,,,0,,,,,,,
BiFIUrCAGW8,p,https://www.instagram.com/thedogist/p/BiFIUrCAGW8/,queued,0,0,,0,0,0,,,0,0,0,0,0,0,,,,,,,,,0,,,,,,,
BiDKDWNgNvb,p,https://www.instagram.com/thedogist/p/BiDKDWNgNvb/,queued,0,0,,0,0,0,,,0,0,0,0,0,0,,,,,,,,,0,,,,,,,
BiChLLxgdwy,p,https://www.instagram.com/thedogist/p/BiChLLxgdwy/,queued,0,0,,0,0,0,,,0,0,0,0,0,0,,,,,,,,,0,,,,,,,
BiA3mb5gCH2,p,https://www.instagram.com/thedogist/p/BiA3mb5gCH2/,queued,0,0,,0,0,0,,,0,0,0,0,0,0,,,,,,,,,0,,,,,,,
BiAPe9jgAWf,p,https://www.instagram.com/thedogist/p/BiAPe9jgAWf/,queued,0,0,,0,0,0,,,0,0,0,0,0,0,,,,,,,,,0,,,,,,,
Bh-fUYWg0sV,p,https://www.instagram.com/thedogist/p/Bh-fUYWg0sV/,queued,0,0,,0,0,0,,,0,0,0,0,0,0,,,,,,,,,0,,,,,,,
Bh9ps-bANxg,p,https://www.instagram.com/thedogist/p/Bh9ps-bANxg/,queued,0,0,,0,0,0,,,0,0,0,0,0,0,,,,,,,,,0,,,,,,,
Bh7w0vBAMlm,p,https://www.instagram.com/thedogist/p/Bh7w0vBAMlm/,queued,0,0,,0,0,0,,,0,0,0,0,0,0,,,,,,,,,0,,,,,,,
Bh7VrJhg2rc,p,https://www.instagram.com/thedogist/p/Bh7VrJhg2rc/,queued,0,0,,0,0,0,,,0,0,0,0,0,0,,,,,,,,,0,,,,,,,
Bh65AhZgz72,p,https://www.instagram.com/thedogist/p/Bh65AhZgz72/,queued,0,0,,0,0,0,,,0,0,0,0,0,0,,,,,,,,,0,,,,,,,
Bh5EFC9A_fi,p,https://www.instagram.com/thedogist/p/Bh5EFC9A_fi/,queued,0,0,,0,0,0,,,0,0,0,0,0,0,,,,,,,,,0,,,,,,,
Bh4Ta36AfrX,p,https://www.instagram.com/thedogist/p/Bh4Ta36AfrX/,queued,0,0,,0,0,0,,,0,0,0,0,0,0,,,,,,,,,0,,,,,,,
Bh2coeogzx4,p,https://www.instagram.com/thedogist/p/Bh2coeogzx4/,queued,0,0,,0,0,0,,,0,0,0,0,0,0,,,,,,,,,0,,,,,,,
Bh1xHzVAudC,p,https://www.instagram.com/thedogist/p/Bh1xHzVAudC/,queued,0,0,,0,0,0,,,0,0,0,0,0,0,,,,,,,,,0,,,,,,,
BhzvkwoAZqh,p,https://www.instagram.com/thedogist/p/BhzvkwoAZqh/,queued,0,0,,0,0,0,,,0,0,0,0,0,0,,,,,,,,,0,,,,,,,
Bhy6l9wAP0g,p,https://www.instagram.com/thedogist/p/Bhy6l9wAP0g/,queued,0,0,,0,0,0,,,0,0,0,0,0,0,,,,,,,,,0,,,,,,,
BhxPZxFgBlD,p,https://www.instagram.com/thedogist/p/BhxPZxFgBlD/,queued,0,0,,0,0,0,,,0,0,0,0,0,0,,,,,,,,,0,,,,,,,
Bhu3ECKgtol,p,https://www.instagram.com/thedogist/p/Bhu3ECKgtol/,queued,0,0,,0,0,0,,,0,0,0,0,0,0,,,,,,,,,0,,,,,,,
BhuafxUAOZe,p,https://www.instagram.com/thedogist/p/BhuafxUAOZe/,queued,0,0,,0,0,0,,,0,0,0,0,0,0,,,,,,,,,0,,,,,,,
BhsDZxWgMQ0,p,https://www.instagram.com/thedogist/p/BhsDZxWgMQ0/,queued,0,0,,0,0,0,,,0,0,0,0,0,0,,,,,,,,,0,,,,,,,
BhrMvwKgfEN,p,https://www.instagram.com/thedogist/p/BhrMvwKgfEN/,queued,0,0,,0,0,0,,,0,0,0,0,0,0,,,,,,,,,0,,,,,,,
Bhp30fEgA57,p,https://www.instagram.com/thedogist/p/Bhp30fEgA57/,queued,0,0,,0,0,0,,,0,0,0,0,0,0,,,,,,,,,0,,,,,,,
Bho9CgaAEpy,p,https://www.instagram.com/thedogist/p/Bho9CgaAEpy/,queued,0,0,,0,0,0,,,0,0,0,0,0,0,,,,,,,,,0,,,,,,,
BhojNWRgTdU,p,https://www.instagram.com/thedogist/p/BhojNWRgTdU/,queued,0,0,,0,0,0,,,0,0,0,0,0,0,,,,,,,,,0,,,,,,,
BhnDftzgeV3,p,https://www.instagram.com/thedogist/p/BhnDftzgeV3/,queued,0,0,,0,0,0,,,0,0,0,0,0,0,,,,,,,,,0,,,,,,,
BhmIOKQAV61,p,https://www.instagram.com/thedogist/p/BhmIOKQAV61/,queued,0,0,,0,0,0,,,0,0,0,0,0,0,,,,,,,,,0,,,,,,,
BhkVCaGABjt,p,https://www.instagram.com/thedogist/p/BhkVCaGABjt/,queued,0,0,,0,0,0,,,0,0,0,0,0,0,,,,,,,,,0,,,,,,,
BhjY0vYA-X0,p,https://www.instagram.com/thedogist/p/BhjY0vYA-X0/,queued,0,0,,0,0,0,,,0,0,0,0,0,0,,,,,,,,,0,,,,,,,
BhiHgCDgB5K,p,https://www.instagram.com/thedogist/p/BhiHgCDgB5K/,queued,0,0,,0,0,0,,,0,0,0,0,0,0,,,,,,,,,0,,,,,,,
BhhFQv7A3QD,p,https://www.instagram.com/thedogist/p/BhhFQv7A3QD/,queued,0,0,,0,0,0,,,0,0,0,0,0,0,,,,,,,,,0,,,,,,,
Bhfn2zEA3KF,p,https://www.instagram.com/thedogist/p/Bhfn2zEA3KF/,queued,0,0,,0,0,0,,,0,0,0,0,0,0,,,,,,,,,0,,,,,,,
Bhejeomgpi1,p,https://www.instagram.com/thedogist/p/Bhejeomgpi1/,queued,0,0,,0,0,0,,,0,0,0,0,0,0,,,,,,,,,0,,,,,,,
Bhcp_vpgMzX,p,https://www.instagram.com/thedogist/p/Bhcp_vpgMzX/,queued,0,0,,0,0,0,,,0,0,0,0,0,0,,,,,,,,,0,,,,,,,
Bhb_8zug8Dk,p,https://www.instagram.com/thedogist/p/Bhb_8zug8Dk/,queued,0,0,,0,0,0,,,0,0,0,0,0,0,,,,,,,,,0,,,,,,,
BhaUsYcAk6R,p,https://www.instagram.com/thedogist/p/BhaUsYcAk6R/,queued,0,0,,0,0,0,,,0,0,0,0,0,0,,,,,,,,,0,,,,,,,
BhZwb6AgbOg,p,https://www.instagram.com/thedogist/p/BhZwb6AgbOg/,queued,0,0,,0,0,0,,,0,0,0,0,0,0,,,,,,,,,0,,,,,,,
BhXutLHgzD_,p,https://www.instagram.com/thedogist/p/BhXutLHgzD_/,queued,0,0,,0,0,0,,,0,0,0,0,0,0,,,,,,,,,0,,,,,,,
BhXSg_CgyAs,p,https://www.instagram.com/thedogist/p/BhXSg_CgyAs/,queued,0,0,,0,0,0,,,0,0,0,0,0,0,,,,,,,,,0,,,,,,,
BhWoqqog8ou,p,https://www.instagram.com/thedogist/p/BhWoqqog8ou/,queued,0,0,,0,0,0,,,0,0,0,0,0,0,,,,,,,,,0,,,,,,,
BhVZvPMAHQ3,p,https://www.instagram.com/thedogist/p/BhVZvPMAHQ3/,queued,0,0,,0,0,0,,,0,0,0,0,0,0,,,,,,,,,0,,,,,,,
BhUmjRAA6gG,p,https://www.instagram.com/thedogist/p/BhUmjRAA6gG/,queued,0,0,,0,0,0,,,0,0,0,0,0,0,,,,,,,,,0,,,,,,,
BhUFlQRAP2_,p,https://www.instagram.com/thedogist/p/BhUFlQRAP2_/,queued,0,0,,0,0,0,,,0,0,0,0,0,0,,,,,,,,,0,,,,,,,
BhSx70NApM4,p,https://www.instagram.com/thedogist/p/BhSx70NApM4/,queued,0,0,,0,0,0,,,0,0,0,0,0,0,,,,,,,,,0,,,,,,,
BhR4NrhgFAp,p,https://www.instagram.com/thedogist/p/BhR4NrhgFAp/,queued,0,0,,0,0,0,,,0,0,0,0,0,0,,,,,,,,,0,,,,,,,
BhQNipFgwdJ,p,https://www.instagram.com/thedogist/p/BhQNipFgwdJ/,queued,0,0,,0,0,0,,,0,0,0,0,0,0,,,,,,,,,0,,,,,,,
BhPm0y0AH6n,p,https://www.instagram.com/thedogist/p/BhPm0y0AH6n/,queued,0,0,,0,0,0,,,0,0,0,0,0,0,,,,,,,,,0,,,,,,,
BhNO8W2g7Ny,p,https://www.instagram.com/thedogist/p/BhNO8W2g7Ny/,queued,0,0,,0,0,0,,,0,0,0,0,0,0,,,,,,,,,0,,,,,,,
BhM8JCMgm5S,p,https://www.instagram.com/thedogist/p/BhM8JCMgm5S/,queued,0,0,,0,0,0,,,0,0,0,0,0,0,,,,,,,,,0,,,,,,,
BhKgALXg0CM,p,https://www.instagram.com/thedogist/p/BhKgALXg0CM/,queued,0,0,,0,0,0,,,0,0,0,0,0,0,,,,,,,,,0,,,,,,,
BhJwrwNA6iX,p,https://www.instagram.com/thedogist/p/BhJwrwNA6iX/,queued,0,0,,0,0,0,,,0,0,0,0,0,0,,,,,,,,,0,,,,,,,
BhIQFVNAHel,p,https://www.instagram.com/thedogist/p/BhIQFVNAHel/,queued,0,0,,0,0,0,,,0,0,0,0,0,0,,,,,,,,,0,,,,,,,
BhH5DHsAB_8,p,https://www.instagram.com/thedogist/p/BhH5DHsAB_8/,queued,0,0,,0,0,0,,,0,0,0,0,0,0,,,,,,,,,0,,,,,,,
BhFYq5MgEDc,p,https://www.instagram.com/thedogist/p/BhFYq5MgEDc/,queued,0,0,,0,0,0,,,0,0,0,0,0,0,,,,,,,,,0,,,,,,,
BhEt6BZg3mZ,p,https://www.instagram.com/thedogist/p/BhEt6BZg3mZ/,queued,0,0,,0,0,0,,,0,0,0,0,0,0,,,,,,,,,0,,,,,,,
BhCsQ0vAkcQ,p,https://www.instagram.com/thedogist/p/BhCsQ0vAkcQ/,queued,0,0,,0,0,0,,,0,0,0,0,0,0,,,,,,,,,0,,,,,,,
BhB_u-jAXAZ,p,https://www.instagram.com/thedogist/p/BhB_u-jAXAZ/,queued,0,0,,0,0,0,,,0,0,0,0,0,0,,,,,,,,,0,,,,,,,
BhAUSqXACV5,p,https://www.instagram.com/thedogist/p/BhAUSqXACV5/,queued,0,0,,0,0,0,,,0,0,0,0,0,0,,,,,,,,,0,,,,,,,
Bg_eyXigJwV,p,https://www.instagram.com/thedogist/p/Bg_eyXigJwV/,queued,0,0,,0,0,0,,,0,0,0,0,0,0,,,,,,,,,0,,,,,,,
Bg-MgIZgFkH,p,https://www.instagram.com/thedogist/p/Bg-MgIZgFkH/,queued,0,0,,0,0,0,,,0,0,0,0,0,0,,,,,,,,,0,,,,,,,
Bg9OCxlA0ME,p,https://www.instagram.com/thedogist/p/Bg9OCxlA0ME/,queued,0,0,,0,0,0,,,0,0,0,0,0,0,,,,,,,,,0,,,,,,,
Bg7Ddb6D6fR,p,https://www.instagram.com/thedogist/p/Bg7Ddb6D6fR/,queued,0,0,,0,0,0,,,0,0,0,0,0,0,,,,,,,,,0,,,,,,,
Bg6g0xyjxUl,p,https://www.instagram.com/thedogist/p/Bg6g0xyjxUl/,queued,0,0,,0,0,0,,,0,0,0,0,0,0,,,,,,,,,0,,,,,,,
Bg4qFNwAdlR,p,https://www.instagram.com/thedogist/p/Bg4qFNwAdlR/,queued,0,0,,0,0,0,,,0,0,0,0,0,0,,,,,,,,,0,,,,,,,
Bg31RfRgwA4,p,https://www.instagram.com/thedogist/p/Bg31RfRgwA4/,queued,0,0,,0,0,0,,,0,0,0,0,0,0,,,,,,,,,0,,,,,,,
Bg2lYR4gQSj,p,https://www.instagram.com/thedogist/p/Bg2lYR4gQSj/,queued,0,0,,0,0,0,,,0,0,0,0,0,0,,,,,,,,,0,,,,,,,
Bg2BkbSASdR,p,https://www.instagram.com/thedogist/p/Bg2BkbSASdR/,queued,0,0,,0,0,0,,,0,0,0,0,0,0,,,,,,,,,0,,,,,,,
Bg1O9ESAb-f,p,https://www.instagram.com/thedogist/p/Bg1O9ESAb-f/,queued,0,0,,0,0,0,,,0,0,0,0,0,0,,,,,,,,,0,,,,,,,
BgzvUTHguhw,p,https://www.instagram.com/thedogist/p/BgzvUTHguhw/,queued,0,0,,0,0,0,,,0,0,0,0,0,0,,,,,,,,,0,,,,,,,
BgyxR2RAdLi,p,https://www.instagram.com/thedogist/p/BgyxR2RAdLi/,queued,0,0,,0,0,0,,,0,0,0,0,0,0,,,,,,,,,0,,,,,,,
BgxJKW6AZMu,p,https://www.instagram.com/thedogist/p/BgxJKW6AZMu/,queued,0,0,,0,0,0,,,0,0,0,0,0,0,,,,,,,,,0,,,,,,,
BgwGpsvAv4j,p,https://www.instagram.com/thedogist/p/BgwGpsvAv4j/,queued,0,0,,0,0,0,,,0,0,0,0,0,0,,,,,,,,,0,,,,,,,
BguXzYcgs9W,p,https://www.instagram.com/thedogist/p/BguXzYcgs9W/,queued,0,0,,0,0,0,,,0,0,0,0,0,0,,,,,,,,,0,,,,,,,
BgtlR3LAmVK,p,https://www.instagram.com/thedogist/p/BgtlR3LAmVK/,queued,0,0,,0,0,0,,,0,0,0,0,0,0,,,,,,,,,0,,,,,,,
Bgr2BjbgJqr,p,https://www.instagram.com/thedogist/p/Bgr2BjbgJqr/,queued,0,0,,0,0,0,,,0,0,0,0,0,0,,,,,,,,,0,,,,,,,
Bgq77GXA_6s,p,https://www.instagram.com/thedogist/p/Bgq77GXA_6s/,queued,0,0,,0,0,0,,,0,0,0,0,0,0,,,,,,,,,0,,,,,,,
BgpAC4iA3LT,p,https://www.instagram.com/thedogist/p/BgpAC4iA3LT/,queued,0,0,,0,0,0,,,0,0,0,0,0,0,,,,,,,,,0,,,,,,,
BgoWwv9A28k,p,https://www.instagram.com/thedogist/p/BgoWwv9A28k/,queued,0,0,,0,0,0,,,0,0,0,0,0,0,,,,,,,,,0,,,,,,,
Bgmo5TpgwmX,p,https://www.instagram.com/thedogist/p/Bgmo5TpgwmX/,queued,0,0,,0,0,0,,,0,0,0,0,0,0,,,,,,,,,0,,,,,,,
BgmHU8agKW3,p,https://www.instagram.com/thedogist/p/BgmHU8agKW3/,queued,0,0,,0,0,0,,,0,0,0,0,0,0,,,,,,,,,0,,,,,,,
BgkTfmiAo9e,p,https://www.instagram.com/thedogist/p/BgkTfmiAo9e/,queued,0,0,,0,0,0,,,0,0,0,0,0,0,,,,,,,,,0,,,,,,,
BgjI6K1gBez,p,https://www.instagram.com/thedogist/p/BgjI6K1gBez/,queued,0,0,,0,0,0,,,0,0,0,0,0,0,,,,,,,,,0,,,,,,,
Bghi2SwAMuq,p,https://www.instagram.com/thedogist/p/Bghi2SwAMuq/,queued,0,0,,0,0,0,,,0,0,0,0,0,0,,,,,,,,,0,,,,,,,
BggvIy5gINV,p,https://www.instagram.com/thedogist/p/BggvIy5gINV/,queued,0,0,,0,0,0,,,0,0,0,0,0,0,,,,,,,,,0,,,,,,,
Bgewk4HgKbi,p,https://www.instagram.com/thedogist/p/Bgewk4HgKbi/,queued,0,0,,0,0,0,,,0,0,0,0,0,0,,,,,,,,,0,,,,,,,
BgeABo3A1I4,p,https://www.instagram.com/thedogist/p/BgeABo3A1I4/,queued,0,0,,0,0,0,,,0,0,0,0,0,0,,,,,,,,,0,,,,,,,
BgcY0WxgplA,p,https://www.instagram.com/thedogist/p/BgcY0WxgplA/,queued,0,0,,0,0,0,,,0,0,0,0,0,0,,,,,,,,,0,,,,,,,
Bgbv63wAhic,p,https://www.instagram.com/thedogist/p/Bgbv63wAhic/,queued,0,0,,0,0,0,,,0,0,0,0,0,0,,,,,,,,,0,,,,,,,
BgZpXwDASCZ,p,https://www.instagram.com/thedogist/p/BgZpXwDASCZ/,queued,0,0,,0,0,0,,,0,0,0,0,0,0,,,,,,,,,0,,,,,,,
BgY2LQ2AR7-,p,https://www.instagram.com/thedogist/p/BgY2LQ2AR7-/,queued,0,0,,0,0,0,,,0,0,0,0,0,0,,,,,,,,,0,,,,,,,
BgXaMt7gfEI,p,https://www.instagram.com/thedogist/p/BgXaMt7gfEI/,queued,0,0,,0,0,0,,,0,0,0,0,0,0,,,,,,,,,0,,,,,,,
BgWkStBgYHm,p,https://www.instagram.com/thedogist/p/BgWkStBgYHm/,queued,0,0,,0,0,0,,,0,0,0,0,0,0,,,,,,,,,0,,,,,,,
BgUbkfbgMgJ,p,https://www.instagram.com/thedogist/p/BgUbkfbgMgJ/,queued,0,0,,0,0,0,,,0,0,0,0,0,0,,,,,,,,,0,,,,,,,
BgT4U1pgao7,p,https://www.instagram.com/thedogist/p/BgT4U1pgao7/,queued,0,0,,0,0,0,,,0,0,0,0,0,0,,,,,,,,,0,,,,,,,
BgSBYrOgliN,p,https://www.instagram.com/thedogist/p/BgSBYrOgliN/,queued,0,0,,0,0,0,,,0,0,0,0,0,0,,,,,,,,,0,,,,,,,
BgRkWLSAGeW,p,https://www.instagram.com/thedogist/p/BgRkWLSAGeW/,queued,0,0,,0,0,0,,,0,0,0,0,0,0,,,,,,,,,0,,,,,,,
BgPTwjkgMWK,p,https://www.instagram.com/thedogist/p/BgPTwjkgMWK/,queued,0,0,,0,0,0,,,0,0,0,0,0,0,,,,,,,,,0,,,,,,,
BgO4je6AjPm,p,https://www.instagram.com/thedogist/p/BgO4je6AjPm/,queued,0,0,,0,0,0,,,0,0,0,0,0,0,,,,,,,,,0,,,,,,,
BgNJl14AVKC,p,https://www.instagram.com/thedogist/p/BgNJl14AVKC/,queued,0,0,,0,0,0,,,0,0,0,0,0,0,,,,,,,,,0,,,,,,,
BgM_3Twg_Wl,p,https://www.instagram.com/thedogist/p/BgM_3Twg_Wl/,queued,0,0,,0,0,0,,,0,0,0,0,0,0,,,,,,,,,0,,,,,,,
BgMHDeIAxOe,p,https://www.instagram.com/thedogist/p/BgMHDeIAxOe/,queued,0,0,,0,0,0,,,0,0,0,0,0,0,,,,,,,,,0,,,,,,,
BgKcf0EAiO6,p,https://www.instagram.com/thedogist/p/BgKcf0EAiO6/,queued,0,0,,0,0,0,,,0,0,0,0,0,0,,,,,,,,,0,,,,,,,
BgJ8xqygGDs,p,https://www.instagram.com/thedogist/p/BgJ8xqygGDs/,queued,0,0,,0,0,0,,,0,0,0,0,0,0,,,,,,,,,0,,,,,,,
BgHzsQngWMt,p,https://www.instagram.com/thedogist/p/BgHzsQngWMt/,queued,0,0,,0,0,0,,,0,0,0,0,0,0,,,,,,,,,0,,,,,,,
BgHKOIMgUKD,p,https://www.instagram.com/thedogist/p/BgHKOIMgUKD/,queued,0,0,,0,0,0,,,0,0,0,0,0,0,,,,,,,,,0,,,,,,,
BgFN7pUgt66,p,https://www.instagram.com/thedogist/p/BgFN7pUgt66/,queued,0,0,,0,0,0,,,0,0,0,0,0,0,,,,,,,,,0,,,,,,,
BgEk6SaAxca,p,https://www.instagram.com/thedogist/p/BgEk6SaAxca/,queued,0,0,,0,0,0,,,0,0,0,0,0,0,,,,,,,,,0,,,,,,,
BgDHnoHA_7a,p,https://www.instagram.com/thedogist/p/BgDHnoHA_7a/,queued,0,0,,0,0,0,,,0,0,0,0,0,0,,,,,,,,,0,,,,,,,
BgCm2CrguVj,p,https://www.instagram.com/thedogist/p/BgCm2CrguVj/,queued,0,0,,0,0,0,,,0,0,0,0,0,0,,,,,,,,,0,,,,,,,
Bf_QGzCgkNo,p,https://www.instagram.com/thedogist/p/Bf_QGzCgkNo/,queued,0,0,,0,0,0,,,0,0,0,0,0,0,,,,,,,,,0,,,,,,,
Bf9z_uTAdyQ,p,https://www.instagram.com/thedogist/p/Bf9z_uTAdyQ/,queued,0,0,,0,0,0,,,0,0,0,0,0,0,,,,,,,,,0,,,,,,,
Bf82I9nACF1,p,https://www.instagram.com/thedogist/p/Bf82I9nACF1/,queued,0,0,,0,0,0,,,0,0,0,0,0,0,,,,,,,,,0,,,,,,,
Bf7E69UAw7u,p,https://www.instagram.com/thedogist/p/Bf7E69UAw7u/,queued,0,0,,0,0,0,,,0,0,0,0,0,0,,,,,,,,,0,,,,,,,
Bf6Gfl8A9ji,p,https://www.instagram.com/thedogist/p/Bf6Gfl8A9ji/,queued,0,0,,0,0,0,,,0,0,0,0,0,0,,,,,,,,,0,,,,,,,
Bf4ccjMAAMJ,p,https://www.instagram.com/thedogist/p/Bf4ccjMAAMJ/,queued,0,0,,0,0,0,,,0,0,0,0,0,0,,,,,,,,,0,,,,,,,
Bf3jLmpg6EO,p,https://www.instagram.com/thedogist/p/Bf3jLmpg6EO/,queued,0,0,,0,0,0,,,0,0,0,0,0,0,,,,,,,,,0,,,,,,,
Bf12dkWgjel,p,https://www.instagram.com/thedogist/p/Bf12dkWgjel/,queued,0,0,,0,0,0,,,0,0,0,0,0,0,,,,,,,,,0,,,,,,,
Bf08UGxAlQY,p,https://www.instagram.com/thedogist/p/Bf08UGxAlQY/,queued,0,0,,0,0,0,,,0,0,0,0,0,0,,,,,,,,,0,,,,,,,
Bfzn4NuAp_0,p,https://www.instagram.com/thedogist/p/Bfzn4NuAp_0/,queued,0,0,,0,0,0,,,0,0,0,0,0,0,,,,,,,,,0,,,,,,,
Bfy73ZAgDKk,p,https://www.instagram.com/thedogist/p/Bfy73ZAgDKk/,queued,0,0,,0,0,0,,,0,0,0,0,0,0,,,,,,,,,0,,,,,,,
BfyVU8kgMAz,p,https://www.instagram.com/thedogist/p/BfyVU8kgMAz/,queued,0,0,,0,0,0,,,0,0,0,0,0,0,,,,,,,,,0,,,,,,,
BfwofZ2D_Le,p,https://www.instagram.com/thedogist/p/BfwofZ2D_Le/,queued,0,0,,0,0,0,,,0,0,0,0,0,0,,,,,,,,,0,,,,,,,
BfvqLmfg9wA,p,https://www.instagram.com/thedogist/p/BfvqLmfg9wA/,queued,0,0,,0,0,0,,,0,0,0,0,0,0,,,,,,,,,0,,,,,,,
Bft1itAgaVO,p,https://www.instagram.com/thedogist/p/Bft1itAgaVO/,queued,0,0,,0,0,0,,,0,0,0,0,0,0,,,,,,,,,0,,,,,,,
BftNGpRghY7,p,https://www.instagram.com/thedogist/p/BftNGpRghY7/,queued,0,0,,0,0,0,,,0,0,0,0,0,0,,,,,,,,,0,,,,,,,
Bfrgb9zgG06,p,https://www.instagram.com/thedogist/p/Bfrgb9zgG06/,queued,0,0,,0,0,0,,,0,0,0,0,0,0,,,,,,,,,0,,,,,,,
Bfq1jPzAWjJ,p,https://www.instagram.com/thedogist/p/Bfq1jPzAWjJ/,queued,0,0,,0,0,0,,,0,0,0,0,0,0,,,,,,,,,0,,,,,,,
Bfo6UkPgjJr,p,https://www.instagram.com/thedogist/p/Bfo6UkPgjJr/,queued,0,0,,0,0,0,,,0,0,0,0,0,0,,,,,,,,,0,,,,,,,
BfoWEBPgJlH,p,https://www.instagram.com/thedogist/p/BfoWEBPgJlH/,queued,0,0,,0,0,0,,,0,0,0,0,0,0,,,,,,,,,0,,,,,,,
Bfmcqs_gmNT,p,https://www.instagram.com/thedogist/p/Bfmcqs_gmNT/,queued,0,0,,0,0,0,,,0,0,0,0,0,0,,,,,,,,,0,,,,,,,
Bfl3qgUAr3j,p,https://www.instagram.com/thedogist/p/Bfl3qgUAr3j/,queued,0,0,,0,0,0,,,0,0,0,0,0,0,,,,,,,,,0,,,,,,,
BfjvhnYA4us,p,https://www.instagram.com/thedogist/p/BfjvhnYA4us/,queued,0,0,,0,0,0,,,0,0,0,0,0,0,,,,,,,,,0,,,,,,,
Bfi9pKkgNLb,p,https://www.instagram.com/thedogist/p/Bfi9pKkgNLb/,queued,0,0,,0,0,0,,,0,0,0,0,0,0,,,,,,,,,0,,,,,,,
BfhGkCgAFsK,p,https://www.instagram.com/thedogist/p/BfhGkCgAFsK/,queued,0,0,,0,0,0,,,0,0,0,0,0,0,,,,,,,,,0,,,,,,,
BfgVPt-Aby7,p,https://www.instagram.com/thedogist/p/BfgVPt-Aby7/,queued,0,0,,0,0,0,,,0,0,0,0,0,0,,,,,,,,,0,,,,,,,
BfepDNuAZ2r,p,https://www.instagram.com/thedogist/p/BfepDNuAZ2r/,queued,0,0,,0,0,0,,,0,0,0,0,0,0,,,,,,,,,0,,,,,,,
Bfd7SKnAxTI,p,https://www.instagram.com/thedogist/p/Bfd7SKnAxTI/,queued,0,0,,0,0,0,,,0,0,0,0,0,0,,,,,,,,,0,,,,,,,
Bfb2QV8gYtT,p,https://www.instagram.com/thedogist/p/Bfb2QV8gYtT/,queued,0,0,,0,0,0,,,0,0,0,0,0,0,,,,,,,,,0,,,,,,,
BfZYbyrAEsE,p,https://www.instagram.com/thedogist/p/BfZYbyrAEsE/,queued,0,0,,0,0,0,,,0,0,0,0,0,0,,,,,,,,,0,,,,,,,
BfYno15AMVA,p,https://www.instagram.com/thedogist/p/BfYno15AMVA/,queued,0,0,,0,0,0,,,0,0,0,0,0,0,,,,,,,,,0,,,,,,,
BfWqVbWAcqc,p,https://www.instagram.com/thedogist/p/BfWqVbWAcqc/,queued,0,0,,0,0,0,,,0,0,0,0,0,0,,,,,,,,,0,,,,,,,
BfWBEUOg6kq,p,https://www.instagram.com/thedogist/p/BfWBEUOg6kq/,queued,0,0,,0,0,0,,,0,0,0,0,0,0,,,,,,,,,0,,,,,,,
BfUKFqWgzdE,p,https://www.instagram.com/thedogist/p/BfUKFqWgzdE/,queued,0,0,,0,0,0,,,0,0,0,0,0,0,,,,,,,,,0,,,,,,,
BfTgjshAhtk,p,https://www.instagram.com/thedogist/p/BfTgjshAhtk/,queued,0,0,,0,0,0,,,0,0,0,0,0,0,,,,,,,,,0,,,,,,,
BfRp_uFgtvB,p,https://www.instagram.com/thedogist/p/BfRp_uFgtvB/,queued,0,0,,0,0,0,,,0,0,0,0,0,0,,,,,,,,,0,,,,,,,
BfRIPPZg4Ka,p,https://www.instagram.com/thedogist/p/BfRIPPZg4Ka/,queued,0,0,,0,0,0,,,0,0,0,0,0,0,,,,,,,,,0,,,,,,,
BfPSB5_ANha,p,https://www.instagram.com/thedogist/p/BfPSB5_ANha/,queued,0,0,,0,0,0,,,0,0,0,0,0,0,,,,,,,,,0,,,,,,,
BfOPNBHAK2K,p,https://www.instagram.com/thedogist/p/BfOPNBHAK2K/,queued,0,0,,0,0,0,,,0,0,0,0,0,0,,,,,,,,,0,,,,,,,
BfMjDhcAjDZ,p,https://www.instagram.com/thedogist/p/BfMjDhcAjDZ/,queued,0,0,,0,0,0,,,0,0,0,0,0,0,,,,,,,,,0,,,,,,,
BfMHStvgsPN,p,https://www.instagram.com/thedogist/p/BfMHStvgsPN/,queued,0,0,,0,0,0,,,0,0,0,0,0,0,,,,,,,,,0,,,,,,,
BfKovXTg1iz,p,https://www.instagram.com/thedogist/p/BfKovXTg1iz/,queued,0,0,,0,0,0,,,0,0,0,0,0,0,,,,,,,,,0,,,,,,,
BfKONi9gtlV,p,https://www.instagram.com/thedogist/p/BfKONi9gtlV/,queued,0,0,,0,0,0,,,0,0,0,0,0,0,,,,,,,,,0,,,,,,,
BfJ22uQg1Mg,p,https://www.instagram.com/thedogist/p/BfJ22uQg1Mg/,queued,0,0,,0,0,0,,,0,0,0,0,0,0,,,,,,,,,0,,,,,,,
BfJO0_xgxCh,p,https://www.instagram.com/thedogist/p/BfJO0_xgxCh/,queued,0,0,,0,0,0,,,0,0,0,0,0,0,,,,,,,,,0,,,,,,,
BfHmStHAbXx,p,https://www.instagram.com/thedogist/p/BfHmStHAbXx/,queued,0,0,,0,0,0,,,0,0,0,0,0,0,,,,,,,,,0,,,,,,,
BfHCYFUAhbQ,p,https://www.instagram.com/thedogist/p/BfHCYFUAhbQ/,queued,0,0,,0,0,0,,,0,0,0,0,0,0,,,,,,,,,0,,,,,,,
BfE1QOng4XY,p,https://www.instagram.com/thedogist/p/BfE1QOng4XY/,queued,0,0,,0,0,0,,,0,0,0,0,0,0,,,,,,,,,0,,,,,,,
BfEdhQRAvqY,p,https://www.instagram.com/thedogist/p/BfEdhQRAvqY/,queued,0,0,,0,0,0,,,0,0,0,0,0,0,,,,,,,,,0,,,,,,,
BfCoBROgCPf,p,https://www.instagram.com/thedogist/p/BfCoBROgCPf/,queued,0,0,,0,0,0,,,0,0,0,0,0,0,,,,,,,,,0,,,,,,,
BfCCBCRAvYn,p,https://www.instagram.com/thedogist/p/BfCCBCRAvYn/,queued,0,0,,0,0,0,,,0,0,0,0,0,0,,,,,,,,,0,,,,,,,
BfBeThdg3YY,p,https://www.instagram.com/thedogist/p/BfBeThdg3YY/,queued,0,0,,0,0,0,,,0,0,0,0,0,0,,,,,,,,,0,,,,,,,
Be_OsbOglAe,p,https://www.instagram.com/thedogist/p/Be_OsbOglAe/,queued,0,0,,0,0,0,,,0,0,0,0,0,0,,,,,,,,,0,,,,,,,
Be9C3_TA499,p,https://www.instagram.com/thedogist/p/Be9C3_TA499/,queued,0,0,,0,0,0,,,0,0,0,0,0,0,,,,,,,,,0,,,,,,,
Be8Ls45AgKP,p,https://www.instagram.com/thedogist/p/Be8Ls45AgKP/,queued,0,0,,0,0,0,,,0,0,0,0,0,0,,,,,,,,,0,,,,,,,
Be6k83BgWC5,p,https://www.instagram.com/thedogist/p/Be6k83BgWC5/,queued,0,0,,0,0,0,,,0,0,0,0,0,0,,,,,,,,,0,,,,,,,
Be52Qpwgyba,p,https://www.instagram.com/thedogist/p/Be52Qpwgyba/,queued,0,0,,0,0,0,,,0,0,0,0,0,0,,,,,,,,,0,,,,,,,
Be32eQkA7il,p,https://www.instagram.com/thedogist/p/Be32eQkA7il/,queued,0,0,,0,0,0,,,0,0,0,0,0,0,,,,,,,,,0,,,,,,,
Be3YIDDAPCg,p,https://www.instagram.com/thedogist/p/Be3YIDDAPCg/,queued,0,0,,0,0,0,,,0,0,0,0,0,0,,,,,,,,,0,,,,,,,
Be1NSGSDnUR,p,https://www.instagram.com/thedogist/p/Be1NSGSDnUR/,queued,0,0,,0,0,0,,,0,0,0,0,0,0,,,,,,,,,0,,,,,,,
Beytb92DRyu,p,https://www.instagram.com/thedogist/p/Beytb92DRyu/,queued,0,0,,0,0,0,,,0,0,0,0,0,0,,,,,,,,,0,,,,,,,
Bevgkvgjt4D,p,https://www.instagram.com/thedogist/p/Bevgkvgjt4D/,queued,0,0,,0,0,0,,,0,0,0,0,0,0,,,,,,,,,0,,,,,,,
Bes-0yBjgGJ,p,https://www.instagram.com/thedogist/p/Bes-0yBjgGJ/,queued,0,0,,0,0,0,,,0,0,0,0,0,0,,,,,,,,,0,,,,,,,
Beq7N6gj-vf,p,https://www.instagram.com/thedogist/p/Beq7N6gj-vf/,queued,0,0,,0,0,0,,,0,0,0,0,0,0,,,,,,,,,0,,,,,,,
Beqgq_6jxMB,p,https://www.instagram.com/thedogist/p/Beqgq_6jxMB/,queued,0,0,,0,0,0,,,0,0,0,0,0,0,,,,,,,,,0,,,,,,,
BeoGFEDDGda,p,https://www.instagram.com/thedogist/p/BeoGFEDDGda/,queued,0,0,,0,0,0,,,0,0,0,0,0,0,,,,,,,,,0,,,,,,,
Belqv0iDdXz,p,https://www.instagram.com/thedogist/p/Belqv0iDdXz/,queued,0,0,,0,0,0,,,0,0,0,0,0,0,,,,,,,,,0,,,,,,,
BejSTwODG3r,p,https://www.instagram.com/thedogist/p/BejSTwODG3r/,queued,0,0,,0,0,0,,,0,0,0,0,0,0,,,,,,,,,0,,,,,,,
BeigcnADw-9,p,https://www.instagram.com/thedogist/p/BeigcnADw-9/,queued,0,0,,0,0,0,,,0,0,0,0,0,0,,,,,,,,,0,,,,,,,
BegVyxWjGI9,p,https://www.instagram.com/thedogist/p/BegVyxWjGI9/,queued,0,0,,0,0,0,,,0,0,0,0,0,0,,,,,,,,,0,,,,,,,
BeeBCd7jXuB,p,https://www.instagram.com/thedogist/p/BeeBCd7jXuB/,queued,0,0,,0,0,0,,,0,0,0,0,0,0,,,,,,,,,0,,,,,,,
BedWvGYjZL9,p,https://www.instagram.com/thedogist/p/BedWvGYjZL9/,queued,0,0,,0,0,0,,,0,0,0,0,0,0,,,,,,,,,0,,,,,,,
BebdDPgj6-O,p,https://www.instagram.com/thedogist/p/BebdDPgj6-O/,queued,0,0,,0,0,0,,,0,0,0,0,0,0,,,,,,,,,0,,,,,,,
BeZGC-MDZ2y,p,https://www.instagram.com/thedogist/p/BeZGC-MDZ2y/,queued,0,0,,0,0,0,,,0,0,0,0,0,0,,,,,,,,,0,,,,,,,
BeYUt19DPfl,p,https://www.instagram.com/thedogist/p/BeYUt19DPfl/,queued,0,0,,0,0,0,,,0,0,0,0,0,0,,,,,,,,,0,,,,,,,
BeWjGMWDJ37,p,https://www.instagram.com/thedogist/p/BeWjGMWDJ37/,queued,0,0,,0,0,0,,,0,0,0,0,0,0,,,,,,,,,0,,,,,,,
BeV4a8DDIC0,p,https://www.instagram.com/thedogist/p/BeV4a8DDIC0/,queued,0,0,,0,0,0,,,0,0,0,0,0,0,,,,,,,,,0,,,,,,,
BeTyq8LDKxC,p,https://www.instagram.com/thedogist/p/BeTyq8LDKxC/,queued,0,0,,0,0,0,,,0,0,0,0,0,0,,,,,,,,,0,,,,,,,
BeTUOmIDq0q,p,https://www.instagram.com/thedogist/p/BeTUOmIDq0q/,queued,0,0,,0,0,0,,,0,0,0,0,0,0,,,,,,,,,0,,,,,,,
BeRWO2ejN7t,p,https://www.instagram.com/thedogist/p/BeRWO2ejN7t/,queued,0,0,,0,0,0,,,0,0,0,0,0,0,,,,,,,,,0,,,,,,,
BeQ6bEqjEKs,p,https://www.instagram.com/thedogist/p/BeQ6bEqjEKs/,queued,0,0,,0,0,0,,,0,0,0,0,0,0,,,,,,,,,0,,,,,,,
BeO8rk5D9kN,p,https://www.instagram.com/thedogist/p/BeO8rk5D9kN/,queued,0,0,,0,0,0,,,0,0,0,0,0,0,,,,,,,,,0,,,,,,,
BeOhx47D6c2,p,https://www.instagram.com/thedogist/p/BeOhx47D6c2/,queued,0,0,,0,0,0,,,0,0,0,0,0,0,,,,,,,,,0,,,,,,,
BeMV5zUDH_9,p,https://www.instagram.com/thedogist/p/BeMV5zUDH_9/,queued,0,0,,0,0,0,,,0,0,0,0,0,0,,,,,,,,,0,,,,,,,
BeLnXHmDudX,p,https://www.instagram.com/thedogist/p/BeLnXHmDudX/,queued,0,0,,0,0,0,,,0,0,0,0,0,0,,,,,,,,,0,,,,,,,
BeJoowLjOI4,p,https://www.instagram.com/thedogist/p/BeJoowLjOI4/,queued,0,0,,0,0,0,,,0,0,0,0,0,0,,,,,,,,,0,,,,,,,
BeI_bXojYCt,p,https://www.instagram.com/thedogist/p/BeI_bXojYCt/,queued,0,0,,0,0,0,,,0,0,0,0,0,0,,,,,,,,,0,,,,,,,
BeG5yxzDxPh,p,https://www.instagram.com/thedogist/p/BeG5yxzDxPh/,queued,0,0,,0,0,0,,,0,0,0,0,0,0,,,,,,,,,0,,,,,,,
BeGNHDPD9Pr,p,https://www.instagram.com/thedogist/p/BeGNHDPD9Pr/,queued,0,0,,0,0,0,,,0,0,0,0,0,0,,,,,,,,,0,,,,,,,
BeEeiC_Dpdd,p,https://www.instagram.com/thedogist/p/BeEeiC_Dpdd/,queued,0,0,,0,0,0,,,0,0,0,0,0,0,,,,,,,,,0,,,,,,,
BeD_OeLjEh2,p,https://www.instagram.com/thedogist/p/BeD_OeLjEh2/,queued,0,0,,0,0,0,,,0,0,0,0,0,0,,,,,,,,,0,,,,,,,
BeCHhaXj8Zu,p,https://www.instagram.com/thedogist/p/BeCHhaXj8Zu/,queued,0,0,,0,0,0,,,0,0,0,0,0,0,,,,,,,,,0,,,,,,,
BeBwgTYDUs2,p,https://www.instagram.com/thedogist/p/BeBwgTYDUs2/,queued,0,0,,0,0,0,,,0,0,0,0,0,0,,,,,,,,,0,,,,,,,
Bd_NqMPj7Yf,p,https://www.instagram.com/thedogist/p/Bd_NqMPj7Yf/,queued,0,0,,0,0,0,,,0,0,0,0,0,0,,,,,,,,,0,,,,,,,
Bd-eBXAj0aS,p,https://www.instagram.com/thedogist/p/Bd-eBXAj0aS/,queued,0,0,,0,0,0,,,0,0,0,0,0,0,,,,,,,,,0,,,,,,,
Bd89QItDPcw,p,https://www.instagram.com/thedogist/p/Bd89QItDPcw/,queued,0,0,,0,0,0,,,0,0,0,0,0,0,,,,,,,,,0,,,,,,,
Bd8AubnD0ZP,p,https://www.instagram.com/thedogist/p/Bd8AubnD0ZP/,queued,0,0,,0,0,0,,,0,0,0,0,0,0,,,,,,,,,0,,,,,,,
Bd6EjhJDlK6,p,https://www.instagram.com/thedogist/p/Bd6EjhJDlK6/,queued,0,0,,0,0,0,,,0,0,0,0,0,0,,,,,,,,,0,,,,,,,
Bd5m1kzjYNc,p,https://www.instagram.com/thedogist/p/Bd5m1kzjYNc/,queued,0,0,,0,0,0,,,0,0,0,0,0,0,,,,,,,,,0,,,,,,,
Bd3uQweDuBQ,p,https://www.instagram.com/thedogist/p/Bd3uQweDuBQ/,queued,0,0,,0,0,0,,,0,0,0,0,0,0,,,,,,,,,0,,,,,,,
Bd3GdM6jfui,p,https://www.instagram.com/thedogist/p/Bd3GdM6jfui/,queued,0,0,,0,0,0,,,0,0,0,0,0,0,,,,,,,,,0,,,,,,,
Bd1MycRDFNt,p,https://www.instagram.com/thedogist/p/Bd1MycRDFNt/,queued,0,0,,0,0,0,,,0,0,0,0,0,0,,,,,,,,,0,,,,,,,
Bd0nTwUD2xY,p,https://www.instagram.com/thedogist/p/Bd0nTwUD2xY/,queued,0,0,,0,0,0,,,0,0,0,0,0,0,,,,,,,,,0,,,,,,,
BdyPVIaDTdW,p,https://www.instagram.com/thedogist/p/BdyPVIaDTdW/,queued,0,0,,0,0,0,,,0,0,0,0,0,0,,,,,,,,,0,,,,,,,
BdxoI-8jkEq,p,https://www.instagram.com/thedogist/p/BdxoI-8jkEq/,queued,0,0,,0,0,0,,,0,0,0,0,0,0,,,,,,,,,0,,,,,,,
Bdv8zj5DCh9,p,https://www.instagram.com/thedogist/p/Bdv8zj5DCh9/,queued,0,0,,0,0,0,,,0,0,0,0,0,0,,,,,,,,,0,,,,,,,
BdvIuvRjGas,p,https://www.instagram.com/thedogist/p/BdvIuvRjGas/,queued,0,0,,0,0,0,,,0,0,0,0,0,0,,,,,,,,,0,,,,,,,
BdtMfHNDbNJ,p,https://www.instagram.com/thedogist/p/BdtMfHNDbNJ/,queued,0,0,,0,0,0,,,0,0,0,0,0,0,,,,,,,,,0,,,,,,,
BdsvnpjjjN_,p,https://www.instagram.com/thedogist/p/BdsvnpjjjN_/,queued,0,0,,0,0,0,,,0,0,0,0,0,0,,,,,,,,,0,,,,,,,
BdqLhI-DrDS,p,https://www.instagram.com/thedogist/p/BdqLhI-DrDS/,queued,0,0,,0,0,0,,,0,0,0,0,0,0,,,,,,,,,0,,,,,,,
BdoUdbXjfOy,p,https://www.instagram.com/thedogist/p/BdoUdbXjfOy/,queued,0,0,,0,0,0,,,0,0,0,0,0,0,,,,,,,,,0,,,,,,,
BdnzuyQD2W6,p,https://www.instagram.com/thedogist/p/BdnzuyQD2W6/,queued,0,0,,0,0,0,,,0,0,0,0,0,0,,,,,,,,,0,,,,,,,
BdloTs0DNKX,p,https://www.instagram.com/thedogist/p/BdloTs0DNKX/,queued,0,0,,0,0,0,,,0,0,0,0,0,0,,,,,,,,,0,,,,,,,
BdlAGKrDITm,p,https://www.instagram.com/thedogist/p/BdlAGKrDITm/,queued,0,0,,0,0,0,,,0,0,0,0,0,0,,,,,,,,,0,,,,,,,
BdjCUL5D7kZ,p,https://www.instagram.com/thedogist/p/BdjCUL5D7kZ/,queued,0,0,,0,0,0,,,0,0,0,0,0,0,,,,,,,,,0,,,,,,,
BdiZ2-Aj-93,p,https://www.instagram.com/thedogist/p/BdiZ2-Aj-93/,queued,0,0,,0,0,0,,,0,0,0,0,0,0,,,,,,,,,0,,,,,,,
Bdgwaa-jqEs,p,https://www.instagram.com/thedogist/p/Bdgwaa-jqEs/,queued,0,0,,0,0,0,,,0,0,0,0,0,0,,,,,,,,,0,,,,,,,
BdgVPt6jl-D,p,https://www.instagram.com/thedogist/p/BdgVPt6jl-D/,queued,0,0,,0,0,0,,,0,0,0,0,0,0,,,,,,,,,0,,,,,,,
Bdf_VALDgNq,p,https://www.instagram.com/thedogist/p/Bdf_VALDgNq/,queued,0,0,,0,0,0,,,0,0,0,0,0,0,,,,,,,,,0,,,,,,,
BddwKi5DHvn,p,https://www.instagram.com/thedogist/p/BddwKi5DHvn/,queued,0,0,,0,0,0,,,0,0,0,0,0,0,,,,,,,,,0,,,,,,,
Bdc6zs1jfsB,p,https://www.instagram.com/thedogist/p/Bdc6zs1jfsB/,queued,0,0,,0,0,0,,,0,0,0,0,0,0,,,,,,,,,0,,,,,,,
BdbONgSDB6s,p,https://www.instagram.com/thedogist/p/BdbONgSDB6s/,queued,0,0,,0,0,0,,,0,0,0,0,0,0,,,,,,,,,0,,,,,,,
BdauVYDDvgP,p,https://www.instagram.com/thedogist/p/BdauVYDDvgP/,queued,0,0,,0,0,0,,,0,0,0,0,0,0,,,,,,,,,0,,,,,,,
BdZKczbDJ_q,p,https://www.instagram.com/thedogist/p/BdZKczbDJ_q/,queued,0,0,,0,0,0,,,0,0,0,0,0,0,,,,,,,,,0,,,,,,,
BdYMBNeDcGN,p,https://www.instagram.com/thedogist/p/BdYMBNeDcGN/,queued,0,0,,0,0,0,,,0,0,0,0,0,0,,,,,,,,,0,,,,,,,
BdWM7LiDOx7,p,https://www.instagram.com/thedogist/p/BdWM7LiDOx7/,queued,0,0,,0,0,0,,,0,0,0,0,0,0,,,,,,,,,0,,,,,,,
BdVRQxHjdTe,p,https://www.instagram.com/thedogist/p/BdVRQxHjdTe/,queued,0,0,,0,0,0,,,0,0,0,0,0,0,,,,,,,,,0,,,,,,,
BdTx5FsjrDV,p,https://www.instagram.com/thedogist/p/BdTx5FsjrDV/,queued,0,0,,0,0,0,,,0,0,0,0,0,0,,,,,,,,,0,,,,,,,
BdTHjOLDEqw,p,https://www.instagram.com/thedogist/p/BdTHjOLDEqw/,queued,0,0,,0,0,0,,,0,0,0,0,0,0,,,,,,,,,0,,,,,,,
BdQ5V6TDP-4,p,https://www.instagram.com/thedogist/p/BdQ5V6TDP-4/,queued,0,0,,0,0,0,,,0,0,0,0,0,0,,,,,,,,,0,,,,,,,
BdQJwteDvHt,p,https://www.instagram.com/thedogist/p/BdQJwteDvHt/,queued,0,0,,0,0,0,,,0,0,0,0,0,0,,,,,,,,,0,,,,,,,
BdOrqboDq52,p,https://www.instagram.com/thedogist/p/BdOrqboDq52/,queued,0,0,,0,0,0,,,0,0,0,0,0,0,,,,,,,,,0,,,,,,,
BdN_f2UDwOi,p,https://www.instagram.com/thedogist/p/BdN_f2UDwOi/,queued,0,0,,0,0,0,,,0,0,0,0,0,0,,,,,,,,,0,,,,,,,
BdNqidyj3b-,p,https://www.instagram.com/thedogist/p/BdNqidyj3b-/,queued,0,0,,0,0,0,,,0,0,0,0,0,0,,,,,,,,,0,,,,,,,
BdLoOAbDokw,p,https://www.instagram.com/thedogist/p/BdLoOAbDokw/,queued,0,0,,0,0,0,,,0,0,0,0,0,0,,,,,,,,,0,,,,,,,
BdLGSnPDVKu,p,https://www.instagram.com/thedogist/p/BdLGSnPDVKu/,queued,0,0,,0,0,0,,,0,0,0,0,0,0,,,,,,,,,0,,,,,,,
BdJbta1jRYG,p,https://www.instagram.com/thedogist/p/BdJbta1jRYG/,queued,0,0,,0,0,0,,,0,0,0,0,0,0,,,,,,,,,0,,,,,,,
BdI0yVYjo26,p,https://www.instagram.com/thedogist/p/BdI0yVYjo26/,queued,0,0,,0,0,0,,,0,0,0,0,0,0,,,,,,,,,0,,,,,,,
BdIaRgljNbN,p,https://www.instagram.com/thedogist/p/BdIaRgljNbN/,queued,0,0,,0,0,0,,,0,0,0,0,0,0,,,,,,,,,0,,,,,,,
BdG-aybDTup,p,https://www.instagram.com/thedogist/p/BdG-aybDTup/,queued,0,0,,0,0,0,,,0,0,0,0,0,0,,,,,,,,,0,,,,,,,
BdGDjuajhG2,p,https://www.instagram.com/thedogist/p/BdGDjuajhG2/,queued,0,0,,0,0,0,,,0,0,0,0,0,0,,,,,,,,,0,,,,,,,
BdECaX5jNkQ,p,https://www.instagram.com/thedogist/p/BdECaX5jNkQ/,queued,0,0,,0,0,0,,,0,0,0,0,0,0,,,,,,,,,0,,,,,,,
BdDdoCmDNMr,p,https://www.instagram.com/thedogist/p/BdDdoCmDNMr/,queued,0,0,,0,0,0,,,0,0,0,0,0,0,,,,,,,,,0,,,,,,,
BdBnLo5jLqT,p,https://www.instagram.com/thedogist/p/BdBnLo5jLqT/,queued,0,0,,0,0,0,,,0,0,0,0,0,0,,,,,,,,,0,,,,,,,
BdA2E5jjRba,p,https://www.instagram.com/thedogist/p/BdA2E5jjRba/,queued,0,0,,0,0,0,,,0,0,0,0,0,0,,,,,,,,,0,,,,,,,
Bc-vbMCjp53,p,https://www.instagram.com/thedogist/p/Bc-vbMCjp53/,queued,0,0,,0,0,0,,,0,0,0,0,0,0,,,,,,,,,0,,,,,,,
Bc-Sr6EDHrw,p,https://www.instagram.com/thedogist/p/Bc-Sr6EDHrw/,queued,0,0,,0,0,0,,,0,0,0,0,0,0,,,,,,,,,0,,,,,,,
Bc8ptm3jGLh,p,https://www.instagram.com/thedogist/p/Bc8ptm3jGLh/,queued,0,0,,0,0,0,,,0,0,0,0,0,0,,,,,,,,,0,,,,,,,
Bc7vQsXjdUQ,p,https://www.instagram.com/thedogist/p/Bc7vQsXjdUQ/,queued,0,0,,0,0,0,,,0,0,0,0,0,0,,,,,,,,,0,,,,,,,
Bc6CndKj5qL,p,https://www.instagram.com/thedogist/p/Bc6CndKj5qL/,queued,0,0,,0,0,0,,,0,0,0,0,0,0,,,,,,,,,0,,,,,,,
Bc5UkOnD8iV,p,https://www.instagram.com/thedogist/p/Bc5UkOnD8iV/,queued,0,0,,0,0,0,,,0,0,0,0,0,0,,,,,,,,,0,,,,,,,
Bc42ttZjNwq,p,https://www.instagram.com/thedogist/p/Bc42ttZjNwq/,queued,0,0,,0,0,0,,,0,0,0,0,0,0,,,,,,,,,0,,,,,,,
Bc3cv9wDwT4,p,https://www.instagram.com/thedogist/p/Bc3cv9wDwT4/,queued,0,0,,0,0,0,,,0,0,0,0,0,0,,,,,,,,,0,,,,,,,
Bc27B6vDboz,p,https://www.instagram.com/thedogist/p/Bc27B6vDboz/,queued,0,0,,0,0,0,,,0,0,0,0,0,0,,,,,,,,,0,,,,,,,
Bc2cj3KDLvu,p,https://www.instagram.com/thedogist/p/Bc2cj3KDLvu/,queued,0,0,,0,0,0,,,0,0,0,0,0,0,,,,,,,,,0,,,,,,,
Bc0rXtJj4Ae,p,https://www.instagram.com/thedogist/p/Bc0rXtJj4Ae/,queued,0,0,,0,0,0,,,0,0,0,0,0,0,,,,,,,,,0,,,,,,,
Bc0VgsxDkmx,p,https://www.instagram.com/thedogist/p/Bc0VgsxDkmx/,queued,0,0,,0,0,0,,,0,0,0,0,0,0,,,,,,,,,0,,,,,,,
Bcz8xCSj-Rk,p,https://www.instagram.com/thedogist/p/Bcz8xCSj-Rk/,queued,0,0,,0,0,0,,,0,0,0,0,0,0,,,,,,,,,0,,,,,,,
BcyWDeCjJPc,p,https://www.instagram.com/thedogist/p/BcyWDeCjJPc/,queued,0,0,,0,0,0,,,0,0,0,0,0,0,,,,,,,,,0,,,,,,,
BcxtWVvjGhR,p,https://www.instagram.com/thedogist/p/BcxtWVvjGhR/,queued,0,0,,0,0,0,,,0,0,0,0,0,0,,,,,,,,,0,,,,,,,
BcxTW2snYWs,p,https://www.instagram.com/thedogist/p/BcxTW2snYWs/,queued,0,0,,0,0,0,,,0,0,0,0,0,0,,,,,,,,,0,,,,,,,
BcvnNGgjJNg,p,https://www.instagram.com/thedogist/p/BcvnNGgjJNg/,queued,0,0,,0,0,0,,,0,0,0,0,0,0,,,,,,,,,0,,,,,,,
BcvM2Q0j5UU,p,https://www.instagram.com/thedogist/p/BcvM2Q0j5UU/,queued,0,0,,0,0,0,,,0,0,0,0,0,0,,,,,,,,,0,,,,,,,
BcusGIVDzoM,p,https://www.instagram.com/thedogist/p/BcusGIVDzoM/,queued,0,0,,0,0,0,,,0,0,0,0,0,0,,,,,,,,,0,,,,,,,
Bcs8mLWDZBD,p,https://www.instagram.com/thedogist/p/Bcs8mLWDZBD/,queued,0,0,,0,0,0,,,0,0,0,0,0,0,,,,,,,,,0,,,,,,,
BcspS20D-SO,p,https://www.instagram.com/thedogist/p/BcspS20D-SO/,queued,0,0,,0,0,0,,,0,0,0,0,0,0,,,,,,,,,0,,,,,,,
BcsHvKxDsxI,p,https://www.instagram.com/thedogist/p/BcsHvKxDsxI/,queued,0,0,,0,0,0,,,0,0,0,0,0,0,,,,,,,,,0,,,,,,,
BcqKzk0HzeB,p,https://www.instagram.com/thedogist/p/BcqKzk0HzeB/,queued,0,0,,0,0,0,,,0,0,0,0,0,0,,,,,,,,,0,,,,,,,
BcpeBQPjlL5,p,https://www.instagram.com/thedogist/p/BcpeBQPjlL5/,queued,0,0,,0,0,0,,,0,0,0,0,0,0,,,,,,,,,0,,,,,,,
BcnyrUjjcQ-,p,https://www.instagram.com/thedogist/p/BcnyrUjjcQ-/,queued,0,0,,0,0,0,,,0,0,0,0,0,0,,,,,,,,,0,,,,,,,
BcnH5J7D6VT,p,https://www.instagram.com/thedogist/p/BcnH5J7D6VT/,queued,0,0,,0,0,0,,,0,0,0,0,0,0,,,,,,,,,0,,,,,,,
BclbnwIj3vC,p,https://www.instagram.com/thedogist/p/BclbnwIj3vC/,queued,0,0,,0,0,0,,,0,0,0,0,0,0,,,,,,,,,0,,,,,,,
BckvutyDsFC,p,https://www.instagram.com/thedogist/p/BckvutyDsFC/,queued,0,0,,0,0,0,,,0,0,0,0,0,0,,,,,,,,,0,,,,,,,
BcisIg_jw9E,p,https://www.instagram.com/thedogist/p/BcisIg_jw9E/,queued,0,0,,0,0,0,,,0,0,0,0,0,0,,,,,,,,,0,,,,,,,
BciA7FWj94c,p,https://www.instagram.com/thedogist/p/BciA7FWj94c/,queued,0,0,,0,0,0,,,0,0,0,0,0,0,,,,,,,,,0,,,,,,,
BcgI6MJDDH0,p,https://www.instagram.com/thedogist/p/BcgI6MJDDH0/,queued,0,0,,0,0,0,,,0,0,0,0,0,0,,,,,,,,,0,,,,,,,
BcfoK0ljo2g,p,https://www.instagram.com/thedogist/p/BcfoK0ljo2g/,queued,0,0,,0,0,0,,,0,0,0,0,0,0,,,,,,,,,0,,,,,,,
BcfX8hPjU31,p,https://www.instagram.com/thedogist/p/BcfX8hPjU31/,queued,0,0,,0,0,0,,,0,0,0,0,0,0,,,,,,,,,0,,,,,,,
BcdY6LCjo9O,p,https://www.instagram.com/thedogist/p/BcdY6LCjo9O/,queued,0,0,,0,0,0,,,0,0,0,0,0,0,,,,,,,,,0,,,,,,,
Bcc4sa4DzHM,p,https://www.instagram.com/thedogist/p/Bcc4sa4DzHM/,queued,0,0,,0,0,0,,,0,0,0,0,0,0,,,,,,,,,0,,,,,,,
BcbC8EkjxIU,p,https://www.instagram.com/thedogist/p/BcbC8EkjxIU/,queued,0,0,,0,0,0,,,0,0,0,0,0,0,,,,,,,,,0,,,,,,,
BcaXBtbjVru,p,https://www.instagram.com/thedogist/p/BcaXBtbjVru/,queued,0,0,,0,0,0,,,0,0,0,0,0,0,,,,,,,,,0,,,,,,,
BcYp1wVD1RN,p,https://www.instagram.com/thedogist/p/BcYp1wVD1RN/,queued,0,0,,0,0,0,,,0,0,0,0,0,0,,,,,,,,,0,,,,,,,
BcYKU6Gj0YC,p,https://www.instagram.com/thedogist/p/BcYKU6Gj0YC/,queued,0,0,,0,0,0,,,0,0,0,0,0,0,,,,,,,,,0,,,,,,,
BcXmdc_jN2P,p,https://www.instagram.com/thedogist/p/BcXmdc_jN2P/,queued,0,0,,0,0,0,,,0,0,0,0,0,0,,,,,,,,,0,,,,,,,
BcWNzeoDZSS,p,https://www.instagram.com/thedogist/p/BcWNzeoDZSS/,queued,0,0,,0,0,0,,,0,0,0,0,0,0,,,,,,,,,0,,,,,,,
BcVv-8SDyh-,p,https://www.instagram.com/thedogist/p/BcVv-8SDyh-/,queued,0,0,,0,0,0,,,0,0,0,0,0,0,,,,,,,,,0,,,,,,,
BcVI1KJj7e0,p,https://www.instagram.com/thedogist/p/BcVI1KJj7e0/,queued,0,0,,0,0,0,,,0,0,0,0,0,0,,,,,,,,,0,,,,,,,
BcThZPgDnKl,p,https://www.instagram.com/thedogist/p/BcThZPgDnKl/,queued,0,0,,0,0,0,,,0,0,0,0,0,0,,,,,,,,,0,,,,,,,
BcS6CIEj6qd,p,https://www.instagram.com/thedogist/p/BcS6CIEj6qd/,queued,0,0,,0,0,0,,,0,0,0,0,0,0,,,,,,,,,0,,,,,,,
BcSdD5uDQ3L,p,https://www.instagram.com/thedogist/p/BcSdD5uDQ3L/,queued,0,0,,0,0,0,,,0,0,0,0,0,0,,,,,,,,,0,,,,,,,
BcQfBxqD0oo,p,https://www.instagram.com/thedogist/p/BcQfBxqD0oo/,queued,0,0,,0,0,0,,,0,0,0,0,0,0,,,,,,,,,0,,,,,,,
BcP0j4Ajmf-,p,https://www.instagram.com/thedogist/p/BcP0j4Ajmf-/,queued,0,0,,0,0,0,,,0,0,0,0,0,0,,,,,,,,,0,,,,,,,
BcOLOYODPam,p,https://www.instagram.com/thedogist/p/BcOLOYODPam/,queued,0,0,,0,0,0,,,0,0,0,0,0,0,,,,,,,,,0,,,,,,,
BcNmUHJjyda,p,https://www.instagram.com/thedogist/p/BcNmUHJjyda/,queued,0,0,,0,0,0,,,0,0,0,0,0,0,,,,,,,,,0,,,,,,,
BcNOIzDjyUz,p,https://www.instagram.com/thedogist/p/BcNOIzDjyUz/,queued,0,0,,0,0,0,,,0,0,0,0,0,0,,,,,,,,,0,,,,,,,
BcLSUz-j_To,p,https://www.instagram.com/thedogist/p/BcLSUz-j_To/,queued,0,0,,0,0,0,,,0,0,0,0,0,0,,,,,,,,,0,,,,,,,
BcKotnlDqsQ,p,https://www.instagram.com/thedogist/p/BcKotnlDqsQ/,queued,0,0,,0,0,0,,,0,0,0,0,0,0,,,,,,,,,0,,,,,,,
BcIuxsQjEG-,p,https://www.instagram.com/thedogist/p/BcIuxsQjEG-/,queued,0,0,,0,0,0,,,0,0,0,0,0,0,,,,,,,,,0,,,,,,,
BcH6qXqjNdz,p,https://www.instagram.com/thedogist/p/BcH6qXqjNdz/,queued,0,0,,0,0,0,,,0,0,0,0,0,0,,,,,,,,,0,,,,,,,
BcGI7nMnqGz,p,https://www.instagram.com/thedogist/p/BcGI7nMnqGz/,queued,0,0,,0,0,0,,,0,0,0,0,0,0,,,,,,,,,0,,,,,,,
BcFkHteHNHa,p,https://www.instagram.com/thedogist/p/BcFkHteHNHa/,queued,0,0,,0,0,0,,,0,0,0,0,0,0,,,,,,,,,0,,,,,,,
BcEA7i6jgSI,p,https://www.instagram.com/thedogist/p/BcEA7i6jgSI/,queued,0,0,,0,0,0,,,0,0,0,0,0,0,,,,,,,,,0,,,,,,,
BcDU0tXDQlc,p,https://www.instagram.com/thedogist/p/BcDU0tXDQlc/,queued,0,0,,0,0,0,,,0,0,0,0,0,0,,,,,,,,,0,,,,,,,
BcCxvQOjcOZ,p,https://www.instagram.com/thedogist/p/BcCxvQOjcOZ/,queued,0,0,,0,0,0,,,0,0,0,0,0,0,,,,,,,,,0,,,,,,,
BcBZaHLDEaX,p,https://www.instagram.com/thedogist/p/BcBZaHLDEaX/,queued,0,0,,0,0,0,,,0,0,0,0,0,0,,,,,,,,,0,,,,,,,
BcA4GSTDy5A,p,https://www.instagram.com/thedogist/p/BcA4GSTDy5A/,queued,0,0,,0,0,0,,,0,0,0,0,0,0,,,,,,,,,0,,,,,,,
BcAOv3Qj63X,p,https://www.instagram.com/thedogist/p/BcAOv3Qj63X/,queued,0,0,,0,0,0,,,0,0,0,0,0,0,,,,,,,,,0,,,,,,,
Bb--pxAjvUb,p,https://www.instagram.com/thedogist/p/Bb--pxAjvUb/,queued,0,0,,0,0,0,,,0,0,0,0,0,0,,,,,,,,,0,,,,,,,
Bb-TpMoD0P6,p,https://www.instagram.com/thedogist/p/Bb-TpMoD0P6/,queued,0,0,,0,0,0,,,0,0,0,0,0,0,,,,,,,,,0,,,,,,,
Bb911dGDnyS,p,https://www.instagram.com/thedogist/p/Bb911dGDnyS/,queued,0,0,,0,0,0,,,0,0,0,0,0,0,,,,,,,,,0,,,,,,,
Bb8F3-yDVAw,p,https://www.instagram.com/thedogist/p/Bb8F3-yDVAw/,queued,0,0,,0,0,0,,,0,0,0,0,0,0,,,,,,,,,0,,,,,,,
Bb7j0sojubN,p,https://www.instagram.com/thedogist/p/Bb7j0sojubN/,queued,0,0,,0,0,0,,,0,0,0,0,0,0,,,,,,,,,0,,,,,,,
Bb5hDyxDoIL,p,https://www.instagram.com/thedogist/p/Bb5hDyxDoIL/,queued,0,0,,0,0,0,,,0,0,0,0,0,0,,,,,,,,,0,,,,,,,
Bb5JsiCjdPo,p,https://www.instagram.com/thedogist/p/Bb5JsiCjdPo/,queued,0,0,,0,0,0,,,0,0,0,0,0,0,,,,,,,,,0,,,,,,,
Bb4wtbYjDYn,p,https://www.instagram.com/thedogist/p/Bb4wtbYjDYn/,queued,0,0,,0,0,0,,,0,0,0,0,0,0,,,,,,,,,0,,,,,,,
Bb3Cvy8jA9L,p,https://www.instagram.com/thedogist/p/Bb3Cvy8jA9L/,queued,0,0,,0,0,0,,,0,0,0,0,0,0,,,,,,,,,0,,,,,,,
Bb2wQqJjkTl,p,https://www.instagram.com/thedogist/p/Bb2wQqJjkTl/,queued,0,0,,0,0,0,,,0,0,0,0,0,0,,,,,,,,,0,,,,,,,
Bb2VvDHjMfw,p,https://www.instagram.com/thedogist/p/Bb2VvDHjMfw/,queued,0,0,,0,0,0,,,0,0,0,0,0,0,,,,,,,,,0,,,,,,,
Bb0f9bqjdoC,p,https://www.instagram.com/thedogist/p/Bb0f9bqjdoC/,queued,0,0,,0,0,0,,,0,0,0,0,0,0,,,,,,,,,0,,,,,,,
Bb0BA44j3Er,p,https://www.instagram.com/thedogist/p/Bb0BA44j3Er/,queued,0,0,,0,0,0,,,0,0,0,0,0,0,,,,,,,,,0,,,,,,,
BbzXpyZjYdn,p,https://www.instagram.com/thedogist/p/BbzXpyZjYdn/,queued,0,0,,0,0,0,,,0,0,0,0,0,0,,,,,,,,,0,,,,,,,
Bbx07EJj7BC,p,https://www.instagram.com/thedogist/p/Bbx07EJj7BC/,queued,0,0,,0,0,0,,,0,0,0,0,0,0,,,,,,,,,0,,,,,,,
BbxVudnjPyH,p,https://www.instagram.com/thedogist/p/BbxVudnjPyH/,queued,0,0,,0,0,0,,,0,0,0,0,0,0,,,,,,,,,0,,,,,,,
Bbw6DxBje7w,p,https://www.instagram.com/thedogist/p/Bbw6DxBje7w/,queued,0,0,,0,0,0,,,0,0,0,0,0,0,,,,,,,,,0,,,,,,,
Bbu8Ax2jwdW,p,https://www.instagram.com/thedogist/p/Bbu8Ax2jwdW/,queued,0,0,,0,0,0,,,0,0,0,0,0,0,,,,,,,,,0,,,,,,,
BbuUeRujDPU,p,https://www.instagram.com/thedogist/p/BbuUeRujDPU/,queued,0,0,,0,0,0,,,0,0,0,0,0,0,,,,,,,,,0,,,,,,,
BbsX4SqD83t,p,https://www.instagram.com/thedogist/p/BbsX4SqD83t/,queued,0,0,,0,0,0,,,0,0,0,0,0,0,,,,,,,,,0,,,,,,,
BbsF0CRDNsi,p,https://www.instagram.com/thedogist/p/BbsF0CRDNsi/,queued,0,0,,0,0,0,,,0,0,0,0,0,0,,,,,,,,,0,,,,,,,
Bbp7g-Tjviq,p,https://www.instagram.com/thedogist/p/Bbp7g-Tjviq/,queued,0,0,,0,0,0,,,0,0,0,0,0,0,,,,,,,,,0,,,,,,,
BbppNtjDvXR,p,https://www.instagram.com/thedogist/p/BbppNtjDvXR/,queued,0,0,,0,0,0,,,0,0,0,0,0,0,,,,,,,,,0,,,,,,,
BbnM0mIjfkG,p,https://www.instagram.com/thedogist/p/BbnM0mIjfkG/,queued,0,0,,0,0,0,,,0,0,0,0,0,0,,,,,,,,,0,,,,,,,
BbmtstfjanD,p,https://www.instagram.com/thedogist/p/BbmtstfjanD/,queued,0,0,,0,0,0,,,0,0,0,0,0,0,,,,,,,,,0,,,,,,,
Bbkh_UJDYbq,p,https://www.instagram.com/thedogist/p/Bbkh_UJDYbq/,queued,0,0,,0,0,0,,,0,0,0,0,0,0,,,,,,,,,0,,,,,,,
Bbj-fyyDEpa,p,https://www.instagram.com/thedogist/p/Bbj-fyyDEpa/,queued,0,0,,0,0,0,,,0,0,0,0,0,0,,,,,,,,,0,,,,,,,
Bbh-k00jE9m,p,https://www.instagram.com/thedogist/p/Bbh-k00jE9m/,queued,0,0,,0,0,0,,,0,0,0,0,0,0,,,,,,,,,0,,,,,,,
BbhXN86jDSx,p,https://www.instagram.com/thedogist/p/BbhXN86jDSx/,queued,0,0,,0,0,0,,,0,0,0,0,0,0,,,,,,,,,0,,,,,,,
Bbfe5VsD21P,p,https://www.instagram.com/thedogist/p/Bbfe5VsD21P/,queued,0,0,,0,0,0,,,0,0,0,0,0,0,,,,,,,,,0,,,,,,,
Bbe9XlvD_2U,p,https://www.instagram.com/thedogist/p/Bbe9XlvD_2U/,queued,0,0,,0,0,0,,,0,0,0,0,0,0,,,,,,,,,0,,,,,,,
BbdeyK1jy77,p,https://www.instagram.com/thedogist/p/BbdeyK1jy77/,queued,0,0,,0,0,0,,,0,0,0,0,0,0,,,,,,,,,0,,,,,,,
BbdBHtFj8N4,p,https://www.instagram.com/thedogist/p/BbdBHtFj8N4/,queued,0,0,,0,0,0,,,0,0,0,0,0,0,,,,,,,,,0,,,,,,,
BbcgWEpjLGV,p,https://www.instagram.com/thedogist/p/BbcgWEpjLGV/,queued,0,0,,0,0,0,,,0,0,0,0,0,0,,,,,,,,,0,,,,,,,
BbaxIhCD434,p,https://www.instagram.com/thedogist/p/BbaxIhCD434/,queued,0,0,,0,0,0,,,0,0,0,0,0,0,,,,,,,,,0,,,,,,,
BbaTd-cjC3I,p,https://www.instagram.com/thedogist/p/BbaTd-cjC3I/,queued,0,0,,0,0,0,,,0,0,0,0,0,0,,,,,,,,,0,,,,,,,
BbZ7BqoD8Ol,p,https://www.instagram.com/thedogist/p/BbZ7BqoD8Ol/,queued,0,0,,0,0,0,,,0,0,0,0,0,0,,,,,,,,,0,,,,,,,
BbZrc7wjRAH,p,https://www.instagram.com/thedogist/p/BbZrc7wjRAH/,queued,0,0,,0,0,0,,,0,0,0,0,0,0,,,,,,,,,0,,,,,,,
BbXkdGzDtRV,p,https://www.instagram.com/thedogist/p/BbXkdGzDtRV/,queued,0,0,,0,0,0,,,0,0,0,0,0,0,,,,,,,,,0,,,,,,,
BbXK8_eDtsF,p,https://www.instagram.com/thedogist/p/BbXK8_eDtsF/,queued,0,0,,0,0,0,,,0,0,0,0,0,0,,,,,,,,,0,,,,,,,
BbVuPJtjbIR,p,https://www.instagram.com/thedogist/p/BbVuPJtjbIR/,queued,0,0,,0,0,0,,,0,0,0,0,0,0,,,,,,,,,0,,,,,,,
BbVYUi9Dw5V,p,https://www.instagram.com/thedogist/p/BbVYUi9Dw5V/,queued,0,0,,0,0,0,,,0,0,0,0,0,0,,,,,,,,,0,,,,,,,
BbUmDpyDAfC,p,https://www.instagram.com/thedogist/p/BbUmDpyDAfC/,queued,0,0,,0,0,0,,,0,0,0,0,0,0,,,,,,,,,0,,,,,,,
BbTCRb7jy0h,p,https://www.instagram.com/thedogist/p/BbTCRb7jy0h/,queued,0,0,,0,0,0,,,0,0,0,0,0,0,,,,,,,,,0,,,,,,,
BbSsdQ6DeQh,p,https://www.instagram.com/thedogist/p/BbSsdQ6DeQh/,queued,0,0,,0,0,0,,,0,0,0,0,0,0,,,,,,,,,0,,,,,,,
BbR-XVIDmsK,p,https://www.instagram.com/thedogist/p/BbR-XVIDmsK/,queued,0,0,,0,0,0,,,0,0,0,0,0,0,,,,,,,,,0,,,,,,,
BbPV6RFDSJA,p,https://www.instagram.com/thedogist/p/BbPV6RFDSJA/,queued,0,0,,0,0,0,,,0,0,0,0,0,0,,,,,,,,,0,,,,,,,
BbNpEL9jGuN,p,https://www.instagram.com/thedogist/p/BbNpEL9jGuN/,queued,0,0,,0,0,0,,,0,0,0,0,0,0,,,,,,,,,0,,,,,,,
BbNflnKjwqJ,p,https://www.instagram.com/thedogist/p/BbNflnKjwqJ/,queued,0,0,,0,0,0,,,0,0,0,0,0,0,,,,,,,,,0,,,,,,,
BbMuRz5j6CT,p,https://www.instagram.com/thedogist/p/BbMuRz5j6CT/,queued,0,0,,0,0,0,,,0,0,0,0,0,0,,,,,,,,,0,,,,,,,
BbLZBsbDIhA,p,https://www.instagram.com/thedogist/p/BbLZBsbDIhA/,queued,0,0,,0,0,0,,,0,0,0,0,0,0,,,,,,,,,0,,,,,,,
BbKp2t1Dtr4,p,https://www.instagram.com/thedogist/p/BbKp2t1Dtr4/,queued,0,0,,0,0,0,,,0,0,0,0,0,0,,,,,,,,,0,,,,,,,
BbKRWyTjkV5,p,https://www.instagram.com/thedogist/p/BbKRWyTjkV5/,queued,0,0,,0,0,0,,,0,0,0,0,0,0,,,,,,,,,0,,,,,,,
BbIh_SyDrZl,p,https://www.instagram.com/thedogist/p/BbIh_SyDrZl/,queued,0,0,,0,0,0,,,0,0,0,0,0,0,,,,,,,,,0,,,,,,,
BbH2b1cDob7,p,https://www.instagram.com/thedogist/p/BbH2b1cDob7/,queued,0,0,,0,0,0,,,0,0,0,0,0,0,,,,,,,,,0,,,,,,,
BbF9F9DDksu,p,https://www.instagram.com/thedogist/p/BbF9F9DDksu/,queued,0,0,,0,0,0,,,0,0,0,0,0,0,,,,,,,,,0,,,,,,,
BbFStvijyZw,p,https://www.instagram.com/thedogist/p/BbFStvijyZw/,queued,0,0,,0,0,0,,,0,0,0,0,0,0,,,,,,,,,0,,,,,,,
BbDXcfVjBoV,p,https://www.instagram.com/thedogist/p/BbDXcfVjBoV/,queued,0,0,,0,0,0,,,0,0,0,0,0,0,,,,,,,,,0,,,,,,,
BbC25V3DIo2,p,https://www.instagram.com/thedogist/p/BbC25V3DIo2/,queued,0,0,,0,0,0,,,0,0,0,0,0,0,,,,,,,,,0,,,,,,,
BbCVmcCDP76,p,https://www.instagram.com/thedogist/p/BbCVmcCDP76/,queued,0,0,,0,0,0,,,0,0,0,0,0,0,,,,,,,,,0,,,,,,,
BbA5CsWjjc7,p,https://www.instagram.com/thedogist/p/BbA5CsWjjc7/,queued,0,0,,0,0,0,,,0,0,0,0,0,0,,,,,,,,,0,,,,,,,
BbAnsyvDFNt,p,https://www.instagram.com/thedogist/p/BbAnsyvDFNt/,queued,0,0,,0,0,0,,,0,0,0,0,0,0,,,,,,,,,0,,,,,,,
Ba_2GT9DBXr,p,https://www.instagram.com/thedogist/p/Ba_2GT9DBXr/,queued,0,0,,0,0,0,,,0,0,0,0,0,0,,,,,,,,,0,,,,,,,
Ba-C-roj2Hr,p,https://www.instagram.com/thedogist/p/Ba-C-roj2Hr/,queued,0,0,,0,0,0,,,0,0,0,0,0,0,,,,,,,,,0,,,,,,,
Ba9fIKfDuqv,p,https://www.instagram.com/thedogist/p/Ba9fIKfDuqv/,queued,0,0,,0,0,0,,,0,0,0,0,0,0,,,,,,,,,0,,,,,,,
Ba7nTCxD48R,p,https://www.instagram.com/thedogist/p/Ba7nTCxD48R/,queued,0,0,,0,0,0,,,0,0,0,0,0,0,,,,,,,,,0,,,,,,,
Ba7Qo_bjQ_v,p,https://www.instagram.com/thedogist/p/Ba7Qo_bjQ_v/,queued,0,0,,0,0,0,,,0,0,0,0,0,0,,,,,,,,,0,,,,,,,
Ba64aOPjTZ5,p,https://www.instagram.com/thedogist/p/Ba64aOPjTZ5/,queued,0,0,,0,0,0,,,0,0,0,0,0,0,,,,,,,,,0,,,,,,,
Ba5DZqODs2t,p,https://www.instagram.com/thedogist/p/Ba5DZqODs2t/,queued,0,0,,0,0,0,,,0,0,0,0,0,0,,,,,,,,,0,,,,,,,
Ba4pkZojs1M,p,https://www.instagram.com/thedogist/p/Ba4pkZojs1M/,queued,0,0,,0,0,0,,,0,0,0,0,0,0,,,,,,,,,0,,,,,,,
Ba4TnVsDWN2,p,https://www.instagram.com/thedogist/p/Ba4TnVsDWN2/,queued,0,0,,0,0,0,,,0,0,0,0,0,0,,,,,,,,,0,,,,,,,
Ba4B4qsjGdU,p,https://www.instagram.com/thedogist/p/Ba4B4qsjGdU/,queued,0,0,,0,0,0,,,0,0,0,0,0,0,,,,,,,,,0,,,,,,,
Ba2mf1IDI-V,p,https://www.instagram.com/thedogist/p/Ba2mf1IDI-V/,queued,0,0,,0,0,0,,,0,0,0,0,0,0,,,,,,,,,0,,,,,,,
Ba2XNnUDX_m,p,https://www.instagram.com/thedogist/p/Ba2XNnUDX_m/,queued,0,0,,0,0,0,,,0,0,0,0,0,0,,,,,,,,,0,,,,,,,
Ba1jOUoD2T7,p,https://www.instagram.com/thedogist/p/Ba1jOUoD2T7/,queued,0,0,,0,0,0,,,0,0,0,0,0,0,,,,,,,,,0,,,,,,,
Ba0Ij7JDEc1,p,https://www.instagram.com/thedogist/p/Ba0Ij7JDEc1/,queued,0,0,,0,0,0,,,0,0,0,0,0,0,,,,,,,,,0,,,,,,,
BazdMP7jnQM,p,https://www.instagram.com/thedogist/p/BazdMP7jnQM/,queued,0,0,,0,0,0,,,0,0,0,0,0,0,,,,,,,,,0,,,,,,,
BazDSOljYgE,p,https://www.instagram.com/thedogist/p/BazDSOljYgE/,queued,0,0,,0,0,0,,,0,0,0,0,0,0,,,,,,,,,0,,,,,,,
Baxf0v9DDdz,p,https://www.instagram.com/thedogist/p/Baxf0v9DDdz/,queued,0,0,,0,0,0,,,0,0,0,0,0,0,,,,,,,,,0,,,,,,,
BaxBAlRj0VY,p,https://www.instagram.com/thedogist/p/BaxBAlRj0VY/,queued,0,0,,0,0,0,,,0,0,0,0,0,0,,,,,,,,,0,,,,,,,
BawlJ68Diwn,p,https://www.instagram.com/thedogist/p/BawlJ68Diwn/,queued,0,0,,0,0,0,,,0,0,0,0,0,0,,,,,,,,,0,,,,,,,
BavJVE9DIXq,p,https://www.instagram.com/thedogist/p/BavJVE9DIXq/,queued,0,0,,0,0,0,,,0,0,0,0,0,0,,,,,,,,,0,,,,,,,
BauMsFCDhrx,p,https://www.instagram.com/thedogist/p/BauMsFCDhrx/,queued,0,0,,0,0,0,,,0,0,0,0,0,0,,,,,,,,,0,,,,,,,
BasSF6LD2OQ,p,https://www.instagram.com/thedogist/p/BasSF6LD2OQ/,queued,0,0,,0,0,0,,,0,0,0,0,0,0,,,,,,,,,0,,,,,,,
Bar3frAD5IR,p,https://www.instagram.com/thedogist/p/Bar3frAD5IR/,queued,0,0,,0,0,0,,,0,0,0,0,0,0,,,,,,,,,0,,,,,,,
BarK4aeDlyp,p,https://www.instagram.com/thedogist/p/BarK4aeDlyp/,queued,0,0,,0,0,0,,,0,0,0,0,0,0,,,,,,,,,0,,,,,,,
Bap1v_DDSeh,p,https://www.instagram.com/thedogist/p/Bap1v_DDSeh/,queued,0,0,,0,0,0,,,0,0,0,0,0,0,,,,,,,,,0,,,,,,,
BapEUKojvsC,p,https://www.instagram.com/thedogist/p/BapEUKojvsC/,queued,0,0,,0,0,0,,,0,0,0,0,0,0,,,,,,,,,0,,,,,,,
Baovm9Fjv7o,p,https://www.instagram.com/thedogist/p/Baovm9Fjv7o/,queued,0,0,,0,0,0,,,0,0,0,0,0,0,,,,,,,,,0,,,,,,,
BanI-cZj-is,p,https://www.instagram.com/thedogist/p/BanI-cZj-is/,queued,0,0,,0,0,0,,,0,0,0,0,0,0,,,,,,,,,0,,,,,,,
Bam4RFujMmE,p,https://www.instagram.com/thedogist/p/Bam4RFujMmE/,queued,0,0,,0,0,0,,,0,0,0,0,0,0,,,,,,,,,0,,,,,,,
BammQngjFiZ,p,https://www.instagram.com/thedogist/p/BammQngjFiZ/,queued,0,0,,0,0,0,,,0,0,0,0,0,0,,,,,,,,,0,,,,,,,
BamP89QjTkE,p,https://www.instagram.com/thedogist/p/BamP89QjTkE/,queued,0,0,,0,0,0,,,0,0,0,0,0,0,,,,,,,,,0,,,,,,,
BakkVYFj6cU,p,https://www.instagram.com/thedogist/p/BakkVYFj6cU/,queued,0,0,,0,0,0,,,0,0,0,0,0,0,,,,,,,,,0,,,,,,,
BakHU6NjxOf,p,https://www.instagram.com/thedogist/p/BakHU6NjxOf/,queued,0,0,,0,0,0,,,0,0,0,0,0,0,,,,,,,,,0,,,,,,,
BajlejMDHUC,p,https://www.instagram.com/thedogist/p/BajlejMDHUC/,queued,0,0,,0,0,0,,,0,0,0,0,0,0,,,,,,,,,0,,,,,,,
Bah2m6Uj_Fi,p,https://www.instagram.com/thedogist/p/Bah2m6Uj_Fi/,queued,0,0,,0,0,0,,,0,0,0,0,0,0,,,,,,,,,0,,,,,,,
BahGdXnj8bg,p,https://www.instagram.com/thedogist/p/BahGdXnj8bg/,queued,0,0,,0,0,0,,,0,0,0,0,0,0,,,,,,,,,0,,,,,,,
BahBYpVj6_Q,p,https://www.instagram.com/thedogist/p/BahBYpVj6_Q/,queued,0,0,,0,0,0,,,0,0,0,0,0,0,,,,,,,,,0,,,,,,,
BafVkK3Dbx6,p,https://www.instagram.com/thedogist/p/BafVkK3Dbx6/,queued,0,0,,0,0,0,,,0,0,0,0,0,0,,,,,,,,,0,,,,,,,
BafIXthDkww,p,https://www.instagram.com/thedogist/p/BafIXthDkww/,queued,0,0,,0,0,0,,,0,0,0,0,0,0,,,,,,,,,0,,,,,,,
BaeQI5eHxV5,p,https://www.instagram.com/thedogist/p/BaeQI5eHxV5/,queued,0,0,,0,0,0,,,0,0,0,0,0,0,,,,,,,,,0,,,,,,,
Bac6-rinwuZ,p,https://www.instagram.com/thedogist/p/Bac6-rinwuZ/,queued,0,0,,0,0,0,,,0,0,0,0,0,0,,,,,,,,,0,,,,,,,
BacPAeYnsb6,p,https://www.instagram.com/thedogist/p/BacPAeYnsb6/,queued,0,0,,0,0,0,,,0,0,0,0,0,0,,,,,,,,,0,,,,,,,
BabrQ08nxmn,p,https://www.instagram.com/thedogist/p/BabrQ08nxmn/,queued,0,0,,0,0,0,,,0,0,0,0,0,0,,,,,,,,,0,,,,,,,
BaaU9SkHep4,p,https://www.instagram.com/thedogist/p/BaaU9SkHep4/,queued,0,0,,0,0,0,,,0,0,0,0,0,0,,,,,,,,,0,,,,,,,
BaZU5GwnJTm,p,https://www.instagram.com/thedogist/p/BaZU5GwnJTm/,queued,0,0,,0,0,0,,,0,0,0,0,0,0,,,,,,,,,0,,,,,,,
BaXpubfnE0m,p,https://www.instagram.com/thedogist/p/BaXpubfnE0m/,queued,0,0,,0,0,0,,,0,0,0,0,0,0,,,,,,,,,0,,,,,,,
BaXQDB6nGB4,p,https://www.instagram.com/thedogist/p/BaXQDB6nGB4/,queued,0,0,,0,0,0,,,0,0,0,0,0,0,,,,,,,,,0,,,,,,,
BaWjG3XHYao,p,https://www.instagram.com/thedogist/p/BaWjG3XHYao/,queued,0,0,,0,0,0,,,0,0,0,0,0,0,,,,,,,,,0,,,,,,,
BaVAD76HaW7,p,https://www.instagram.com/thedogist/p/BaVAD76HaW7/,queued,0,0,,0,0,0,,,0,0,0,0,0,0,,,,,,,,,0,,,,,,,
BaUzO53nOeh,p,https://www.instagram.com/thedogist/p/BaUzO53nOeh/,queued,0,0,,0,0,0,,,0,0,0,0,0,0,,,,,,,,,0,,,,,,,
BaUJlohnx0Z,p,https://www.instagram.com/thedogist/p/BaUJlohnx0Z/,queued,0,0,,0,0,0,,,0,0,0,0,0,0,,,,,,,,,0,,,,,,,
BaSfdp1nJM2,p,https://www.instagram.com/thedogist/p/BaSfdp1nJM2/,queued,0,0,,0,0,0,,,0,0,0,0,0,0,,,,,,,,,0,,,,,,,
BaR4S1RHJDY,p,https://www.instagram.com/thedogist/p/BaR4S1RHJDY/,queued,0,0,,0,0,0,,,0,0,0,0,0,0,,,,,,,,,0,,,,,,,
BaRo0Sin_xt,p,https://www.instagram.com/thedogist/p/BaRo0Sin_xt/,queued,0,0,,0,0,0,,,0,0,0,0,0,0,,,,,,,,,0,,,,,,,
BaPz2s4HzM6,p,https://www.instagram.com/thedogist/p/BaPz2s4HzM6/,queued,0,0,,0,0,0,,,0,0,0,0,0,0,,,,,,,,,0,,,,,,,
BaO4xLAHMfK,p,https://www.instagram.com/thedogist/p/BaO4xLAHMfK/,queued,0,0,,0,0,0,,,0,0,0,0,0,0,,,,,,,,,0,,,,,,,
BaNKiyenuTH,p,https://www.instagram.com/thedogist/p/BaNKiyenuTH/,queued,0,0,,0,0,0,,,0,0,0,0,0,0,,,,,,,,,0,,,,,,,
BaMcLpAHo4E,p,https://www.instagram.com/thedogist/p/BaMcLpAHo4E/,queued,0,0,,0,0,0,,,0,0,0,0,0,0,,,,,,,,,0,,,,,,,
BaKvD6cH3Yj,p,https://www.instagram.com/thedogist/p/BaKvD6cH3Yj/,queued,0,0,,0,0,0,,,0,0,0,0,0,0,,,,,,,,,0,,,,,,,
BaKMhpAnFf-,p,https://www.instagram.com/thedogist/p/BaKMhpAnFf-/,queued,0,0,,0,0,0,,,0,0,0,0,0,0,,,,,,,,,0,,,,,,,
BaJ5UdDHqTs,p,https://www.instagram.com/thedogist/p/BaJ5UdDHqTs/,queued,0,0,,0,0,0,,,0,0,0,0,0,0,,,,,,,,,0,,,,,,,
BaJuTvTHJO4,p,https://www.instagram.com/thedogist/p/BaJuTvTHJO4/,queued,0,0,,0,0,0,,,0,0,0,0,0,0,,,,,,,,,0,,,,,,,
BaIH4G1nwnE,p,https://www.instagram.com/thedogist/p/BaIH4G1nwnE/,queued,0,0,,0,0,0,,,0,0,0,0,0,0,,,,,,,,,0,,,,,,,
BaHaoHeHLE2,p,https://www.instagram.com/thedogist/p/BaHaoHeHLE2/,queued,0,0,,0,0,0,,,0,0,0,0,0,0,,,,,,,,,0,,,,,,,
BaFiN1PHsMV,p,https://www.instagram.com/thedogist/p/BaFiN1PHsMV/,queued,0,0,,0,0,0,,,0,0,0,0,0,0,,,,,,,,,0,,,,,,,
BaFGg9LHNKh,p,https://www.instagram.com/thedogist/p/BaFGg9LHNKh/,queued,0,0,,0,0,0,,,0,0,0,0,0,0,,,,,,,,,0,,,,,,,
BaC9Sa9ncLU,p,https://www.instagram.com/thedogist/p/BaC9Sa9ncLU/,queued,0,0,,0,0,0,,,0,0,0,0,0,0,,,,,,,,,0,,,,,,,
BaCrZvfH149,p,https://www.instagram.com/thedogist/p/BaCrZvfH149/,queued,0,0,,0,0,0,,,0,0,0,0,0,0,,,,,,,,,0,,,,,,,
BaCP94Dn90j,p,https://www.instagram.com/thedogist/p/BaCP94Dn90j/,queued,0,0,,0,0,0,,,0,0,0,0,0,0,,,,,,,,,0,,,,,,,
BaAsDuSnT-t,p,https://www.instagram.com/thedogist/p/BaAsDuSnT-t/,queued,0,0,,0,0,0,,,0,0,0,0,0,0,,,,,,,,,0,,,,,,,
BaAGR5QnYip,p,https://www.instagram.com/thedogist/p/BaAGR5QnYip/,queued,0,0,,0,0,0,,,0,0,0,0,0,0,,,,,,,,,0,,,,,,,
BZ_lVEMnTE9,p,https://www.instagram.com/thedogist/p/BZ_lVEMnTE9/,queued,0,0,,0,0,0,,,0,0,0,0,0,0,,,,,,,,,0,,,,,,,
BZ-CLLEHjP4,p,https://www.instagram.com/thedogist/p/BZ-CLLEHjP4/,queued,0,0,,0,0,0,,,0,0,0,0,0,0,,,,,,,,,0,,,,,,,
BZ9nU4zHImc,p,https://www.instagram.com/thedogist/p/BZ9nU4zHImc/,queued,0,0,,0,0,0,,,0,0,0,0,0,0,,,,,,,,,0,,,,,,,
BZ9DnwjH-u2,p,https://www.instagram.com/thedogist/p/BZ9DnwjH-u2/,queued,0,0,,0,0,0,,,0,0,0,0,0,0,,,,,,,,,0,,,,,,,
BZ7f6mOnlJK,p,https://www.instagram.com/thedogist/p/BZ7f6mOnlJK/,queued,0,0,,0,0,0,,,0,0,0,0,0,0,,,,,,,,,0,,,,,,,
BZ6lYjEHJbZ,p,https://www.instagram.com/thedogist/p/BZ6lYjEHJbZ/,queued,0,0,,0,0,0,,,0,0,0,0,0,0,,,,,,,,,0,,,,,,,
BZ41rujnOon,p,https://www.instagram.com/thedogist/p/BZ41rujnOon/,queued,0,0,,0,0,0,,,0,0,0,0,0,0,,,,,,,,,0,,,,,,,
BZ4b3OMno8Q,p,https://www.instagram.com/thedogist/p/BZ4b3OMno8Q/,queued,0,0,,0,0,0,,,0,0,0,0,0,0,,,,,,,,,0,,,,,,,
BZ31C-PHyoR,p,https://www.instagram.com/thedogist/p/BZ31C-PHyoR/,queued,0,0,,0,0,0,,,0,0,0,0,0,0,,,,,,,,,0,,,,,,,
BZ2GKwTnkfL,p,https://www.instagram.com/thedogist/p/BZ2GKwTnkfL/,queued,0,0,,0,0,0,,,0,0,0,0,0,0,,,,,,,,,0,,,,,,,
BZ1r5l1nYye,p,https://www.instagram.com/thedogist/p/BZ1r5l1nYye/,queued,0,0,,0,0,0,,,0,0,0,0,0,0,,,,,,,,,0,,,,,,,
BZ1Oe9WHBwd,p,https://www.instagram.com/thedogist/p/BZ1Oe9WHBwd/,queued,0,0,,0,0,0,,,0,0,0,0,0,0,,,,,,,,,0,,,,,,,
BZyxlEiHMpc,p,https://www.instagram.com/thedogist/p/BZyxlEiHMpc/,queued,0,0,,0,0,0,,,0,0,0,0,0,0,,,,,,,,,0,,,,,,,
BZxMejTn5p5,p,https://www.instagram.com/thedogist/p/BZxMejTn5p5/,queued,0,0,,0,0,0,,,0,0,0,0,0,0,,,,,,,,,0,,,,,,,
BZwuGqrHA2D,p,https://www.instagram.com/thedogist/p/BZwuGqrHA2D/,queued,0,0,,0,0,0,,,0,0,0,0,0,0,,,,,,,,,0,,,,,,,
BZwQkJinyBG,p,https://www.instagram.com/thedogist/p/BZwQkJinyBG/,queued,0,0,,0,0,0,,,0,0,0,0,0,0,,,,,,,,,0,,,,,,,
BZuYyU-Hd01,p,https://www.instagram.com/thedogist/p/BZuYyU-Hd01/,queued,0,0,,0,0,0,,,0,0,0,0,0,0,,,,,,,,,0,,,,,,,
BZt_v1Dnnp-,p,https://www.instagram.com/thedogist/p/BZt_v1Dnnp-/,queued,0,0,,0,0,0,,,0,0,0,0,0,0,,,,,,,,,0,,,,,,,
BZtetmwHZol,p,https://www.instagram.com/thedogist/p/BZtetmwHZol/,queued,0,0,,0,0,0,,,0,0,0,0,0,0,,,,,,,,,0,,,,,,,
BZsD1-wnpbY,p,https://www.instagram.com/thedogist/p/BZsD1-wnpbY/,queued,0,0,,0,0,0,,,0,0,0,0,0,0,,,,,,,,,0,,,,,,,
BZrfntXH1GC,p,https://www.instagram.com/thedogist/p/BZrfntXH1GC/,queued,0,0,,0,0,0,,,0,0,0,0,0,0,,,,,,,,,0,,,,,,,
BZq2fZFnDhh,p,https://www.instagram.com/thedogist/p/BZq2fZFnDhh/,queued,0,0,,0,0,0,,,0,0,0,0,0,0,,,,,,,,,0,,,,,,,
BZo8kbnHxwf,p,https://www.instagram.com/thedogist/p/BZo8kbnHxwf/,queued,0,0,,0,0,0,,,0,0,0,0,0,0,,,,,,,,,0,,,,,,,
BZoRRM8HUB2,p,https://www.instagram.com/thedogist/p/BZoRRM8HUB2/,queued,0,0,,0,0,0,,,0,0,0,0,0,0,,,,,,,,,0,,,,,,,
BZm9UO8HnJF,p,https://www.instagram.com/thedogist/p/BZm9UO8HnJF/,queued,0,0,,0,0,0,,,0,0,0,0,0,0,,,,,,,,,0,,,,,,,
BZmn7eoHMui,p,https://www.instagram.com/thedogist/p/BZmn7eoHMui/,queued,0,0,,0,0,0,,,0,0,0,0,0,0,,,,,,,,,0,,,,,,,
BZlxstLn2If,p,https://www.instagram.com/thedogist/p/BZlxstLn2If/,queued,0,0,,0,0,0,,,0,0,0,0,0,0,,,,,,,,,0,,,,,,,
BZkSrBin9DT,p,https://www.instagram.com/thedogist/p/BZkSrBin9DT/,queued,0,0,,0,0,0,,,0,0,0,0,0,0,,,,,,,,,0,,,,,,,
BZjYgLInBhd,p,https://www.instagram.com/thedogist/p/BZjYgLInBhd/,queued,0,0,,0,0,0,,,0,0,0,0,0,0,,,,,,,,,0,,,,,,,
BZhoDzDHliX,p,https://www.instagram.com/thedogist/p/BZhoDzDHliX/,queued,0,0,,0,0,0,,,0,0,0,0,0,0,,,,,,,,,0,,,,,,,
BZhLL2GHpg0,p,https://www.instagram.com/thedogist/p/BZhLL2GHpg0/,queued,0,0,,0,0,0,,,0,0,0,0,0,0,,,,,,,,,0,,,,,,,
BZgiq_uHyBQ,p,https://www.instagram.com/thedogist/p/BZgiq_uHyBQ/,queued,0,0,,0,0,0,,,0,0,0,0,0,0,,,,,,,,,0,,,,,,,
BZeqNPHnNJP,p,https://www.instagram.com/thedogist/p/BZeqNPHnNJP/,queued,0,0,,0,0,0,,,0,0,0,0,0,0,,,,,,,,,0,,,,,,,
BZeHUZ2Hxyi,p,https://www.instagram.com/thedogist/p/BZeHUZ2Hxyi/,queued,0,0,,0,0,0,,,0,0,0,0,0,0,,,,,,,,,0,,,,,,,
BZcd_AgnSmQ,p,https://www.instagram.com/thedogist/p/BZcd_AgnSmQ/,queued,0,0,,0,0,0,,,0,0,0,0,0,0,,,,,,,,,0,,,,,,,
BZcEoJUHK6-,p,https://www.instagram.com/thedogist/p/BZcEoJUHK6-/,queued,0,0,,0,0,0,,,0,0,0,0,0,0,,,,,,,,,0,,,,,,,
BZbmNHynfl-,p,https://www.instagram.com/thedogist/p/BZbmNHynfl-/,queued,0,0,,0,0,0,,,0,0,0,0,0,0,,,,,,,,,0,,,,,,,
BZZ2CVeH-pP,p,https://www.instagram.com/thedogist/p/BZZ2CVeH-pP/,queued,0,0,,0,0,0,,,0,0,0,0,0,0,,,,,,,,,0,,,,,,,
BZZeIrnHte_,p,https://www.instagram.com/thedogist/p/BZZeIrnHte_/,queued,0,0,,0,0,0,,,0,0,0,0,0,0,,,,,,,,,0,,,,,,,
BZYxQ5Dn0r-,p,https://www.instagram.com/thedogist/p/BZYxQ5Dn0r-/,queued,0,0,,0,0,0,,,0,0,0,0,0,0,,,,,,,,,0,,,,,,,
BZXX4_3H_12,p,https://www.instagram.com/thedogist/p/BZXX4_3H_12/,queued,0,0,,0,0,0,,,0,0,0,0,0,0,,,,,,,,,0,,,,,,,
BZWqcCxHjkK,p,https://www.instagram.com/thedogist/p/BZWqcCxHjkK/,queued,0,0,,0,0,0,,,0,0,0,0,0,0,,,,,,,,,0,,,,,,,
BZWT9cmnPSc,p,https://www.instagram.com/thedogist/p/BZWT9cmnPSc/,queued,0,0,,0,0,0,,,0,0,0,0,0,0,,,,,,,,,0,,,,,,,
BZUpFK9HXps,p,https://www.instagram.com/thedogist/p/BZUpFK9HXps/,queued,0,0,,0,0,0,,,0,0,0,0,0,0,,,,,,,,,0,,,,,,,
BZUQ91JnHol,p,https://www.instagram.com/thedogist/p/BZUQ91JnHol/,queued,0,0,,0,0,0,,,0,0,0,0,0,0,,,,,,,,,0,,,,,,,
BZT1A6vH3Zw,p,https://www.instagram.com/thedogist/p/BZT1A6vH3Zw/,queued,0,0,,0,0,0,,,0,0,0,0,0,0,,,,,,,,,0,,,,,,,
BZSCczxH7df,p,https://www.instagram.com/thedogist/p/BZSCczxH7df/,queued,0,0,,0,0,0,,,0,0,0,0,0,0,,,,,,,,,0,,,,,,,
BZRkchwnRtx,p,https://www.instagram.com/thedogist/p/BZRkchwnRtx/,queued,0,0,,0,0,0,,,0,0,0,0,0,0,,,,,,,,,0,,,,,,,
BZQ-FTyn-uT,p,https://www.instagram.com/thedogist/p/BZQ-FTyn-uT/,queued,0,0,,0,0,0,,,0,0,0,0,0,0,,,,,,,,,0,,,,,,,
BZPk1zHHlHD,p,https://www.instagram.com/thedogist/p/BZPk1zHHlHD/,queued,0,0,,0,0,0,,,0,0,0,0,0,0,,,,,,,,,0,,,,,,,
BZPPtE8H-L0,p,https://www.instagram.com/thedogist/p/BZPPtE8H-L0/,queued,0,0,,0,0,0,,,0,0,0,0,0,0,,,,,,,,,0,,,,,,,
BZO98Z-HrWp,p,https://www.instagram.com/thedogist/p/BZO98Z-HrWp/,queued,0,0,,0,0,0,,,0,0,0,0,0,0,,,,,,,,,0,,,,,,,
BZMs9aqn3m2,p,https://www.instagram.com/thedogist/p/BZMs9aqn3m2/,queued,0,0,,0,0,0,,,0,0,0,0,0,0,,,,,,,,,0,,,,,,,
BZMD54cn5Rg,p,https://www.instagram.com/thedogist/p/BZMD54cn5Rg/,queued,0,0,,0,0,0,,,0,0,0,0,0,0,,,,,,,,,0,,,,,,,
BZKMEH5HeBj,p,https://www.instagram.com/thedogist/p/BZKMEH5HeBj/,queued,0,0,,0,0,0,,,0,0,0,0,0,0,,,,,,,,,0,,,,,,,
BZJmbiUHy3D,p,https://www.instagram.com/thedogist/p/BZJmbiUHy3D/,queued,0,0,,0,0,0,,,0,0,0,0,0,0,,,,,,,,,0,,,,,,,
BZHovkgHOlS,p,https://www.instagram.com/thedogist/p/BZHovkgHOlS/,queued,0,0,,0,0,0,,,0,0,0,0,0,0,,,,,,,,,0,,,,,,,
BZGtCFTnoII,p,https://www.instagram.com/thedogist/p/BZGtCFTnoII/,queued,0,0,,0,0,0,,,0,0,0,0,0,0,,,,,,,,,0,,,,,,,
BZE-GmcnJJa,p,https://www.instagram.com/thedogist/p/BZE-GmcnJJa/,queued,0,0,,0,0,0,,,0,0,0,0,0,0,,,,,,,,,0,,,,,,,
BZEYCAOH0xQ,p,https://www.instagram.com/thedogist/p/BZEYCAOH0xQ/,queued,0,0,,0,0,0,,,0,0,0,0,0,0,,,,,,,,,0,,,,,,,
BZCzeXfntKy,p,https://www.instagram.com/thedogist/p/BZCzeXfntKy/,queued,0,0,,0,0,0,,,0,0,0,0,0,0,,,,,,,,,0,,,,,,,
BZCTd7BnFHd,p,https://www.instagram.com/thedogist/p/BZCTd7BnFHd/,queued,0,0,,0,0,0,,,0,0,0,0,0,0,,,,,,,,,0,,,,,,,
BZBsNPgnVge,p,https://www.instagram.com/thedogist/p/BZBsNPgnVge/,queued,0,0,,0,0,0,,,0,0,0,0,0,0,,,,,,,,,0,,,,,,,
BZAC7fQndUp,p,https://www.instagram.com/thedogist/p/BZAC7fQndUp/,queued,0,0,,0,0,0,,,0,0,0,0,0,0,,,,,,,,,0,,,,,,,
BY_odCqn8_N,p,https://www.instagram.com/thedogist/p/BY_odCqn8_N/,queued,0,0,,0,0,0,,,0,0,0,0,0,0,,,,,,,,,0,,,,,,,
BY_IunZHJI0,p,https://www.instagram.com/thedogist/p/BY_IunZHJI0/,queued,0,0,,0,0,0,,,0,0,0,0,0,0,,,,,,,,,0,,,,,,,
BY9Yb3VnXNV,p,https://www.instagram.com/thedogist/p/BY9Yb3VnXNV/,queued,0,0,,0,0,0,,,0,0,0,0,0,0,,,,,,,,,0,,,,,,,
BY8vZZCHpru,p,https://www.instagram.com/thedogist/p/BY8vZZCHpru/,queued,0,0,,0,0,0,,,0,0,0,0,0,0,,,,,,,,,0,,,,,,,
BY6q959HD3q,p,https://www.instagram.com/thedogist/p/BY6q959HD3q/,queued,0,0,,0,0,0,,,0,0,0,0,0,0,,,,,,,,,0,,,,,,,
BY52BbenVjB,p,https://www.instagram.com/thedogist/p/BY52BbenVjB/,queued,0,0,,0,0,0,,,0,0,0,0,0,0,,,,,,,,,0,,,,,,,
BY4gMwwnYrG,p,https://www.instagram.com/thedogist/p/BY4gMwwnYrG/,queued,0,0,,0,0,0,,,0,0,0,0,0,0,,,,,,,,,0,,,,,,,
BY3_6Qmn_aB,p,https://www.instagram.com/thedogist/p/BY3_6Qmn_aB/,queued,0,0,,0,0,0,,,0,0,0,0,0,0,,,,,,,,,0,,,,,,,
BY3mgjonqyo,p,https://www.instagram.com/thedogist/p/BY3mgjonqyo/,queued,0,0,,0,0,0,,,0,0,0,0,0,0,,,,,,,,,0,,,,,,,
BY191AXnXBw,p,https://www.instagram.com/thedogist/p/BY191AXnXBw/,queued,0,0,,0,0,0,,,0,0,0,0,0,0,,,,,,,,,0,,,,,,,
BY1qUrcnJYv,p,https://www.instagram.com/thedogist/p/BY1qUrcnJYv/,queued,0,0,,0,0,0,,,0,0,0,0,0,0,,,,,,,,,0,,,,,,,
BY03Yi8nphI,p,https://www.instagram.com/thedogist/p/BY03Yi8nphI/,queued,0,0,,0,0,0,,,0,0,0,0,0,0,,,,,,,,,0,,,,,,,
BYzCoCzH8Zb,p,https://www.instagram.com/thedogist/p/BYzCoCzH8Zb/,queued,0,0,,0,0,0,,,0,0,0,0,0,0,,,,,,,,,0,,,,,,,
BYySYOhHtVz,p,https://www.instagram.com/thedogist/p/BYySYOhHtVz/,queued,0,0,,0,0,0,,,0,0,0,0,0,0,,,,,,,,,0,,,,,,,
BYwNuHMHa82,p,https://www.instagram.com/thedogist/p/BYwNuHMHa82/,queued,0,0,,0,0,0,,,0,0,0,0,0,0,,,,,,,,,0,,,,,,,
BYv2YQ4HG02,p,https://www.instagram.com/thedogist/p/BYv2YQ4HG02/,queued,0,0,,0,0,0,,,0,0,0,0,0,0,,,,,,,,,0,,,,,,,
BYuLXaQnceW,p,https://www.instagram.com/thedogist/p/BYuLXaQnceW/,queued,0,0,,0,0,0,,,0,0,0,0,0,0,,,,,,,,,0,,,,,,,
BYtp-xkHQ7J,p,https://www.instagram.com/thedogist/p/BYtp-xkHQ7J/,queued,0,0,,0,0,0,,,0,0,0,0,0,0,,,,,,,,,0,,,,,,,
BYtK2JNnIP9,p,https://www.instagram.com/thedogist/p/BYtK2JNnIP9/,queued,0,0,,0,0,0,,,0,0,0,0,0,0,,,,,,,,,0,,,,,,,
BYrlPtVn_jd,p,https://www.instagram.com/thedogist/p/BYrlPtVn_jd/,queued,0,0,,0,0,0,,,0,0,0,0,0,0,,,,,,,,,0,,,,,,,
BYq1yMXnSor,p,https://www.instagram.com/thedogist/p/BYq1yMXnSor/,queued,0,0,,0,0,0,,,0,0,0,0,0,0,,,,,,,,,0,,,,,,,
BYqgdjyHJXQ,p,https://www.instagram.com/thedogist/p/BYqgdjyHJXQ/,queued,0,0,,0,0,0,,,0,0,0,0,0,0,,,,,,,,,0,,,,,,,
BYo9v1WnkKH,p,https://www.instagram.com/thedogist/p/BYo9v1WnkKH/,queued,0,0,,0,0,0,,,0,0,0,0,0,0,,,,,,,,,0,,,,,,,
BYoayI0HvHk,p,https://www.instagram.com/thedogist/p/BYoayI0HvHk/,queued,0,0,,0,0,0,,,0,0,0,0,0,0,,,,,,,,,0,,,,,,,
BYn_HKSHaoC,p,https://www.instagram.com/thedogist/p/BYn_HKSHaoC/,queued,0,0,,0,0,0,,,0,0,0,0,0,0,,,,,,,,,0,,,,,,,
BYmRYnbn-Y7,p,https://www.instagram.com/thedogist/p/BYmRYnbn-Y7/,queued,0,0,,0,0,0,,,0,0,0,0,0,0,,,,,,,,,0,,,,,,,
BYl71y5H3Vo,p,https://www.instagram.com/thedogist/p/BYl71y5H3Vo/,queued,0,0,,0,0,0,,,0,0,0,0,0,0,,,,,,,,,0,,,,,,,
BYlZnZUnuDs,p,https://www.instagram.com/thedogist/p/BYlZnZUnuDs/,queued,0,0,,0,0,0,,,0,0,0,0,0,0,,,,,,,,,0,,,,,,,
BYjxjI5HeO4,p,https://www.instagram.com/thedogist/p/BYjxjI5HeO4/,queued,0,0,,0,0,0,,,0,0,0,0,0,0,,,,,,,,,0,,,,,,,
BYjQbnZnA4A,p,https://www.instagram.com/thedogist/p/BYjQbnZnA4A/,queued,0,0,,0,0,0,,,0,0,0,0,0,0,,,,,,,,,0,,,,,,,
BYipZnDH5HX,p,https://www.instagram.com/thedogist/p/BYipZnDH5HX/,queued,0,0,,0,0,0,,,0,0,0,0,0,0,,,,,,,,,0,,,,,,,
BYhH0yqnVyP,p,https://www.instagram.com/thedogist/p/BYhH0yqnVyP/,queued,0,0,,0,0,0,,,0,0,0,0,0,0,,,,,,,,,0,,,,,,,
BYglXSbHrwn,p,https://www.instagram.com/thedogist/p/BYglXSbHrwn/,queued,0,0,,0,0,0,,,0,0,0,0,0,0,,,,,,,,,0,,,,,,,
BYgK_wznHML,p,https://www.instagram.com/thedogist/p/BYgK_wznHML/,queued,0,0,,0,0,0,,,0,0,0,0,0,0,,,,,,,,,0,,,,,,,
BYe2FokHVRI,p,https://www.instagram.com/thedogist/p/BYe2FokHVRI/,queued,0,0,,0,0,0,,,0,0,0,0,0,0,,,,,,,,,0,,,,,,,
BYebGU6lTDe,p,https://www.instagram.com/thedogist/p/BYebGU6lTDe/,queued,0,0,,0,0,0,,,0,0,0,0,0,0,,,,,,,,,0,,,,,,,
BYdmVJJnODq,p,https://www.instagram.com/thedogist/p/BYdmVJJnODq/,queued,0,0,,0,0,0,,,0,0,0,0,0,0,,,,,,,,,0,,,,,,,
BYcWdxuH7KU,p,https://www.instagram.com/thedogist/p/BYcWdxuH7KU/,queued,0,0,,0,0,0,,,0,0,0,0,0,0,,,,,,,,,0,,,,,,,
BYbb52BHiSK,p,https://www.instagram.com/thedogist/p/BYbb52BHiSK/,queued,0,0,,0,0,0,,,0,0,0,0,0,0,,,,,,,,,0,,,,,,,
BYbDDl6H2gk,p,https://www.instagram.com/thedogist/p/BYbDDl6H2gk/,queued,0,0,,0,0,0,,,0,0,0,0,0,0,,,,,,,,,0,,,,,,,
BYZe8JDHaMR,p,https://www.instagram.com/thedogist/p/BYZe8JDHaMR/,queued,0,0,,0,0,0,,,0,0,0,0,0,0,,,,,,,,,0,,,,,,,
BYZCIPpnbp5,p,https://www.instagram.com/thedogist/p/BYZCIPpnbp5/,queued,0,0,,0,0,0,,,0,0,0,0,0,0,,,,,,,,,0,,,,,,,
BYYwecGnOgt,p,https://www.instagram.com/thedogist/p/BYYwecGnOgt/,queued,0,0,,0,0,0,,,0,0,0,0,0,0,,,,,,,,,0,,,,,,,
BYYepKWHUgh,p,https://www.instagram.com/thedogist/p/BYYepKWHUgh/,queued,0,0,,0,0,0,,,0,0,0,0,0,0,,,,,,,,,0,,,,,,,
BYXC_WSHL6W,p,https://www.instagram.com/thedogist/p/BYXC_WSHL6W/,queued,0,0,,0,0,0,,,0,0,0,0,0,0,,,,,,,,,0,,,,,,,
BYWkKlwHh9l,p,https://www.instagram.com/thedogist/p/BYWkKlwHh9l/,queued,0,0,,0,0,0,,,0,0,0,0,0,0,,,,,,,,,0,,,,,,,
BYV9it-Hh9t,p,https://www.instagram.com/thedogist/p/BYV9it-Hh9t/,queued,0,0,,0,0,0,,,0,0,0,0,0,0,,,,,,,,,0,,,,,,,
BYUrfj1HiS0,p,https://www.instagram.com/thedogist/p/BYUrfj1HiS0/,queued,0,0,,0,0,0,,,0,0,0,0,0,0,,,,,,,,,0,,,,,,,
BYUL1mpH6Aw,p,https://www.instagram.com/thedogist/p/BYUL1mpH6Aw/,queued,0,0,,0,0,0,,,0,0,0,0,0,0,,,,,,,,,0,,,,,,,
BYTo8QkHtF9,p,https://www.instagram.com/thedogist/p/BYTo8QkHtF9/,queued,0,0,,0,0,0,,,0,0,0,0,0,0,,,,,,,,,0,,,,,,,
BYR9U66nQmK,p,https://www.instagram.com/thedogist/p/BYR9U66nQmK/,queued,0,0,,0,0,0,,,0,0,0,0,0,0,,,,,,,,,0,,,,,,,
BYRrE5Gn5Xd,p,https://www.instagram.com/thedogist/p/BYRrE5Gn5Xd/,queued,0,0,,0,0,0,,,0,0,0,0,0,0,,,,,,,,,0,,,,,,,
BYRRuiJnCgP,p,https://www.instagram.com/thedogist/p/BYRRuiJnCgP/,queued,0,0,,0,0,0,,,0,0,0,0,0,0,,,,,,,,,0,,,,,,,
BYQ3ZRbHHc_,p,https://www.instagram.com/thedogist/p/BYQ3ZRbHHc_/,queued,0,0,,0,0,0,,,0,0,0,0,0,0,,,,,,,,,0,,,,,,,
BYPGQ2tH8k9,p,https://www.instagram.com/thedogist/p/BYPGQ2tH8k9/,queued,0,0,,0,0,0,,,0,0,0,0,0,0,,,,,,,,,0,,,,,,,
BYOOAusnTiv,p,https://www.instagram.com/thedogist/p/BYOOAusnTiv/,queued,0,0,,0,0,0,,,0,0,0,0,0,0,,,,,,,,,0,,,,,,,
BYMe6ksn7DA,p,https://www.instagram.com/thedogist/p/BYMe6ksn7DA/,queued,0,0,,0,0,0,,,0,0,0,0,0,0,,,,,,,,,0,,,,,,,
BYL3Pr6nCie,p,https://www.instagram.com/thedogist/p/BYL3Pr6nCie/,queued,0,0,,0,0,0,,,0,0,0,0,0,0,,,,,,,,,0,,,,,,,
BYLelxUnyGe,p,https://www.instagram.com/thedogist/p/BYLelxUnyGe/,queued,0,0,,0,0,0,,,0,0,0,0,0,0,,,,,,,,,0,,,,,,,
BYKbSC6HTrX,p,https://www.instagram.com/thedogist/p/BYKbSC6HTrX/,queued,0,0,,0,0,0,,,0,0,0,0,0,0,,,,,,,,,0,,,,,,,
BYJ64XUFM5H,p,https://www.instagram.com/thedogist/p/BYJ64XUFM5H/,queued,0,0,,0,0,0,,,0,0,0,0,0,0,,,,,,,,,0,,,,,,,
BYJrgcil-jm,p,https://www.instagram.com/thedogist/p/BYJrgcil-jm/,queued,0,0,,0,0,0,,,0,0,0,0,0,0,,,,,,,,,0,,,,,,,
BYJKALknG08,p,https://www.instagram.com/thedogist/p/BYJKALknG08/,queued,0,0,,0,0,0,,,0,0,0,0,0,0,,,,,,,,,0,,,,,,,
BYHjCFmnA5l,p,https://www.instagram.com/thedogist/p/BYHjCFmnA5l/,queued,0,0,,0,0,0,,,0,0,0,0,0,0,,,,,,,,,0,,,,,,,
BYHH4H1nfNh,p,https://www.instagram.com/thedogist/p/BYHH4H1nfNh/,queued,0,0,,0,0,0,,,0,0,0,0,0,0,,,,,,,,,0,,,,,,,
BYGtqi8nuy0,p,https://www.instagram.com/thedogist/p/BYGtqi8nuy0/,queued,0,0,,0,0,0,,,0,0,0,0,0,0,,,,,,,,,0,,,,,,,
BYEoxngnoSE,p,https://www.instagram.com/thedogist/p/BYEoxngnoSE/,queued,0,0,,0,0,0,,,0,0,0,0,0,0,,,,,,,,,0,,,,,,,
BYDxnGSnieW,p,https://www.instagram.com/thedogist/p/BYDxnGSnieW/,queued,0,0,,0,0,0,,,0,0,0,0,0,0,,,,,,,,,0,,,,,,,
BYCfJY7HSum,p,https://www.instagram.com/thedogist/p/BYCfJY7HSum/,queued,0,0,,0,0,0,,,0,0,0,0,0,0,,,,,,,,,0,,,,,,,
BYBw32znCa3,p,https://www.instagram.com/thedogist/p/BYBw32znCa3/,queued,0,0,,0,0,0,,,0,0,0,0,0,0,,,,,,,,,0,,,,,,,
BYBCZpwnIn6,p,https://www.instagram.com/thedogist/p/BYBCZpwnIn6/,queued,0,0,,0,0,0,,,0,0,0,0,0,0,,,,,,,,,0,,,,,,,
BX_nUxynRfj,p,https://www.instagram.com/thedogist/p/BX_nUxynRfj/,queued,0,0,,0,0,0,,,0,0,0,0,0,0,,,,,,,,,0,,,,,,,
BX_K7y1FpxH,p,https://www.instagram.com/thedogist/p/BX_K7y1FpxH/,queued,0,0,,0,0,0,,,0,0,0,0,0,0,,,,,,,,,0,,,,,,,
BX-2yUdFEhN,p,https://www.instagram.com/thedogist/p/BX-2yUdFEhN/,queued,0,0,,0,0,0,,,0,0,0,0,0,0,,,,,,,,,0,,,,,,,
BX8-TztFnyf,p,https://www.instagram.com/thedogist/p/BX8-TztFnyf/,queued,0,0,,0,0,0,,,0,0,0,0,0,0,,,,,,,,,0,,,,,,,
BX8iYS-Fgg8,p,https://www.instagram.com/thedogist/p/BX8iYS-Fgg8/,queued,0,0,,0,0,0,,,0,0,0,0,0,0,,,,,,,,,0,,,,,,,
BX7-BG9Fsb1,p,https://www.instagram.com/thedogist/p/BX7-BG9Fsb1/,queued,0,0,,0,0,0,,,0,0,0,0,0,0,,,,,,,,,0,,,,,,,
BX6lzGqnjZq,p,https://www.instagram.com/thedogist/p/BX6lzGqnjZq/,queued,0,0,,0,0,0,,,0,0,0,0,0,0,,,,,,,,,0,,,,,,,
BX6K1yEndt6,p,https://www.instagram.com/thedogist/p/BX6K1yEndt6/,queued,0,0,,0,0,0,,,0,0,0,0,0,0,,,,,,,,,0,,,,,,,
BX5dF28lmyX,p,https://www.instagram.com/thedogist/p/BX5dF28lmyX/,queued,0,0,,0,0,0,,,0,0,0,0,0,0,,,,,,,,,0,,,,,,,
BX3s-LWlJOc,p,https://www.instagram.com/thedogist/p/BX3s-LWlJOc/,queued,0,0,,0,0,0,,,0,0,0,0,0,0,,,,,,,,,0,,,,,,,
BX3YBoaF55Q,p,https://www.instagram.com/thedogist/p/BX3YBoaF55Q/,queued,0,0,,0,0,0,,,0,0,0,0,0,0,,,,,,,,,0,,,,,,,
BX29SdXFPpZ,p,https://www.instagram.com/thedogist/p/BX29SdXFPpZ/,queued,0,0,,0,0,0,,,0,0,0,0,0,0,,,,,,,,,0,,,,,,,
BX1eKFRlbDd,p,https://www.instagram.com/thedogist/p/BX1eKFRlbDd/,queued,0,0,,0,0,0,,,0,0,0,0,0,0,,,,,,,,,0,,,,,,,
BX1NuQ_lwKO,p,https://www.instagram.com/thedogist/p/BX1NuQ_lwKO/,queued,0,0,,0,0,0,,,0,0,0,0,0,0,,,,,,,,,0,,,,,,,
BX0VI5nl3Ss,p,https://www.instagram.com/thedogist/p/BX0VI5nl3Ss/,queued,0,0,,0,0,0,,,0,0,0,0,0,0,,,,,,,,,0,,,,,,,
BXy5Ic_l2MX,p,https://www.instagram.com/thedogist/p/BXy5Ic_l2MX/,queued,0,0,,0,0,0,,,0,0,0,0,0,0,,,,,,,,,0,,,,,,,
BXyB0KkF-0s,p,https://www.instagram.com/thedogist/p/BXyB0KkF-0s/,queued,0,0,,0,0,0,,,0,0,0,0,0,0,,,,,,,,,0,,,,,,,
BXx4PUClx9f,p,https://www.instagram.com/thedogist/p/BXx4PUClx9f/,queued,0,0,,0,0,0,,,0,0,0,0,0,0,,,,,,,,,0,,,,,,,
BXwIwirFI_7,p,https://www.instagram.com/thedogist/p/BXwIwirFI_7/,queued,0,0,,0,0,0,,,0,0,0,0,0,0,,,,,,,,,0,,,,,,,
BXvcWmdFgtw,p,https://www.instagram.com/thedogist/p/BXvcWmdFgtw/,queued,0,0,,0,0,0,,,0,0,0,0,0,0,,,,,,,,,0,,,,,,,
BXtousulbYb,p,https://www.instagram.com/thedogist/p/BXtousulbYb/,queued,0,0,,0,0,0,,,0,0,0,0,0,0,,,,,,,,,0,,,,,,,
BXtN8JelFNr,p,https://www.instagram.com/thedogist/p/BXtN8JelFNr/,queued,0,0,,0,0,0,,,0,0,0,0,0,0,,,,,,,,,0,,,,,,,
BXstBqClLXk,p,https://www.instagram.com/thedogist/p/BXstBqClLXk/,queued,0,0,,0,0,0,,,0,0,0,0,0,0,,,,,,,,,0,,,,,,,
BXq7SiDFCDm,p,https://www.instagram.com/thedogist/p/BXq7SiDFCDm/,queued,0,0,,0,0,0,,,0,0,0,0,0,0,,,,,,,,,0,,,,,,,
BXqQhi8lJu-,p,https://www.instagram.com/thedogist/p/BXqQhi8lJu-/,queued,0,0,,0,0,0,,,0,0,0,0,0,0,,,,,,,,,0,,,,,,,
BXoq5UeFf42,p,https://www.instagram.com/thedogist/p/BXoq5UeFf42/,queued,0,0,,0,0,0,,,0,0,0,0,0,0,,,,,,,,,0,,,,,,,
BXnyFQHFwPU,p,https://www.instagram.com/thedogist/p/BXnyFQHFwPU/,queued,0,0,,0,0,0,,,0,0,0,0,0,0,,,,,,,,,0,,,,,,,
BXneoPdFRkr,p,https://www.instagram.com/thedogist/p/BXneoPdFRkr/,queued,0,0,,0,0,0,,,0,0,0,0,0,0,,,,,,,,,0,,,,,,,
BXl94HSlPQt,p,https://www.instagram.com/thedogist/p/BXl94HSlPQt/,queued,0,0,,0,0,0,,,0,0,0,0,0,0,,,,,,,,,0,,,,,,,
BXlvRcUFMe7,p,https://www.instagram.com/thedogist/p/BXlvRcUFMe7/,queued,0,0,,0,0,0,,,0,0,0,0,0,0,,,,,,,,,0,,,,,,,
BXlOm-OFT0P,p,https://www.instagram.com/thedogist/p/BXlOm-OFT0P/,queued,0,0,,0,0,0,,,0,0,0,0,0,0,,,,,,,,,0,,,,,,,
BXk_e7elCvd,p,https://www.instagram.com/thedogist/p/BXk_e7elCvd/,queued,0,0,,0,0,0,,,0,0,0,0,0,0,,,,,,,,,0,,,,,,,
BXjMa65FPBJ,p,https://www.instagram.com/thedogist/p/BXjMa65FPBJ/,queued,0,0,,0,0,0,,,0,0,0,0,0,0,,,,,,,,,0,,,,,,,
BXitxk8lcWa,p,https://www.instagram.com/thedogist/p/BXitxk8lcWa/,queued,0,0,,0,0,0,,,0,0,0,0,0,0,,,,,,,,,0,,,,,,,
BXiU08KlN5n,p,https://www.instagram.com/thedogist/p/BXiU08KlN5n/,queued,0,0,,0,0,0,,,0,0,0,0,0,0,,,,,,,,,0,,,,,,,
BXhHWH3FClw,p,https://www.instagram.com/thedogist/p/BXhHWH3FClw/,queued,0,0,,0,0,0,,,0,0,0,0,0,0,,,,,,,,,0,,,,,,,
BXgu91JFARx,p,https://www.instagram.com/thedogist/p/BXgu91JFARx/,queued,0,0,,0,0,0,,,0,0,0,0,0,0,,,,,,,,,0,,,,,,,
BXgIQTVFR7F,p,https://www.instagram.com/thedogist/p/BXgIQTVFR7F/,queued,0,0,,0,0,0,,,0,0,0,0,0,0,,,,,,,,,0,,,,,,,
BXfwZQilYj2,p,https://www.instagram.com/thedogist/p/BXfwZQilYj2/,queued,0,0,,0,0,0,,,0,0,0,0,0,0,,,,,,,,,0,,,,,,,
BXeLGjTloa3,p,https://www.instagram.com/thedogist/p/BXeLGjTloa3/,queued,0,0,,0,0,0,,,0,0,0,0,0,0,,,,,,,,,0,,,,,,,
BXdo8RgFoQ0,p,https://www.instagram.com/thedogist/p/BXdo8RgFoQ0/,queued,0,0,,0,0,0,,,0,0,0,0,0,0,,,,,,,,,0,,,,,,,
BXdKn1MF43M,p,https://www.instagram.com/thedogist/p/BXdKn1MF43M/,queued,0,0,,0,0,0,,,0,0,0,0,0,0,,,,,,,,,0,,,,,,,
BXbiNZBFlw4,p,https://www.instagram.com/thedogist/p/BXbiNZBFlw4/,queued,0,0,,0,0,0,,,0,0,0,0,0,0,,,,,,,,,0,,,,,,,
BXbCG9mllr9,p,https://www.instagram.com/thedogist/p/BXbCG9mllr9/,queued,0,0,,0,0,0,,,0,0,0,0,0,0,,,,,,,,,0,,,,,,,
BXaocT_lqBy,p,https://www.instagram.com/thedogist/p/BXaocT_lqBy/,queued,0,0,,0,0,0,,,0,0,0,0,0,0,,,,,,,,,0,,,,,,,
BXY4ja3AKEa,p,https://www.instagram.com/thedogist/p/BXY4ja3AKEa/,queued,0,0,,0,0,0,,,0,0,0,0,0,0,,,,,,,,,0,,,,,,,
BXYsZ2WAB_H,p,https://www.instagram.com/thedogist/p/BXYsZ2WAB_H/,queued,0,0,,0,0,0,,,0,0,0,0,0,0,,,,,,,,,0,,,,,,,
BXYGERwFcTd,p,https://www.instagram.com/thedogist/p/BXYGERwFcTd/,queued,0,0,,0,0,0,,,0,0,0,0,0,0,,,,,,,,,0,,,,,,,
BXWhMMDlrDb,p,https://www.instagram.com/thedogist/p/BXWhMMDlrDb/,queued,0,0,,0,0,0,,,0,0,0,0,0,0,,,,,,,,,0,,,,,,,
BXWMgQ5FBIM,p,https://www.instagram.com/thedogist/p/BXWMgQ5FBIM/,queued,0,0,,0,0,0,,,0,0,0,0,0,0,,,,,,,,,0,,,,,,,
BXVhCN3FyM7,p,https://www.instagram.com/thedogist/p/BXVhCN3FyM7/,queued,0,0,,0,0,0,,,0,0,0,0,0,0,,,,,,,,,0,,,,,,,
BXTtmmMF_Sg,p,https://www.instagram.com/thedogist/p/BXTtmmMF_Sg/,queued,0,0,,0,0,0,,,0,0,0,0,0,0,,,,,,,,,0,,,,,,,
BXTLzzUlgLS,p,https://www.instagram.com/thedogist/p/BXTLzzUlgLS/,queued,0,0,,0,0,0,,,0,0,0,0,0,0,,,,,,,,,0,,,,,,,
BXRhfVrld04,p,https://www.instagram.com/thedogist/p/BXRhfVrld04/,queued,0,0,,0,0,0,,,0,0,0,0,0,0,,,,,,,,,0,,,,,,,
BXQU423FRXH,p,https://www.instagram.com/thedogist/p/BXQU423FRXH/,queued,0,0,,0,0,0,,,0,0,0,0,0,0,,,,,,,,,0,,,,,,,
BXO6wtSll3b,p,https://www.instagram.com/thedogist/p/BXO6wtSll3b/,queued,0,0,,0,0,0,,,0,0,0,0,0,0,,,,,,,,,0,,,,,,,
BXOMrPZlCiO,p,https://www.instagram.com/thedogist/p/BXOMrPZlCiO/,queued,0,0,,0,0,0,,,0,0,0,0,0,0,,,,,,,,,0,,,,,,,
BXNvhFuFoJQ,p,https://www.instagram.com/thedogist/p/BXNvhFuFoJQ/,queued,0,0,,0,0,0,,,0,0,0,0,0,0,,,,,,,,,0,,,,,,,
BXL27BWFRo_,p,https://www.instagram.com/thedogist/p/BXL27BWFRo_/,queued,0,0,,0,0,0,,,0,0,0,0,0,0,,,,,,,,,0,,,,,,,
BXLIN8zFnHx,p,https://www.instagram.com/thedogist/p/BXLIN8zFnHx/,queued,0,0,,0,0,0,,,0,0,0,0,0,0,,,,,,,,,0,,,,,,,
BXJkOx-lYXV,p,https://www.instagram.com/thedogist/p/BXJkOx-lYXV/,queued,0,0,,0,0,0,,,0,0,0,0,0,0,,,,,,,,,0,,,,,,,
BXJNB-alaS4,p,https://www.instagram.com/thedogist/p/BXJNB-alaS4/,queued,0,0,,0,0,0,,,0,0,0,0,0,0,,,,,,,,,0,,,,,,,
BXI3I-tlr8X,p,https://www.instagram.com/thedogist/p/BXI3I-tlr8X/,queued,0,0,,0,0,0,,,0,0,0,0,0,0,,,,,,,,,0,,,,,,,
BXG_79OlCyq,p,https://www.instagram.com/thedogist/p/BXG_79OlCyq/,queued,0,0,,0,0,0,,,0,0,0,0,0,0,,,,,,,,,0,,,,,,,
BXGqS2Kl-iF,p,https://www.instagram.com/thedogist/p/BXGqS2Kl-iF/,queued,0,0,,0,0,0,,,0,0,0,0,0,0,,,,,,,,,0,,,,,,,
BXGB_omlwBA,p,https://www.instagram.com/thedogist/p/BXGB_omlwBA/,queued,0,0,,0,0,0,,,0,0,0,0,0,0,,,,,,,,,0,,,,,,,
BXEdTUAFaZR,p,https://www.instagram.com/thedogist/p/BXEdTUAFaZR/,queued,0,0,,0,0,0,,,0,0,0,0,0,0,,,,,,,,,0,,,,,,,
BXEKujqlusR,p,https://www.instagram.com/thedogist/p/BXEKujqlusR/,queued,0,0,,0,0,0,,,0,0,0,0,0,0,,,,,,,,,0,,,,,,,
BXD4oW6FTqm,p,https://www.instagram.com/thedogist/p/BXD4oW6FTqm/,queued,0,0,,0,0,0,,,0,0,0,0,0,0,,,,,,,,,0,,,,,,,
BXDnKEUF0ic,p,https://www.instagram.com/thedogist/p/BXDnKEUF0ic/,queued,0,0,,0,0,0,,,0,0,0,0,0,0,,,,,,,,,0,,,,,,,
BXB83mDlLuU,p,https://www.instagram.com/thedogist/p/BXB83mDlLuU/,queued,0,0,,0,0,0,,,0,0,0,0,0,0,,,,,,,,,0,,,,,,,
BXBnl0ElcCH,p,https://www.instagram.com/thedogist/p/BXBnl0ElcCH/,queued,0,0,,0,0,0,,,0,0,0,0,0,0,,,,,,,,,0,,,,,,,
BXBXBIVFuWh,p,https://www.instagram.com/thedogist/p/BXBXBIVFuWh/,queued,0,0,,0,0,0,,,0,0,0,0,0,0,,,,,,,,,0,,,,,,,
BXBBTcxljpC,p,https://www.instagram.com/thedogist/p/BXBBTcxljpC/,queued,0,0,,0,0,0,,,0,0,0,0,0,0,,,,,,,,,0,,,,,,,
BW_nyFKFsib,p,https://www.instagram.com/thedogist/p/BW_nyFKFsib/,queued,0,0,,0,0,0,,,0,0,0,0,0,0,,,,,,,,,0,,,,,,,
BW_Ujj7FswP,p,https://www.instagram.com/thedogist/p/BW_Ujj7FswP/,queued,0,0,,0,0,0,,,0,0,0,0,0,0,,,,,,,,,0,,,,,,,
BW-a9T2Fpw_,p,https://www.instagram.com/thedogist/p/BW-a9T2Fpw_/,queued,0,0,,0,0,0,,,0,0,0,0,0,0,,,,,,,,,0,,,,,,,
BW85ouBlnko,p,https://www.instagram.com/thedogist/p/BW85ouBlnko/,queued,0,0,,0,0,0,,,0,0,0,0,0,0,,,,,,,,,0,,,,,,,
BW8WjtSlYfv,p,https://www.instagram.com/thedogist/p/BW8WjtSlYfv/,queued,0,0,,0,0,0,,,0,0,0,0,0,0,,,,,,,,,0,,,,,,,
BW7sQscFTna,p,https://www.instagram.com/thedogist/p/BW7sQscFTna/,queued,0,0,,0,0,0,,,0,0,0,0,0,0,,,,,,,,,0,,,,,,,
BW6bmi4lZHD,p,https://www.instagram.com/thedogist/p/BW6bmi4lZHD/,queued,0,0,,0,0,0,,,0,0,0,0,0,0,,,,,,,,,0,,,,,,,
BW6D7dVlN4s,p,https://www.instagram.com/thedogist/p/BW6D7dVlN4s/,queued,0,0,,0,0,0,,,0,0,0,0,0,0,,,,,,,,,0,,,,,,,
BW5Sv1HFOY_,p,https://www.instagram.com/thedogist/p/BW5Sv1HFOY_/,queued,0,0,,0,0,0,,,0,0,0,0,0,0,,,,,,,,,0,,,,,,,
BW3jsiSFoIq,p,https://www.instagram.com/thedogist/p/BW3jsiSFoIq/,queued,0,0,,0,0,0,,,0,0,0,0,0,0,,,,,,,,,0,,,,,,,
BW2-7qtFX3C,p,https://www.instagram.com/thedogist/p/BW2-7qtFX3C/,queued,0,0,,0,0,0,,,0,0,0,0,0,0,,,,,,,,,0,,,,,,,
BW2dWzvFjCY,p,https://www.instagram.com/thedogist/p/BW2dWzvFjCY/,queued,0,0,,0,0,0,,,0,0,0,0,0,0,,,,,,,,,0,,,,,,,
BW08lj5lutu,p,https://www.instagram.com/thedogist/p/BW08lj5lutu/,queued,0,0,,0,0,0,,,0,0,0,0,0,0,,,,,,,,,0,,,,,,,
BW0P6oJlQVm,p,https://www.instagram.com/thedogist/p/BW0P6oJlQVm/,queued,0,0,,0,0,0,,,0,0,0,0,0,0,,,,,,,,,0,,,,,,,
BWybgvSFft_,p,https://www.instagram.com/thedogist/p/BWybgvSFft_/,queued,0,0,,0,0,0,,,0,0,0,0,0,0,,,,,,,,,0,,,,,,,
BWx2Z2ClJuI,p,https://www.instagram.com/thedogist/p/BWx2Z2ClJuI/,queued,0,0,,0,0,0,,,0,0,0,0,0,0,,,,,,,,,0,,,,,,,
BWxhKX5lHQT,p,https://www.instagram.com/thedogist/p/BWxhKX5lHQT/,queued,0,0,,0,0,0,,,0,0,0,0,0,0,,,,,,,,,0,,,,,,,
BWwK3f4lPVG,p,https://www.instagram.com/thedogist/p/BWwK3f4lPVG/,queued,0,0,,0,0,0,,,0,0,0,0,0,0,,,,,,,,,0,,,,,,,
BWvaYE4la5q,p,https://www.instagram.com/thedogist/p/BWvaYE4la5q/,queued,0,0,,0,0,0,,,0,0,0,0,0,0,,,,,,,,,0,,,,,,,
BWu-4HuF5Vl,p,https://www.instagram.com/thedogist/p/BWu-4HuF5Vl/,queued,0,0,,0,0,0,,,0,0,0,0,0,0,,,,,,,,,0,,,,,,,
BWtW79PFcZq,p,https://www.instagram.com/thedogist/p/BWtW79PFcZq/,queued,0,0,,0,0,0,,,0,0,0,0,0,0,,,,,,,,,0,,,,,,,
BWtKI0QFfDw,p,https://www.instagram.com/thedogist/p/BWtKI0QFfDw/,queued,0,0,,0,0,0,,,0,0,0,0,0,0,,,,,,,,,0,,,,,,,
BWs4MsSFg95,p,https://www.instagram.com/thedogist/p/BWs4MsSFg95/,queued,0,0,,0,0,0,,,0,0,0,0,0,0,,,,,,,,,0,,,,,,,
BWsWMHGlfx2,p,https://www.instagram.com/thedogist/p/BWsWMHGlfx2/,queued,0,0,,0,0,0,,,0,0,0,0,0,0,,,,,,,,,0,,,,,,,
BWqrI1ZFbHW,p,https://www.instagram.com/thedogist/p/BWqrI1ZFbHW/,queued,0,0,,0,0,0,,,0,0,0,0,0,0,,,,,,,,,0,,,,,,,
BWqRyRTFMWv,p,https://www.instagram.com/thedogist/p/BWqRyRTFMWv/,queued,0,0,,0,0,0,,,0,0,0,0,0,0,,,,,,,,,0,,,,,,,
BWp2XZgFMvs,p,https://www.instagram.com/thedogist/p/BWp2XZgFMvs/,queued,0,0,,0,0,0,,,0,0,0,0,0,0,,,,,,,,,0,,,,,,,
BWn-xMMl5Cq,p,https://www.instagram.com/thedogist/p/BWn-xMMl5Cq/,queued,0,0,,0,0,0,,,0,0,0,0,0,0,,,,,,,,,0,,,,,,,
BWnU_w-lhjn,p,https://www.instagram.com/thedogist/p/BWnU_w-lhjn/,queued,0,0,,0,0,0,,,0,0,0,0,0,0,,,,,,,,,0,,,,,,,
BWli_QIFhyn,p,https://www.instagram.com/thedogist/p/BWli_QIFhyn/,queued,0,0,,0,0,0,,,0,0,0,0,0,0,,,,,,,,,0,,,,,,,
BWlAhJSFwtJ,p,https://www.instagram.com/thedogist/p/BWlAhJSFwtJ/,queued,0,0,,0,0,0,,,0,0,0,0,0,0,,,,,,,,,0,,,,,,,
BWkrdeKFQtI,p,https://www.instagram.com/thedogist/p/BWkrdeKFQtI/,queued,0,0,,0,0,0,,,0,0,0,0,0,0,,,,,,,,,0,,,,,,,
BWi5MGklsN0,p,https://www.instagram.com/thedogist/p/BWi5MGklsN0/,queued,0,0,,0,0,0,,,0,0,0,0,0,0,,,,,,,,,0,,,,,,,
BWiLqnYl9fI,p,https://www.instagram.com/thedogist/p/BWiLqnYl9fI/,queued,0,0,,0,0,0,,,0,0,0,0,0,0,,,,,,,,,0,,,,,,,
BWgX-A8FiM4,p,https://www.instagram.com/thedogist/p/BWgX-A8FiM4/,queued,0,0,,0,0,0,,,0,0,0,0,0,0,,,,,,,,,0,,,,,,,
BWgGWlcF4v_,p,https://www.instagram.com/thedogist/p/BWgGWlcF4v_/,queued,0,0,,0,0,0,,,0,0,0,0,0,0,,,,,,,,,0,,,,,,,
BWfhRxxFNq2,p,https://www.instagram.com/thedogist/p/BWfhRxxFNq2/,queued,0,0,,0,0,0,,,0,0,0,0,0,0,,,,,,,,,0,,,,,,,
BWd1aXsl-Vz,p,https://www.instagram.com/thedogist/p/BWd1aXsl-Vz/,queued,0,0,,0,0,0,,,0,0,0,0,0,0,,,,,,,,,0,,,,,,,
BWdjSzQlKyY,p,https://www.instagram.com/thedogist/p/BWdjSzQlKyY/,queued,0,0,,0,0,0,,,0,0,0,0,0,0,,,,,,,,,0,,,,,,,
BWc8OeZlUmj,p,https://www.instagram.com/thedogist/p/BWc8OeZlUmj/,queued,0,0,,0,0,0,,,0,0,0,0,0,0,,,,,,,,,0,,,,,,,
BWbBgz0l8Yf,p,https://www.instagram.com/thedogist/p/BWbBgz0l8Yf/,queued,0,0,,0,0,0,,,0,0,0,0,0,0,,,,,,,,,0,,,,,,,
BWaomoRFS6y,p,https://www.instagram.com/thedogist/p/BWaomoRFS6y/,queued,0,0,,0,0,0,,,0,0,0,0,0,0,,,,,,,,,0,,,,,,,
BWaUWj1lvtk,p,https://www.instagram.com/thedogist/p/BWaUWj1lvtk/,queued,0,0,,0,0,0,,,0,0,0,0,0,0,,,,,,,,,0,,,,,,,
BWYpoKlF-5m,p,https://www.instagram.com/thedogist/p/BWYpoKlF-5m/,queued,0,0,,0,0,0,,,0,0,0,0,0,0,,,,,,,,,0,,,,,,,
BWYSTcOl3z9,p,https://www.instagram.com/thedogist/p/BWYSTcOl3z9/,queued,0,0,,0,0,0,,,0,0,0,0,0,0,,,,,,,,,0,,,,,,,
BWXrBF0Fn4t,p,https://www.instagram.com/thedogist/p/BWXrBF0Fn4t/,queued,0,0,,0,0,0,,,0,0,0,0,0,0,,,,,,,,,0,,,,,,,
BWWFiWBFY4e,p,https://www.instagram.com/thedogist/p/BWWFiWBFY4e/,queued,0,0,,0,0,0,,,0,0,0,0,0,0,,,,,,,,,0,,,,,,,
BWVpkP_l4Vz,p,https://www.instagram.com/thedogist/p/BWVpkP_l4Vz/,queued,0,0,,0,0,0,,,0,0,0,0,0,0,,,,,,,,,0,,,,,,,
BWVH5gZFp8w,p,https://www.instagram.com/thedogist/p/BWVH5gZFp8w/,queued,0,0,,0,0,0,,,0,0,0,0,0,0,,,,,,,,,0,,,,,,,
BWTYTGRF64D,p,https://www.instagram.com/thedogist/p/BWTYTGRF64D/,queued,0,0,,0,0,0,,,0,0,0,0,0,0,,,,,,,,,0,,,,,,,
BWS-ngVl4pY,p,https://www.instagram.com/thedogist/p/BWS-ngVl4pY/,queued,0,0,,0,0,0,,,0,0,0,0,0,0,,,,,,,,,0,,,,,,,
BWSl_CZlIKC,p,https://www.instagram.com/thedogist/p/BWSl_CZlIKC/,queued,0,0,,0,0,0,,,0,0,0,0,0,0,,,,,,,,,0,,,,,,,
BWQ8t5-ljDv,p,https://www.instagram.com/thedogist/p/BWQ8t5-ljDv/,queued,0,0,,0,0,0,,,0,0,0,0,0,0,,,,,,,,,0,,,,,,,
BWQjEeyl9s6,p,https://www.instagram.com/thedogist/p/BWQjEeyl9s6/,queued,0,0,,0,0,0,,,0,0,0,0,0,0,,,,,,,,,0,,,,,,,
BWP3SIClXGj,p,https://www.instagram.com/thedogist/p/BWP3SIClXGj/,queued,0,0,,0,0,0,,,0,0,0,0,0,0,,,,,,,,,0,,,,,,,
BWOJnJeFAzN,p,https://www.instagram.com/thedogist/p/BWOJnJeFAzN/,queued,0,0,,0,0,0,,,0,0,0,0,0,0,,,,,,,,,0,,,,,,,
BWNlUoIFlUo,p,https://www.instagram.com/thedogist/p/BWNlUoIFlUo/,queued,0,0,,0,0,0,,,0,0,0,0,0,0,,,,,,,,,0,,,,,,,
BWL8JyRlCwj,p,https://www.instagram.com/thedogist/p/BWL8JyRlCwj/,queued,0,0,,0,0,0,,,0,0,0,0,0,0,,,,,,,,,0,,,,,,,
BWLJhjjF1rB,p,https://www.instagram.com/thedogist/p/BWLJhjjF1rB/,queued,0,0,,0,0,0,,,0,0,0,0,0,0,,,,,,,,,0,,,,,,,
BWKrYp8lynV,p,https://www.instagram.com/thedogist/p/BWKrYp8lynV/,queued,0,0,,0,0,0,,,0,0,0,0,0,0,,,,,,,,,0,,,,,,,
BWJHUtiFcZu,p,https://www.instagram.com/thedogist/p/BWJHUtiFcZu/,queued,0,0,,0,0,0,,,0,0,0,0,0,0,,,,,,,,,0,,,,,,,
BWI0CXClnMM,p,https://www.instagram.com/thedogist/p/BWI0CXClnMM/,queued,0,0,,0,0,0,,,0,0,0,0,0,0,,,,,,,,,0,,,,,,,
BWIi9hil6Cy,p,https://www.instagram.com/thedogist/p/BWIi9hil6Cy/,queued,0,0,,0,0,0,,,0,0,0,0,0,0,,,,,,,,,0,,,,,,,
BWGZRAFl4GT,p,https://www.instagram.com/thedogist/p/BWGZRAFl4GT/,queued,0,0,,0,0,0,,,0,0,0,0,0,0,,,,,,,,,0,,,,,,,
BWFuRRWlYjP,p,https://www.instagram.com/thedogist/p/BWFuRRWlYjP/,queued,0,0,,0,0,0,,,0,0,0,0,0,0,,,,,,,,,0,,,,,,,
BWELEOfFAjb,p,https://www.instagram.com/thedogist/p/BWELEOfFAjb/,queued,0,0,,0,0,0,,,0,0,0,0,0,0,,,,,,,,,0,,,,,,,
BWDqZt7lCY0,p,https://www.instagram.com/thedogist/p/BWDqZt7lCY0/,queued,0,0,,0,0,0,,,0,0,0,0,0,0,,,,,,,,,0,,,,,,,
BWDPKkEFzJ8,p,https://www.instagram.com/thedogist/p/BWDPKkEFzJ8/,queued,0,0,,0,0,0,,,0,0,0,0,0,0,,,,,,,,,0,,,,,,,
BWBcAXUF9n0,p,https://www.instagram.com/thedogist/p/BWBcAXUF9n0/,queued,0,0,,0,0,0,,,0,0,0,0,0,0,,,,,,,,,0,,,,,,,
BWA7uuZl0fL,p,https://www.instagram.com/thedogist/p/BWA7uuZl0fL/,queued,0,0,,0,0,0,,,0,0,0,0,0,0,,,,,,,,,0,,,,,,,
BWAhr7bFnTS,p,https://www.instagram.com/thedogist/p/BWAhr7bFnTS/,queued,0,0,,0,0,0,,,0,0,0,0,0,0,,,,,,,,,0,,,,,,,
BV-zzv0FKU5,p,https://www.instagram.com/thedogist/p/BV-zzv0FKU5/,queued,0,0,,0,0,0,,,0,0,0,0,0,0,,,,,,,,,0,,,,,,,
BV-S7mBFGpY,p,https://www.instagram.com/thedogist/p/BV-S7mBFGpY/,queued,0,0,,0,0,0,,,0,0,0,0,0,0,,,,,,,,,0,,,,,,,
BV99J_tlCr0,p,https://www.instagram.com/thedogist/p/BV99J_tlCr0/,queued,0,0,,0,0,0,,,0,0,0,0,0,0,,,,,,,,,0,,,,,,,
BV8rrW1FUIx,p,https://www.instagram.com/thedogist/p/BV8rrW1FUIx/,queued,0,0,,0,0,0,,,0,0,0,0,0,0,,,,,,,,,0,,,,,,,
BV8CGsMFt6E,p,https://www.instagram.com/thedogist/p/BV8CGsMFt6E/,queued,0,0,,0,0,0,,,0,0,0,0,0,0,,,,,,,,,0,,,,,,,
BV7eOslldZq,p,https://www.instagram.com/thedogist/p/BV7eOslldZq/,queued,0,0,,0,0,0,,,0,0,0,0,0,0,,,,,,,,,0,,,,,,,
BV58mx9FBsS,p,https://www.instagram.com/thedogist/p/BV58mx9FBsS/,queued,0,0,,0,0,0,,,0,0,0,0,0,0,,,,,,,,,0,,,,,,,
BV5vjiRFfSs,p,https://www.instagram.com/thedogist/p/BV5vjiRFfSs/,queued,0,0,,0,0,0,,,0,0,0,0,0,0,,,,,,,,,0,,,,,,,
BV5OaY0FOyY,p,https://www.instagram.com/thedogist/p/BV5OaY0FOyY/,queued,0,0,,0,0,0,,,0,0,0,0,0,0,,,,,,,,,0,,,,,,,
BV4yX3ZlI3B,p,https://www.instagram.com/thedogist/p/BV4yX3ZlI3B/,queued,0,0,,0,0,0,,,0,0,0,0,0,0,,,,,,,,,0,,,,,,,
BV3I6dgFX5V,p,https://www.instagram.com/thedogist/p/BV3I6dgFX5V/,queued,0,0,,0,0,0,,,0,0,0,0,0,0,,,,,,,,,0,,,,,,,
BV2pQJnFdDE,p,https://www.instagram.com/thedogist/p/BV2pQJnFdDE/,queued,0,0,,0,0,0,,,0,0,0,0,0,0,,,,,,,,,0,,,,,,,
BV2RxOll_C8,p,https://www.instagram.com/thedogist/p/BV2RxOll_C8/,queued,0,0,,0,0,0,,,0,0,0,0,0,0,,,,,,,,,0,,,,,,,
BV04-tGFq8P,p,https://www.instagram.com/thedogist/p/BV04-tGFq8P/,queued,0,0,,0,0,0,,,0,0,0,0,0,0,,,,,,,,,0,,,,,,,
BV0dXwZl19L,p,https://www.instagram.com/thedogist/p/BV0dXwZl19L/,queued,0,0,,0,0,0,,,0,0,0,0,0,0,,,,,,,,,0,,,,,,,
BV0Hi2bFQKb,p,https://www.instagram.com/thedogist/p/BV0Hi2bFQKb/,queued,0,0,,0,0,0,,,0,0,0,0,0,0,,,,,,,,,0,,,,,,,
BVztil5Fneo,p,https://www.instagram.com/thedogist/p/BVztil5Fneo/,queued,0,0,,0,0,0,,,0,0,0,0,0,0,,,,,,,,,0,,,,,,,
BVx4cAsFqUB,p,https://www.instagram.com/thedogist/p/BVx4cAsFqUB/,queued,0,0,,0,0,0,,,0,0,0,0,0,0,,,,,,,,,0,,,,,,,
BVxgmHuFxa3,p,https://www.instagram.com/thedogist/p/BVxgmHuFxa3/,queued,0,0,,0,0,0,,,0,0,0,0,0,0,,,,,,,,,0,,,,,,,
BVxHbaElnG0,p,https://www.instagram.com/thedogist/p/BVxHbaElnG0/,queued,0,0,,0,0,0,,,0,0,0,0,0,0,,,,,,,,,0,,,,,,,
BVvmAWllDui,p,https://www.instagram.com/thedogist/p/BVvmAWllDui/,queued,0,0,,0,0,0,,,0,0,0,0,0,0,,,,,,,,,0,,,,,,,
BVvHtKolsdt,p,https://www.instagram.com/thedogist/p/BVvHtKolsdt/,queued,0,0,,0,0,0,,,0,0,0,0,0,0,,,,,,,,,0,,,,,,,
BVuwkz7l-VH,p,https://www.instagram.com/thedogist/p/BVuwkz7l-VH/,queued,0,0,,0,0,0,,,0,0,0,0,0,0,,,,,,,,,0,,,,,,,
BVuaAX9l9St,p,https://www.instagram.com/thedogist/p/BVuaAX9l9St/,queued,0,0,,0,0,0,,,0,0,0,0,0,0,,,,,,,,,0,,,,,,,
BVtHPw5lqFF,p,https://www.instagram.com/thedogist/p/BVtHPw5lqFF/,queued,0,0,,0,0,0,,,0,0,0,0,0,0,,,,,,,,,0,,,,,,,
BVswzVEFSmW,p,https://www.instagram.com/thedogist/p/BVswzVEFSmW/,queued,0,0,,0,0,0,,,0,0,0,0,0,0,,,,,,,,,0,,,,,,,
BVsSY7KFWGF,p,https://www.instagram.com/thedogist/p/BVsSY7KFWGF/,queued,0,0,,0,0,0,,,0,0,0,0,0,0,,,,,,,,,0,,,,,,,
BVsBRZ8Fgnl,p,https://www.instagram.com/thedogist/p/BVsBRZ8Fgnl/,queued,0,0,,0,0,0,,,0,0,0,0,0,0,,,,,,,,,0,,,,,,,
BVqZzrbl1RO,p,https://www.instagram.com/thedogist/p/BVqZzrbl1RO/,queued,0,0,,0,0,0,,,0,0,0,0,0,0,,,,,,,,,0,,,,,,,
BVqBH4LFf1c,p,https://www.instagram.com/thedogist/p/BVqBH4LFf1c/,queued,0,0,,0,0,0,,,0,0,0,0,0,0,,,,,,,,,0,,,,,,,
BVppd37FYRf,p,https://www.instagram.com/thedogist/p/BVppd37FYRf/,queued,0,0,,0,0,0,,,0,0,0,0,0,0,,,,,,,,,0,,,,,,,
BVpStN3FE6X,p,https://www.instagram.com/thedogist/p/BVpStN3FE6X/,queued,0,0,,0,0,0,,,0,0,0,0,0,0,,,,,,,,,0,,,,,,,
BVn_2XllEDd,p,https://www.instagram.com/thedogist/p/BVn_2XllEDd/,queued,0,0,,0,0,0,,,0,0,0,0,0,0,,,,,,,,,0,,,,,,,
BVnguaylrhX,p,https://www.instagram.com/thedogist/p/BVnguaylrhX/,queued,0,0,,0,0,0,,,0,0,0,0,0,0,,,,,,,,,0,,,,,,,
BVm8ZQslnQE,p,https://www.instagram.com/thedogist/p/BVm8ZQslnQE/,queued,0,0,,0,0,0,,,0,0,0,0,0,0,,,,,,,,,0,,,,,,,
BVlYAejFwCW,p,https://www.instagram.com/thedogist/p/BVlYAejFwCW/,queued,0,0,,0,0,0,,,0,0,0,0,0,0,,,,,,,,,0,,,,,,,
BVkxGd0l2AH,p,https://www.instagram.com/thedogist/p/BVkxGd0l2AH/,queued,0,0,,0,0,0,,,0,0,0,0,0,0,,,,,,,,,0,,,,,,,
BVkRSuVFiQg,p,https://www.instagram.com/thedogist/p/BVkRSuVFiQg/,queued,0,0,,0,0,0,,,0,0,0,0,0,0,,,,,,,,,0,,,,,,,
BViRDdlFNkz,p,https://www.instagram.com/thedogist/p/BViRDdlFNkz/,queued,0,0,,0,0,0,,,0,0,0,0,0,0,,,,,,,,,0,,,,,,,
BVhnvwTFIiz,p,https://www.instagram.com/thedogist/p/BVhnvwTFIiz/,queued,0,0,,0,0,0,,,0,0,0,0,0,0,,,,,,,,,0,,,,,,,
BVgLcnNFDje,p,https://www.instagram.com/thedogist/p/BVgLcnNFDje/,queued,0,0,,0,0,0,,,0,0,0,0,0,0,,,,,,,,,0,,,,,,,
BVf6xIPlyLV,p,https://www.instagram.com/thedogist/p/BVf6xIPlyLV/,queued,0,0,,0,0,0,,,0,0,0,0,0,0,,,,,,,,,0,,,,,,,
BVfedLlFxnO,p,https://www.instagram.com/thedogist/p/BVfedLlFxnO/,queued,0,0,,0,0,0,,,0,0,0,0,0,0,,,,,,,,,0,,,,,,,
BVe9cBMly70,p,https://www.instagram.com/thedogist/p/BVe9cBMly70/,queued,0,0,,0,0,0,,,0,0,0,0,0,0,,,,,,,,,0,,,,,,,
BVdekvFlO_c,p,https://www.instagram.com/thedogist/p/BVdekvFlO_c/,queued,0,0,,0,0,0,,,0,0,0,0,0,0,,,,,,,,,0,,,,,,,
BVc4njTFuma,p,https://www.instagram.com/thedogist/p/BVc4njTFuma/,queued,0,0,,0,0,0,,,0,0,0,0,0,0,,,,,,,,,0,,,,,,,
BVcbI1eFcDW,p,https://www.instagram.com/thedogist/p/BVcbI1eFcDW/,queued,0,0,,0,0,0,,,0,0,0,0,0,0,,,,,,,,,0,,,,,,,
BVa3dZ5lKpN,p,https://www.instagram.com/thedogist/p/BVa3dZ5lKpN/,queued,0,0,,0,0,0,,,0,0,0,0,0,0,,,,,,,,,0,,,,,,,
BVao8umF8Xc,p,https://www.instagram.com/thedogist/p/BVao8umF8Xc/,queued,0,0,,0,0,0,,,0,0,0,0,0,0,,,,,,,,,0,,,,,,,
BVZ63mRlLHf,p,https://www.instagram.com/thedogist/p/BVZ63mRlLHf/,queued,0,0,,0,0,0,,,0,0,0,0,0,0,,,,,,,,,0,,,,,,,
BVYpzUEF0wj,p,https://www.instagram.com/thedogist/p/BVYpzUEF0wj/,queued,0,0,,0,0,0,,,0,0,0,0,0,0,,,,,,,,,0,,,,,,,
BVYP5Gilj_r,p,https://www.instagram.com/thedogist/p/BVYP5Gilj_r/,queued,0,0,,0,0,0,,,0,0,0,0,0,0,,,,,,,,,0,,,,,,,
BVXkkpbFRKi,p,https://www.instagram.com/thedogist/p/BVXkkpbFRKi/,queued,0,0,,0,0,0,,,0,0,0,0,0,0,,,,,,,,,0,,,,,,,
BVVuNDrAlZ-,p,https://www.instagram.com/thedogist/p/BVVuNDrAlZ-/,queued,0,0,,0,0,0,,,0,0,0,0,0,0,,,,,,,,,0,,,,,,,
BVVK0ktAu6x,p,https://www.instagram.com/thedogist/p/BVVK0ktAu6x/,queued,0,0,,0,0,0,,,0,0,0,0,0,0,,,,,,,,,0,,,,,,,
BVUxJIhgrcK,p,https://www.instagram.com/thedogist/p/BVUxJIhgrcK/,queued,0,0,,0,0,0,,,0,0,0,0,0,0,,,,,,,,,0,,,,,,,
BVTPKaolIxq,p,https://www.instagram.com/thedogist/p/BVTPKaolIxq/,queued,0,0,,0,0,0,,,0,0,0,0,0,0,,,,,,,,,0,,,,,,,
BVSjrkZFRe1,p,https://www.instagram.com/thedogist/p/BVSjrkZFRe1/,queued,0,0,,0,0,0,,,0,0,0,0,0,0,,,,,,,,,0,,,,,,,
BVSNHvlFbzA,p,https://www.instagram.com/thedogist/p/BVSNHvlFbzA/,queued,0,0,,0,0,0,,,0,0,0,0,0,0,,,,,,,,,0,,,,,,,
BVQjoAIFEsV,p,https://www.instagram.com/thedogist/p/BVQjoAIFEsV/,queued,0,0,,0,0,0,,,0,0,0,0,0,0,,,,,,,,,0,,,,,,,
BVQGPiQFAZw,p,https://www.instagram.com/thedogist/p/BVQGPiQFAZw/,queued,0,0,,0,0,0,,,0,0,0,0,0,0,,,,,,,,,0,,,,,,,
BVPqY-_FY3k,p,https://www.instagram.com/thedogist/p/BVPqY-_FY3k/,queued,0,0,,0,0,0,,,0,0,0,0,0,0,,,,,,,,,0,,,,,,,
BVNmHcxFzZO,p,https://www.instagram.com/thedogist/p/BVNmHcxFzZO/,queued,0,0,,0,0,0,,,0,0,0,0,0,0,,,,,,,,,0,,,,,,,
BVNKTBaFZRU,p,https://www.instagram.com/thedogist/p/BVNKTBaFZRU/,queued,0,0,,0,0,0,,,0,0,0,0,0,0,,,,,,,,,0,,,,,,,
BVLWqswFwRR,p,https://www.instagram.com/thedogist/p/BVLWqswFwRR/,queued,0,0,,0,0,0,,,0,0,0,0,0,0,,,,,,,,,0,,,,,,,
BVKxtdQF-fM,p,https://www.instagram.com/thedogist/p/BVKxtdQF-fM/,queued,0,0,,0,0,0,,,0,0,0,0,0,0,,,,,,,,,0,,,,,,,
BVKW72ulF9C,p,https://www.instagram.com/thedogist/p/BVKW72ulF9C/,queued,0,0,,0,0,0,,,0,0,0,0,0,0,,,,,,,,,0,,,,,,,
BVJCWYEFB62,p,https://www.instagram.com/thedogist/p/BVJCWYEFB62/,queued,0,0,,0,0,0,,,0,0,0,0,0,0,,,,,,,,,0,,,,,,,
BVIlWQQFYoQ,p,https://www.instagram.com/thedogist/p/BVIlWQQFYoQ/,queued,0,0,,0,0,0,,,0,0,0,0,0,0,,,,,,,,,0,,,,,,,
BVH04eBFVi3,p,https://www.instagram.com/thedogist/p/BVH04eBFVi3/,queued,0,0,,0,0,0,,,0,0,0,0,0,0,,,,,,,,,0,,,,,,,
BVGaAhIFXBt,p,https://www.instagram.com/thedogist/p/BVGaAhIFXBt/,queued,0,0,,0,0,0,,,0,0,0,0,0,0,,,,,,,,,0,,,,,,,
BVFyvoIFgd3,p,https://www.instagram.com/thedogist/p/BVFyvoIFgd3/,queued,0,0,,0,0,0,,,0,0,0,0,0,0,,,,,,,,,0,,,,,,,
BVFSJKFl6rW,p,https://www.instagram.com/thedogist/p/BVFSJKFl6rW/,queued,0,0,,0,0,0,,,0,0,0,0,0,0,,,,,,,,,0,,,,,,,
BVDx9MVlAkM,p,https://www.instagram.com/thedogist/p/BVDx9MVlAkM/,queued,0,0,,0,0,0,,,0,0,0,0,0,0,,,,,,,,,0,,,,,,,
BVDV_E4FVWz,p,https://www.instagram.com/thedogist/p/BVDV_E4FVWz/,queued,0,0,,0,0,0,,,0,0,0,0,0,0,,,,,,,,,0,,,,,,,
BVCxSB7lHwr,p,https://www.instagram.com/thedogist/p/BVCxSB7lHwr/,queued,0,0,,0,0,0,,,0,0,0,0,0,0,,,,,,,,,0,,,,,,,
BVBWOF4l3HH,p,https://www.instagram.com/thedogist/p/BVBWOF4l3HH/,queued,0,0,,0,0,0,,,0,0,0,0,0,0,,,,,,,,,0,,,,,,,
BVAiUeQFz9Q,p,https://www.instagram.com/thedogist/p/BVAiUeQFz9Q/,queued,0,0,,0,0,0,,,0,0,0,0,0,0,,,,,,,,,0,,,,,,,
BVAVeeFFrtr,p,https://www.instagram.com/thedogist/p/BVAVeeFFrtr/,queued,0,0,,0,0,0,,,0,0,0,0,0,0,,,,,,,,,0,,,,,,,
BU-jVVGFImo,p,https://www.instagram.com/thedogist/p/BU-jVVGFImo/,queued,0,0,,0,0,0,,,0,0,0,0,0,0,,,,,,,,,0,,,,,,,
BU-Am38lmEo,p,https://www.instagram.com/thedogist/p/BU-Am38lmEo/,queued,0,0,,0,0,0,,,0,0,0,0,0,0,,,,,,,,,0,,,,,,,
BU9h985F77J,p,https://www.instagram.com/thedogist/p/BU9h985F77J/,queued,0,0,,0,0,0,,,0,0,0,0,0,0,,,,,,,,,0,,,,,,,
BU8LzSil27r,p,https://www.instagram.com/thedogist/p/BU8LzSil27r/,queued,0,0,,0,0,0,,,0,0,0,0,0,0,,,,,,,,,0,,,,,,,
BU8A5E2FlUG,p,https://www.instagram.com/thedogist/p/BU8A5E2FlUG/,queued,0,0,,0,0,0,,,0,0,0,0,0,0,,,,,,,,,0,,,,,,,
BU7bVo2Fr1_,p,https://www.instagram.com/thedogist/p/BU7bVo2Fr1_/,queued,0,0,,0,0,0,,,0,0,0,0,0,0,,,,,,,,,0,,,,,,,
BU68Z9lFSIH,p,https://www.instagram.com/thedogist/p/BU68Z9lFSIH/,queued,0,0,,0,0,0,,,0,0,0,0,0,0,,,,,,,,,0,,,,,,,
BU5cjyBFZ6E,p,https://www.instagram.com/thedogist/p/BU5cjyBFZ6E/,queued,0,0,,0,0,0,,,0,0,0,0,0,0,,,,,,,,,0,,,,,,,
BU433eRFfrz,p,https://www.instagram.com/thedogist/p/BU433eRFfrz/,queued,0,0,,0,0,0,,,0,0,0,0,0,0,,,,,,,,,0,,,,,,,
BU4hZvmFu0z,p,https://www.instagram.com/thedogist/p/BU4hZvmFu0z/,queued,0,0,,0,0,0,,,0,0,0,0,0,0,,,,,,,,,0,,,,,,,
BU2yr84lqcX,p,https://www.instagram.com/thedogist/p/BU2yr84lqcX/,queued,0,0,,0,0,0,,,0,0,0,0,0,0,,,,,,,,,0,,,,,,,
BU2Yl2wFNVi,p,https://www.instagram.com/thedogist/p/BU2Yl2wFNVi/,queued,0,0,,0,0,0,,,0,0,0,0,0,0,,,,,,,,,0,,,,,,,
BU14faAFqEP,p,https://www.instagram.com/thedogist/p/BU14faAFqEP/,queued,0,0,,0,0,0,,,0,0,0,0,0,0,,,,,,,,,0,,,,,,,
BU0PtRZFsg3,p,https://www.instagram.com/thedogist/p/BU0PtRZFsg3/,queued,0,0,,0,0,0,,,0,0,0,0,0,0,,,,,,,,,0,,,,,,,
BUzxSrIlwt1,p,https://www.instagram.com/thedogist/p/BUzxSrIlwt1/,queued,0,0,,0,0,0,,,0,0,0,0,0,0,,,,,,,,,0,,,,,,,
BUzhU0ClHjd,p,https://www.instagram.com/thedogist/p/BUzhU0ClHjd/,queued,0,0,,0,0,0,,,0,0,0,0,0,0,,,,,,,,,0,,,,,,,
BUzK4_jlQbA,p,https://www.instagram.com/thedogist/p/BUzK4_jlQbA/,queued,0,0,,0,0,0,,,0,0,0,0,0,0,,,,,,,,,0,,,,,,,
BUxudSaFfdg,p,https://www.instagram.com/thedogist/p/BUxudSaFfdg/,queued,0,0,,0,0,0,,,0,0,0,0,0,0,,,,,,,,,0,,,,,,,
BUxOArql5IJ,p,https://www.instagram.com/thedogist/p/BUxOArql5IJ/,queued,0,0,,0,0,0,,,0,0,0,0,0,0,,,,,,,,,0,,,,,,,
BUwyRIhlnx6,p,https://www.instagram.com/thedogist/p/BUwyRIhlnx6/,queued,0,0,,0,0,0,,,0,0,0,0,0,0,,,,,,,,,0,,,,,,,
BUvQB6PF7HM,p,https://www.instagram.com/thedogist/p/BUvQB6PF7HM/,queued,0,0,,0,0,0,,,0,0,0,0,0,0,,,,,,,,,0,,,,,,,
BUu69unlDmD,p,https://www.instagram.com/thedogist/p/BUu69unlDmD/,queued,0,0,,0,0,0,,,0,0,0,0,0,0,,,,,,,,,0,,,,,,,
BUugrOrFYYj,reel,https://www.instagram.com/thedogist/reel/BUugrOrFYYj/,queued,0,0,,0,0,0,,,0,0,0,0,0,0,,,,,,,,,0,,,,,,,
BUuNe14FYIm,p,https://www.instagram.com/thedogist/p/BUuNe14FYIm/,queued,0,0,,0,0,0,,,0,0,0,0,0,0,,,,,,,,,0,,,,,,,
BUsewN4FFQQ,p,https://www.instagram.com/thedogist/p/BUsewN4FFQQ/,queued,0,0,,0,0,0,,,0,0,0,0,0,0,,,,,,,,,0,,,,,,,
BUsFqq7l5hS,p,https://www.instagram.com/thedogist/p/BUsFqq7l5hS/,queued,0,0,,0,0,0,,,0,0,0,0,0,0,,,,,,,,,0,,,,,,,
BUr4CCqlTTh,p,https://www.instagram.com/thedogist/p/BUr4CCqlTTh/,queued,0,0,,0,0,0,,,0,0,0,0,0,0,,,,,,,,,0,,,,,,,
BUqFT0KFA6l,p,https://www.instagram.com/thedogist/p/BUqFT0KFA6l/,queued,0,0,,0,0,0,,,0,0,0,0,0,0,,,,,,,,,0,,,,,,,
BUpK32TFPmJ,p,https://www.instagram.com/thedogist/p/BUpK32TFPmJ/,queued,0,0,,0,0,0,,,0,0,0,0,0,0,,,,,,,,,0,,,,,,,
BUo5vaYFQ8r,p,https://www.instagram.com/thedogist/p/BUo5vaYFQ8r/,queued,0,0,,0,0,0,,,0,0,0,0,0,0,,,,,,,,,0,,,,,,,
BUnZMdKl_b9,p,https://www.instagram.com/thedogist/p/BUnZMdKl_b9/,queued,0,0,,0,0,0,,,0,0,0,0,0,0,,,,,,,,,0,,,,,,,
BUmufoNFLLt,p,https://www.instagram.com/thedogist/p/BUmufoNFLLt/,queued,0,0,,0,0,0,,,0,0,0,0,0,0,,,,,,,,,0,,,,,,,
BUmbHHDl5jX,p,https://www.instagram.com/thedogist/p/BUmbHHDl5jX/,queued,0,0,,0,0,0,,,0,0,0,0,0,0,,,,,,,,,0,,,,,,,
BUkvM7OFGE4,p,https://www.instagram.com/thedogist/p/BUkvM7OFGE4/,queued,0,0,,0,0,0,,,0,0,0,0,0,0,,,,,,,,,0,,,,,,,
BUkNKM7lw_s,p,https://www.instagram.com/thedogist/p/BUkNKM7lw_s/,queued,0,0,,0,0,0,,,0,0,0,0,0,0,,,,,,,,,0,,,,,,,
BUjzCBKldtK,p,https://www.instagram.com/thedogist/p/BUjzCBKldtK/,queued,0,0,,0,0,0,,,0,0,0,0,0,0,,,,,,,,,0,,,,,,,
BUiLowHFQ9H,p,https://www.instagram.com/thedogist/p/BUiLowHFQ9H/,queued,0,0,,0,0,0,,,0,0,0,0,0,0,,,,,,,,,0,,,,,,,
BUhmE_CFR5E,reel,https://www.instagram.com/thedogist/reel/BUhmE_CFR5E/,queued,0,0,,0,0,0,,,0,0,0,0,0,0,,,,,,,,,0,,,,,,,
BUhXhq6ltak,p,https://www.instagram.com/thedogist/p/BUhXhq6ltak/,queued,0,0,,0,0,0,,,0,0,0,0,0,0,,,,,,,,,0,,,,,,,
BUf2WL4lBCW,p,https://www.instagram.com/thedogist/p/BUf2WL4lBCW/,queued,0,0,,0,0,0,,,0,0,0,0,0,0,,,,,,,,,0,,,,,,,
BUfnLvJli3C,p,https://www.instagram.com/thedogist/p/BUfnLvJli3C/,queued,0,0,,0,0,0,,,0,0,0,0,0,0,,,,,,,,,0,,,,,,,
BUexH-rlh7C,p,https://www.instagram.com/thedogist/p/BUexH-rlh7C/,queued,0,0,,0,0,0,,,0,0,0,0,0,0,,,,,,,,,0,,,,,,,
BUc4ErJFA7N,p,https://www.instagram.com/thedogist/p/BUc4ErJFA7N/,queued,0,0,,0,0,0,,,0,0,0,0,0,0,,,,,,,,,0,,,,,,,
BUccJNllion,p,https://www.instagram.com/thedogist/p/BUccJNllion/,queued,0,0,,0,0,0,,,0,0,0,0,0,0,,,,,,,,,0,,,,,,,
BUcDPzJlsFx,p,https://www.instagram.com/thedogist/p/BUcDPzJlsFx/,queued,0,0,,0,0,0,,,0,0,0,0,0,0,,,,,,,,,0,,,,,,,
BUaZZWCFLLf,p,https://www.instagram.com/thedogist/p/BUaZZWCFLLf/,queued,0,0,,0,0,0,,,0,0,0,0,0,0,,,,,,,,,0,,,,,,,
BUZhgdTl55H,p,https://www.instagram.com/thedogist/p/BUZhgdTl55H/,queued,0,0,,0,0,0,,,0,0,0,0,0,0,,,,,,,,,0,,,,,,,
BUYGlEVlsS_,p,https://www.instagram.com/thedogist/p/BUYGlEVlsS_/,queued,0,0,,0,0,0,,,0,0,0,0,0,0,,,,,,,,,0,,,,,,,
BUXYnsYFb14,p,https://www.instagram.com/thedogist/p/BUXYnsYFb14/,queued,0,0,,0,0,0,,,0,0,0,0,0,0,,,,,,,,,0,,,,,,,
BUW70hoFq4o,p,https://www.instagram.com/thedogist/p/BUW70hoFq4o/,queued,0,0,,0,0,0,,,0,0,0,0,0,0,,,,,,,,,0,,,,,,,
BUVUOwZFL6S,p,https://www.instagram.com/thedogist/p/BUVUOwZFL6S/,queued,0,0,,0,0,0,,,0,0,0,0,0,0,,,,,,,,,0,,,,,,,
BUUwWl0lVN3,p,https://www.instagram.com/thedogist/p/BUUwWl0lVN3/,queued,0,0,,0,0,0,,,0,0,0,0,0,0,,,,,,,,,0,,,,,,,
BUUbW4rFDAE,p,https://www.instagram.com/thedogist/p/BUUbW4rFDAE/,queued,0,0,,0,0,0,,,0,0,0,0,0,0,,,,,,,,,0,,,,,,,
BUS4VYBFjRf,p,https://www.instagram.com/thedogist/p/BUS4VYBFjRf/,queued,0,0,,0,0,0,,,0,0,0,0,0,0,,,,,,,,,0,,,,,,,
BUSLmYMl_Zo,p,https://www.instagram.com/thedogist/p/BUSLmYMl_Zo/,queued,0,0,,0,0,0,,,0,0,0,0,0,0,,,,,,,,,0,,,,,,,
BURwjksFkol,p,https://www.instagram.com/thedogist/p/BURwjksFkol/,queued,0,0,,0,0,0,,,0,0,0,0,0,0,,,,,,,,,0,,,,,,,
BUQHvoZF9Lz,p,https://www.instagram.com/thedogist/p/BUQHvoZF9Lz/,queued,0,0,,0,0,0,,,0,0,0,0,0,0,,,,,,,,,0,,,,,,,
BUP0LkzF1cm,p,https://www.instagram.com/thedogist/p/BUP0LkzF1cm/,queued,0,0,,0,0,0,,,0,0,0,0,0,0,,,,,,,,,0,,,,,,,
BUPLfUIlPJP,p,https://www.instagram.com/thedogist/p/BUPLfUIlPJP/,queued,0,0,,0,0,0,,,0,0,0,0,0,0,,,,,,,,,0,,,,,,,
BUNXVdTl9Uy,p,https://www.instagram.com/thedogist/p/BUNXVdTl9Uy/,queued,0,0,,0,0,0,,,0,0,0,0,0,0,,,,,,,,,0,,,,,,,
BUM3p7IF6In,p,https://www.instagram.com/thedogist/p/BUM3p7IF6In/,queued,0,0,,0,0,0,,,0,0,0,0,0,0,,,,,,,,,0,,,,,,,
BUMkv4YlMv5,p,https://www.instagram.com/thedogist/p/BUMkv4YlMv5/,queued,0,0,,0,0,0,,,0,0,0,0,0,0,,,,,,,,,0,,,,,,,
BULMrHhlvyQ,p,https://www.instagram.com/thedogist/p/BULMrHhlvyQ/,queued,0,0,,0,0,0,,,0,0,0,0,0,0,,,,,,,,,0,,,,,,,
BUKorN4lESp,p,https://www.instagram.com/thedogist/p/BUKorN4lESp/,queued,0,0,,0,0,0,,,0,0,0,0,0,0,,,,,,,,,0,,,,,,,
BUKD1_IlKd1,p,https://www.instagram.com/thedogist/p/BUKD1_IlKd1/,queued,0,0,,0,0,0,,,0,0,0,0,0,0,,,,,,,,,0,,,,,,,
BUIXp5LFA0g,p,https://www.instagram.com/thedogist/p/BUIXp5LFA0g/,queued,0,0,,0,0,0,,,0,0,0,0,0,0,,,,,,,,,0,,,,,,,
BUH5WP9FI6t,p,https://www.instagram.com/thedogist/p/BUH5WP9FI6t/,queued,0,0,,0,0,0,,,0,0,0,0,0,0,,,,,,,,,0,,,,,,,
BUHgcu2FQIS,p,https://www.instagram.com/thedogist/p/BUHgcu2FQIS/,queued,0,0,,0,0,0,,,0,0,0,0,0,0,,,,,,,,,0,,,,,,,
BUF8a7llr6W,p,https://www.instagram.com/thedogist/p/BUF8a7llr6W/,queued,0,0,,0,0,0,,,0,0,0,0,0,0,,,,,,,,,0,,,,,,,
BUFLa1bF_41,p,https://www.instagram.com/thedogist/p/BUFLa1bF_41/,queued,0,0,,0,0,0,,,0,0,0,0,0,0,,,,,,,,,0,,,,,,,
BUDTcMPFTem,p,https://www.instagram.com/thedogist/p/BUDTcMPFTem/,queued,0,0,,0,0,0,,,0,0,0,0,0,0,,,,,,,,,0,,,,,,,
BUC5Fhdleuw,p,https://www.instagram.com/thedogist/p/BUC5Fhdleuw/,queued,0,0,,0,0,0,,,0,0,0,0,0,0,,,,,,,,,0,,,,,,,
BUCZzvWFSSa,p,https://www.instagram.com/thedogist/p/BUCZzvWFSSa/,queued,0,0,,0,0,0,,,0,0,0,0,0,0,,,,,,,,,0,,,,,,,
BUAwJz3ln4b,p,https://www.instagram.com/thedogist/p/BUAwJz3ln4b/,queued,0,0,,0,0,0,,,0,0,0,0,0,0,,,,,,,,,0,,,,,,,
BUAFh1OlDbO,p,https://www.instagram.com/thedogist/p/BUAFh1OlDbO/,queued,0,0,,0,0,0,,,0,0,0,0,0,0,,,,,,,,,0,,,,,,,
BT_pa5YFoTL,p,https://www.instagram.com/thedogist/p/BT_pa5YFoTL/,queued,0,0,,0,0,0,,,0,0,0,0,0,0,,,,,,,,,0,,,,,,,
BT-La31luv6,p,https://www.instagram.com/thedogist/p/BT-La31luv6/,queued,0,0,,0,0,0,,,0,0,0,0,0,0,,,,,,,,,0,,,,,,,
BT9yIcFF9fY,p,https://www.instagram.com/thedogist/p/BT9yIcFF9fY/,queued,0,0,,0,0,0,,,0,0,0,0,0,0,,,,,,,,,0,,,,,,,
BT9T_alFH1q,p,https://www.instagram.com/thedogist/p/BT9T_alFH1q/,queued,0,0,,0,0,0,,,0,0,0,0,0,0,,,,,,,,,0,,,,,,,
BT7tUU3FvOh,p,https://www.instagram.com/thedogist/p/BT7tUU3FvOh/,queued,0,0,,0,0,0,,,0,0,0,0,0,0,,,,,,,,,0,,,,,,,
BT7KHOrF0j7,p,https://www.instagram.com/thedogist/p/BT7KHOrF0j7/,queued,0,0,,0,0,0,,,0,0,0,0,0,0,,,,,,,,,0,,,,,,,
BT6hYwblt0G,p,https://www.instagram.com/thedogist/p/BT6hYwblt0G/,queued,0,0,,0,0,0,,,0,0,0,0,0,0,,,,,,,,,0,,,,,,,
BT5HpEclbWx,p,https://www.instagram.com/thedogist/p/BT5HpEclbWx/,queued,0,0,,0,0,0,,,0,0,0,0,0,0,,,,,,,,,0,,,,,,,
BT4XYQ6FuRK,p,https://www.instagram.com/thedogist/p/BT4XYQ6FuRK/,queued,0,0,,0,0,0,,,0,0,0,0,0,0,,,,,,,,,0,,,,,,,
BT4BDqHlUu4,p,https://www.instagram.com/thedogist/p/BT4BDqHlUu4/,queued,0,0,,0,0,0,,,0,0,0,0,0,0,,,,,,,,,0,,,,,,,
BT2xst0lWhR,p,https://www.instagram.com/thedogist/p/BT2xst0lWhR/,queued,0,0,,0,0,0,,,0,0,0,0,0,0,,,,,,,,,0,,,,,,,
BT2NAWUlDyb,p,https://www.instagram.com/thedogist/p/BT2NAWUlDyb/,queued,0,0,,0,0,0,,,0,0,0,0,0,0,,,,,,,,,0,,,,,,,
BT15b0Uld6s,p,https://www.instagram.com/thedogist/p/BT15b0Uld6s/,queued,0,0,,0,0,0,,,0,0,0,0,0,0,,,,,,,,,0,,,,,,,
BT1bhmXFAGW,p,https://www.instagram.com/thedogist/p/BT1bhmXFAGW/,queued,0,0,,0,0,0,,,0,0,0,0,0,0,,,,,,,,,0,,,,,,,
BTzpDZpln4a,p,https://www.instagram.com/thedogist/p/BTzpDZpln4a/,queued,0,0,,0,0,0,,,0,0,0,0,0,0,,,,,,,,,0,,,,,,,
BTy6XeplRAi,p,https://www.instagram.com/thedogist/p/BTy6XeplRAi/,queued,0,0,,0,0,0,,,0,0,0,0,0,0,,,,,,,,,0,,,,,,,
BTxhX8dlADc,p,https://www.instagram.com/thedogist/p/BTxhX8dlADc/,queued,0,0,,0,0,0,,,0,0,0,0,0,0,,,,,,,,,0,,,,,,,
BTwrhRVFPZ1,p,https://www.instagram.com/thedogist/p/BTwrhRVFPZ1/,queued,0,0,,0,0,0,,,0,0,0,0,0,0,,,,,,,,,0,,,,,,,
BTwOTP8lEvu,p,https://www.instagram.com/thedogist/p/BTwOTP8lEvu/,queued,0,0,,0,0,0,,,0,0,0,0,0,0,,,,,,,,,0,,,,,,,
BTu2ELGFSKW,p,https://www.instagram.com/thedogist/p/BTu2ELGFSKW/,queued,0,0,,0,0,0,,,0,0,0,0,0,0,,,,,,,,,0,,,,,,,
BTuURaDlX5n,p,https://www.instagram.com/thedogist/p/BTuURaDlX5n/,queued,0,0,,0,0,0,,,0,0,0,0,0,0,,,,,,,,,0,,,,,,,
BTt4HsRFrO-,p,https://www.instagram.com/thedogist/p/BTt4HsRFrO-/,queued,0,0,,0,0,0,,,0,0,0,0,0,0,,,,,,,,,0,,,,,,,
BTsW0OhFSDn,p,https://www.instagram.com/thedogist/p/BTsW0OhFSDn/,queued,0,0,,0,0,0,,,0,0,0,0,0,0,,,,,,,,,0,,,,,,,
BTrh-b2FB8Y,p,https://www.instagram.com/thedogist/p/BTrh-b2FB8Y/,queued,0,0,,0,0,0,,,0,0,0,0,0,0,,,,,,,,,0,,,,,,,
BTrJ90EF53M,p,https://www.instagram.com/thedogist/p/BTrJ90EF53M/,queued,0,0,,0,0,0,,,0,0,0,0,0,0,,,,,,,,,0,,,,,,,
BTpdGE3FMY3,p,https://www.instagram.com/thedogist/p/BTpdGE3FMY3/,queued,0,0,,0,0,0,,,0,0,0,0,0,0,,,,,,,,,0,,,,,,,
BTpRIByl1wM,p,https://www.instagram.com/thedogist/p/BTpRIByl1wM/,queued,0,0,,0,0,0,,,0,0,0,0,0,0,,,,,,,,,0,,,,,,,
BTosEDWFdMV,p,https://www.instagram.com/thedogist/p/BTosEDWFdMV/,queued,0,0,,0,0,0,,,0,0,0,0,0,0,,,,,,,,,0,,,,,,,
BTmtd6HlP2O,p,https://www.instagram.com/thedogist/p/BTmtd6HlP2O/,queued,0,0,,0,0,0,,,0,0,0,0,0,0,,,,,,,,,0,,,,,,,
BTmnMzuln5p,p,https://www.instagram.com/thedogist/p/BTmnMzuln5p/,queued,0,0,,0,0,0,,,0,0,0,0,0,0,,,,,,,,,0,,,,,,,
BTmP6U4FtKD,p,https://www.instagram.com/thedogist/p/BTmP6U4FtKD/,queued,0,0,,0,0,0,,,0,0,0,0,0,0,,,,,,,,,0,,,,,,,
BTkghySldw3,p,https://www.instagram.com/thedogist/p/BTkghySldw3/,queued,0,0,,0,0,0,,,0,0,0,0,0,0,,,,,,,,,0,,,,,,,
BTkHxn1lUIE,p,https://www.instagram.com/thedogist/p/BTkHxn1lUIE/,queued,0,0,,0,0,0,,,0,0,0,0,0,0,,,,,,,,,0,,,,,,,
BTjdBoClyKj,p,https://www.instagram.com/thedogist/p/BTjdBoClyKj/,queued,0,0,,0,0,0,,,0,0,0,0,0,0,,,,,,,,,0,,,,,,,
BThvIb9lCcW,p,https://www.instagram.com/thedogist/p/BThvIb9lCcW/,queued,0,0,,0,0,0,,,0,0,0,0,0,0,,,,,,,,,0,,,,,,,
BThTxOTF4uQ,p,https://www.instagram.com/thedogist/p/BThTxOTF4uQ/,queued,0,0,,0,0,0,,,0,0,0,0,0,0,,,,,,,,,0,,,,,,,
BTg-Pw8FjGy,p,https://www.instagram.com/thedogist/p/BTg-Pw8FjGy/,queued,0,0,,0,0,0,,,0,0,0,0,0,0,,,,,,,,,0,,,,,,,
BTfQWXsFQEM,p,https://www.instagram.com/thedogist/p/BTfQWXsFQEM/,queued,0,0,,0,0,0,,,0,0,0,0,0,0,,,,,,,,,0,,,,,,,
BTe1n_elaKG,p,https://www.instagram.com/thedogist/p/BTe1n_elaKG/,queued,0,0,,0,0,0,,,0,0,0,0,0,0,,,,,,,,,0,,,,,,,
BTeUeDXlyhs,p,https://www.instagram.com/thedogist/p/BTeUeDXlyhs/,queued,0,0,,0,0,0,,,0,0,0,0,0,0,,,,,,,,,0,,,,,,,
BTc0TpgFL84,p,https://www.instagram.com/thedogist/p/BTc0TpgFL84/,queued,0,0,,0,0,0,,,0,0,0,0,0,0,,,,,,,,,0,,,,,,,
BTcVCj5lRnE,p,https://www.instagram.com/thedogist/p/BTcVCj5lRnE/,queued,0,0,,0,0,0,,,0,0,0,0,0,0,,,,,,,,,0,,,,,,,
BTb0j5QFgGS,p,https://www.instagram.com/thedogist/p/BTb0j5QFgGS/,queued,0,0,,0,0,0,,,0,0,0,0,0,0,,,,,,,,,0,,,,,,,
BTZ4GV0lPVS,p,https://www.instagram.com/thedogist/p/BTZ4GV0lPVS/,queued,0,0,,0,0,0,,,0,0,0,0,0,0,,,,,,,,,0,,,,,,,
BTZg-kylNOa,p,https://www.instagram.com/thedogist/p/BTZg-kylNOa/,queued,0,0,,0,0,0,,,0,0,0,0,0,0,,,,,,,,,0,,,,,,,
BTZVU4NlUsN,p,https://www.instagram.com/thedogist/p/BTZVU4NlUsN/,queued,0,0,,0,0,0,,,0,0,0,0,0,0,,,,,,,,,0,,,,,,,
BTXR9u-lS9z,p,https://www.instagram.com/thedogist/p/BTXR9u-lS9z/,queued,0,0,,0,0,0,,,0,0,0,0,0,0,,,,,,,,,0,,,,,,,
BTWnpYiFP8A,p,https://www.instagram.com/thedogist/p/BTWnpYiFP8A/,queued,0,0,,0,0,0,,,0,0,0,0,0,0,,,,,,,,,0,,,,,,,
BTVc5bGFlYr,p,https://www.instagram.com/thedogist/p/BTVc5bGFlYr/,queued,0,0,,0,0,0,,,0,0,0,0,0,0,,,,,,,,,0,,,,,,,
BTUow7-lIkH,p,https://www.instagram.com/thedogist/p/BTUow7-lIkH/,queued,0,0,,0,0,0,,,0,0,0,0,0,0,,,,,,,,,0,,,,,,,
BTUD9LtlrjF,p,https://www.instagram.com/thedogist/p/BTUD9LtlrjF/,queued,0,0,,0,0,0,,,0,0,0,0,0,0,,,,,,,,,0,,,,,,,
BTSamH8FN-M,p,https://www.instagram.com/thedogist/p/BTSamH8FN-M/,queued,0,0,,0,0,0,,,0,0,0,0,0,0,,,,,,,,,0,,,,,,,
BTSCLTLl1Qn,p,https://www.instagram.com/thedogist/p/BTSCLTLl1Qn/,queued,0,0,,0,0,0,,,0,0,0,0,0,0,,,,,,,,,0,,,,,,,
BTRgF-yFZld,p,https://www.instagram.com/thedogist/p/BTRgF-yFZld/,queued,0,0,,0,0,0,,,0,0,0,0,0,0,,,,,,,,,0,,,,,,,
BTPgegjl649,p,https://www.instagram.com/thedogist/p/BTPgegjl649/,queued,0,0,,0,0,0,,,0,0,0,0,0,0,,,,,,,,,0,,,,,,,
BTO6mXFFF7W,p,https://www.instagram.com/thedogist/p/BTO6mXFFF7W/,queued,0,0,,0,0,0,,,0,0,0,0,0,0,,,,,,,,,0,,,,,,,
BTNdeE_F8Hv,p,https://www.instagram.com/thedogist/p/BTNdeE_F8Hv/,queued,0,0,,0,0,0,,,0,0,0,0,0,0,,,,,,,,,0,,,,,,,
BTMsn7pFBhV,p,https://www.instagram.com/thedogist/p/BTMsn7pFBhV/,queued,0,0,,0,0,0,,,0,0,0,0,0,0,,,,,,,,,0,,,,,,,
BTMTBK4F4Eq,p,https://www.instagram.com/thedogist/p/BTMTBK4F4Eq/,queued,0,0,,0,0,0,,,0,0,0,0,0,0,,,,,,,,,0,,,,,,,
BTKkOLVlG_u,p,https://www.instagram.com/thedogist/p/BTKkOLVlG_u/,queued,0,0,,0,0,0,,,0,0,0,0,0,0,,,,,,,,,0,,,,,,,
BTKLWXHFeQT,p,https://www.instagram.com/thedogist/p/BTKLWXHFeQT/,queued,0,0,,0,0,0,,,0,0,0,0,0,0,,,,,,,,,0,,,,,,,
BTJqS81lMzJ,p,https://www.instagram.com/thedogist/p/BTJqS81lMzJ/,queued,0,0,,0,0,0,,,0,0,0,0,0,0,,,,,,,,,0,,,,,,,
BTIKxy-l5Hx,p,https://www.instagram.com/thedogist/p/BTIKxy-l5Hx/,queued,0,0,,0,0,0,,,0,0,0,0,0,0,,,,,,,,,0,,,,,,,
BTH0vJpFZCg,p,https://www.instagram.com/thedogist/p/BTH0vJpFZCg/,queued,0,0,,0,0,0,,,0,0,0,0,0,0,,,,,,,,,0,,,,,,,
BTHSLm2lh_G,p,https://www.instagram.com/thedogist/p/BTHSLm2lh_G/,queued,0,0,,0,0,0,,,0,0,0,0,0,0,,,,,,,,,0,,,,,,,
BTFjYb6F0Y-,p,https://www.instagram.com/thedogist/p/BTFjYb6F0Y-/,queued,0,0,,0,0,0,,,0,0,0,0,0,0,,,,,,,,,0,,,,,,,
BTFLdRMFFus,p,https://www.instagram.com/thedogist/p/BTFLdRMFFus/,queued,0,0,,0,0,0,,,0,0,0,0,0,0,,,,,,,,,0,,,,,,,
BTEvK2PlOAz,p,https://www.instagram.com/thedogist/p/BTEvK2PlOAz/,queued,0,0,,0,0,0,,,0,0,0,0,0,0,,,,,,,,,0,,,,,,,
BTDCc83FSD5,p,https://www.instagram.com/thedogist/p/BTDCc83FSD5/,queued,0,0,,0,0,0,,,0,0,0,0,0,0,,,,,,,,,0,,,,,,,
BTCvB4xF_i5,p,https://www.instagram.com/thedogist/p/BTCvB4xF_i5/,queued,0,0,,0,0,0,,,0,0,0,0,0,0,,,,,,,,,0,,,,,,,
BTCBk4PFa0x,p,https://www.instagram.com/thedogist/p/BTCBk4PFa0x/,queued,0,0,,0,0,0,,,0,0,0,0,0,0,,,,,,,,,0,,,,,,,
BTAg-3zlYGf,p,https://www.instagram.com/thedogist/p/BTAg-3zlYGf/,queued,0,0,,0,0,0,,,0,0,0,0,0,0,,,,,,,,,0,,,,,,,
BS_7DDilg7R,p,https://www.instagram.com/thedogist/p/BS_7DDilg7R/,queued,0,0,,0,0,0,,,0,0,0,0,0,0,,,,,,,,,0,,,,,,,
BS_agr9FHbb,p,https://www.instagram.com/thedogist/p/BS_agr9FHbb/,queued,0,0,,0,0,0,,,0,0,0,0,0,0,,,,,,,,,0,,,,,,,
BS90_RmF49g,p,https://www.instagram.com/thedogist/p/BS90_RmF49g/,queued,0,0,,0,0,0,,,0,0,0,0,0,0,,,,,,,,,0,,,,,,,
BS9lVABFbvT,p,https://www.instagram.com/thedogist/p/BS9lVABFbvT/,queued,0,0,,0,0,0,,,0,0,0,0,0,0,,,,,,,,,0,,,,,,,
BS9aSLsFpTp,p,https://www.instagram.com/thedogist/p/BS9aSLsFpTp/,queued,0,0,,0,0,0,,,0,0,0,0,0,0,,,,,,,,,0,,,,,,,
BS9HMafFRGZ,p,https://www.instagram.com/thedogist/p/BS9HMafFRGZ/,queued,0,0,,0,0,0,,,0,0,0,0,0,0,,,,,,,,,0,,,,,,,
BS9BsahFuyY,p,https://www.instagram.com/thedogist/p/BS9BsahFuyY/,queued,0,0,,0,0,0,,,0,0,0,0,0,0,,,,,,,,,0,,,,,,,
BS7Qa57Fsst,p,https://www.instagram.com/thedogist/p/BS7Qa57Fsst/,queued,0,0,,0,0,0,,,0,0,0,0,0,0,,,,,,,,,0,,,,,,,
BS690BrFbF7,p,https://www.instagram.com/thedogist/p/BS690BrFbF7/,queued,0,0,,0,0,0,,,0,0,0,0,0,0,,,,,,,,,0,,,,,,,
BS6WBSGFE_H,p,https://www.instagram.com/thedogist/p/BS6WBSGFE_H/,queued,0,0,,0,0,0,,,0,0,0,0,0,0,,,,,,,,,0,,,,,,,
BS4f2d3FnNV,p,https://www.instagram.com/thedogist/p/BS4f2d3FnNV/,queued,0,0,,0,0,0,,,0,0,0,0,0,0,,,,,,,,,0,,,,,,,
BS4FlEBFPH-,p,https://www.instagram.com/thedogist/p/BS4FlEBFPH-/,queued,0,0,,0,0,0,,,0,0,0,0,0,0,,,,,,,,,0,,,,,,,
BS3r85bltcf,p,https://www.instagram.com/thedogist/p/BS3r85bltcf/,queued,0,0,,0,0,0,,,0,0,0,0,0,0,,,,,,,,,0,,,,,,,
BS2FD8HlTYD,p,https://www.instagram.com/thedogist/p/BS2FD8HlTYD/,queued,0,0,,0,0,0,,,0,0,0,0,0,0,,,,,,,,,0,,,,,,,
BS1leVNloZ0,p,https://www.instagram.com/thedogist/p/BS1leVNloZ0/,queued,0,0,,0,0,0,,,0,0,0,0,0,0,,,,,,,,,0,,,,,,,
BS1GnF7Ft8N,p,https://www.instagram.com/thedogist/p/BS1GnF7Ft8N/,queued,0,0,,0,0,0,,,0,0,0,0,0,0,,,,,,,,,0,,,,,,,
BSzfO5_FICa,p,https://www.instagram.com/thedogist/p/BSzfO5_FICa/,queued,0,0,,0,0,0,,,0,0,0,0,0,0,,,,,,,,,0,,,,,,,
BSy-3WMl6Sl,p,https://www.instagram.com/thedogist/p/BSy-3WMl6Sl/,queued,0,0,,0,0,0,,,0,0,0,0,0,0,,,,,,,,,0,,,,,,,
BSypReFlZL9,p,https://www.instagram.com/thedogist/p/BSypReFlZL9/,queued,0,0,,0,0,0,,,0,0,0,0,0,0,,,,,,,,,0,,,,,,,
BSw6YEYlh21,p,https://www.instagram.com/thedogist/p/BSw6YEYlh21/,queued,0,0,,0,0,0,,,0,0,0,0,0,0,,,,,,,,,0,,,,,,,
BSwQNDCFS1R,p,https://www.instagram.com/thedogist/p/BSwQNDCFS1R/,queued,0,0,,0,0,0,,,0,0,0,0,0,0,,,,,,,,,0,,,,,,,
BSv8SS6lmcr,p,https://www.instagram.com/thedogist/p/BSv8SS6lmcr/,queued,0,0,,0,0,0,,,0,0,0,0,0,0,,,,,,,,,0,,,,,,,
BSuUDpLFFcG,p,https://www.instagram.com/thedogist/p/BSuUDpLFFcG/,queued,0,0,,0,0,0,,,0,0,0,0,0,0,,,,,,,,,0,,,,,,,
BStprD6lzhF,p,https://www.instagram.com/thedogist/p/BStprD6lzhF/,queued,0,0,,0,0,0,,,0,0,0,0,0,0,,,,,,,,,0,,,,,,,
BStXv1rl6Su,p,https://www.instagram.com/thedogist/p/BStXv1rl6Su/,queued,0,0,,0,0,0,,,0,0,0,0,0,0,,,,,,,,,0,,,,,,,
BSsAHEZFrpe,p,https://www.instagram.com/thedogist/p/BSsAHEZFrpe/,queued,0,0,,0,0,0,,,0,0,0,0,0,0,,,,,,,,,0,,,,,,,
BSrhLvPls6g,p,https://www.instagram.com/thedogist/p/BSrhLvPls6g/,queued,0,0,,0,0,0,,,0,0,0,0,0,0,,,,,,,,,0,,,,,,,
BSq4gDUlGo-,p,https://www.instagram.com/thedogist/p/BSq4gDUlGo-/,queued,0,0,,0,0,0,,,0,0,0,0,0,0,,,,,,,,,0,,,,,,,
BSpXWLolzhP,p,https://www.instagram.com/thedogist/p/BSpXWLolzhP/,queued,0,0,,0,0,0,,,0,0,0,0,0,0,,,,,,,,,0,,,,,,,
BSo3g1flTax,p,https://www.instagram.com/thedogist/p/BSo3g1flTax/,queued,0,0,,0,0,0,,,0,0,0,0,0,0,,,,,,,,,0,,,,,,,
BSof8qhlCp2,p,https://www.instagram.com/thedogist/p/BSof8qhlCp2/,queued,0,0,,0,0,0,,,0,0,0,0,0,0,,,,,,,,,0,,,,,,,
BSoQAZwF0lX,p,https://www.instagram.com/thedogist/p/BSoQAZwF0lX/,queued,0,0,,0,0,0,,,0,0,0,0,0,0,,,,,,,,,0,,,,,,,
BSmpTCOlkSx,p,https://www.instagram.com/thedogist/p/BSmpTCOlkSx/,queued,0,0,,0,0,0,,,0,0,0,0,0,0,,,,,,,,,0,,,,,,,
BSmVfYTl1Ps,p,https://www.instagram.com/thedogist/p/BSmVfYTl1Ps/,queued,0,0,,0,0,0,,,0,0,0,0,0,0,,,,,,,,,0,,,,,,,
BSmFNHyFHRv,p,https://www.instagram.com/thedogist/p/BSmFNHyFHRv/,queued,0,0,,0,0,0,,,0,0,0,0,0,0,,,,,,,,,0,,,,,,,
BSl3-24Fnqp,p,https://www.instagram.com/thedogist/p/BSl3-24Fnqp/,queued,0,0,,0,0,0,,,0,0,0,0,0,0,,,,,,,,,0,,,,,,,
BSlvowSFPKk,p,https://www.instagram.com/thedogist/p/BSlvowSFPKk/,queued,0,0,,0,0,0,,,0,0,0,0,0,0,,,,,,,,,0,,,,,,,
BSkMzb_lqaP,p,https://www.instagram.com/thedogist/p/BSkMzb_lqaP/,queued,0,0,,0,0,0,,,0,0,0,0,0,0,,,,,,,,,0,,,,,,,
BSjfhN4llDs,p,https://www.instagram.com/thedogist/p/BSjfhN4llDs/,queued,0,0,,0,0,0,,,0,0,0,0,0,0,,,,,,,,,0,,,,,,,
BSjHlz4leru,p,https://www.instagram.com/thedogist/p/BSjHlz4leru/,queued,0,0,,0,0,0,,,0,0,0,0,0,0,,,,,,,,,0,,,,,,,
BShX-WNljWx,p,https://www.instagram.com/thedogist/p/BShX-WNljWx/,queued,0,0,,0,0,0,,,0,0,0,0,0,0,,,,,,,,,0,,,,,,,
BSg23y_FGYQ,p,https://www.instagram.com/thedogist/p/BSg23y_FGYQ/,queued,0,0,,0,0,0,,,0,0,0,0,0,0,,,,,,,,,0,,,,,,,
BSgbaEtFs0C,p,https://www.instagram.com/thedogist/p/BSgbaEtFs0C/,queued,0,0,,0,0,0,,,0,0,0,0,0,0,,,,,,,,,0,,,,,,,
BSe7eaaFq1n,p,https://www.instagram.com/thedogist/p/BSe7eaaFq1n/,queued,0,0,,0,0,0,,,0,0,0,0,0,0,,,,,,,,,0,,,,,,,
BSeUvJ5lAKN,p,https://www.instagram.com/thedogist/p/BSeUvJ5lAKN/,queued,0,0,,0,0,0,,,0,0,0,0,0,0,,,,,,,,,0,,,,,,,
BSd5vJbl-3C,p,https://www.instagram.com/thedogist/p/BSd5vJbl-3C/,queued,0,0,,0,0,0,,,0,0,0,0,0,0,,,,,,,,,0,,,,,,,
BScLDJzFOwk,p,https://www.instagram.com/thedogist/p/BScLDJzFOwk/,queued,0,0,,0,0,0,,,0,0,0,0,0,0,,,,,,,,,0,,,,,,,
BSbvjCSFjWy,p,https://www.instagram.com/thedogist/p/BSbvjCSFjWy/,queued,0,0,,0,0,0,,,0,0,0,0,0,0,,,,,,,,,0,,,,,,,
BSbVLZllttB,p,https://www.instagram.com/thedogist/p/BSbVLZllttB/,queued,0,0,,0,0,0,,,0,0,0,0,0,0,,,,,,,,,0,,,,,,,
BSZsLOpFDrG,p,https://www.instagram.com/thedogist/p/BSZsLOpFDrG/,queued,0,0,,0,0,0,,,0,0,0,0,0,0,,,,,,,,,0,,,,,,,
BSZKdcvF_5D,p,https://www.instagram.com/thedogist/p/BSZKdcvF_5D/,queued,0,0,,0,0,0,,,0,0,0,0,0,0,,,,,,,,,0,,,,,,,
BSYusTKl3PO,p,https://www.instagram.com/thedogist/p/BSYusTKl3PO/,queued,0,0,,0,0,0,,,0,0,0,0,0,0,,,,,,,,,0,,,,,,,
BSXJ9nHFDZr,p,https://www.instagram.com/thedogist/p/BSXJ9nHFDZr/,queued,0,0,,0,0,0,,,0,0,0,0,0,0,,,,,,,,,0,,,,,,,
BSWx7HkFDtW,p,https://www.instagram.com/thedogist/p/BSWx7HkFDtW/,queued,0,0,,0,0,0,,,0,0,0,0,0,0,,,,,,,,,0,,,,,,,
BSWgelpFMC5,p,https://www.instagram.com/thedogist/p/BSWgelpFMC5/,queued,0,0,,0,0,0,,,0,0,0,0,0,0,,,,,,,,,0,,,,,,,
BSWLD2-Fdoz,p,https://www.instagram.com/thedogist/p/BSWLD2-Fdoz/,queued,0,0,,0,0,0,,,0,0,0,0,0,0,,,,,,,,,0,,,,,,,
BSUdu1gFWg0,p,https://www.instagram.com/thedogist/p/BSUdu1gFWg0/,queued,0,0,,0,0,0,,,0,0,0,0,0,0,,,,,,,,,0,,,,,,,
BSUP1nyFgO7,p,https://www.instagram.com/thedogist/p/BSUP1nyFgO7/,queued,0,0,,0,0,0,,,0,0,0,0,0,0,,,,,,,,,0,,,,,,,
BST2PUhFtsu,p,https://www.instagram.com/thedogist/p/BST2PUhFtsu/,queued,0,0,,0,0,0,,,0,0,0,0,0,0,,,,,,,,,0,,,,,,,
BSSBS71FpUv,p,https://www.instagram.com/thedogist/p/BSSBS71FpUv/,queued,0,0,,0,0,0,,,0,0,0,0,0,0,,,,,,,,,0,,,,,,,
BSRgYAFgXSV,p,https://www.instagram.com/thedogist/p/BSRgYAFgXSV/,queued,0,0,,0,0,0,,,0,0,0,0,0,0,,,,,,,,,0,,,,,,,
BSRAA3dgW0Q,p,https://www.instagram.com/thedogist/p/BSRAA3dgW0Q/,queued,0,0,,0,0,0,,,0,0,0,0,0,0,,,,,,,,,0,,,,,,,
BSPi10IAbSr,p,https://www.instagram.com/thedogist/p/BSPi10IAbSr/,queued,0,0,,0,0,0,,,0,0,0,0,0,0,,,,,,,,,0,,,,,,,
BSO2q_WgHDD,p,https://www.instagram.com/thedogist/p/BSO2q_WgHDD/,queued,0,0,,0,0,0,,,0,0,0,0,0,0,,,,,,,,,0,,,,,,,
BSOacsYFods,p,https://www.instagram.com/thedogist/p/BSOacsYFods/,queued,0,0,,0,0,0,,,0,0,0,0,0,0,,,,,,,,,0,,,,,,,
BSM5q8HlMP8,p,https://www.instagram.com/thedogist/p/BSM5q8HlMP8/,queued,0,0,,0,0,0,,,0,0,0,0,0,0,,,,,,,,,0,,,,,,,
BSMSGrbFeMv,p,https://www.instagram.com/thedogist/p/BSMSGrbFeMv/,queued,0,0,,0,0,0,,,0,0,0,0,0,0,,,,,,,,,0,,,,,,,
BSL7CUxlxOw,p,https://www.instagram.com/thedogist/p/BSL7CUxlxOw/,queued,0,0,,0,0,0,,,0,0,0,0,0,0,,,,,,,,,0,,,,,,,
BSKZFCclsVV,p,https://www.instagram.com/thedogist/p/BSKZFCclsVV/,queued,0,0,,0,0,0,,,0,0,0,0,0,0,,,,,,,,,0,,,,,,,
BSKK_Holnyn,p,https://www.instagram.com/thedogist/p/BSKK_Holnyn/,queued,0,0,,0,0,0,,,0,0,0,0,0,0,,,,,,,,,0,,,,,,,
BSJf3ZBlw93,p,https://www.instagram.com/thedogist/p/BSJf3ZBlw93/,queued,0,0,,0,0,0,,,0,0,0,0,0,0,,,,,,,,,0,,,,,,,
BSHtQa4lxb2,p,https://www.instagram.com/thedogist/p/BSHtQa4lxb2/,queued,0,0,,0,0,0,,,0,0,0,0,0,0,,,,,,,,,0,,,,,,,
BSHRDC_FDni,p,https://www.instagram.com/thedogist/p/BSHRDC_FDni/,queued,0,0,,0,0,0,,,0,0,0,0,0,0,,,,,,,,,0,,,,,,,
BSGu5PPF9H0,p,https://www.instagram.com/thedogist/p/BSGu5PPF9H0/,queued,0,0,,0,0,0,,,0,0,0,0,0,0,,,,,,,,,0,,,,,,,
BSEsOE-lYNC,p,https://www.instagram.com/thedogist/p/BSEsOE-lYNC/,queued,0,0,,0,0,0,,,0,0,0,0,0,0,,,,,,,,,0,,,,,,,
BSEKEIIlPox,p,https://www.instagram.com/thedogist/p/BSEKEIIlPox/,queued,0,0,,0,0,0,,,0,0,0,0,0,0,,,,,,,,,0,,,,,,,
BSCXiTSFUXB,p,https://www.instagram.com/thedogist/p/BSCXiTSFUXB/,queued,0,0,,0,0,0,,,0,0,0,0,0,0,,,,,,,,,0,,,,,,,
BSBoNualx8l,p,https://www.instagram.com/thedogist/p/BSBoNualx8l/,queued,0,0,,0,0,0,,,0,0,0,0,0,0,,,,,,,,,0,,,,,,,
BR_-0hJljBG,p,https://www.instagram.com/thedogist/p/BR_-0hJljBG/,queued,0,0,,0,0,0,,,0,0,0,0,0,0,,,,,,,,,0,,,,,,,
BR_kkd_FqpV,p,https://www.instagram.com/thedogist/p/BR_kkd_FqpV/,queued,0,0,,0,0,0,,,0,0,0,0,0,0,,,,,,,,,0,,,,,,,
BR_d75elnMa,p,https://www.instagram.com/thedogist/p/BR_d75elnMa/,queued,0,0,,0,0,0,,,0,0,0,0,0,0,,,,,,,,,0,,,,,,,
BR_DHgjlY-a,p,https://www.instagram.com/thedogist/p/BR_DHgjlY-a/,queued,0,0,,0,0,0,,,0,0,0,0,0,0,,,,,,,,,0,,,,,,,
BR9sfTOlEPx,p,https://www.instagram.com/thedogist/p/BR9sfTOlEPx/,queued,0,0,,0,0,0,,,0,0,0,0,0,0,,,,,,,,,0,,,,,,,
BR9FNolF91u,p,https://www.instagram.com/thedogist/p/BR9FNolF91u/,queued,0,0,,0,0,0,,,0,0,0,0,0,0,,,,,,,,,0,,,,,,,
BR8qUbbFXtW,p,https://www.instagram.com/thedogist/p/BR8qUbbFXtW/,queued,0,0,,0,0,0,,,0,0,0,0,0,0,,,,,,,,,0,,,,,,,
BR67WPslz3u,p,https://www.instagram.com/thedogist/p/BR67WPslz3u/,queued,0,0,,0,0,0,,,0,0,0,0,0,0,,,,,,,,,0,,,,,,,
BR6U6vFl3hs,p,https://www.instagram.com/thedogist/p/BR6U6vFl3hs/,queued,0,0,,0,0,0,,,0,0,0,0,0,0,,,,,,,,,0,,,,,,,
BR58ux1FHq5,p,https://www.instagram.com/thedogist/p/BR58ux1FHq5/,queued,0,0,,0,0,0,,,0,0,0,0,0,0,,,,,,,,,0,,,,,,,
BR4VI4GAZf3,p,https://www.instagram.com/thedogist/p/BR4VI4GAZf3/,queued,0,0,,0,0,0,,,0,0,0,0,0,0,,,,,,,,,0,,,,,,,
BR338MxAvnL,p,https://www.instagram.com/thedogist/p/BR338MxAvnL/,queued,0,0,,0,0,0,,,0,0,0,0,0,0,,,,,,,,,0,,,,,,,
BR3aODMAdvy,p,https://www.instagram.com/thedogist/p/BR3aODMAdvy/,queued,0,0,,0,0,0,,,0,0,0,0,0,0,,,,,,,,,0,,,,,,,
BR1sxsLAHzt,p,https://www.instagram.com/thedogist/p/BR1sxsLAHzt/,queued,0,0,,0,0,0,,,0,0,0,0,0,0,,,,,,,,,0,,,,,,,
BR1Pp7PgI7Z,p,https://www.instagram.com/thedogist/p/BR1Pp7PgI7Z/,queued,0,0,,0,0,0,,,0,0,0,0,0,0,,,,,,,,,0,,,,,,,
BR03Xfbg-jn,p,https://www.instagram.com/thedogist/p/BR03Xfbg-jn/,queued,0,0,,0,0,0,,,0,0,0,0,0,0,,,,,,,,,0,,,,,,,
BRy_6gbgkqI,p,https://www.instagram.com/thedogist/p/BRy_6gbgkqI/,queued,0,0,,0,0,0,,,0,0,0,0,0,0,,,,,,,,,0,,,,,,,
BRylpxRg9dL,p,https://www.instagram.com/thedogist/p/BRylpxRg9dL/,queued,0,0,,0,0,0,,,0,0,0,0,0,0,,,,,,,,,0,,,,,,,
BRyF15aAezz,p,https://www.instagram.com/thedogist/p/BRyF15aAezz/,queued,0,0,,0,0,0,,,0,0,0,0,0,0,,,,,,,,,0,,,,,,,
BRw0rHTge8q,p,https://www.instagram.com/thedogist/p/BRw0rHTge8q/,queued,0,0,,0,0,0,,,0,0,0,0,0,0,,,,,,,,,0,,,,,,,
BRwWrbLAnks,p,https://www.instagram.com/thedogist/p/BRwWrbLAnks/,queued,0,0,,0,0,0,,,0,0,0,0,0,0,,,,,,,,,0,,,,,,,
BRvuwYoFBJr,p,https://www.instagram.com/thedogist/p/BRvuwYoFBJr/,queued,0,0,,0,0,0,,,0,0,0,0,0,0,,,,,,,,,0,,,,,,,
BRt6ovml_hH,p,https://www.instagram.com/thedogist/p/BRt6ovml_hH/,queued,0,0,,0,0,0,,,0,0,0,0,0,0,,,,,,,,,0,,,,,,,
BRtYMunFE_W,p,https://www.instagram.com/thedogist/p/BRtYMunFE_W/,queued,0,0,,0,0,0,,,0,0,0,0,0,0,,,,,,,,,0,,,,,,,
BRs_Sq5Fnaq,p,https://www.instagram.com/thedogist/p/BRs_Sq5Fnaq/,queued,0,0,,0,0,0,,,0,0,0,0,0,0,,,,,,,,,0,,,,,,,
BRrbru-lLHi,p,https://www.instagram.com/thedogist/p/BRrbru-lLHi/,queued,0,0,,0,0,0,,,0,0,0,0,0,0,,,,,,,,,0,,,,,,,
BRq51uDl0Ep,p,https://www.instagram.com/thedogist/p/BRq51uDl0Ep/,queued,0,0,,0,0,0,,,0,0,0,0,0,0,,,,,,,,,0,,,,,,,
BRqaMeAFNO_,p,https://www.instagram.com/thedogist/p/BRqaMeAFNO_/,queued,0,0,,0,0,0,,,0,0,0,0,0,0,,,,,,,,,0,,,,,,,
BRo7tyAFi19,p,https://www.instagram.com/thedogist/p/BRo7tyAFi19/,queued,0,0,,0,0,0,,,0,0,0,0,0,0,,,,,,,,,0,,,,,,,
BRooaHbl5hN,p,https://www.instagram.com/thedogist/p/BRooaHbl5hN/,queued,0,0,,0,0,0,,,0,0,0,0,0,0,,,,,,,,,0,,,,,,,
BRoX6VlF2Lv,p,https://www.instagram.com/thedogist/p/BRoX6VlF2Lv/,queued,0,0,,0,0,0,,,0,0,0,0,0,0,,,,,,,,,0,,,,,,,
BRoLl3ClrJx,p,https://www.instagram.com/thedogist/p/BRoLl3ClrJx/,queued,0,0,,0,0,0,,,0,0,0,0,0,0,,,,,,,,,0,,,,,,,
BRmR8Prlo13,p,https://www.instagram.com/thedogist/p/BRmR8Prlo13/,queued,0,0,,0,0,0,,,0,0,0,0,0,0,,,,,,,,,0,,,,,,,
BRlvl0clf0b,p,https://www.instagram.com/thedogist/p/BRlvl0clf0b/,queued,0,0,,0,0,0,,,0,0,0,0,0,0,,,,,,,,,0,,,,,,,
BRlU3pCFGde,p,https://www.instagram.com/thedogist/p/BRlU3pCFGde/,queued,0,0,,0,0,0,,,0,0,0,0,0,0,,,,,,,,,0,,,,,,,
BRjyH2llgOy,p,https://www.instagram.com/thedogist/p/BRjyH2llgOy/,queued,0,0,,0,0,0,,,0,0,0,0,0,0,,,,,,,,,0,,,,,,,
BRjcNcml9x6,p,https://www.instagram.com/thedogist/p/BRjcNcml9x6/,queued,0,0,,0,0,0,,,0,0,0,0,0,0,,,,,,,,,0,,,,,,,
BRi7lRxl1Mj,p,https://www.instagram.com/thedogist/p/BRi7lRxl1Mj/,queued,0,0,,0,0,0,,,0,0,0,0,0,0,,,,,,,,,0,,,,,,,
BRhUM6fFoT_,p,https://www.instagram.com/thedogist/p/BRhUM6fFoT_/,queued,0,0,,0,0,0,,,0,0,0,0,0,0,,,,,,,,,0,,,,,,,
BRgrNYAlz_B,p,https://www.instagram.com/thedogist/p/BRgrNYAlz_B/,queued,0,0,,0,0,0,,,0,0,0,0,0,0,,,,,,,,,0,,,,,,,
BRgIiAJlu_U,p,https://www.instagram.com/thedogist/p/BRgIiAJlu_U/,queued,0,0,,0,0,0,,,0,0,0,0,0,0,,,,,,,,,0,,,,,,,
BReoXT9lO-F,p,https://www.instagram.com/thedogist/p/BReoXT9lO-F/,queued,0,0,,0,0,0,,,0,0,0,0,0,0,,,,,,,,,0,,,,,,,
BReSOpJl3p2,p,https://www.instagram.com/thedogist/p/BReSOpJl3p2/,queued,0,0,,0,0,0,,,0,0,0,0,0,0,,,,,,,,,0,,,,,,,
BRduYG4Fz2u,p,https://www.instagram.com/thedogist/p/BRduYG4Fz2u/,queued,0,0,,0,0,0,,,0,0,0,0,0,0,,,,,,,,,0,,,,,,,
BRcCFQdlDvc,p,https://www.instagram.com/thedogist/p/BRcCFQdlDvc/,queued,0,0,,0,0,0,,,0,0,0,0,0,0,,,,,,,,,0,,,,,,,
BRbm9wnF_78,p,https://www.instagram.com/thedogist/p/BRbm9wnF_78/,queued,0,0,,0,0,0,,,0,0,0,0,0,0,,,,,,,,,0,,,,,,,
BRbDiILFKb-,p,https://www.instagram.com/thedogist/p/BRbDiILFKb-/,queued,0,0,,0,0,0,,,0,0,0,0,0,0,,,,,,,,,0,,,,,,,
BRZchQ9gzVi,p,https://www.instagram.com/thedogist/p/BRZchQ9gzVi/,queued,0,0,,0,0,0,,,0,0,0,0,0,0,,,,,,,,,0,,,,,,,
BRZAP_og-cT,p,https://www.instagram.com/thedogist/p/BRZAP_og-cT/,queued,0,0,,0,0,0,,,0,0,0,0,0,0,,,,,,,,,0,,,,,,,
BRYaaQfgwkL,p,https://www.instagram.com/thedogist/p/BRYaaQfgwkL/,queued,0,0,,0,0,0,,,0,0,0,0,0,0,,,,,,,,,0,,,,,,,
BRW7aoMgT5p,p,https://www.instagram.com/thedogist/p/BRW7aoMgT5p/,queued,0,0,,0,0,0,,,0,0,0,0,0,0,,,,,,,,,0,,,,,,,
BRWXxAbAJIy,p,https://www.instagram.com/thedogist/p/BRWXxAbAJIy/,queued,0,0,,0,0,0,,,0,0,0,0,0,0,,,,,,,,,0,,,,,,,
BRV0t-7g82h,p,https://www.instagram.com/thedogist/p/BRV0t-7g82h/,queued,0,0,,0,0,0,,,0,0,0,0,0,0,,,,,,,,,0,,,,,,,
BRUVZyVAi8T,p,https://www.instagram.com/thedogist/p/BRUVZyVAi8T/,queued,0,0,,0,0,0,,,0,0,0,0,0,0,,,,,,,,,0,,,,,,,
BRT4u9vglWi,p,https://www.instagram.com/thedogist/p/BRT4u9vglWi/,queued,0,0,,0,0,0,,,0,0,0,0,0,0,,,,,,,,,0,,,,,,,
BRTgh8og0uO,p,https://www.instagram.com/thedogist/p/BRTgh8og0uO/,queued,0,0,,0,0,0,,,0,0,0,0,0,0,,,,,,,,,0,,,,,,,
BRRvRS9gAOw,p,https://www.instagram.com/thedogist/p/BRRvRS9gAOw/,queued,0,0,,0,0,0,,,0,0,0,0,0,0,,,,,,,,,0,,,,,,,
BRRVNrpgieX,p,https://www.instagram.com/thedogist/p/BRRVNrpgieX/,queued,0,0,,0,0,0,,,0,0,0,0,0,0,,,,,,,,,0,,,,,,,
BRQ1hdogefD,p,https://www.instagram.com/thedogist/p/BRQ1hdogefD/,queued,0,0,,0,0,0,,,0,0,0,0,0,0,,,,,,,,,0,,,,,,,
BRPKaDpAiJg,p,https://www.instagram.com/thedogist/p/BRPKaDpAiJg/,queued,0,0,,0,0,0,,,0,0,0,0,0,0,,,,,,,,,0,,,,,,,
BROwCixgTGA,p,https://www.instagram.com/thedogist/p/BROwCixgTGA/,queued,0,0,,0,0,0,,,0,0,0,0,0,0,,,,,,,,,0,,,,,,,
BROZmJ3AwBX,p,https://www.instagram.com/thedogist/p/BROZmJ3AwBX/,queued,0,0,,0,0,0,,,0,0,0,0,0,0,,,,,,,,,0,,,,,,,
BRMpe0MAy9F,p,https://www.instagram.com/thedogist/p/BRMpe0MAy9F/,queued,0,0,,0,0,0,,,0,0,0,0,0,0,,,,,,,,,0,,,,,,,
BRMFz5zgACW,p,https://www.instagram.com/thedogist/p/BRMFz5zgACW/,queued,0,0,,0,0,0,,,0,0,0,0,0,0,,,,,,,,,0,,,,,,,
BRLlMqFARgr,p,https://www.instagram.com/thedogist/p/BRLlMqFARgr/,queued,0,0,,0,0,0,,,0,0,0,0,0,0,,,,,,,,,0,,,,,,,
BRJ70oUlh9n,p,https://www.instagram.com/thedogist/p/BRJ70oUlh9n/,queued,0,0,,0,0,0,,,0,0,0,0,0,0,,,,,,,,,0,,,,,,,
BRJe_a-l7es,p,https://www.instagram.com/thedogist/p/BRJe_a-l7es/,queued,0,0,,0,0,0,,,0,0,0,0,0,0,,,,,,,,,0,,,,,,,
BRJPxSfFw04,p,https://www.instagram.com/thedogist/p/BRJPxSfFw04/,queued,0,0,,0,0,0,,,0,0,0,0,0,0,,,,,,,,,0,,,,,,,
BRHc438l0d4,p,https://www.instagram.com/thedogist/p/BRHc438l0d4/,queued,0,0,,0,0,0,,,0,0,0,0,0,0,,,,,,,,,0,,,,,,,
BRHAyLblHZj,p,https://www.instagram.com/thedogist/p/BRHAyLblHZj/,queued,0,0,,0,0,0,,,0,0,0,0,0,0,,,,,,,,,0,,,,,,,
BRGi_uOlOJV,p,https://www.instagram.com/thedogist/p/BRGi_uOlOJV/,queued,0,0,,0,0,0,,,0,0,0,0,0,0,,,,,,,,,0,,,,,,,
BRE4ktQg6gw,p,https://www.instagram.com/thedogist/p/BRE4ktQg6gw/,queued,0,0,,0,0,0,,,0,0,0,0,0,0,,,,,,,,,0,,,,,,,
BRETMj9FmJ6,p,https://www.instagram.com/thedogist/p/BRETMj9FmJ6/,queued,0,0,,0,0,0,,,0,0,0,0,0,0,,,,,,,,,0,,,,,,,
BRD-CdKFQTK,p,https://www.instagram.com/thedogist/p/BRD-CdKFQTK/,queued,0,0,,0,0,0,,,0,0,0,0,0,0,,,,,,,,,0,,,,,,,
BRCQXmBlv5x,p,https://www.instagram.com/thedogist/p/BRCQXmBlv5x/,queued,0,0,,0,0,0,,,0,0,0,0,0,0,,,,,,,,,0,,,,,,,
BRBuDVtF73I,p,https://www.instagram.com/thedogist/p/BRBuDVtF73I/,queued,0,0,,0,0,0,,,0,0,0,0,0,0,,,,,,,,,0,,,,,,,
BRBP0GDlVnZ,p,https://www.instagram.com/thedogist/p/BRBP0GDlVnZ/,queued,0,0,,0,0,0,,,0,0,0,0,0,0,,,,,,,,,0,,,,,,,
BQ_Kh1AFZJY,p,https://www.instagram.com/thedogist/p/BQ_Kh1AFZJY/,queued,0,0,,0,0,0,,,0,0,0,0,0,0,,,,,,,,,0,,,,,,,
BQ-rPIelifk,p,https://www.instagram.com/thedogist/p/BQ-rPIelifk/,queued,0,0,,0,0,0,,,0,0,0,0,0,0,,,,,,,,,0,,,,,,,
BQ9Evd1ln8M,p,https://www.instagram.com/thedogist/p/BQ9Evd1ln8M/,queued,0,0,,0,0,0,,,0,0,0,0,0,0,,,,,,,,,0,,,,,,,
BQ8hA-PFy7F,p,https://www.instagram.com/thedogist/p/BQ8hA-PFy7F/,queued,0,0,,0,0,0,,,0,0,0,0,0,0,,,,,,,,,0,,,,,,,
BQ8MiDqlWeT,p,https://www.instagram.com/thedogist/p/BQ8MiDqlWeT/,queued,0,0,,0,0,0,,,0,0,0,0,0,0,,,,,,,,,0,,,,,,,
BQ6bQjzlGWf,p,https://www.instagram.com/thedogist/p/BQ6bQjzlGWf/,queued,0,0,,0,0,0,,,0,0,0,0,0,0,,,,,,,,,0,,,,,,,
BQ56mapFsIe,p,https://www.instagram.com/thedogist/p/BQ56mapFsIe/,queued,0,0,,0,0,0,,,0,0,0,0,0,0,,,,,,,,,0,,,,,,,
BQ5eVqBFE_g,p,https://www.instagram.com/thedogist/p/BQ5eVqBFE_g/,queued,0,0,,0,0,0,,,0,0,0,0,0,0,,,,,,,,,0,,,,,,,
BQ39YlrFfeZ,p,https://www.instagram.com/thedogist/p/BQ39YlrFfeZ/,queued,0,0,,0,0,0,,,0,0,0,0,0,0,,,,,,,,,0,,,,,,,
BQ3eJf_FpHN,p,https://www.instagram.com/thedogist/p/BQ3eJf_FpHN/,queued,0,0,,0,0,0,,,0,0,0,0,0,0,,,,,,,,,0,,,,,,,
BQ29jKwFQk8,p,https://www.instagram.com/thedogist/p/BQ29jKwFQk8/,queued,0,0,,0,0,0,,,0,0,0,0,0,0,,,,,,,,,0,,,,,,,
BQ1N7MbFxUU,p,https://www.instagram.com/thedogist/p/BQ1N7MbFxUU/,queued,0,0,,0,0,0,,,0,0,0,0,0,0,,,,,,,,,0,,,,,,,
BQ0yCp6lJ0d,p,https://www.instagram.com/thedogist/p/BQ0yCp6lJ0d/,queued,0,0,,0,0,0,,,0,0,0,0,0,0,,,,,,,,,0,,,,,,,
BQ0VMfHFqeU,p,https://www.instagram.com/thedogist/p/BQ0VMfHFqeU/,queued,0,0,,0,0,0,,,0,0,0,0,0,0,,,,,,,,,0,,,,,,,
BQy760YlMc_,p,https://www.instagram.com/thedogist/p/BQy760YlMc_/,queued,0,0,,0,0,0,,,0,0,0,0,0,0,,,,,,,,,0,,,,,,,
BQylMduFw_C,p,https://www.instagram.com/thedogist/p/BQylMduFw_C/,queued,0,0,,0,0,0,,,0,0,0,0,0,0,,,,,,,,,0,,,,,,,
BQyIqd8lfEL,p,https://www.instagram.com/thedogist/p/BQyIqd8lfEL/,queued,0,0,,0,0,0,,,0,0,0,0,0,0,,,,,,,,,0,,,,,,,
BQxxNnKFuJi,p,https://www.instagram.com/thedogist/p/BQxxNnKFuJi/,queued,0,0,,0,0,0,,,0,0,0,0,0,0,,,,,,,,,0,,,,,,,
BQwSxmjlHqE,p,https://www.instagram.com/thedogist/p/BQwSxmjlHqE/,queued,0,0,,0,0,0,,,0,0,0,0,0,0,,,,,,,,,0,,,,,,,
BQv9nnRlQh5,p,https://www.instagram.com/thedogist/p/BQv9nnRlQh5/,queued,0,0,,0,0,0,,,0,0,0,0,0,0,,,,,,,,,0,,,,,,,
BQvy0nEFK0e,p,https://www.instagram.com/thedogist/p/BQvy0nEFK0e/,queued,0,0,,0,0,0,,,0,0,0,0,0,0,,,,,,,,,0,,,,,,,
BQvfxufljRt,p,https://www.instagram.com/thedogist/p/BQvfxufljRt/,queued,0,0,,0,0,0,,,0,0,0,0,0,0,,,,,,,,,0,,,,,,,
BQt0Ep-FZY_,p,https://www.instagram.com/thedogist/p/BQt0Ep-FZY_/,queued,0,0,,0,0,0,,,0,0,0,0,0,0,,,,,,,,,0,,,,,,,
BQtjkTtFKOL,p,https://www.instagram.com/thedogist/p/BQtjkTtFKOL/,queued,0,0,,0,0,0,,,0,0,0,0,0,0,,,,,,,,,0,,,,,,,
BQtHwX4Fs39,p,https://www.instagram.com/thedogist/p/BQtHwX4Fs39/,queued,0,0,,0,0,0,,,0,0,0,0,0,0,,,,,,,,,0,,,,,,,
BQrFvI9l-ws,p,https://www.instagram.com/thedogist/p/BQrFvI9l-ws/,queued,0,0,,0,0,0,,,0,0,0,0,0,0,,,,,,,,,0,,,,,,,
BQqrMAXlqy_,p,https://www.instagram.com/thedogist/p/BQqrMAXlqy_/,queued,0,0,,0,0,0,,,0,0,0,0,0,0,,,,,,,,,0,,,,,,,
BQqK3gNFMz-,p,https://www.instagram.com/thedogist/p/BQqK3gNFMz-/,queued,0,0,,0,0,0,,,0,0,0,0,0,0,,,,,,,,,0,,,,,,,
BQoky4HlnOM,p,https://www.instagram.com/thedogist/p/BQoky4HlnOM/,queued,0,0,,0,0,0,,,0,0,0,0,0,0,,,,,,,,,0,,,,,,,
BQoTil6FVjV,p,https://www.instagram.com/thedogist/p/BQoTil6FVjV/,queued,0,0,,0,0,0,,,0,0,0,0,0,0,,,,,,,,,0,,,,,,,
BQntG52ldfo,p,https://www.instagram.com/thedogist/p/BQntG52ldfo/,queued,0,0,,0,0,0,,,0,0,0,0,0,0,,,,,,,,,0,,,,,,,
BQmHt0uFVVD,p,https://www.instagram.com/thedogist/p/BQmHt0uFVVD/,queued,0,0,,0,0,0,,,0,0,0,0,0,0,,,,,,,,,0,,,,,,,
BQlgW3al2AT,p,https://www.instagram.com/thedogist/p/BQlgW3al2AT/,queued,0,0,,0,0,0,,,0,0,0,0,0,0,,,,,,,,,0,,,,,,,
BQlD77whp3Y,p,https://www.instagram.com/thedogist/p/BQlD77whp3Y/,queued,0,0,,0,0,0,,,0,0,0,0,0,0,,,,,,,,,0,,,,,,,
BQjd2Gph632,p,https://www.instagram.com/thedogist/p/BQjd2Gph632/,queued,0,0,,0,0,0,,,0,0,0,0,0,0,,,,,,,,,0,,,,,,,
BQjH8WCB09D,p,https://www.instagram.com/thedogist/p/BQjH8WCB09D/,queued,0,0,,0,0,0,,,0,0,0,0,0,0,,,,,,,,,0,,,,,,,
BQih-hxhSDH,p,https://www.instagram.com/thedogist/p/BQih-hxhSDH/,queued,0,0,,0,0,0,,,0,0,0,0,0,0,,,,,,,,,0,,,,,,,
BQhXfAfh4oe,p,https://www.instagram.com/thedogist/p/BQhXfAfh4oe/,queued,0,0,,0,0,0,,,0,0,0,0,0,0,,,,,,,,,0,,,,,,,
BQgyBJFBhlN,p,https://www.instagram.com/thedogist/p/BQgyBJFBhlN/,queued,0,0,,0,0,0,,,0,0,0,0,0,0,,,,,,,,,0,,,,,,,
BQgcTCkBV0i,p,https://www.instagram.com/thedogist/p/BQgcTCkBV0i/,queued,0,0,,0,0,0,,,0,0,0,0,0,0,,,,,,,,,0,,,,,,,
BQgEHRrB8j2,p,https://www.instagram.com/thedogist/p/BQgEHRrB8j2/,queued,0,0,,0,0,0,,,0,0,0,0,0,0,,,,,,,,,0,,,,,,,
BQf03M2BnJH,p,https://www.instagram.com/thedogist/p/BQf03M2BnJH/,queued,0,0,,0,0,0,,,0,0,0,0,0,0,,,,,,,,,0,,,,,,,
BQehUZ_B4i6,p,https://www.instagram.com/thedogist/p/BQehUZ_B4i6/,queued,0,0,,0,0,0,,,0,0,0,0,0,0,,,,,,,,,0,,,,,,,
BQeMfGjBKPH,p,https://www.instagram.com/thedogist/p/BQeMfGjBKPH/,queued,0,0,,0,0,0,,,0,0,0,0,0,0,,,,,,,,,0,,,,,,,
BQd7XK4B9vk,p,https://www.instagram.com/thedogist/p/BQd7XK4B9vk/,queued,0,0,,0,0,0,,,0,0,0,0,0,0,,,,,,,,,0,,,,,,,
BQdq9zPBDFi,p,https://www.instagram.com/thedogist/p/BQdq9zPBDFi/,queued,0,0,,0,0,0,,,0,0,0,0,0,0,,,,,,,,,0,,,,,,,
BQbmn1whINn,p,https://www.instagram.com/thedogist/p/BQbmn1whINn/,queued,0,0,,0,0,0,,,0,0,0,0,0,0,,,,,,,,,0,,,,,,,
BQbM_2nhmn0,p,https://www.instagram.com/thedogist/p/BQbM_2nhmn0/,queued,0,0,,0,0,0,,,0,0,0,0,0,0,,,,,,,,,0,,,,,,,
BQazp94Bwqc,p,https://www.instagram.com/thedogist/p/BQazp94Bwqc/,queued,0,0,,0,0,0,,,0,0,0,0,0,0,,,,,,,,,0,,,,,,,
BQZGhVIDN8U,p,https://www.instagram.com/thedogist/p/BQZGhVIDN8U/,queued,0,0,,0,0,0,,,0,0,0,0,0,0,,,,,,,,,0,,,,,,,
BQY03YHDwMe,p,https://www.instagram.com/thedogist/p/BQY03YHDwMe/,queued,0,0,,0,0,0,,,0,0,0,0,0,0,,,,,,,,,0,,,,,,,
BQYhX0qj0zt,p,https://www.instagram.com/thedogist/p/BQYhX0qj0zt/,queued,0,0,,0,0,0,,,0,0,0,0,0,0,,,,,,,,,0,,,,,,,
BQYFfweDpys,p,https://www.instagram.com/thedogist/p/BQYFfweDpys/,queued,0,0,,0,0,0,,,0,0,0,0,0,0,,,,,,,,,0,,,,,,,
BQW2P3zjyGZ,p,https://www.instagram.com/thedogist/p/BQW2P3zjyGZ/,queued,0,0,,0,0,0,,,0,0,0,0,0,0,,,,,,,,,0,,,,,,,
BQWh_7zjZs-,p,https://www.instagram.com/thedogist/p/BQWh_7zjZs-/,queued,0,0,,0,0,0,,,0,0,0,0,0,0,,,,,,,,,0,,,,,,,
BQWUNdBDWXI,p,https://www.instagram.com/thedogist/p/BQWUNdBDWXI/,queued,0,0,,0,0,0,,,0,0,0,0,0,0,,,,,,,,,0,,,,,,,
BQWGNHiDahS,p,https://www.instagram.com/thedogist/p/BQWGNHiDahS/,queued,0,0,,0,0,0,,,0,0,0,0,0,0,,,,,,,,,0,,,,,,,
BQVaxnzjFvf,p,https://www.instagram.com/thedogist/p/BQVaxnzjFvf/,queued,0,0,,0,0,0,,,0,0,0,0,0,0,,,,,,,,,0,,,,,,,
BQUSi31htF3,p,https://www.instagram.com/thedogist/p/BQUSi31htF3/,queued,0,0,,0,0,0,,,0,0,0,0,0,0,,,,,,,,,0,,,,,,,
BQTooMZBRHi,p,https://www.instagram.com/thedogist/p/BQTooMZBRHi/,queued,0,0,,0,0,0,,,0,0,0,0,0,0,,,,,,,,,0,,,,,,,
BQTC5gahxE2,p,https://www.instagram.com/thedogist/p/BQTC5gahxE2/,queued,0,0,,0,0,0,,,0,0,0,0,0,0,,,,,,,,,0,,,,,,,
BQRyLeYjoCU,p,https://www.instagram.com/thedogist/p/BQRyLeYjoCU/,queued,0,0,,0,0,0,,,0,0,0,0,0,0,,,,,,,,,0,,,,,,,
BQRJXYRh8Gs,p,https://www.instagram.com/thedogist/p/BQRJXYRh8Gs/,queued,0,0,,0,0,0,,,0,0,0,0,0,0,,,,,,,,,0,,,,,,,
BQQmG8CjqNH,p,https://www.instagram.com/thedogist/p/BQQmG8CjqNH/,queued,0,0,,0,0,0,,,0,0,0,0,0,0,,,,,,,,,0,,,,,,,
BQO0j6oD3d2,p,https://www.instagram.com/thedogist/p/BQO0j6oD3d2/,queued,0,0,,0,0,0,,,0,0,0,0,0,0,,,,,,,,,0,,,,,,,
BQOQ4C5hKkn,p,https://www.instagram.com/thedogist/p/BQOQ4C5hKkn/,queued,0,0,,0,0,0,,,0,0,0,0,0,0,,,,,,,,,0,,,,,,,
BQN6mYIDHqg,p,https://www.instagram.com/thedogist/p/BQN6mYIDHqg/,queued,0,0,,0,0,0,,,0,0,0,0,0,0,,,,,,,,,0,,,,,,,
BQMNKo9jp0P,p,https://www.instagram.com/thedogist/p/BQMNKo9jp0P/,queued,0,0,,0,0,0,,,0,0,0,0,0,0,,,,,,,,,0,,,,,,,
BQLiCbqDcOL,p,https://www.instagram.com/thedogist/p/BQLiCbqDcOL/,queued,0,0,,0,0,0,,,0,0,0,0,0,0,,,,,,,,,0,,,,,,,
BQLNrHihVmB,p,https://www.instagram.com/thedogist/p/BQLNrHihVmB/,queued,0,0,,0,0,0,,,0,0,0,0,0,0,,,,,,,,,0,,,,,,,
BQJkoywBlKd,p,https://www.instagram.com/thedogist/p/BQJkoywBlKd/,queued,0,0,,0,0,0,,,0,0,0,0,0,0,,,,,,,,,0,,,,,,,
BQJadLgBoQK,p,https://www.instagram.com/thedogist/p/BQJadLgBoQK/,queued,0,0,,0,0,0,,,0,0,0,0,0,0,,,,,,,,,0,,,,,,,
BQIoOQ9jS3j,p,https://www.instagram.com/thedogist/p/BQIoOQ9jS3j/,queued,0,0,,0,0,0,,,0,0,0,0,0,0,,,,,,,,,0,,,,,,,
BQHFYZnD8W2,p,https://www.instagram.com/thedogist/p/BQHFYZnD8W2/,queued,0,0,,0,0,0,,,0,0,0,0,0,0,,,,,,,,,0,,,,,,,
BQGYPgxD1uy,p,https://www.instagram.com/thedogist/p/BQGYPgxD1uy/,queued,0,0,,0,0,0,,,0,0,0,0,0,0,,,,,,,,,0,,,,,,,
BQEYtUyFFFC,p,https://www.instagram.com/thedogist/p/BQEYtUyFFFC/,queued,0,0,,0,0,0,,,0,0,0,0,0,0,,,,,,,,,0,,,,,,,
BQD5qbEhgBx,p,https://www.instagram.com/thedogist/p/BQD5qbEhgBx/,queued,0,0,,0,0,0,,,0,0,0,0,0,0,,,,,,,,,0,,,,,,,
BQDdvH1Bcl_,p,https://www.instagram.com/thedogist/p/BQDdvH1Bcl_/,queued,0,0,,0,0,0,,,0,0,0,0,0,0,,,,,,,,,0,,,,,,,
BQB90byhndG,p,https://www.instagram.com/thedogist/p/BQB90byhndG/,queued,0,0,,0,0,0,,,0,0,0,0,0,0,,,,,,,,,0,,,,,,,
BQBTzIAB4sB,p,https://www.instagram.com/thedogist/p/BQBTzIAB4sB/,queued,0,0,,0,0,0,,,0,0,0,0,0,0,,,,,,,,,0,,,,,,,
BQA8UsEB49l,p,https://www.instagram.com/thedogist/p/BQA8UsEB49l/,queued,0,0,,0,0,0,,,0,0,0,0,0,0,,,,,,,,,0,,,,,,,
BP_aNoMhFX_,p,https://www.instagram.com/thedogist/p/BP_aNoMhFX_/,queued,0,0,,0,0,0,,,0,0,0,0,0,0,,,,,,,,,0,,,,,,,
BP-6yTihGtP,p,https://www.instagram.com/thedogist/p/BP-6yTihGtP/,queued,0,0,,0,0,0,,,0,0,0,0,0,0,,,,,,,,,0,,,,,,,
BP-XvWXBoj7,p,https://www.instagram.com/thedogist/p/BP-XvWXBoj7/,queued,0,0,,0,0,0,,,0,0,0,0,0,0,,,,,,,,,0,,,,,,,
BP84fsnBrhG,p,https://www.instagram.com/thedogist/p/BP84fsnBrhG/,queued,0,0,,0,0,0,,,0,0,0,0,0,0,,,,,,,,,0,,,,,,,
BP8SSoEhxkC,p,https://www.instagram.com/thedogist/p/BP8SSoEhxkC/,queued,0,0,,0,0,0,,,0,0,0,0,0,0,,,,,,,,,0,,,,,,,
BP7u1Mnh8qy,p,https://www.instagram.com/thedogist/p/BP7u1Mnh8qy/,queued,0,0,,0,0,0,,,0,0,0,0,0,0,,,,,,,,,0,,,,,,,
BP6OsxsD7IV,p,https://www.instagram.com/thedogist/p/BP6OsxsD7IV/,queued,0,0,,0,0,0,,,0,0,0,0,0,0,,,,,,,,,0,,,,,,,
BP53QyTByE0,p,https://www.instagram.com/thedogist/p/BP53QyTByE0/,queued,0,0,,0,0,0,,,0,0,0,0,0,0,,,,,,,,,0,,,,,,,
BP5ZHq8htPt,p,https://www.instagram.com/thedogist/p/BP5ZHq8htPt/,queued,0,0,,0,0,0,,,0,0,0,0,0,0,,,,,,,,,0,,,,,,,
BP3qoAchE_O,p,https://www.instagram.com/thedogist/p/BP3qoAchE_O/,queued,0,0,,0,0,0,,,0,0,0,0,0,0,,,,,,,,,0,,,,,,,
BP3YYxaBxzm,p,https://www.instagram.com/thedogist/p/BP3YYxaBxzm/,queued,0,0,,0,0,0,,,0,0,0,0,0,0,,,,,,,,,0,,,,,,,
BP24ORRhKsa,p,https://www.instagram.com/thedogist/p/BP24ORRhKsa/,queued,0,0,,0,0,0,,,0,0,0,0,0,0,,,,,,,,,0,,,,,,,
BP1EAw2hX0b,p,https://www.instagram.com/thedogist/p/BP1EAw2hX0b/,queued,0,0,,0,0,0,,,0,0,0,0,0,0,,,,,,,,,0,,,,,,,
BP0i8hCBYeW,p,https://www.instagram.com/thedogist/p/BP0i8hCBYeW/,queued,0,0,,0,0,0,,,0,0,0,0,0,0,,,,,,,,,0,,,,,,,
BP0PVxBhrcJ,p,https://www.instagram.com/thedogist/p/BP0PVxBhrcJ/,queued,0,0,,0,0,0,,,0,0,0,0,0,0,,,,,,,,,0,,,,,,,
BPypVmqBnXp,p,https://www.instagram.com/thedogist/p/BPypVmqBnXp/,queued,0,0,,0,0,0,,,0,0,0,0,0,0,,,,,,,,,0,,,,,,,
BPyLeWdBlz3,p,https://www.instagram.com/thedogist/p/BPyLeWdBlz3/,queued,0,0,,0,0,0,,,0,0,0,0,0,0,,,,,,,,,0,,,,,,,
BPxn6WQBE0n,p,https://www.instagram.com/thedogist/p/BPxn6WQBE0n/,queued,0,0,,0,0,0,,,0,0,0,0,0,0,,,,,,,,,0,,,,,,,
BPwPmK9BVtu,p,https://www.instagram.com/thedogist/p/BPwPmK9BVtu/,queued,0,0,,0,0,0,,,0,0,0,0,0,0,,,,,,,,,0,,,,,,,
BPvdGjuBkOw,p,https://www.instagram.com/thedogist/p/BPvdGjuBkOw/,queued,0,0,,0,0,0,,,0,0,0,0,0,0,,,,,,,,,0,,,,,,,
BPvENeJBfVe,p,https://www.instagram.com/thedogist/p/BPvENeJBfVe/,queued,0,0,,0,0,0,,,0,0,0,0,0,0,,,,,,,,,0,,,,,,,
BPtSAcPB2Rx,p,https://www.instagram.com/thedogist/p/BPtSAcPB2Rx/,queued,0,0,,0,0,0,,,0,0,0,0,0,0,,,,,,,,,0,,,,,,,
BPsra6ihzmk,p,https://www.instagram.com/thedogist/p/BPsra6ihzmk/,queued,0,0,,0,0,0,,,0,0,0,0,0,0,,,,,,,,,0,,,,,,,
BPsQoRfBiEq,p,https://www.instagram.com/thedogist/p/BPsQoRfBiEq/,queued,0,0,,0,0,0,,,0,0,0,0,0,0,,,,,,,,,0,,,,,,,
BPqptpyBD_G,p,https://www.instagram.com/thedogist/p/BPqptpyBD_G/,queued,0,0,,0,0,0,,,0,0,0,0,0,0,,,,,,,,,0,,,,,,,
BPqMItYDpyG,p,https://www.instagram.com/thedogist/p/BPqMItYDpyG/,queued,0,0,,0,0,0,,,0,0,0,0,0,0,,,,,,,,,0,,,,,,,
BPp7-24hR7W,p,https://www.instagram.com/thedogist/p/BPp7-24hR7W/,queued,0,0,,0,0,0,,,0,0,0,0,0,0,,,,,,,,,0,,,,,,,
BPoTeSVhd3n,p,https://www.instagram.com/thedogist/p/BPoTeSVhd3n/,queued,0,0,,0,0,0,,,0,0,0,0,0,0,,,,,,,,,0,,,,,,,
BPnrZPRhE4Z,p,https://www.instagram.com/thedogist/p/BPnrZPRhE4Z/,queued,0,0,,0,0,0,,,0,0,0,0,0,0,,,,,,,,,0,,,,,,,
BPnfeTIBBj8,p,https://www.instagram.com/thedogist/p/BPnfeTIBBj8/,queued,0,0,,0,0,0,,,0,0,0,0,0,0,,,,,,,,,0,,,,,,,
BPnNuOqhxF1,p,https://www.instagram.com/thedogist/p/BPnNuOqhxF1/,queued,0,0,,0,0,0,,,0,0,0,0,0,0,,,,,,,,,0,,,,,,,
BPltGQEhnM8,p,https://www.instagram.com/thedogist/p/BPltGQEhnM8/,queued,0,0,,0,0,0,,,0,0,0,0,0,0,,,,,,,,,0,,,,,,,
BPlDZnXhLxK,p,https://www.instagram.com/thedogist/p/BPlDZnXhLxK/,queued,0,0,,0,0,0,,,0,0,0,0,0,0,,,,,,,,,0,,,,,,,
BPkoXRaB6AM,p,https://www.instagram.com/thedogist/p/BPkoXRaB6AM/,queued,0,0,,0,0,0,,,0,0,0,0,0,0,,,,,,,,,0,,,,,,,
BPi7CrnBr0k,p,https://www.instagram.com/thedogist/p/BPi7CrnBr0k/,queued,0,0,,0,0,0,,,0,0,0,0,0,0,,,,,,,,,0,,,,,,,
BPief64BeqM,p,https://www.instagram.com/thedogist/p/BPief64BeqM/,queued,0,0,,0,0,0,,,0,0,0,0,0,0,,,,,,,,,0,,,,,,,
BPiCfQmjuHR,p,https://www.instagram.com/thedogist/p/BPiCfQmjuHR/,queued,0,0,,0,0,0,,,0,0,0,0,0,0,,,,,,,,,0,,,,,,,
BPgdnHrBofu,p,https://www.instagram.com/thedogist/p/BPgdnHrBofu/,queued,0,0,,0,0,0,,,0,0,0,0,0,0,,,,,,,,,0,,,,,,,
BPgCPZhD-ie,p,https://www.instagram.com/thedogist/p/BPgCPZhD-ie/,queued,0,0,,0,0,0,,,0,0,0,0,0,0,,,,,,,,,0,,,,,,,
BPfhdn9hOoz,p,https://www.instagram.com/thedogist/p/BPfhdn9hOoz/,queued,0,0,,0,0,0,,,0,0,0,0,0,0,,,,,,,,,0,,,,,,,
BPdh6HHjvZ7,p,https://www.instagram.com/thedogist/p/BPdh6HHjvZ7/,queued,0,0,,0,0,0,,,0,0,0,0,0,0,,,,,,,,,0,,,,,,,
BPc0CX9DYnv,p,https://www.instagram.com/thedogist/p/BPc0CX9DYnv/,queued,0,0,,0,0,0,,,0,0,0,0,0,0,,,,,,,,,0,,,,,,,
BPbmTgZDHda,p,https://www.instagram.com/thedogist/p/BPbmTgZDHda/,queued,0,0,,0,0,0,,,0,0,0,0,0,0,,,,,,,,,0,,,,,,,
BPaxhc2hznw,p,https://www.instagram.com/thedogist/p/BPaxhc2hznw/,queued,0,0,,0,0,0,,,0,0,0,0,0,0,,,,,,,,,0,,,,,,,
BPaV4rAhONd,p,https://www.instagram.com/thedogist/p/BPaV4rAhONd/,queued,0,0,,0,0,0,,,0,0,0,0,0,0,,,,,,,,,0,,,,,,,
BPYnO3phJfD,p,https://www.instagram.com/thedogist/p/BPYnO3phJfD/,queued,0,0,,0,0,0,,,0,0,0,0,0,0,,,,,,,,,0,,,,,,,
BPYUeLKh3lG,p,https://www.instagram.com/thedogist/p/BPYUeLKh3lG/,queued,0,0,,0,0,0,,,0,0,0,0,0,0,,,,,,,,,0,,,,,,,
BPX6YaNhOuE,p,https://www.instagram.com/thedogist/p/BPX6YaNhOuE/,queued,0,0,,0,0,0,,,0,0,0,0,0,0,,,,,,,,,0,,,,,,,
BPWMP5wjROu,p,https://www.instagram.com/thedogist/p/BPWMP5wjROu/,queued,0,0,,0,0,0,,,0,0,0,0,0,0,,,,,,,,,0,,,,,,,
BPVz78OjSJ-,p,https://www.instagram.com/thedogist/p/BPVz78OjSJ-/,queued,0,0,,0,0,0,,,0,0,0,0,0,0,,,,,,,,,0,,,,,,,
BPVSXdDji3k,p,https://www.instagram.com/thedogist/p/BPVSXdDji3k/,queued,0,0,,0,0,0,,,0,0,0,0,0,0,,,,,,,,,0,,,,,,,
BPTeLi-jmjd,p,https://www.instagram.com/thedogist/p/BPTeLi-jmjd/,queued,0,0,,0,0,0,,,0,0,0,0,0,0,,,,,,,,,0,,,,,,,
BPTCYfCBOZ7,p,https://www.instagram.com/thedogist/p/BPTCYfCBOZ7/,queued,0,0,,0,0,0,,,0,0,0,0,0,0,,,,,,,,,0,,,,,,,
BPSrJd-hSOG,p,https://www.instagram.com/thedogist/p/BPSrJd-hSOG/,queued,0,0,,0,0,0,,,0,0,0,0,0,0,,,,,,,,,0,,,,,,,
BPQ76DGjkFY,p,https://www.instagram.com/thedogist/p/BPQ76DGjkFY/,queued,0,0,,0,0,0,,,0,0,0,0,0,0,,,,,,,,,0,,,,,,,
BPQkIeKjNKA,p,https://www.instagram.com/thedogist/p/BPQkIeKjNKA/,queued,0,0,,0,0,0,,,0,0,0,0,0,0,,,,,,,,,0,,,,,,,
BPQMWA7jqoG,p,https://www.instagram.com/thedogist/p/BPQMWA7jqoG/,queued,0,0,,0,0,0,,,0,0,0,0,0,0,,,,,,,,,0,,,,,,,
BPOf_KLjkb1,p,https://www.instagram.com/thedogist/p/BPOf_KLjkb1/,queued,0,0,,0,0,0,,,0,0,0,0,0,0,,,,,,,,,0,,,,,,,
BPN9_KZjk-t,p,https://www.instagram.com/thedogist/p/BPN9_KZjk-t/,queued,0,0,,0,0,0,,,0,0,0,0,0,0,,,,,,,,,0,,,,,,,
BPNhY4GD6KJ,p,https://www.instagram.com/thedogist/p/BPNhY4GD6KJ/,queued,0,0,,0,0,0,,,0,0,0,0,0,0,,,,,,,,,0,,,,,,,
BPL6_lLjL_U,p,https://www.instagram.com/thedogist/p/BPL6_lLjL_U/,queued,0,0,,0,0,0,,,0,0,0,0,0,0,,,,,,,,,0,,,,,,,
BPLjF4QjkyI,p,https://www.instagram.com/thedogist/p/BPLjF4QjkyI/,queued,0,0,,0,0,0,,,0,0,0,0,0,0,,,,,,,,,0,,,,,,,
BPK22RijBMv,p,https://www.instagram.com/thedogist/p/BPK22RijBMv/,queued,0,0,,0,0,0,,,0,0,0,0,0,0,,,,,,,,,0,,,,,,,
BPJStLnjHN8,p,https://www.instagram.com/thedogist/p/BPJStLnjHN8/,queued,0,0,,0,0,0,,,0,0,0,0,0,0,,,,,,,,,0,,,,,,,
BPJSlcrDgHS,p,https://www.instagram.com/thedogist/p/BPJSlcrDgHS/,queued,0,0,,0,0,0,,,0,0,0,0,0,0,,,,,,,,,0,,,,,,,
BPIwXJNB4T-,p,https://www.instagram.com/thedogist/p/BPIwXJNB4T-/,queued,0,0,,0,0,0,,,0,0,0,0,0,0,,,,,,,,,0,,,,,,,
BPIKRrNh-V1,p,https://www.instagram.com/thedogist/p/BPIKRrNh-V1/,queued,0,0,,0,0,0,,,0,0,0,0,0,0,,,,,,,,,0,,,,,,,
BPGtqgnBkIP,p,https://www.instagram.com/thedogist/p/BPGtqgnBkIP/,queued,0,0,,0,0,0,,,0,0,0,0,0,0,,,,,,,,,0,,,,,,,
BPGO4TFBPKS,p,https://www.instagram.com/thedogist/p/BPGO4TFBPKS/,queued,0,0,,0,0,0,,,0,0,0,0,0,0,,,,,,,,,0,,,,,,,
BPFsmZ0DVc8,p,https://www.instagram.com/thedogist/p/BPFsmZ0DVc8/,queued,0,0,,0,0,0,,,0,0,0,0,0,0,,,,,,,,,0,,,,,,,
BPEL-RSDyHL,p,https://www.instagram.com/thedogist/p/BPEL-RSDyHL/,queued,0,0,,0,0,0,,,0,0,0,0,0,0,,,,,,,,,0,,,,,,,
BPDsOHcDVhZ,p,https://www.instagram.com/thedogist/p/BPDsOHcDVhZ/,queued,0,0,,0,0,0,,,0,0,0,0,0,0,,,,,,,,,0,,,,,,,
BPDWTWqBxn4,p,https://www.instagram.com/thedogist/p/BPDWTWqBxn4/,queued,0,0,,0,0,0,,,0,0,0,0,0,0,,,,,,,,,0,,,,,,,
BPBjmkqBBRl,p,https://www.instagram.com/thedogist/p/BPBjmkqBBRl/,queued,0,0,,0,0,0,,,0,0,0,0,0,0,,,,,,,,,0,,,,,,,
BPBIkTZhlhe,p,https://www.instagram.com/thedogist/p/BPBIkTZhlhe/,queued,0,0,,0,0,0,,,0,0,0,0,0,0,,,,,,,,,0,,,,,,,
BPAsOxxhZQr,p,https://www.instagram.com/thedogist/p/BPAsOxxhZQr/,queued,0,0,,0,0,0,,,0,0,0,0,0,0,,,,,,,,,0,,,,,,,
BO_AcTwBJa-,p,https://www.instagram.com/thedogist/p/BO_AcTwBJa-/,queued,0,0,,0,0,0,,,0,0,0,0,0,0,,,,,,,,,0,,,,,,,
BO-kJ2FBK2X,p,https://www.instagram.com/thedogist/p/BO-kJ2FBK2X/,queued,0,0,,0,0,0,,,0,0,0,0,0,0,,,,,,,,,0,,,,,,,
BO-JTn6DoG6,p,https://www.instagram.com/thedogist/p/BO-JTn6DoG6/,queued,0,0,,0,0,0,,,0,0,0,0,0,0,,,,,,,,,0,,,,,,,
BO8cC3Kj3Zr,p,https://www.instagram.com/thedogist/p/BO8cC3Kj3Zr/,queued,0,0,,0,0,0,,,0,0,0,0,0,0,,,,,,,,,0,,,,,,,
BO8AHHPjNOZ,p,https://www.instagram.com/thedogist/p/BO8AHHPjNOZ/,queued,0,0,,0,0,0,,,0,0,0,0,0,0,,,,,,,,,0,,,,,,,
BO7tsn8DMOA,p,https://www.instagram.com/thedogist/p/BO7tsn8DMOA/,queued,0,0,,0,0,0,,,0,0,0,0,0,0,,,,,,,,,0,,,,,,,
BO5_nL_hrPP,p,https://www.instagram.com/thedogist/p/BO5_nL_hrPP/,queued,0,0,,0,0,0,,,0,0,0,0,0,0,,,,,,,,,0,,,,,,,
BO5_ke8BP5P,p,https://www.instagram.com/thedogist/p/BO5_ke8BP5P/,queued,0,0,,0,0,0,,,0,0,0,0,0,0,,,,,,,,,0,,,,,,,
BO5few0BIMZ,p,https://www.instagram.com/thedogist/p/BO5few0BIMZ/,queued,0,0,,0,0,0,,,0,0,0,0,0,0,,,,,,,,,0,,,,,,,
BO47ZvmhloB,p,https://www.instagram.com/thedogist/p/BO47ZvmhloB/,queued,0,0,,0,0,0,,,0,0,0,0,0,0,,,,,,,,,0,,,,,,,
BO3XNAqBr_F,p,https://www.instagram.com/thedogist/p/BO3XNAqBr_F/,queued,0,0,,0,0,0,,,0,0,0,0,0,0,,,,,,,,,0,,,,,,,
BO3CFGShzYs,p,https://www.instagram.com/thedogist/p/BO3CFGShzYs/,queued,0,0,,0,0,0,,,0,0,0,0,0,0,,,,,,,,,0,,,,,,,
BO2RnqaBM3y,p,https://www.instagram.com/thedogist/p/BO2RnqaBM3y/,queued,0,0,,0,0,0,,,0,0,0,0,0,0,,,,,,,,,0,,,,,,,
BO0nAnKBOsr,p,https://www.instagram.com/thedogist/p/BO0nAnKBOsr/,queued,0,0,,0,0,0,,,0,0,0,0,0,0,,,,,,,,,0,,,,,,,
BO0NHbWBYNU,p,https://www.instagram.com/thedogist/p/BO0NHbWBYNU/,queued,0,0,,0,0,0,,,0,0,0,0,0,0,,,,,,,,,0,,,,,,,
BOzybjaBmEN,p,https://www.instagram.com/thedogist/p/BOzybjaBmEN/,queued,0,0,,0,0,0,,,0,0,0,0,0,0,,,,,,,,,0,,,,,,,
BOyEHIhh4jM,p,https://www.instagram.com/thedogist/p/BOyEHIhh4jM/,queued,0,0,,0,0,0,,,0,0,0,0,0,0,,,,,,,,,0,,,,,,,
BOxlr93hCgB,p,https://www.instagram.com/thedogist/p/BOxlr93hCgB/,queued,0,0,,0,0,0,,,0,0,0,0,0,0,,,,,,,,,0,,,,,,,
BOxMHHuBDw4,p,https://www.instagram.com/thedogist/p/BOxMHHuBDw4/,queued,0,0,,0,0,0,,,0,0,0,0,0,0,,,,,,,,,0,,,,,,,
BOvilKeBewS,p,https://www.instagram.com/thedogist/p/BOvilKeBewS/,queued,0,0,,0,0,0,,,0,0,0,0,0,0,,,,,,,,,0,,,,,,,
BOvIm30Bd9M,p,https://www.instagram.com/thedogist/p/BOvIm30Bd9M/,queued,0,0,,0,0,0,,,0,0,0,0,0,0,,,,,,,,,0,,,,,,,
BOumCX1DFpJ,p,https://www.instagram.com/thedogist/p/BOumCX1DFpJ/,queued,0,0,,0,0,0,,,0,0,0,0,0,0,,,,,,,,,0,,,,,,,
BOtiRXYjSHe,p,https://www.instagram.com/thedogist/p/BOtiRXYjSHe/,queued,0,0,,0,0,0,,,0,0,0,0,0,0,,,,,,,,,0,,,,,,,
BOtebPUDd7w,p,https://www.instagram.com/thedogist/p/BOtebPUDd7w/,queued,0,0,,0,0,0,,,0,0,0,0,0,0,,,,,,,,,0,,,,,,,
BOsv_Hbhn4s,p,https://www.instagram.com/thedogist/p/BOsv_Hbhn4s/,queued,0,0,,0,0,0,,,0,0,0,0,0,0,,,,,,,,,0,,,,,,,
BOsZzgahR_d,p,https://www.instagram.com/thedogist/p/BOsZzgahR_d/,queued,0,0,,0,0,0,,,0,0,0,0,0,0,,,,,,,,,0,,,,,,,
BOsBr_oDleg,p,https://www.instagram.com/thedogist/p/BOsBr_oDleg/,queued,0,0,,0,0,0,,,0,0,0,0,0,0,,,,,,,,,0,,,,,,,
BOqYQiyh8VR,p,https://www.instagram.com/thedogist/p/BOqYQiyh8VR/,queued,0,0,,0,0,0,,,0,0,0,0,0,0,,,,,,,,,0,,,,,,,
BOp54qehMHi,p,https://www.instagram.com/thedogist/p/BOp54qehMHi/,queued,0,0,,0,0,0,,,0,0,0,0,0,0,,,,,,,,,0,,,,,,,
BOpqLbVBsGZ,p,https://www.instagram.com/thedogist/p/BOpqLbVBsGZ/,queued,0,0,,0,0,0,,,0,0,0,0,0,0,,,,,,,,,0,,,,,,,
BOn6xOIh4kh,p,https://www.instagram.com/thedogist/p/BOn6xOIh4kh/,queued,0,0,,0,0,0,,,0,0,0,0,0,0,,,,,,,,,0,,,,,,,
BOnfrrrhADe,p,https://www.instagram.com/thedogist/p/BOnfrrrhADe/,queued,0,0,,0,0,0,,,0,0,0,0,0,0,,,,,,,,,0,,,,,,,
BOnIXIAhl9U,p,https://www.instagram.com/thedogist/p/BOnIXIAhl9U/,queued,0,0,,0,0,0,,,0,0,0,0,0,0,,,,,,,,,0,,,,,,,
BOlUZJihzVi,p,https://www.instagram.com/thedogist/p/BOlUZJihzVi/,queued,0,0,,0,0,0,,,0,0,0,0,0,0,,,,,,,,,0,,,,,,,
BOkgGjmhO53,p,https://www.instagram.com/thedogist/p/BOkgGjmhO53/,queued,0,0,,0,0,0,,,0,0,0,0,0,0,,,,,,,,,0,,,,,,,
BOkIZwSBIDo,p,https://www.instagram.com/thedogist/p/BOkIZwSBIDo/,queued,0,0,,0,0,0,,,0,0,0,0,0,0,,,,,,,,,0,,,,,,,
BOi4NWShQR-,p,https://www.instagram.com/thedogist/p/BOi4NWShQR-/,queued,0,0,,0,0,0,,,0,0,0,0,0,0,,,,,,,,,0,,,,,,,
BOiFZczh93y,p,https://www.instagram.com/thedogist/p/BOiFZczh93y/,queued,0,0,,0,0,0,,,0,0,0,0,0,0,,,,,,,,,0,,,,,,,
BOhnBIthQSm,p,https://www.instagram.com/thedogist/p/BOhnBIthQSm/,queued,0,0,,0,0,0,,,0,0,0,0,0,0,,,,,,,,,0,,,,,,,
BOgM6z6h3lD,p,https://www.instagram.com/thedogist/p/BOgM6z6h3lD/,queued,0,0,,0,0,0,,,0,0,0,0,0,0,,,,,,,,,0,,,,,,,
BOfyN_pBHdI,p,https://www.instagram.com/thedogist/p/BOfyN_pBHdI/,queued,0,0,,0,0,0,,,0,0,0,0,0,0,,,,,,,,,0,,,,,,,
BOfKmp4h5CU,p,https://www.instagram.com/thedogist/p/BOfKmp4h5CU/,queued,0,0,,0,0,0,,,0,0,0,0,0,0,,,,,,,,,0,,,,,,,
BOdNlAFBQjg,p,https://www.instagram.com/thedogist/p/BOdNlAFBQjg/,queued,0,0,,0,0,0,,,0,0,0,0,0,0,,,,,,,,,0,,,,,,,
BOcptzBBBdn,p,https://www.instagram.com/thedogist/p/BOcptzBBBdn/,queued,0,0,,0,0,0,,,0,0,0,0,0,0,,,,,,,,,0,,,,,,,
BOcZ8s6hyS5,p,https://www.instagram.com/thedogist/p/BOcZ8s6hyS5/,queued,0,0,,0,0,0,,,0,0,0,0,0,0,,,,,,,,,0,,,,,,,
BOazfUlhq9t,p,https://www.instagram.com/thedogist/p/BOazfUlhq9t/,queued,0,0,,0,0,0,,,0,0,0,0,0,0,,,,,,,,,0,,,,,,,
BOach3rBmAT,p,https://www.instagram.com/thedogist/p/BOach3rBmAT/,queued,0,0,,0,0,0,,,0,0,0,0,0,0,,,,,,,,,0,,,,,,,
BOaAwHVBD0i,p,https://www.instagram.com/thedogist/p/BOaAwHVBD0i/,queued,0,0,,0,0,0,,,0,0,0,0,0,0,,,,,,,,,0,,,,,,,
BOYCcjRBpM6,p,https://www.instagram.com/thedogist/p/BOYCcjRBpM6/,queued,0,0,,0,0,0,,,0,0,0,0,0,0,,,,,,,,,0,,,,,,,
BOXgixThzOP,p,https://www.instagram.com/thedogist/p/BOXgixThzOP/,queued,0,0,,0,0,0,,,0,0,0,0,0,0,,,,,,,,,0,,,,,,,
BOVoJLHBxbd,p,https://www.instagram.com/thedogist/p/BOVoJLHBxbd/,queued,0,0,,0,0,0,,,0,0,0,0,0,0,,,,,,,,,0,,,,,,,
BOVMqEQBsuC,p,https://www.instagram.com/thedogist/p/BOVMqEQBsuC/,queued,0,0,,0,0,0,,,0,0,0,0,0,0,,,,,,,,,0,,,,,,,
BOUouSyBr7S,p,https://www.instagram.com/thedogist/p/BOUouSyBr7S/,queued,0,0,,0,0,0,,,0,0,0,0,0,0,,,,,,,,,0,,,,,,,
BOS6ZaiBH1x,p,https://www.instagram.com/thedogist/p/BOS6ZaiBH1x/,queued,0,0,,0,0,0,,,0,0,0,0,0,0,,,,,,,,,0,,,,,,,
BOSXMBVBhd0,p,https://www.instagram.com/thedogist/p/BOSXMBVBhd0/,queued,0,0,,0,0,0,,,0,0,0,0,0,0,,,,,,,,,0,,,,,,,
BOR6w4Bhm7t,p,https://www.instagram.com/thedogist/p/BOR6w4Bhm7t/,queued,0,0,,0,0,0,,,0,0,0,0,0,0,,,,,,,,,0,,,,,,,
BOQ89UDBDVG,p,https://www.instagram.com/thedogist/p/BOQ89UDBDVG/,queued,0,0,,0,0,0,,,0,0,0,0,0,0,,,,,,,,,0,,,,,,,
BOQN-HuBPqW,p,https://www.instagram.com/thedogist/p/BOQN-HuBPqW/,queued,0,0,,0,0,0,,,0,0,0,0,0,0,,,,,,,,,0,,,,,,,
BOPuB-khxVy,p,https://www.instagram.com/thedogist/p/BOPuB-khxVy/,queued,0,0,,0,0,0,,,0,0,0,0,0,0,,,,,,,,,0,,,,,,,
BOOTi2IB42F,p,https://www.instagram.com/thedogist/p/BOOTi2IB42F/,queued,0,0,,0,0,0,,,0,0,0,0,0,0,,,,,,,,,0,,,,,,,
BONg-eFBxDL,p,https://www.instagram.com/thedogist/p/BONg-eFBxDL/,queued,0,0,,0,0,0,,,0,0,0,0,0,0,,,,,,,,,0,,,,,,,
BOM_m5KhEIf,p,https://www.instagram.com/thedogist/p/BOM_m5KhEIf/,queued,0,0,,0,0,0,,,0,0,0,0,0,0,,,,,,,,,0,,,,,,,
BOLqiF8hbTN,p,https://www.instagram.com/thedogist/p/BOLqiF8hbTN/,queued,0,0,,0,0,0,,,0,0,0,0,0,0,,,,,,,,,0,,,,,,,
BOK99FXBsCs,p,https://www.instagram.com/thedogist/p/BOK99FXBsCs/,queued,0,0,,0,0,0,,,0,0,0,0,0,0,,,,,,,,,0,,,,,,,
BOKkN2ABc2I,p,https://www.instagram.com/thedogist/p/BOKkN2ABc2I/,queued,0,0,,0,0,0,,,0,0,0,0,0,0,,,,,,,,,0,,,,,,,
BOI5YywBD0s,p,https://www.instagram.com/thedogist/p/BOI5YywBD0s/,queued,0,0,,0,0,0,,,0,0,0,0,0,0,,,,,,,,,0,,,,,,,
BOIjrP6Bex1,p,https://www.instagram.com/thedogist/p/BOIjrP6Bex1/,queued,0,0,,0,0,0,,,0,0,0,0,0,0,,,,,,,,,0,,,,,,,
BOIQwQnh7VD,p,https://www.instagram.com/thedogist/p/BOIQwQnh7VD/,queued,0,0,,0,0,0,,,0,0,0,0,0,0,,,,,,,,,0,,,,,,,
BOGRcBZBq5d,p,https://www.instagram.com/thedogist/p/BOGRcBZBq5d/,queued,0,0,,0,0,0,,,0,0,0,0,0,0,,,,,,,,,0,,,,,,,
BOF4jzUhewA,p,https://www.instagram.com/thedogist/p/BOF4jzUhewA/,queued,0,0,,0,0,0,,,0,0,0,0,0,0,,,,,,,,,0,,,,,,,
BOFnT8QBWbv,p,https://www.instagram.com/thedogist/p/BOFnT8QBWbv/,queued,0,0,,0,0,0,,,0,0,0,0,0,0,,,,,,,,,0,,,,,,,
BODvmxGhwLm,p,https://www.instagram.com/thedogist/p/BODvmxGhwLm/,queued,0,0,,0,0,0,,,0,0,0,0,0,0,,,,,,,,,0,,,,,,,
BODPJWchdrW,p,https://www.instagram.com/thedogist/p/BODPJWchdrW/,queued,0,0,,0,0,0,,,0,0,0,0,0,0,,,,,,,,,0,,,,,,,
BOC3CbMBf3K,p,https://www.instagram.com/thedogist/p/BOC3CbMBf3K/,queued,0,0,,0,0,0,,,0,0,0,0,0,0,,,,,,,,,0,,,,,,,
BOA-qjMBf_I,p,https://www.instagram.com/thedogist/p/BOA-qjMBf_I/,queued,0,0,,0,0,0,,,0,0,0,0,0,0,,,,,,,,,0,,,,,,,
BOAi8dNBY7f,p,https://www.instagram.com/thedogist/p/BOAi8dNBY7f/,queued,0,0,,0,0,0,,,0,0,0,0,0,0,,,,,,,,,0,,,,,,,
BOAPIMIB2J0,p,https://www.instagram.com/thedogist/p/BOAPIMIB2J0/,queued,0,0,,0,0,0,,,0,0,0,0,0,0,,,,,,,,,0,,,,,,,
BN-uUnqBrsB,p,https://www.instagram.com/thedogist/p/BN-uUnqBrsB/,queued,0,0,,0,0,0,,,0,0,0,0,0,0,,,,,,,,,0,,,,,,,
BN-eqZRBEOf,p,https://www.instagram.com/thedogist/p/BN-eqZRBEOf/,queued,0,0,,0,0,0,,,0,0,0,0,0,0,,,,,,,,,0,,,,,,,
BN967hshSSx,p,https://www.instagram.com/thedogist/p/BN967hshSSx/,queued,0,0,,0,0,0,,,0,0,0,0,0,0,,,,,,,,,0,,,,,,,
BN9gg-Rh6bs,p,https://www.instagram.com/thedogist/p/BN9gg-Rh6bs/,queued,0,0,,0,0,0,,,0,0,0,0,0,0,,,,,,,,,0,,,,,,,
BN8G32_h2TY,p,https://www.instagram.com/thedogist/p/BN8G32_h2TY/,queued,0,0,,0,0,0,,,0,0,0,0,0,0,,,,,,,,,0,,,,,,,
BN7zBZshlId,p,https://www.instagram.com/thedogist/p/BN7zBZshlId/,queued,0,0,,0,0,0,,,0,0,0,0,0,0,,,,,,,,,0,,,,,,,
BN7CTqeh7u1,p,https://www.instagram.com/thedogist/p/BN7CTqeh7u1/,queued,0,0,,0,0,0,,,0,0,0,0,0,0,,,,,,,,,0,,,,,,,
BN5dbN4BkZ6,p,https://www.instagram.com/thedogist/p/BN5dbN4BkZ6/,queued,0,0,,0,0,0,,,0,0,0,0,0,0,,,,,,,,,0,,,,,,,
BN5NqrbhZ0A,p,https://www.instagram.com/thedogist/p/BN5NqrbhZ0A/,queued,0,0,,0,0,0,,,0,0,0,0,0,0,,,,,,,,,0,,,,,,,
BN4lHq1B9Vs,p,https://www.instagram.com/thedogist/p/BN4lHq1B9Vs/,queued,0,0,,0,0,0,,,0,0,0,0,0,0,,,,,,,,,0,,,,,,,
BN2ywDXhZIu,p,https://www.instagram.com/thedogist/p/BN2ywDXhZIu/,queued,0,0,,0,0,0,,,0,0,0,0,0,0,,,,,,,,,0,,,,,,,
BN2VKj-Bb3N,p,https://www.instagram.com/thedogist/p/BN2VKj-Bb3N/,queued,0,0,,0,0,0,,,0,0,0,0,0,0,,,,,,,,,0,,,,,,,
BN2EGwSh7D8,p,https://www.instagram.com/thedogist/p/BN2EGwSh7D8/,queued,0,0,,0,0,0,,,0,0,0,0,0,0,,,,,,,,,0,,,,,,,
BN0hiUEBw_8,p,https://www.instagram.com/thedogist/p/BN0hiUEBw_8/,queued,0,0,,0,0,0,,,0,0,0,0,0,0,,,,,,,,,0,,,,,,,
BN0DDmqh3MD,p,https://www.instagram.com/thedogist/p/BN0DDmqh3MD/,queued,0,0,,0,0,0,,,0,0,0,0,0,0,,,,,,,,,0,,,,,,,
BNzsuXNhh8S,p,https://www.instagram.com/thedogist/p/BNzsuXNhh8S/,queued,0,0,,0,0,0,,,0,0,0,0,0,0,,,,,,,,,0,,,,,,,
BNzYf8hB4xA,p,https://www.instagram.com/thedogist/p/BNzYf8hB4xA/,queued,0,0,,0,0,0,,,0,0,0,0,0,0,,,,,,,,,0,,,,,,,
BNxn-gIhc2L,p,https://www.instagram.com/thedogist/p/BNxn-gIhc2L/,queued,0,0,,0,0,0,,,0,0,0,0,0,0,,,,,,,,,0,,,,,,,
BNxW5i2BngR,p,https://www.instagram.com/thedogist/p/BNxW5i2BngR/,queued,0,0,,0,0,0,,,0,0,0,0,0,0,,,,,,,,,0,,,,,,,
BNw8a77BBO_,p,https://www.instagram.com/thedogist/p/BNw8a77BBO_/,queued,0,0,,0,0,0,,,0,0,0,0,0,0,,,,,,,,,0,,,,,,,
BNvAR80B_nP,p,https://www.instagram.com/thedogist/p/BNvAR80B_nP/,queued,0,0,,0,0,0,,,0,0,0,0,0,0,,,,,,,,,0,,,,,,,
BNuvi0jBWj4,p,https://www.instagram.com/thedogist/p/BNuvi0jBWj4/,queued,0,0,,0,0,0,,,0,0,0,0,0,0,,,,,,,,,0,,,,,,,
BNuR06thLS6,p,https://www.instagram.com/thedogist/p/BNuR06thLS6/,queued,0,0,,0,0,0,,,0,0,0,0,0,0,,,,,,,,,0,,,,,,,
BNsbcjYhY99,p,https://www.instagram.com/thedogist/p/BNsbcjYhY99/,queued,0,0,,0,0,0,,,0,0,0,0,0,0,,,,,,,,,0,,,,,,,
BNsEa7dB7sT,p,https://www.instagram.com/thedogist/p/BNsEa7dB7sT/,queued,0,0,,0,0,0,,,0,0,0,0,0,0,,,,,,,,,0,,,,,,,
BNrvNyYhxpI,p,https://www.instagram.com/thedogist/p/BNrvNyYhxpI/,queued,0,0,,0,0,0,,,0,0,0,0,0,0,,,,,,,,,0,,,,,,,
BNp7njhjRah,p,https://www.instagram.com/thedogist/p/BNp7njhjRah/,queued,0,0,,0,0,0,,,0,0,0,0,0,0,,,,,,,,,0,,,,,,,
BNpf0zThzsn,p,https://www.instagram.com/thedogist/p/BNpf0zThzsn/,queued,0,0,,0,0,0,,,0,0,0,0,0,0,,,,,,,,,0,,,,,,,
BNpO19ihDww,p,https://www.instagram.com/thedogist/p/BNpO19ihDww/,queued,0,0,,0,0,0,,,0,0,0,0,0,0,,,,,,,,,0,,,,,,,
BNnJCCqhO9Z,p,https://www.instagram.com/thedogist/p/BNnJCCqhO9Z/,queued,0,0,,0,0,0,,,0,0,0,0,0,0,,,,,,,,,0,,,,,,,
BNmzKi0BsjX,p,https://www.instagram.com/thedogist/p/BNmzKi0BsjX/,queued,0,0,,0,0,0,,,0,0,0,0,0,0,,,,,,,,,0,,,,,,,
BNmh--chnv1,p,https://www.instagram.com/thedogist/p/BNmh--chnv1/,queued,0,0,,0,0,0,,,0,0,0,0,0,0,,,,,,,,,0,,,,,,,
BNktlIlhc8h,p,https://www.instagram.com/thedogist/p/BNktlIlhc8h/,queued,0,0,,0,0,0,,,0,0,0,0,0,0,,,,,,,,,0,,,,,,,
BNkL1w7hD5J,p,https://www.instagram.com/thedogist/p/BNkL1w7hD5J/,queued,0,0,,0,0,0,,,0,0,0,0,0,0,,,,,,,,,0,,,,,,,
BNj2Oe5hRaX,p,https://www.instagram.com/thedogist/p/BNj2Oe5hRaX/,queued,0,0,,0,0,0,,,0,0,0,0,0,0,,,,,,,,,0,,,,,,,
BNiZm9PB-Oq,p,https://www.instagram.com/thedogist/p/BNiZm9PB-Oq/,queued,0,0,,0,0,0,,,0,0,0,0,0,0,,,,,,,,,0,,,,,,,
BNiGoG6BpNx,p,https://www.instagram.com/thedogist/p/BNiGoG6BpNx/,queued,0,0,,0,0,0,,,0,0,0,0,0,0,,,,,,,,,0,,,,,,,
BNh7uYZh1fr,p,https://www.instagram.com/thedogist/p/BNh7uYZh1fr/,queued,0,0,,0,0,0,,,0,0,0,0,0,0,,,,,,,,,0,,,,,,,
BNhaHD-hwRz,p,https://www.instagram.com/thedogist/p/BNhaHD-hwRz/,queued,0,0,,0,0,0,,,0,0,0,0,0,0,,,,,,,,,0,,,,,,,
BNfnWCLhcUh,p,https://www.instagram.com/thedogist/p/BNfnWCLhcUh/,queued,0,0,,0,0,0,,,0,0,0,0,0,0,,,,,,,,,0,,,,,,,
BNfIQHVBWoe,p,https://www.instagram.com/thedogist/p/BNfIQHVBWoe/,queued,0,0,,0,0,0,,,0,0,0,0,0,0,,,,,,,,,0,,,,,,,
BNe02lfBrHR,p,https://www.instagram.com/thedogist/p/BNe02lfBrHR/,queued,0,0,,0,0,0,,,0,0,0,0,0,0,,,,,,,,,0,,,,,,,
BNdKqlZDchW,p,https://www.instagram.com/thedogist/p/BNdKqlZDchW/,queued,0,0,,0,0,0,,,0,0,0,0,0,0,,,,,,,,,0,,,,,,,
BNciG9LhuO9,p,https://www.instagram.com/thedogist/p/BNciG9LhuO9/,queued,0,0,,0,0,0,,,0,0,0,0,0,0,,,,,,,,,0,,,,,,,
BNcSGn5hWXy,p,https://www.instagram.com/thedogist/p/BNcSGn5hWXy/,queued,0,0,,0,0,0,,,0,0,0,0,0,0,,,,,,,,,0,,,,,,,
BNaa-xphDHn,p,https://www.instagram.com/thedogist/p/BNaa-xphDHn/,queued,0,0,,0,0,0,,,0,0,0,0,0,0,,,,,,,,,0,,,,,,,
BNZ38IPhI8J,p,https://www.instagram.com/thedogist/p/BNZ38IPhI8J/,queued,0,0,,0,0,0,,,0,0,0,0,0,0,,,,,,,,,0,,,,,,,
BNZmgWgBzbg,p,https://www.instagram.com/thedogist/p/BNZmgWgBzbg/,queued,0,0,,0,0,0,,,0,0,0,0,0,0,,,,,,,,,0,,,,,,,
BNX0VB2hsWX,p,https://www.instagram.com/thedogist/p/BNX0VB2hsWX/,queued,0,0,,0,0,0,,,0,0,0,0,0,0,,,,,,,,,0,,,,,,,
BNXe3d0BI3S,p,https://www.instagram.com/thedogist/p/BNXe3d0BI3S/,queued,0,0,,0,0,0,,,0,0,0,0,0,0,,,,,,,,,0,,,,,,,
BNXQSGQhULL,p,https://www.instagram.com/thedogist/p/BNXQSGQhULL/,queued,0,0,,0,0,0,,,0,0,0,0,0,0,,,,,,,,,0,,,,,,,
BNVWZhbBT5d,p,https://www.instagram.com/thedogist/p/BNVWZhbBT5d/,queued,0,0,,0,0,0,,,0,0,0,0,0,0,,,,,,,,,0,,,,,,,
BNVBCNABUWi,p,https://www.instagram.com/thedogist/p/BNVBCNABUWi/,queued,0,0,,0,0,0,,,0,0,0,0,0,0,,,,,,,,,0,,,,,,,
BNUZJFKBCxT,p,https://www.instagram.com/thedogist/p/BNUZJFKBCxT/,queued,0,0,,0,0,0,,,0,0,0,0,0,0,,,,,,,,,0,,,,,,,
BNSmizoh8yI,p,https://www.instagram.com/thedogist/p/BNSmizoh8yI/,queued,0,0,,0,0,0,,,0,0,0,0,0,0,,,,,,,,,0,,,,,,,
BNSK8-zB9CI,p,https://www.instagram.com/thedogist/p/BNSK8-zB9CI/,queued,0,0,,0,0,0,,,0,0,0,0,0,0,,,,,,,,,0,,,,,,,
BNRzUp0hyb2,p,https://www.instagram.com/thedogist/p/BNRzUp0hyb2/,queued,0,0,,0,0,0,,,0,0,0,0,0,0,,,,,,,,,0,,,,,,,
BNQNpePBLay,p,https://www.instagram.com/thedogist/p/BNQNpePBLay/,queued,0,0,,0,0,0,,,0,0,0,0,0,0,,,,,,,,,0,,,,,,,
BNP6w-nB7jk,p,https://www.instagram.com/thedogist/p/BNP6w-nB7jk/,queued,0,0,,0,0,0,,,0,0,0,0,0,0,,,,,,,,,0,,,,,,,
BNPSRsIh_HV,p,https://www.instagram.com/thedogist/p/BNPSRsIh_HV/,queued,0,0,,0,0,0,,,0,0,0,0,0,0,,,,,,,,,0,,,,,,,
BNPSLiih_aj,p,https://www.instagram.com/thedogist/p/BNPSLiih_aj/,queued,0,0,,0,0,0,,,0,0,0,0,0,0,,,,,,,,,0,,,,,,,
BNNen6Ph9Wh,p,https://www.instagram.com/thedogist/p/BNNen6Ph9Wh/,queued,0,0,,0,0,0,,,0,0,0,0,0,0,,,,,,,,,0,,,,,,,
BNNGd6aBlzG,p,https://www.instagram.com/thedogist/p/BNNGd6aBlzG/,queued,0,0,,0,0,0,,,0,0,0,0,0,0,,,,,,,,,0,,,,,,,
BNMwbSmBWeF,p,https://www.instagram.com/thedogist/p/BNMwbSmBWeF/,queued,0,0,,0,0,0,,,0,0,0,0,0,0,,,,,,,,,0,,,,,,,
BNK_gcshGoZ,p,https://www.instagram.com/thedogist/p/BNK_gcshGoZ/,queued,0,0,,0,0,0,,,0,0,0,0,0,0,,,,,,,,,0,,,,,,,
BNKnFdlBS6l,p,https://www.instagram.com/thedogist/p/BNKnFdlBS6l/,queued,0,0,,0,0,0,,,0,0,0,0,0,0,,,,,,,,,0,,,,,,,
BNKHMBAhoqd,p,https://www.instagram.com/thedogist/p/BNKHMBAhoqd/,queued,0,0,,0,0,0,,,0,0,0,0,0,0,,,,,,,,,0,,,,,,,
BNIpB7wBjeU,p,https://www.instagram.com/thedogist/p/BNIpB7wBjeU/,queued,0,0,,0,0,0,,,0,0,0,0,0,0,,,,,,,,,0,,,,,,,
BNICadzhPxX,p,https://www.instagram.com/thedogist/p/BNICadzhPxX/,queued,0,0,,0,0,0,,,0,0,0,0,0,0,,,,,,,,,0,,,,,,,
BNHmxF1h18x,p,https://www.instagram.com/thedogist/p/BNHmxF1h18x/,queued,0,0,,0,0,0,,,0,0,0,0,0,0,,,,,,,,,0,,,,,,,
BNGE0zuh8i0,p,https://www.instagram.com/thedogist/p/BNGE0zuh8i0/,queued,0,0,,0,0,0,,,0,0,0,0,0,0,,,,,,,,,0,,,,,,,
BNFzJVmBNwn,p,https://www.instagram.com/thedogist/p/BNFzJVmBNwn/,queued,0,0,,0,0,0,,,0,0,0,0,0,0,,,,,,,,,0,,,,,,,
BNFV3A7BZtN,p,https://www.instagram.com/thedogist/p/BNFV3A7BZtN/,queued,0,0,,0,0,0,,,0,0,0,0,0,0,,,,,,,,,0,,,,,,,
BNFFh4PBDwX,p,https://www.instagram.com/thedogist/p/BNFFh4PBDwX/,queued,0,0,,0,0,0,,,0,0,0,0,0,0,,,,,,,,,0,,,,,,,
BNDayQzh5S9,p,https://www.instagram.com/thedogist/p/BNDayQzh5S9/,queued,0,0,,0,0,0,,,0,0,0,0,0,0,,,,,,,,,0,,,,,,,
BNDIf8IB2BA,p,https://www.instagram.com/thedogist/p/BNDIf8IB2BA/,queued,0,0,,0,0,0,,,0,0,0,0,0,0,,,,,,,,,0,,,,,,,
BNCzPpNh9m6,p,https://www.instagram.com/thedogist/p/BNCzPpNh9m6/,queued,0,0,,0,0,0,,,0,0,0,0,0,0,,,,,,,,,0,,,,,,,
BNCeq9Ah0qK,p,https://www.instagram.com/thedogist/p/BNCeq9Ah0qK/,queued,0,0,,0,0,0,,,0,0,0,0,0,0,,,,,,,,,0,,,,,,,
BNA4qGfBlVe,p,https://www.instagram.com/thedogist/p/BNA4qGfBlVe/,queued,0,0,,0,0,0,,,0,0,0,0,0,0,,,,,,,,,0,,,,,,,
BNAVrNEhWNz,p,https://www.instagram.com/thedogist/p/BNAVrNEhWNz/,queued,0,0,,0,0,0,,,0,0,0,0,0,0,,,,,,,,,0,,,,,,,
BM_1Z0Nh0Ul,p,https://www.instagram.com/thedogist/p/BM_1Z0Nh0Ul/,queued,0,0,,0,0,0,,,0,0,0,0,0,0,,,,,,,,,0,,,,,,,
BM-DxcSBaqK,p,https://www.instagram.com/thedogist/p/BM-DxcSBaqK/,queued,0,0,,0,0,0,,,0,0,0,0,0,0,,,,,,,,,0,,,,,,,
BM9ui6WhKUE,p,https://www.instagram.com/thedogist/p/BM9ui6WhKUE/,queued,0,0,,0,0,0,,,0,0,0,0,0,0,,,,,,,,,0,,,,,,,
BM9bYSshefh,p,https://www.instagram.com/thedogist/p/BM9bYSshefh/,queued,0,0,,0,0,0,,,0,0,0,0,0,0,,,,,,,,,0,,,,,,,
BM7nTgaBWgi,p,https://www.instagram.com/thedogist/p/BM7nTgaBWgi/,queued,0,0,,0,0,0,,,0,0,0,0,0,0,,,,,,,,,0,,,,,,,
BM7NkYIhOqT,p,https://www.instagram.com/thedogist/p/BM7NkYIhOqT/,queued,0,0,,0,0,0,,,0,0,0,0,0,0,,,,,,,,,0,,,,,,,
BM68ZhHBRa6,p,https://www.instagram.com/thedogist/p/BM68ZhHBRa6/,queued,0,0,,0,0,0,,,0,0,0,0,0,0,,,,,,,,,0,,,,,,,
BM5GD2Khh_i,p,https://www.instagram.com/thedogist/p/BM5GD2Khh_i/,queued,0,0,,0,0,0,,,0,0,0,0,0,0,,,,,,,,,0,,,,,,,
BM4osOZj-ix,p,https://www.instagram.com/thedogist/p/BM4osOZj-ix/,queued,0,0,,0,0,0,,,0,0,0,0,0,0,,,,,,,,,0,,,,,,,
BM4GGaIBCxZ,p,https://www.instagram.com/thedogist/p/BM4GGaIBCxZ/,queued,0,0,,0,0,0,,,0,0,0,0,0,0,,,,,,,,,0,,,,,,,
BM2afPCB7RT,p,https://www.instagram.com/thedogist/p/BM2afPCB7RT/,queued,0,0,,0,0,0,,,0,0,0,0,0,0,,,,,,,,,0,,,,,,,
BM19l3chHsx,p,https://www.instagram.com/thedogist/p/BM19l3chHsx/,queued,0,0,,0,0,0,,,0,0,0,0,0,0,,,,,,,,,0,,,,,,,
BM1j6iZhENa,p,https://www.instagram.com/thedogist/p/BM1j6iZhENa/,queued,0,0,,0,0,0,,,0,0,0,0,0,0,,,,,,,,,0,,,,,,,
BMz5VEJBZuf,p,https://www.instagram.com/thedogist/p/BMz5VEJBZuf/,queued,0,0,,0,0,0,,,0,0,0,0,0,0,,,,,,,,,0,,,,,,,
BMznsSeBY2U,p,https://www.instagram.com/thedogist/p/BMznsSeBY2U/,queued,0,0,,0,0,0,,,0,0,0,0,0,0,,,,,,,,,0,,,,,,,
BMzQ3EohOUg,p,https://www.instagram.com/thedogist/p/BMzQ3EohOUg/,queued,0,0,,0,0,0,,,0,0,0,0,0,0,,,,,,,,,0,,,,,,,
BMxM9H5h-6l,p,https://www.instagram.com/thedogist/p/BMxM9H5h-6l/,queued,0,0,,0,0,0,,,0,0,0,0,0,0,,,,,,,,,0,,,,,,,
BMwtlQNBQww,p,https://www.instagram.com/thedogist/p/BMwtlQNBQww/,queued,0,0,,0,0,0,,,0,0,0,0,0,0,,,,,,,,,0,,,,,,,
BMwXAFOBnYM,p,https://www.instagram.com/thedogist/p/BMwXAFOBnYM/,queued,0,0,,0,0,0,,,0,0,0,0,0,0,,,,,,,,,0,,,,,,,
BMuy1y8BRvK,p,https://www.instagram.com/thedogist/p/BMuy1y8BRvK/,queued,0,0,,0,0,0,,,0,0,0,0,0,0,,,,,,,,,0,,,,,,,
BMuko7rhNIU,p,https://www.instagram.com/thedogist/p/BMuko7rhNIU/,queued,0,0,,0,0,0,,,0,0,0,0,0,0,,,,,,,,,0,,,,,,,
BMuHMbkhvLO,p,https://www.instagram.com/thedogist/p/BMuHMbkhvLO/,queued,0,0,,0,0,0,,,0,0,0,0,0,0,,,,,,,,,0,,,,,,,
BMtxQmphRZD,p,https://www.instagram.com/thedogist/p/BMtxQmphRZD/,queued,0,0,,0,0,0,,,0,0,0,0,0,0,,,,,,,,,0,,,,,,,
BMsHZLYh3gF,p,https://www.instagram.com/thedogist/p/BMsHZLYh3gF/,queued,0,0,,0,0,0,,,0,0,0,0,0,0,,,,,,,,,0,,,,,,,
BMrp1YVBhZR,p,https://www.instagram.com/thedogist/p/BMrp1YVBhZR/,queued,0,0,,0,0,0,,,0,0,0,0,0,0,,,,,,,,,0,,,,,,,
BMrVBufhh9_,p,https://www.instagram.com/thedogist/p/BMrVBufhh9_/,queued,0,0,,0,0,0,,,0,0,0,0,0,0,,,,,,,,,0,,,,,,,
BMpmgs1hviQ,p,https://www.instagram.com/thedogist/p/BMpmgs1hviQ/,queued,0,0,,0,0,0,,,0,0,0,0,0,0,,,,,,,,,0,,,,,,,
BMpGWDZBf9f,p,https://www.instagram.com/thedogist/p/BMpGWDZBf9f/,queued,0,0,,0,0,0,,,0,0,0,0,0,0,,,,,,,,,0,,,,,,,
BMo1yLhhZYG,p,https://www.instagram.com/thedogist/p/BMo1yLhhZYG/,queued,0,0,,0,0,0,,,0,0,0,0,0,0,,,,,,,,,0,,,,,,,
BMm0zCqBVX_,p,https://www.instagram.com/thedogist/p/BMm0zCqBVX_/,queued,0,0,,0,0,0,,,0,0,0,0,0,0,,,,,,,,,0,,,,,,,
BMma67PBfQh,p,https://www.instagram.com/thedogist/p/BMma67PBfQh/,queued,0,0,,0,0,0,,,0,0,0,0,0,0,,,,,,,,,0,,,,,,,
BMmLRmPBCcA,p,https://www.instagram.com/thedogist/p/BMmLRmPBCcA/,queued,0,0,,0,0,0,,,0,0,0,0,0,0,,,,,,,,,0,,,,,,,
BMmLQNAhPV0,p,https://www.instagram.com/thedogist/p/BMmLQNAhPV0/,queued,0,0,,0,0,0,,,0,0,0,0,0,0,,,,,,,,,0,,,,,,,
BMkhaJSBXZU,p,https://www.instagram.com/thedogist/p/BMkhaJSBXZU/,queued,0,0,,0,0,0,,,0,0,0,0,0,0,,,,,,,,,0,,,,,,,
BMkGChihB--,p,https://www.instagram.com/thedogist/p/BMkGChihB--/,queued,0,0,,0,0,0,,,0,0,0,0,0,0,,,,,,,,,0,,,,,,,
BMjy_u7h5yA,p,https://www.instagram.com/thedogist/p/BMjy_u7h5yA/,queued,0,0,,0,0,0,,,0,0,0,0,0,0,,,,,,,,,0,,,,,,,
BMjVl_8BRmg,reel,https://www.instagram.com/thedogist/reel/BMjVl_8BRmg/,queued,0,0,,0,0,0,,,0,0,0,0,0,0,,,,,,,,,0,,,,,,,
BMh6DYUBuCT,p,https://www.instagram.com/thedogist/p/BMh6DYUBuCT/,queued,0,0,,0,0,0,,,0,0,0,0,0,0,,,,,,,,,0,,,,,,,
BMhXDQFBX9C,p,https://www.instagram.com/thedogist/p/BMhXDQFBX9C/,queued,0,0,,0,0,0,,,0,0,0,0,0,0,,,,,,,,,0,,,,,,,
BMhI98bBG2t,p,https://www.instagram.com/thedogist/p/BMhI98bBG2t/,queued,0,0,,0,0,0,,,0,0,0,0,0,0,,,,,,,,,0,,,,,,,
BMfIJUJhtjk,p,https://www.instagram.com/thedogist/p/BMfIJUJhtjk/,queued,0,0,,0,0,0,,,0,0,0,0,0,0,,,,,,,,,0,,,,,,,
BMeqPjnBHpU,p,https://www.instagram.com/thedogist/p/BMeqPjnBHpU/,queued,0,0,,0,0,0,,,0,0,0,0,0,0,,,,,,,,,0,,,,,,,
BMeUD-VB2yO,p,https://www.instagram.com/thedogist/p/BMeUD-VB2yO/,queued,0,0,,0,0,0,,,0,0,0,0,0,0,,,,,,,,,0,,,,,,,
BMcrnFihf-U,p,https://www.instagram.com/thedogist/p/BMcrnFihf-U/,queued,0,0,,0,0,0,,,0,0,0,0,0,0,,,,,,,,,0,,,,,,,
BMcLYmOB87A,p,https://www.instagram.com/thedogist/p/BMcLYmOB87A/,queued,0,0,,0,0,0,,,0,0,0,0,0,0,,,,,,,,,0,,,,,,,
BMbyelEBu36,p,https://www.instagram.com/thedogist/p/BMbyelEBu36/,queued,0,0,,0,0,0,,,0,0,0,0,0,0,,,,,,,,,0,,,,,,,
BMaMaCoBdS_,p,https://www.instagram.com/thedogist/p/BMaMaCoBdS_/,queued,0,0,,0,0,0,,,0,0,0,0,0,0,,,,,,,,,0,,,,,,,
BMZ0vfEB0cb,p,https://www.instagram.com/thedogist/p/BMZ0vfEB0cb/,queued,0,0,,0,0,0,,,0,0,0,0,0,0,,,,,,,,,0,,,,,,,
BMZaUu-hVez,p,https://www.instagram.com/thedogist/p/BMZaUu-hVez/,queued,0,0,,0,0,0,,,0,0,0,0,0,0,,,,,,,,,0,,,,,,,
BMZGP7ohBSz,p,https://www.instagram.com/thedogist/p/BMZGP7ohBSz/,queued,0,0,,0,0,0,,,0,0,0,0,0,0,,,,,,,,,0,,,,,,,
BMXhe4Eh6ei,p,https://www.instagram.com/thedogist/p/BMXhe4Eh6ei/,queued,0,0,,0,0,0,,,0,0,0,0,0,0,,,,,,,,,0,,,,,,,
BMXLvEuBfGv,p,https://www.instagram.com/thedogist/p/BMXLvEuBfGv/,queued,0,0,,0,0,0,,,0,0,0,0,0,0,,,,,,,,,0,,,,,,,
BMW7tTDBifS,p,https://www.instagram.com/thedogist/p/BMW7tTDBifS/,queued,0,0,,0,0,0,,,0,0,0,0,0,0,,,,,,,,,0,,,,,,,
BMWrXQXB0nx,p,https://www.instagram.com/thedogist/p/BMWrXQXB0nx/,queued,0,0,,0,0,0,,,0,0,0,0,0,0,,,,,,,,,0,,,,,,,
BMVC0aTh2a0,p,https://www.instagram.com/thedogist/p/BMVC0aTh2a0/,queued,0,0,,0,0,0,,,0,0,0,0,0,0,,,,,,,,,0,,,,,,,
BMUuPx2h0DO,p,https://www.instagram.com/thedogist/p/BMUuPx2h0DO/,queued,0,0,,0,0,0,,,0,0,0,0,0,0,,,,,,,,,0,,,,,,,
BMURX6gBwiV,p,https://www.instagram.com/thedogist/p/BMURX6gBwiV/,queued,0,0,,0,0,0,,,0,0,0,0,0,0,,,,,,,,,0,,,,,,,
BMT_k1IhVKv,p,https://www.instagram.com/thedogist/p/BMT_k1IhVKv/,queued,0,0,,0,0,0,,,0,0,0,0,0,0,,,,,,,,,0,,,,,,,
BMSXJFJB56Y,p,https://www.instagram.com/thedogist/p/BMSXJFJB56Y/,queued,0,0,,0,0,0,,,0,0,0,0,0,0,,,,,,,,,0,,,,,,,
BMSCPgxBnVX,p,https://www.instagram.com/thedogist/p/BMSCPgxBnVX/,queued,0,0,,0,0,0,,,0,0,0,0,0,0,,,,,,,,,0,,,,,,,
BMRv4Pkhxe2,p,https://www.instagram.com/thedogist/p/BMRv4Pkhxe2/,queued,0,0,,0,0,0,,,0,0,0,0,0,0,,,,,,,,,0,,,,,,,
BMRd3RXBvwV,p,https://www.instagram.com/thedogist/p/BMRd3RXBvwV/,queued,0,0,,0,0,0,,,0,0,0,0,0,0,,,,,,,,,0,,,,,,,
BMQKDaqhjaC,p,https://www.instagram.com/thedogist/p/BMQKDaqhjaC/,queued,0,0,,0,0,0,,,0,0,0,0,0,0,,,,,,,,,0,,,,,,,
BMP0K4EBBgO,p,https://www.instagram.com/thedogist/p/BMP0K4EBBgO/,queued,0,0,,0,0,0,,,0,0,0,0,0,0,,,,,,,,,0,,,,,,,
BMPrUYzhqqU,p,https://www.instagram.com/thedogist/p/BMPrUYzhqqU/,queued,0,0,,0,0,0,,,0,0,0,0,0,0,,,,,,,,,0,,,,,,,
BMPZTRnhpcG,p,https://www.instagram.com/thedogist/p/BMPZTRnhpcG/,queued,0,0,,0,0,0,,,0,0,0,0,0,0,,,,,,,,,0,,,,,,,
BMO1EVOhj71,p,https://www.instagram.com/thedogist/p/BMO1EVOhj71/,queued,0,0,,0,0,0,,,0,0,0,0,0,0,,,,,,,,,0,,,,,,,
BMNBVQNhrQ5,p,https://www.instagram.com/thedogist/p/BMNBVQNhrQ5/,queued,0,0,,0,0,0,,,0,0,0,0,0,0,,,,,,,,,0,,,,,,,
BMNBSsrhr4I,p,https://www.instagram.com/thedogist/p/BMNBSsrhr4I/,queued,0,0,,0,0,0,,,0,0,0,0,0,0,,,,,,,,,0,,,,,,,
BMMjFMPBeUR,p,https://www.instagram.com/thedogist/p/BMMjFMPBeUR/,queued,0,0,,0,0,0,,,0,0,0,0,0,0,,,,,,,,,0,,,,,,,
BMMNb0XhxJ5,p,https://www.instagram.com/thedogist/p/BMMNb0XhxJ5/,queued,0,0,,0,0,0,,,0,0,0,0,0,0,,,,,,,,,0,,,,,,,
BMKgv34hh8u,p,https://www.instagram.com/thedogist/p/BMKgv34hh8u/,queued,0,0,,0,0,0,,,0,0,0,0,0,0,,,,,,,,,0,,,,,,,
BMKGRyOB5u0,p,https://www.instagram.com/thedogist/p/BMKGRyOB5u0/,queued,0,0,,0,0,0,,,0,0,0,0,0,0,,,,,,,,,0,,,,,,,
BMJoppCBUDK,p,https://www.instagram.com/thedogist/p/BMJoppCBUDK/,queued,0,0,,0,0,0,,,0,0,0,0,0,0,,,,,,,,,0,,,,,,,
BMIKy2hBqMR,p,https://www.instagram.com/thedogist/p/BMIKy2hBqMR/,queued,0,0,,0,0,0,,,0,0,0,0,0,0,,,,,,,,,0,,,,,,,
BMH1qN6hCZ3,p,https://www.instagram.com/thedogist/p/BMH1qN6hCZ3/,queued,0,0,,0,0,0,,,0,0,0,0,0,0,,,,,,,,,0,,,,,,,
BMHXn3lhgFg,p,https://www.instagram.com/thedogist/p/BMHXn3lhgFg/,queued,0,0,,0,0,0,,,0,0,0,0,0,0,,,,,,,,,0,,,,,,,
BMG_fkjhpd1,p,https://www.instagram.com/thedogist/p/BMG_fkjhpd1/,queued,0,0,,0,0,0,,,0,0,0,0,0,0,,,,,,,,,0,,,,,,,
BMFp0oqh3_A,p,https://www.instagram.com/thedogist/p/BMFp0oqh3_A/,queued,0,0,,0,0,0,,,0,0,0,0,0,0,,,,,,,,,0,,,,,,,
BMFVnbgBs0X,p,https://www.instagram.com/thedogist/p/BMFVnbgBs0X/,queued,0,0,,0,0,0,,,0,0,0,0,0,0,,,,,,,,,0,,,,,,,
BME7QaWhodN,p,https://www.instagram.com/thedogist/p/BME7QaWhodN/,queued,0,0,,0,0,0,,,0,0,0,0,0,0,,,,,,,,,0,,,,,,,
BMEs-v3Bq14,p,https://www.instagram.com/thedogist/p/BMEs-v3Bq14/,queued,0,0,,0,0,0,,,0,0,0,0,0,0,,,,,,,,,0,,,,,,,
BMC_RJEBGsk,p,https://www.instagram.com/thedogist/p/BMC_RJEBGsk/,queued,0,0,,0,0,0,,,0,0,0,0,0,0,,,,,,,,,0,,,,,,,
BMCZKhHBofi,p,https://www.instagram.com/thedogist/p/BMCZKhHBofi/,queued,0,0,,0,0,0,,,0,0,0,0,0,0,,,,,,,,,0,,,,,,,
BMCH_1MBRaF,p,https://www.instagram.com/thedogist/p/BMCH_1MBRaF/,queued,0,0,,0,0,0,,,0,0,0,0,0,0,,,,,,,,,0,,,,,,,
BMAVSrih0Y4,p,https://www.instagram.com/thedogist/p/BMAVSrih0Y4/,queued,0,0,,0,0,0,,,0,0,0,0,0,0,,,,,,,,,0,,,,,,,
BL_7w9ABSNs,p,https://www.instagram.com/thedogist/p/BL_7w9ABSNs/,queued,0,0,,0,0,0,,,0,0,0,0,0,0,,,,,,,,,0,,,,,,,
BL_vncUByR-,p,https://www.instagram.com/thedogist/p/BL_vncUByR-/,queued,0,0,,0,0,0,,,0,0,0,0,0,0,,,,,,,,,0,,,,,,,
BL95QbThik4,p,https://www.instagram.com/thedogist/p/BL95QbThik4/,queued,0,0,,0,0,0,,,0,0,0,0,0,0,,,,,,,,,0,,,,,,,
BL9kP80haj0,p,https://www.instagram.com/thedogist/p/BL9kP80haj0/,queued,0,0,,0,0,0,,,0,0,0,0,0,0,,,,,,,,,0,,,,,,,
BL9KhOOh5uE,p,https://www.instagram.com/thedogist/p/BL9KhOOh5uE/,queued,0,0,,0,0,0,,,0,0,0,0,0,0,,,,,,,,,0,,,,,,,
BL8749whZvk,p,https://www.instagram.com/thedogist/p/BL8749whZvk/,queued,0,0,,0,0,0,,,0,0,0,0,0,0,,,,,,,,,0,,,,,,,
BL7PyyLhEAF,p,https://www.instagram.com/thedogist/p/BL7PyyLhEAF/,queued,0,0,,0,0,0,,,0,0,0,0,0,0,,,,,,,,,0,,,,,,,
BL6qHdFhQc3,p,https://www.instagram.com/thedogist/p/BL6qHdFhQc3/,queued,0,0,,0,0,0,,,0,0,0,0,0,0,,,,,,,,,0,,,,,,,
BL6Wt1lBKVv,p,https://www.instagram.com/thedogist/p/BL6Wt1lBKVv/,queued,0,0,,0,0,0,,,0,0,0,0,0,0,,,,,,,,,0,,,,,,,
BL6HipVBHum,p,https://www.instagram.com/thedogist/p/BL6HipVBHum/,queued,0,0,,0,0,0,,,0,0,0,0,0,0,,,,,,,,,0,,,,,,,
BL4-kUQBRFz,p,https://www.instagram.com/thedogist/p/BL4-kUQBRFz/,queued,0,0,,0,0,0,,,0,0,0,0,0,0,,,,,,,,,0,,,,,,,
BL4nGUchUnw,p,https://www.instagram.com/thedogist/p/BL4nGUchUnw/,queued,0,0,,0,0,0,,,0,0,0,0,0,0,,,,,,,,,0,,,,,,,
BL4YermBKpw,p,https://www.instagram.com/thedogist/p/BL4YermBKpw/,queued,0,0,,0,0,0,,,0,0,0,0,0,0,,,,,,,,,0,,,,,,,
BL4NC7KBOpE,p,https://www.instagram.com/thedogist/p/BL4NC7KBOpE/,queued,0,0,,0,0,0,,,0,0,0,0,0,0,,,,,,,,,0,,,,,,,
BL3fNGvBp6w,p,https://www.instagram.com/thedogist/p/BL3fNGvBp6w/,queued,0,0,,0,0,0,,,0,0,0,0,0,0,,,,,,,,,0,,,,,,,
BL2DgEwBuix,p,https://www.instagram.com/thedogist/p/BL2DgEwBuix/,queued,0,0,,0,0,0,,,0,0,0,0,0,0,,,,,,,,,0,,,,,,,
BL10t20hRsT,p,https://www.instagram.com/thedogist/p/BL10t20hRsT/,queued,0,0,,0,0,0,,,0,0,0,0,0,0,,,,,,,,,0,,,,,,,
BL1gZJ2h-Hk,p,https://www.instagram.com/thedogist/p/BL1gZJ2h-Hk/,queued,0,0,,0,0,0,,,0,0,0,0,0,0,,,,,,,,,0,,,,,,,
BL0-arihZr5,p,https://www.instagram.com/thedogist/p/BL0-arihZr5/,queued,0,0,,0,0,0,,,0,0,0,0,0,0,,,,,,,,,0,,,,,,,
BLzdjInhVNn,p,https://www.instagram.com/thedogist/p/BLzdjInhVNn/,queued,0,0,,0,0,0,,,0,0,0,0,0,0,,,,,,,,,0,,,,,,,
BLzH8pjhcu4,p,https://www.instagram.com/thedogist/p/BLzH8pjhcu4/,queued,0,0,,0,0,0,,,0,0,0,0,0,0,,,,,,,,,0,,,,,,,
BLy8PIFByHN,p,https://www.instagram.com/thedogist/p/BLy8PIFByHN/,queued,0,0,,0,0,0,,,0,0,0,0,0,0,,,,,,,,,0,,,,,,,
BLyjiNAhzfW,p,https://www.instagram.com/thedogist/p/BLyjiNAhzfW/,queued,0,0,,0,0,0,,,0,0,0,0,0,0,,,,,,,,,0,,,,,,,
BLw47CMBTb_,p,https://www.instagram.com/thedogist/p/BLw47CMBTb_/,queued,0,0,,0,0,0,,,0,0,0,0,0,0,,,,,,,,,0,,,,,,,
BLwgdiVhLev,p,https://www.instagram.com/thedogist/p/BLwgdiVhLev/,queued,0,0,,0,0,0,,,0,0,0,0,0,0,,,,,,,,,0,,,,,,,
BLwNXbdhJjK,p,https://www.instagram.com/thedogist/p/BLwNXbdhJjK/,queued,0,0,,0,0,0,,,0,0,0,0,0,0,,,,,,,,,0,,,,,,,
BLucoh6heS3,p,https://www.instagram.com/thedogist/p/BLucoh6heS3/,queued,0,0,,0,0,0,,,0,0,0,0,0,0,,,,,,,,,0,,,,,,,
BLuNX6ahSPY,p,https://www.instagram.com/thedogist/p/BLuNX6ahSPY/,queued,0,0,,0,0,0,,,0,0,0,0,0,0,,,,,,,,,0,,,,,,,
BLt5ALJh-aa,p,https://www.instagram.com/thedogist/p/BLt5ALJh-aa/,queued,0,0,,0,0,0,,,0,0,0,0,0,0,,,,,,,,,0,,,,,,,
BLtcUGDBIL6,p,https://www.instagram.com/thedogist/p/BLtcUGDBIL6/,queued,0,0,,0,0,0,,,0,0,0,0,0,0,,,,,,,,,0,,,,,,,
BLr4i8HBEGP,p,https://www.instagram.com/thedogist/p/BLr4i8HBEGP/,queued,0,0,,0,0,0,,,0,0,0,0,0,0,,,,,,,,,0,,,,,,,
BLrlgSWhEU8,p,https://www.instagram.com/thedogist/p/BLrlgSWhEU8/,queued,0,0,,0,0,0,,,0,0,0,0,0,0,,,,,,,,,0,,,,,,,
BLrFu5-hSqD,p,https://www.instagram.com/thedogist/p/BLrFu5-hSqD/,queued,0,0,,0,0,0,,,0,0,0,0,0,0,,,,,,,,,0,,,,,,,
BLqwvCTBhcW,p,https://www.instagram.com/thedogist/p/BLqwvCTBhcW/,queued,0,0,,0,0,0,,,0,0,0,0,0,0,,,,,,,,,0,,,,,,,
BLqwsClh552,p,https://www.instagram.com/thedogist/p/BLqwsClh552/,queued,0,0,,0,0,0,,,0,0,0,0,0,0,,,,,,,,,0,,,,,,,
BLo0gAkBN_a,p,https://www.instagram.com/thedogist/p/BLo0gAkBN_a/,queued,0,0,,0,0,0,,,0,0,0,0,0,0,,,,,,,,,0,,,,,,,
BLoiad6hi3V,p,https://www.instagram.com/thedogist/p/BLoiad6hi3V/,queued,0,0,,0,0,0,,,0,0,0,0,0,0,,,,,,,,,0,,,,,,,
BLoMqyUB2h4,p,https://www.instagram.com/thedogist/p/BLoMqyUB2h4/,queued,0,0,,0,0,0,,,0,0,0,0,0,0,,,,,,,,,0,,,,,,,
BLmnNochZuB,p,https://www.instagram.com/thedogist/p/BLmnNochZuB/,queued,0,0,,0,0,0,,,0,0,0,0,0,0,,,,,,,,,0,,,,,,,
BLmTuMUhg-5,reel,https://www.instagram.com/thedogist/reel/BLmTuMUhg-5/,queued,0,0,,0,0,0,,,0,0,0,0,0,0,,,,,,,,,0,,,,,,,
BLl4_9-B2oq,p,https://www.instagram.com/thedogist/p/BLl4_9-B2oq/,queued,0,0,,0,0,0,,,0,0,0,0,0,0,,,,,,,,,0,,,,,,,
BLlpyVbhwjb,p,https://www.instagram.com/thedogist/p/BLlpyVbhwjb/,queued,0,0,,0,0,0,,,0,0,0,0,0,0,,,,,,,,,0,,,,,,,
BLj9ZVkB-z-,p,https://www.instagram.com/thedogist/p/BLj9ZVkB-z-/,queued,0,0,,0,0,0,,,0,0,0,0,0,0,,,,,,,,,0,,,,,,,
BLjj4HxhG4P,p,https://www.instagram.com/thedogist/p/BLjj4HxhG4P/,queued,0,0,,0,0,0,,,0,0,0,0,0,0,,,,,,,,,0,,,,,,,
BLjUSVzhjSX,p,https://www.instagram.com/thedogist/p/BLjUSVzhjSX/,queued,0,0,,0,0,0,,,0,0,0,0,0,0,,,,,,,,,0,,,,,,,
BLjCzzpBHHM,p,https://www.instagram.com/thedogist/p/BLjCzzpBHHM/,queued,0,0,,0,0,0,,,0,0,0,0,0,0,,,,,,,,,0,,,,,,,
BLhpQbUBuwt,p,https://www.instagram.com/thedogist/p/BLhpQbUBuwt/,queued,0,0,,0,0,0,,,0,0,0,0,0,0,,,,,,,,,0,,,,,,,
BLhQ2mxhgfy,p,https://www.instagram.com/thedogist/p/BLhQ2mxhgfy/,queued,0,0,,0,0,0,,,0,0,0,0,0,0,,,,,,,,,0,,,,,,,
BLg4IkpD-s3,p,https://www.instagram.com/thedogist/p/BLg4IkpD-s3/,queued,0,0,,0,0,0,,,0,0,0,0,0,0,,,,,,,,,0,,,,,,,
BLgsmzUDDWA,p,https://www.instagram.com/thedogist/p/BLgsmzUDDWA/,queued,0,0,,0,0,0,,,0,0,0,0,0,0,,,,,,,,,0,,,,,,,
BLgf89QjUe6,p,https://www.instagram.com/thedogist/p/BLgf89QjUe6/,queued,0,0,,0,0,0,,,0,0,0,0,0,0,,,,,,,,,0,,,,,,,
BLeilluj1op,p,https://www.instagram.com/thedogist/p/BLeilluj1op/,queued,0,0,,0,0,0,,,0,0,0,0,0,0,,,,,,,,,0,,,,,,,
BLeP3wSD5uq,p,https://www.instagram.com/thedogist/p/BLeP3wSD5uq/,queued,0,0,,0,0,0,,,0,0,0,0,0,0,,,,,,,,,0,,,,,,,
BLdzyY-BOIt,p,https://www.instagram.com/thedogist/p/BLdzyY-BOIt/,queued,0,0,,0,0,0,,,0,0,0,0,0,0,,,,,,,,,0,,,,,,,
BLcV8gcBd0Z,p,https://www.instagram.com/thedogist/p/BLcV8gcBd0Z/,queued,0,0,,0,0,0,,,0,0,0,0,0,0,,,,,,,,,0,,,,,,,
BLb7FL3hU4R,p,https://www.instagram.com/thedogist/p/BLb7FL3hU4R/,queued,0,0,,0,0,0,,,0,0,0,0,0,0,,,,,,,,,0,,,,,,,
BLbh5KWB_gO,p,https://www.instagram.com/thedogist/p/BLbh5KWB_gO/,queued,0,0,,0,0,0,,,0,0,0,0,0,0,,,,,,,,,0,,,,,,,
BLa9BfVBjcz,p,https://www.instagram.com/thedogist/p/BLa9BfVBjcz/,queued,0,0,,0,0,0,,,0,0,0,0,0,0,,,,,,,,,0,,,,,,,
BLZnspUh6rJ,p,https://www.instagram.com/thedogist/p/BLZnspUh6rJ/,queued,0,0,,0,0,0,,,0,0,0,0,0,0,,,,,,,,,0,,,,,,,
BLZWXuzBHU1,p,https://www.instagram.com/thedogist/p/BLZWXuzBHU1/,queued,0,0,,0,0,0,,,0,0,0,0,0,0,,,,,,,,,0,,,,,,,
BLZD6ghhn14,p,https://www.instagram.com/thedogist/p/BLZD6ghhn14/,queued,0,0,,0,0,0,,,0,0,0,0,0,0,,,,,,,,,0,,,,,,,
BLYxU3JBc97,p,https://www.instagram.com/thedogist/p/BLYxU3JBc97/,queued,0,0,,0,0,0,,,0,0,0,0,0,0,,,,,,,,,0,,,,,,,
BLXfp5vh8VS,p,https://www.instagram.com/thedogist/p/BLXfp5vh8VS/,queued,0,0,,0,0,0,,,0,0,0,0,0,0,,,,,,,,,0,,,,,,,
BLWxfzuh8zb,p,https://www.instagram.com/thedogist/p/BLWxfzuh8zb/,queued,0,0,,0,0,0,,,0,0,0,0,0,0,,,,,,,,,0,,,,,,,
BLWelNEB2Jt,p,https://www.instagram.com/thedogist/p/BLWelNEB2Jt/,queued,0,0,,0,0,0,,,0,0,0,0,0,0,,,,,,,,,0,,,,,,,
BLWQiiJh6wK,p,https://www.instagram.com/thedogist/p/BLWQiiJh6wK/,queued,0,0,,0,0,0,,,0,0,0,0,0,0,,,,,,,,,0,,,,,,,
BLUX2ytBogY,p,https://www.instagram.com/thedogist/p/BLUX2ytBogY/,queued,0,0,,0,0,0,,,0,0,0,0,0,0,,,,,,,,,0,,,,,,,
BLUDaMMhq_p,p,https://www.instagram.com/thedogist/p/BLUDaMMhq_p/,queued,0,0,,0,0,0,,,0,0,0,0,0,0,,,,,,,,,0,,,,,,,
BLT1XyUBzwx,p,https://www.instagram.com/thedogist/p/BLT1XyUBzwx/,queued,0,0,,0,0,0,,,0,0,0,0,0,0,,,,,,,,,0,,,,,,,
BLRy-lnh9NA,p,https://www.instagram.com/thedogist/p/BLRy-lnh9NA/,queued,0,0,,0,0,0,,,0,0,0,0,0,0,,,,,,,,,0,,,,,,,
BLRiYlRB50M,p,https://www.instagram.com/thedogist/p/BLRiYlRB50M/,queued,0,0,,0,0,0,,,0,0,0,0,0,0,,,,,,,,,0,,,,,,,
BLRRcozh_AV,p,https://www.instagram.com/thedogist/p/BLRRcozh_AV/,queued,0,0,,0,0,0,,,0,0,0,0,0,0,,,,,,,,,0,,,,,,,
BLQ529WBoxc,p,https://www.instagram.com/thedogist/p/BLQ529WBoxc/,queued,0,0,,0,0,0,,,0,0,0,0,0,0,,,,,,,,,0,,,,,,,
BLPIIjNBAw4,p,https://www.instagram.com/thedogist/p/BLPIIjNBAw4/,queued,0,0,,0,0,0,,,0,0,0,0,0,0,,,,,,,,,0,,,,,,,
BLO5GJmBo3R,p,https://www.instagram.com/thedogist/p/BLO5GJmBo3R/,queued,0,0,,0,0,0,,,0,0,0,0,0,0,,,,,,,,,0,,,,,,,
BLOp9tBh7pi,p,https://www.instagram.com/thedogist/p/BLOp9tBh7pi/,queued,0,0,,0,0,0,,,0,0,0,0,0,0,,,,,,,,,0,,,,,,,
BLOY6JsBdGU,p,https://www.instagram.com/thedogist/p/BLOY6JsBdGU/,queued,0,0,,0,0,0,,,0,0,0,0,0,0,,,,,,,,,0,,,,,,,
BLMluEnhSd4,p,https://www.instagram.com/thedogist/p/BLMluEnhSd4/,queued,0,0,,0,0,0,,,0,0,0,0,0,0,,,,,,,,,0,,,,,,,
BLMT1GgD3kP,p,https://www.instagram.com/thedogist/p/BLMT1GgD3kP/,queued,0,0,,0,0,0,,,0,0,0,0,0,0,,,,,,,,,0,,,,,,,
BLME9RUDFW-,p,https://www.instagram.com/thedogist/p/BLME9RUDFW-/,queued,0,0,,0,0,0,,,0,0,0,0,0,0,,,,,,,,,0,,,,,,,
BLLtpeDB6fM,p,https://www.instagram.com/thedogist/p/BLLtpeDB6fM/,queued,0,0,,0,0,0,,,0,0,0,0,0,0,,,,,,,,,0,,,,,,,
BLKH4y7hDhX,p,https://www.instagram.com/thedogist/p/BLKH4y7hDhX/,queued,0,0,,0,0,0,,,0,0,0,0,0,0,,,,,,,,,0,,,,,,,
BLJyCsMB_ah,p,https://www.instagram.com/thedogist/p/BLJyCsMB_ah/,queued,0,0,,0,0,0,,,0,0,0,0,0,0,,,,,,,,,0,,,,,,,
BLJag5hh3rm,p,https://www.instagram.com/thedogist/p/BLJag5hh3rm/,queued,0,0,,0,0,0,,,0,0,0,0,0,0,,,,,,,,,0,,,,,,,
BLJFOtRBA-O,p,https://www.instagram.com/thedogist/p/BLJFOtRBA-O/,queued,0,0,,0,0,0,,,0,0,0,0,0,0,,,,,,,,,0,,,,,,,
BLHkbgxB6v6,p,https://www.instagram.com/thedogist/p/BLHkbgxB6v6/,queued,0,0,,0,0,0,,,0,0,0,0,0,0,,,,,,,,,0,,,,,,,
BLHYI_ch7T9,p,https://www.instagram.com/thedogist/p/BLHYI_ch7T9/,queued,0,0,,0,0,0,,,0,0,0,0,0,0,,,,,,,,,0,,,,,,,
BLG8dmuBO1a,p,https://www.instagram.com/thedogist/p/BLG8dmuBO1a/,queued,0,0,,0,0,0,,,0,0,0,0,0,0,,,,,,,,,0,,,,,,,
BLGpQilheLr,p,https://www.instagram.com/thedogist/p/BLGpQilheLr/,queued,0,0,,0,0,0,,,0,0,0,0,0,0,,,,,,,,,0,,,,,,,
BLE0dW7Bv2P,p,https://www.instagram.com/thedogist/p/BLE0dW7Bv2P/,queued,0,0,,0,0,0,,,0,0,0,0,0,0,,,,,,,,,0,,,,,,,
BLEeBnXBgro,p,https://www.instagram.com/thedogist/p/BLEeBnXBgro/,queued,0,0,,0,0,0,,,0,0,0,0,0,0,,,,,,,,,0,,,,,,,
BLEEeoIBPWx,p,https://www.instagram.com/thedogist/p/BLEEeoIBPWx/,queued,0,0,,0,0,0,,,0,0,0,0,0,0,,,,,,,,,0,,,,,,,
BLCnn3shQUt,p,https://www.instagram.com/thedogist/p/BLCnn3shQUt/,queued,0,0,,0,0,0,,,0,0,0,0,0,0,,,,,,,,,0,,,,,,,
BLCUtTchb5e,p,https://www.instagram.com/thedogist/p/BLCUtTchb5e/,queued,0,0,,0,0,0,,,0,0,0,0,0,0,,,,,,,,,0,,,,,,,
BLB8rzCBai6,p,https://www.instagram.com/thedogist/p/BLB8rzCBai6/,queued,0,0,,0,0,0,,,0,0,0,0,0,0,,,,,,,,,0,,,,,,,
BLBkt7BBX0T,p,https://www.instagram.com/thedogist/p/BLBkt7BBX0T/,queued,0,0,,0,0,0,,,0,0,0,0,0,0,,,,,,,,,0,,,,,,,
BLAC-0uBZsV,p,https://www.instagram.com/thedogist/p/BLAC-0uBZsV/,queued,0,0,,0,0,0,,,0,0,0,0,0,0,,,,,,,,,0,,,,,,,
BK_x-N0BzXN,p,https://www.instagram.com/thedogist/p/BK_x-N0BzXN/,queued,0,0,,0,0,0,,,0,0,0,0,0,0,,,,,,,,,0,,,,,,,
BK_hcZFh-xf,p,https://www.instagram.com/thedogist/p/BK_hcZFh-xf/,queued,0,0,,0,0,0,,,0,0,0,0,0,0,,,,,,,,,0,,,,,,,
BK-8kZQhA49,p,https://www.instagram.com/thedogist/p/BK-8kZQhA49/,queued,0,0,,0,0,0,,,0,0,0,0,0,0,,,,,,,,,0,,,,,,,
BK9cdPGhRMY,p,https://www.instagram.com/thedogist/p/BK9cdPGhRMY/,queued,0,0,,0,0,0,,,0,0,0,0,0,0,,,,,,,,,0,,,,,,,
BK9H9pBhdjx,p,https://www.instagram.com/thedogist/p/BK9H9pBhdjx/,queued,0,0,,0,0,0,,,0,0,0,0,0,0,,,,,,,,,0,,,,,,,
BK8vjbgBBl2,p,https://www.instagram.com/thedogist/p/BK8vjbgBBl2/,queued,0,0,,0,0,0,,,0,0,0,0,0,0,,,,,,,,,0,,,,,,,
BK8bJH1h1kc,p,https://www.instagram.com/thedogist/p/BK8bJH1h1kc/,queued,0,0,,0,0,0,,,0,0,0,0,0,0,,,,,,,,,0,,,,,,,
BK6rAHoBXBz,p,https://www.instagram.com/thedogist/p/BK6rAHoBXBz/,queued,0,0,,0,0,0,,,0,0,0,0,0,0,,,,,,,,,0,,,,,,,
BK6Nv1Gh7id,p,https://www.instagram.com/thedogist/p/BK6Nv1Gh7id/,queued,0,0,,0,0,0,,,0,0,0,0,0,0,,,,,,,,,0,,,,,,,
BK52VlsBtPL,p,https://www.instagram.com/thedogist/p/BK52VlsBtPL/,queued,0,0,,0,0,0,,,0,0,0,0,0,0,,,,,,,,,0,,,,,,,
BK4E_ObBpJ2,p,https://www.instagram.com/thedogist/p/BK4E_ObBpJ2/,queued,0,0,,0,0,0,,,0,0,0,0,0,0,,,,,,,,,0,,,,,,,
BK3o5VChwtg,p,https://www.instagram.com/thedogist/p/BK3o5VChwtg/,queued,0,0,,0,0,0,,,0,0,0,0,0,0,,,,,,,,,0,,,,,,,
BK3OvTjhFiI,p,https://www.instagram.com/thedogist/p/BK3OvTjhFiI/,queued,0,0,,0,0,0,,,0,0,0,0,0,0,,,,,,,,,0,,,,,,,
BK1gRnNhLPA,p,https://www.instagram.com/thedogist/p/BK1gRnNhLPA/,queued,0,0,,0,0,0,,,0,0,0,0,0,0,,,,,,,,,0,,,,,,,
BK1LydVhZcq,p,https://www.instagram.com/thedogist/p/BK1LydVhZcq/,queued,0,0,,0,0,0,,,0,0,0,0,0,0,,,,,,,,,0,,,,,,,
BK0sx0ch_kH,p,https://www.instagram.com/thedogist/p/BK0sx0ch_kH/,queued,0,0,,0,0,0,,,0,0,0,0,0,0,,,,,,,,,0,,,,,,,
BKy4HBfho8l,p,https://www.instagram.com/thedogist/p/BKy4HBfho8l/,queued,0,0,,0,0,0,,,0,0,0,0,0,0,,,,,,,,,0,,,,,,,
BKyjV9KhrD9,p,https://www.instagram.com/thedogist/p/BKyjV9KhrD9/,queued,0,0,,0,0,0,,,0,0,0,0,0,0,,,,,,,,,0,,,,,,,
BKyHZhtBu1b,p,https://www.instagram.com/thedogist/p/BKyHZhtBu1b/,queued,0,0,,0,0,0,,,0,0,0,0,0,0,,,,,,,,,0,,,,,,,
BKwZD68Bp2R,p,https://www.instagram.com/thedogist/p/BKwZD68Bp2R/,queued,0,0,,0,0,0,,,0,0,0,0,0,0,,,,,,,,,0,,,,,,,
BKv78TfBQd0,p,https://www.instagram.com/thedogist/p/BKv78TfBQd0/,queued,0,0,,0,0,0,,,0,0,0,0,0,0,,,,,,,,,0,,,,,,,
BKvlfnyhiFc,p,https://www.instagram.com/thedogist/p/BKvlfnyhiFc/,queued,0,0,,0,0,0,,,0,0,0,0,0,0,,,,,,,,,0,,,,,,,
BKt4f3Ahuh4,p,https://www.instagram.com/thedogist/p/BKt4f3Ahuh4/,queued,0,0,,0,0,0,,,0,0,0,0,0,0,,,,,,,,,0,,,,,,,
BKtWa8hDnZb,p,https://www.instagram.com/thedogist/p/BKtWa8hDnZb/,queued,0,0,,0,0,0,,,0,0,0,0,0,0,,,,,,,,,0,,,,,,,
BKs5T-_D6ZJ,p,https://www.instagram.com/thedogist/p/BKs5T-_D6ZJ/,queued,0,0,,0,0,0,,,0,0,0,0,0,0,,,,,,,,,0,,,,,,,
BKrhwTLD2sB,p,https://www.instagram.com/thedogist/p/BKrhwTLD2sB/,queued,0,0,,0,0,0,,,0,0,0,0,0,0,,,,,,,,,0,,,,,,,
BKrIjebDrMU,p,https://www.instagram.com/thedogist/p/BKrIjebDrMU/,queued,0,0,,0,0,0,,,0,0,0,0,0,0,,,,,,,,,0,,,,,,,
BKquEgujK39,p,https://www.instagram.com/thedogist/p/BKquEgujK39/,queued,0,0,,0,0,0,,,0,0,0,0,0,0,,,,,,,,,0,,,,,,,
BKqXlYZDyRk,p,https://www.instagram.com/thedogist/p/BKqXlYZDyRk/,queued,0,0,,0,0,0,,,0,0,0,0,0,0,,,,,,,,,0,,,,,,,
BKo-sl2DN5e,p,https://www.instagram.com/thedogist/p/BKo-sl2DN5e/,queued,0,0,,0,0,0,,,0,0,0,0,0,0,,,,,,,,,0,,,,,,,
BKooeJVjhxI,p,https://www.instagram.com/thedogist/p/BKooeJVjhxI/,queued,0,0,,0,0,0,,,0,0,0,0,0,0,,,,,,,,,0,,,,,,,
BKoRUr6jtFb,p,https://www.instagram.com/thedogist/p/BKoRUr6jtFb/,queued,0,0,,0,0,0,,,0,0,0,0,0,0,,,,,,,,,0,,,,,,,
BKn1gusDPzF,p,https://www.instagram.com/thedogist/p/BKn1gusDPzF/,queued,0,0,,0,0,0,,,0,0,0,0,0,0,,,,,,,,,0,,,,,,,
BKmhl1Vj2--,p,https://www.instagram.com/thedogist/p/BKmhl1Vj2--/,queued,0,0,,0,0,0,,,0,0,0,0,0,0,,,,,,,,,0,,,,,,,
BKmMhTlDCzA,p,https://www.instagram.com/thedogist/p/BKmMhTlDCzA/,queued,0,0,,0,0,0,,,0,0,0,0,0,0,,,,,,,,,0,,,,,,,
BKl0Q7UjIni,p,https://www.instagram.com/thedogist/p/BKl0Q7UjIni/,queued,0,0,,0,0,0,,,0,0,0,0,0,0,,,,,,,,,0,,,,,,,
BKlZD9YjU3h,p,https://www.instagram.com/thedogist/p/BKlZD9YjU3h/,queued,0,0,,0,0,0,,,0,0,0,0,0,0,,,,,,,,,0,,,,,,,
BKjepiODqz2,p,https://www.instagram.com/thedogist/p/BKjepiODqz2/,queued,0,0,,0,0,0,,,0,0,0,0,0,0,,,,,,,,,0,,,,,,,
BKi_0eoDefQ,p,https://www.instagram.com/thedogist/p/BKi_0eoDefQ/,queued,0,0,,0,0,0,,,0,0,0,0,0,0,,,,,,,,,0,,,,,,,
BKirfd0D4CG,p,https://www.instagram.com/thedogist/p/BKirfd0D4CG/,queued,0,0,,0,0,0,,,0,0,0,0,0,0,,,,,,,,,0,,,,,,,
BKhLCFGjD5g,p,https://www.instagram.com/thedogist/p/BKhLCFGjD5g/,queued,0,0,,0,0,0,,,0,0,0,0,0,0,,,,,,,,,0,,,,,,,
BKg48iUjwFd,p,https://www.instagram.com/thedogist/p/BKg48iUjwFd/,queued,0,0,,0,0,0,,,0,0,0,0,0,0,,,,,,,,,0,,,,,,,
BKgenC7DMuy,p,https://www.instagram.com/thedogist/p/BKgenC7DMuy/,queued,0,0,,0,0,0,,,0,0,0,0,0,0,,,,,,,,,0,,,,,,,
BKgC4D_D58E,p,https://www.instagram.com/thedogist/p/BKgC4D_D58E/,queued,0,0,,0,0,0,,,0,0,0,0,0,0,,,,,,,,,0,,,,,,,
BKeV_HrjCE-,p,https://www.instagram.com/thedogist/p/BKeV_HrjCE-/,queued,0,0,,0,0,0,,,0,0,0,0,0,0,,,,,,,,,0,,,,,,,
BKd2lSRDLqD,p,https://www.instagram.com/thedogist/p/BKd2lSRDLqD/,queued,0,0,,0,0,0,,,0,0,0,0,0,0,,,,,,,,,0,,,,,,,
BKdcm9CDlCS,p,https://www.instagram.com/thedogist/p/BKdcm9CDlCS/,queued,0,0,,0,0,0,,,0,0,0,0,0,0,,,,,,,,,0,,,,,,,
BKcBtbAj4Kf,p,https://www.instagram.com/thedogist/p/BKcBtbAj4Kf/,queued,0,0,,0,0,0,,,0,0,0,0,0,0,,,,,,,,,0,,,,,,,
BKbXJHbDnDi,p,https://www.instagram.com/thedogist/p/BKbXJHbDnDi/,queued,0,0,,0,0,0,,,0,0,0,0,0,0,,,,,,,,,0,,,,,,,
BKa5_CKjOxg,p,https://www.instagram.com/thedogist/p/BKa5_CKjOxg/,queued,0,0,,0,0,0,,,0,0,0,0,0,0,,,,,,,,,0,,,,,,,
BKZJw3-jE78,p,https://www.instagram.com/thedogist/p/BKZJw3-jE78/,queued,0,0,,0,0,0,,,0,0,0,0,0,0,,,,,,,,,0,,,,,,,
BKYsUNjDTe9,p,https://www.instagram.com/thedogist/p/BKYsUNjDTe9/,queued,0,0,,0,0,0,,,0,0,0,0,0,0,,,,,,,,,0,,,,,,,
BKYS1mlDGmc,p,https://www.instagram.com/thedogist/p/BKYS1mlDGmc/,queued,0,0,,0,0,0,,,0,0,0,0,0,0,,,,,,,,,0,,,,,,,
BKWqDsAjATd,p,https://www.instagram.com/thedogist/p/BKWqDsAjATd/,queued,0,0,,0,0,0,,,0,0,0,0,0,0,,,,,,,,,0,,,,,,,
BKWEpStD2Z1,p,https://www.instagram.com/thedogist/p/BKWEpStD2Z1/,queued,0,0,,0,0,0,,,0,0,0,0,0,0,,,,,,,,,0,,,,,,,
BKVvyRoj164,p,https://www.instagram.com/thedogist/p/BKVvyRoj164/,queued,0,0,,0,0,0,,,0,0,0,0,0,0,,,,,,,,,0,,,,,,,
BKUTJqnj1DW,p,https://www.instagram.com/thedogist/p/BKUTJqnj1DW/,queued,0,0,,0,0,0,,,0,0,0,0,0,0,,,,,,,,,0,,,,,,,
BKT3SaGDlhi,p,https://www.instagram.com/thedogist/p/BKT3SaGDlhi/,queued,0,0,,0,0,0,,,0,0,0,0,0,0,,,,,,,,,0,,,,,,,
BKTjsJMj8OR,p,https://www.instagram.com/thedogist/p/BKTjsJMj8OR/,queued,0,0,,0,0,0,,,0,0,0,0,0,0,,,,,,,,,0,,,,,,,
BKTTI_DjCuw,p,https://www.instagram.com/thedogist/p/BKTTI_DjCuw/,queued,0,0,,0,0,0,,,0,0,0,0,0,0,,,,,,,,,0,,,,,,,
BKRh0V_DKzS,p,https://www.instagram.com/thedogist/p/BKRh0V_DKzS/,queued,0,0,,0,0,0,,,0,0,0,0,0,0,,,,,,,,,0,,,,,,,
BKRSzN3jvDN,p,https://www.instagram.com/thedogist/p/BKRSzN3jvDN/,queued,0,0,,0,0,0,,,0,0,0,0,0,0,,,,,,,,,0,,,,,,,
BKQ-LkXj85r,p,https://www.instagram.com/thedogist/p/BKQ-LkXj85r/,queued,0,0,,0,0,0,,,0,0,0,0,0,0,,,,,,,,,0,,,,,,,
BKQtgigDP6c,p,https://www.instagram.com/thedogist/p/BKQtgigDP6c/,queued,0,0,,0,0,0,,,0,0,0,0,0,0,,,,,,,,,0,,,,,,,
BKO_RfRD4gD,p,https://www.instagram.com/thedogist/p/BKO_RfRD4gD/,queued,0,0,,0,0,0,,,0,0,0,0,0,0,,,,,,,,,0,,,,,,,
BKOlbFwjScV,p,https://www.instagram.com/thedogist/p/BKOlbFwjScV/,queued,0,0,,0,0,0,,,0,0,0,0,0,0,,,,,,,,,0,,,,,,,
BKOEZf_j5P_,p,https://www.instagram.com/thedogist/p/BKOEZf_j5P_/,queued,0,0,,0,0,0,,,0,0,0,0,0,0,,,,,,,,,0,,,,,,,
BKMd0fgj-7i,p,https://www.instagram.com/thedogist/p/BKMd0fgj-7i/,queued,0,0,,0,0,0,,,0,0,0,0,0,0,,,,,,,,,0,,,,,,,
BKMH8P_DFGB,p,https://www.instagram.com/thedogist/p/BKMH8P_DFGB/,queued,0,0,,0,0,0,,,0,0,0,0,0,0,,,,,,,,,0,,,,,,,
BKL0jKrD89O,p,https://www.instagram.com/thedogist/p/BKL0jKrD89O/,queued,0,0,,0,0,0,,,0,0,0,0,0,0,,,,,,,,,0,,,,,,,
BKLaNT8j_BA,p,https://www.instagram.com/thedogist/p/BKLaNT8j_BA/,queued,0,0,,0,0,0,,,0,0,0,0,0,0,,,,,,,,,0,,,,,,,
BKKNefCjoPu,p,https://www.instagram.com/thedogist/p/BKKNefCjoPu/,queued,0,0,,0,0,0,,,0,0,0,0,0,0,,,,,,,,,0,,,,,,,
BKJzC4UDYcf,p,https://www.instagram.com/thedogist/p/BKJzC4UDYcf/,queued,0,0,,0,0,0,,,0,0,0,0,0,0,,,,,,,,,0,,,,,,,
BKJSoyxDj73,p,https://www.instagram.com/thedogist/p/BKJSoyxDj73/,queued,0,0,,0,0,0,,,0,0,0,0,0,0,,,,,,,,,0,,,,,,,
BKI44I_DN8y,p,https://www.instagram.com/thedogist/p/BKI44I_DN8y/,queued,0,0,,0,0,0,,,0,0,0,0,0,0,,,,,,,,,0,,,,,,,
BKHMzndDSrs,p,https://www.instagram.com/thedogist/p/BKHMzndDSrs/,queued,0,0,,0,0,0,,,0,0,0,0,0,0,,,,,,,,,0,,,,,,,
BKG57BhjKnz,p,https://www.instagram.com/thedogist/p/BKG57BhjKnz/,queued,0,0,,0,0,0,,,0,0,0,0,0,0,,,,,,,,,0,,,,,,,
BKGrx2Kj_Vf,p,https://www.instagram.com/thedogist/p/BKGrx2Kj_Vf/,queued,0,0,,0,0,0,,,0,0,0,0,0,0,,,,,,,,,0,,,,,,,
BKExwCdjUMK,p,https://www.instagram.com/thedogist/p/BKExwCdjUMK/,queued,0,0,,0,0,0,,,0,0,0,0,0,0,,,,,,,,,0,,,,,,,
BKEbWYnDb3v,p,https://www.instagram.com/thedogist/p/BKEbWYnDb3v/,queued,0,0,,0,0,0,,,0,0,0,0,0,0,,,,,,,,,0,,,,,,,
BKEDVEoDxXe,p,https://www.instagram.com/thedogist/p/BKEDVEoDxXe/,queued,0,0,,0,0,0,,,0,0,0,0,0,0,,,,,,,,,0,,,,,,,
BKDp1bwDNN1,p,https://www.instagram.com/thedogist/p/BKDp1bwDNN1/,queued,0,0,,0,0,0,,,0,0,0,0,0,0,,,,,,,,,0,,,,,,,
BKCG8y3jmz7,p,https://www.instagram.com/thedogist/p/BKCG8y3jmz7/,queued,0,0,,0,0,0,,,0,0,0,0,0,0,,,,,,,,,0,,,,,,,
BKBqrsIDrSO,p,https://www.instagram.com/thedogist/p/BKBqrsIDrSO/,queued,0,0,,0,0,0,,,0,0,0,0,0,0,,,,,,,,,0,,,,,,,
BKBRLU9jMut,p,https://www.instagram.com/thedogist/p/BKBRLU9jMut/,queued,0,0,,0,0,0,,,0,0,0,0,0,0,,,,,,,,,0,,,,,,,
BJ_pYhZDdZi,p,https://www.instagram.com/thedogist/p/BJ_pYhZDdZi/,queued,0,0,,0,0,0,,,0,0,0,0,0,0,,,,,,,,,0,,,,,,,
BJ--ACyjH6D,p,https://www.instagram.com/thedogist/p/BJ--ACyjH6D/,queued,0,0,,0,0,0,,,0,0,0,0,0,0,,,,,,,,,0,,,,,,,
BJ-pV1VD6xw,p,https://www.instagram.com/thedogist/p/BJ-pV1VD6xw/,queued,0,0,,0,0,0,,,0,0,0,0,0,0,,,,,,,,,0,,,,,,,
BJ88SBRDibW,p,https://www.instagram.com/thedogist/p/BJ88SBRDibW/,queued,0,0,,0,0,0,,,0,0,0,0,0,0,,,,,,,,,0,,,,,,,
BJ8kpHqDVMw,p,https://www.instagram.com/thedogist/p/BJ8kpHqDVMw/,queued,0,0,,0,0,0,,,0,0,0,0,0,0,,,,,,,,,0,,,,,,,
BJ8LPgADnpK,p,https://www.instagram.com/thedogist/p/BJ8LPgADnpK/,queued,0,0,,0,0,0,,,0,0,0,0,0,0,,,,,,,,,0,,,,,,,
BJ6NXKSDyu9,p,https://www.instagram.com/thedogist/p/BJ6NXKSDyu9/,queued,0,0,,0,0,0,,,0,0,0,0,0,0,,,,,,,,,0,,,,,,,
BJ5y--XD7um,p,https://www.instagram.com/thedogist/p/BJ5y--XD7um/,queued,0,0,,0,0,0,,,0,0,0,0,0,0,,,,,,,,,0,,,,,,,
BJ5fo-8DANQ,p,https://www.instagram.com/thedogist/p/BJ5fo-8DANQ/,queued,0,0,,0,0,0,,,0,0,0,0,0,0,,,,,,,,,0,,,,,,,
BJ33ZPwDCOm,p,https://www.instagram.com/thedogist/p/BJ33ZPwDCOm/,queued,0,0,,0,0,0,,,0,0,0,0,0,0,,,,,,,,,0,,,,,,,
BJ3i46ij39v,p,https://www.instagram.com/thedogist/p/BJ3i46ij39v/,queued,0,0,,0,0,0,,,0,0,0,0,0,0,,,,,,,,,0,,,,,,,
BJ3ORlbjKub,reel,https://www.instagram.com/thedogist/reel/BJ3ORlbjKub/,queued,0,0,,0,0,0,,,0,0,0,0,0,0,,,,,,,,,0,,,,,,,
BJ23HGWDaU5,p,https://www.instagram.com/thedogist/p/BJ23HGWDaU5/,queued,0,0,,0,0,0,,,0,0,0,0,0,0,,,,,,,,,0,,,,,,,
BJ1DMRyjMv-,p,https://www.instagram.com/thedogist/p/BJ1DMRyjMv-/,queued,0,0,,0,0,0,,,0,0,0,0,0,0,,,,,,,,,0,,,,,,,
BJ0s3nojwN3,p,https://www.instagram.com/thedogist/p/BJ0s3nojwN3/,queued,0,0,,0,0,0,,,0,0,0,0,0,0,,,,,,,,,0,,,,,,,
BJ0aMIcjwfo,p,https://www.instagram.com/thedogist/p/BJ0aMIcjwfo/,queued,0,0,,0,0,0,,,0,0,0,0,0,0,,,,,,,,,0,,,,,,,
BJy0r5_DrbR,p,https://www.instagram.com/thedogist/p/BJy0r5_DrbR/,queued,0,0,,0,0,0,,,0,0,0,0,0,0,,,,,,,,,0,,,,,,,
BJygMv0DsPy,p,https://www.instagram.com/thedogist/p/BJygMv0DsPy/,queued,0,0,,0,0,0,,,0,0,0,0,0,0,,,,,,,,,0,,,,,,,
BJyQe3ej6h0,p,https://www.instagram.com/thedogist/p/BJyQe3ej6h0/,queued,0,0,,0,0,0,,,0,0,0,0,0,0,,,,,,,,,0,,,,,,,
BJx3W07jSST,p,https://www.instagram.com/thedogist/p/BJx3W07jSST/,queued,0,0,,0,0,0,,,0,0,0,0,0,0,,,,,,,,,0,,,,,,,
BJwQOREjshn,p,https://www.instagram.com/thedogist/p/BJwQOREjshn/,queued,0,0,,0,0,0,,,0,0,0,0,0,0,,,,,,,,,0,,,,,,,
BJv5-wrj2zR,p,https://www.instagram.com/thedogist/p/BJv5-wrj2zR/,queued,0,0,,0,0,0,,,0,0,0,0,0,0,,,,,,,,,0,,,,,,,
BJver8CjarH,p,https://www.instagram.com/thedogist/p/BJver8CjarH/,queued,0,0,,0,0,0,,,0,0,0,0,0,0,,,,,,,,,0,,,,,,,
BJvOtDXDdF0,p,https://www.instagram.com/thedogist/p/BJvOtDXDdF0/,queued,0,0,,0,0,0,,,0,0,0,0,0,0,,,,,,,,,0,,,,,,,
BJtgO54jOl0,p,https://www.instagram.com/thedogist/p/BJtgO54jOl0/,queued,0,0,,0,0,0,,,0,0,0,0,0,0,,,,,,,,,0,,,,,,,
BJtCoNhjhhu,p,https://www.instagram.com/thedogist/p/BJtCoNhjhhu/,queued,0,0,,0,0,0,,,0,0,0,0,0,0,,,,,,,,,0,,,,,,,
BJsxUD5DbOh,p,https://www.instagram.com/thedogist/p/BJsxUD5DbOh/,queued,0,0,,0,0,0,,,0,0,0,0,0,0,,,,,,,,,0,,,,,,,
BJqxwkhjyPP,p,https://www.instagram.com/thedogist/p/BJqxwkhjyPP/,queued,0,0,,0,0,0,,,0,0,0,0,0,0,,,,,,,,,0,,,,,,,
BJqYW2bjoEE,p,https://www.instagram.com/thedogist/p/BJqYW2bjoEE/,queued,0,0,,0,0,0,,,0,0,0,0,0,0,,,,,,,,,0,,,,,,,
BJqCEIyDSGP,p,https://www.instagram.com/thedogist/p/BJqCEIyDSGP/,queued,0,0,,0,0,0,,,0,0,0,0,0,0,,,,,,,,,0,,,,,,,
BJoOJadjPAI,p,https://www.instagram.com/thedogist/p/BJoOJadjPAI/,queued,0,0,,0,0,0,,,0,0,0,0,0,0,,,,,,,,,0,,,,,,,
BJn1EDADJ5h,p,https://www.instagram.com/thedogist/p/BJn1EDADJ5h/,queued,0,0,,0,0,0,,,0,0,0,0,0,0,,,,,,,,,0,,,,,,,
BJnc4-eDEVV,p,https://www.instagram.com/thedogist/p/BJnc4-eDEVV/,queued,0,0,,0,0,0,,,0,0,0,0,0,0,,,,,,,,,0,,,,,,,
BJl5eXTDiY8,p,https://www.instagram.com/thedogist/p/BJl5eXTDiY8/,queued,0,0,,0,0,0,,,0,0,0,0,0,0,,,,,,,,,0,,,,,,,
BJloRBNDNPN,p,https://www.instagram.com/thedogist/p/BJloRBNDNPN/,queued,0,0,,0,0,0,,,0,0,0,0,0,0,,,,,,,,,0,,,,,,,
BJlNANjjvrJ,p,https://www.instagram.com/thedogist/p/BJlNANjjvrJ/,queued,0,0,,0,0,0,,,0,0,0,0,0,0,,,,,,,,,0,,,,,,,
BJk9mJ8DKcx,p,https://www.instagram.com/thedogist/p/BJk9mJ8DKcx/,queued,0,0,,0,0,0,,,0,0,0,0,0,0,,,,,,,,,0,,,,,,,
BJjQW7Sj-UJ,p,https://www.instagram.com/thedogist/p/BJjQW7Sj-UJ/,queued,0,0,,0,0,0,,,0,0,0,0,0,0,,,,,,,,,0,,,,,,,
BJi0egwjJdL,p,https://www.instagram.com/thedogist/p/BJi0egwjJdL/,queued,0,0,,0,0,0,,,0,0,0,0,0,0,,,,,,,,,0,,,,,,,
BJi0acRDAtz,p,https://www.instagram.com/thedogist/p/BJi0acRDAtz/,queued,0,0,,0,0,0,,,0,0,0,0,0,0,,,,,,,,,0,,,,,,,
BJiWnuiDhZR,p,https://www.instagram.com/thedogist/p/BJiWnuiDhZR/,queued,0,0,,0,0,0,,,0,0,0,0,0,0,,,,,,,,,0,,,,,,,
BJgs6sMjHmJ,p,https://www.instagram.com/thedogist/p/BJgs6sMjHmJ/,queued,0,0,,0,0,0,,,0,0,0,0,0,0,,,,,,,,,0,,,,,,,
BJgObaXjSum,p,https://www.instagram.com/thedogist/p/BJgObaXjSum/,queued,0,0,,0,0,0,,,0,0,0,0,0,0,,,,,,,,,0,,,,,,,
BJf3imLjQhF,p,https://www.instagram.com/thedogist/p/BJf3imLjQhF/,queued,0,0,,0,0,0,,,0,0,0,0,0,0,,,,,,,,,0,,,,,,,
BJfVSwtjAFu,p,https://www.instagram.com/thedogist/p/BJfVSwtjAFu/,queued,0,0,,0,0,0,,,0,0,0,0,0,0,,,,,,,,,0,,,,,,,
BJeP8YtDDkD,p,https://www.instagram.com/thedogist/p/BJeP8YtDDkD/,queued,0,0,,0,0,0,,,0,0,0,0,0,0,,,,,,,,,0,,,,,,,
BJd6346DsHp,reel,https://www.instagram.com/thedogist/reel/BJd6346DsHp/,queued,0,0,,0,0,0,,,0,0,0,0,0,0,,,,,,,,,0,,,,,,,
BJdog1Fjk5s,p,https://www.instagram.com/thedogist/p/BJdog1Fjk5s/,queued,0,0,,0,0,0,,,0,0,0,0,0,0,,,,,,,,,0,,,,,,,
BJdN32Fj3QS,p,https://www.instagram.com/thedogist/p/BJdN32Fj3QS/,queued,0,0,,0,0,0,,,0,0,0,0,0,0,,,,,,,,,0,,,,,,,
BJbZCiAD1pE,p,https://www.instagram.com/thedogist/p/BJbZCiAD1pE/,queued,0,0,,0,0,0,,,0,0,0,0,0,0,,,,,,,,,0,,,,,,,
BJa9F6eD9En,p,https://www.instagram.com/thedogist/p/BJa9F6eD9En/,queued,0,0,,0,0,0,,,0,0,0,0,0,0,,,,,,,,,0,,,,,,,
BJanSLJjGu-,p,https://www.instagram.com/thedogist/p/BJanSLJjGu-/,queued,0,0,,0,0,0,,,0,0,0,0,0,0,,,,,,,,,0,,,,,,,
BJZBU5ejiaS,p,https://www.instagram.com/thedogist/p/BJZBU5ejiaS/,queued,0,0,,0,0,0,,,0,0,0,0,0,0,,,,,,,,,0,,,,,,,
BJYsnNIjPLM,p,https://www.instagram.com/thedogist/p/BJYsnNIjPLM/,queued,0,0,,0,0,0,,,0,0,0,0,0,0,,,,,,,,,0,,,,,,,
BJYU6WiD7gB,p,https://www.instagram.com/thedogist/p/BJYU6WiD7gB/,queued,0,0,,0,0,0,,,0,0,0,0,0,0,,,,,,,,,0,,,,,,,
BJX-nS8jnXJ,p,https://www.instagram.com/thedogist/p/BJX-nS8jnXJ/,queued,0,0,,0,0,0,,,0,0,0,0,0,0,,,,,,,,,0,,,,,,,
BJWZGqvD0lv,p,https://www.instagram.com/thedogist/p/BJWZGqvD0lv/,queued,0,0,,0,0,0,,,0,0,0,0,0,0,,,,,,,,,0,,,,,,,
BJWFzulDiyj,p,https://www.instagram.com/thedogist/p/BJWFzulDiyj/,queued,0,0,,0,0,0,,,0,0,0,0,0,0,,,,,,,,,0,,,,,,,
BJVpHDMD0Gy,p,https://www.instagram.com/thedogist/p/BJVpHDMD0Gy/,queued,0,0,,0,0,0,,,0,0,0,0,0,0,,,,,,,,,0,,,,,,,
BJVYEOyjzVu,p,https://www.instagram.com/thedogist/p/BJVYEOyjzVu/,queued,0,0,,0,0,0,,,0,0,0,0,0,0,,,,,,,,,0,,,,,,,
BJTmkVVDcOC,p,https://www.instagram.com/thedogist/p/BJTmkVVDcOC/,queued,0,0,,0,0,0,,,0,0,0,0,0,0,,,,,,,,,0,,,,,,,
BJTJB82DIXD,p,https://www.instagram.com/thedogist/p/BJTJB82DIXD/,queued,0,0,,0,0,0,,,0,0,0,0,0,0,,,,,,,,,0,,,,,,,
BJS3BgCjbpc,p,https://www.instagram.com/thedogist/p/BJS3BgCjbpc/,queued,0,0,,0,0,0,,,0,0,0,0,0,0,,,,,,,,,0,,,,,,,
BJRXPpsDOGV,p,https://www.instagram.com/thedogist/p/BJRXPpsDOGV/,queued,0,0,,0,0,0,,,0,0,0,0,0,0,,,,,,,,,0,,,,,,,
BJRE8ghjxEo,p,https://www.instagram.com/thedogist/p/BJRE8ghjxEo/,queued,0,0,,0,0,0,,,0,0,0,0,0,0,,,,,,,,,0,,,,,,,
BJQl9f5DuFM,p,https://www.instagram.com/thedogist/p/BJQl9f5DuFM/,queued,0,0,,0,0,0,,,0,0,0,0,0,0,,,,,,,,,0,,,,,,,
BJQPzXcDONa,p,https://www.instagram.com/thedogist/p/BJQPzXcDONa/,queued,0,0,,0,0,0,,,0,0,0,0,0,0,,,,,,,,,0,,,,,,,
BJOpl-EDL8F,p,https://www.instagram.com/thedogist/p/BJOpl-EDL8F/,queued,0,0,,0,0,0,,,0,0,0,0,0,0,,,,,,,,,0,,,,,,,
BJOVFcaDmUn,p,https://www.instagram.com/thedogist/p/BJOVFcaDmUn/,queued,0,0,,0,0,0,,,0,0,0,0,0,0,,,,,,,,,0,,,,,,,
BJN-vMmjm2N,p,https://www.instagram.com/thedogist/p/BJN-vMmjm2N/,queued,0,0,,0,0,0,,,0,0,0,0,0,0,,,,,,,,,0,,,,,,,
BJNquUGjEAD,p,https://www.instagram.com/thedogist/p/BJNquUGjEAD/,queued,0,0,,0,0,0,,,0,0,0,0,0,0,,,,,,,,,0,,,,,,,
BJMMDQ5jRTb,p,https://www.instagram.com/thedogist/p/BJMMDQ5jRTb/,queued,0,0,,0,0,0,,,0,0,0,0,0,0,,,,,,,,,0,,,,,,,
BJL420kjV60,p,https://www.instagram.com/thedogist/p/BJL420kjV60/,queued,0,0,,0,0,0,,,0,0,0,0,0,0,,,,,,,,,0,,,,,,,
BJLnM1YjWtF,p,https://www.instagram.com/thedogist/p/BJLnM1YjWtF/,queued,0,0,,0,0,0,,,0,0,0,0,0,0,,,,,,,,,0,,,,,,,
BJLY7EWjL0f,p,https://www.instagram.com/thedogist/p/BJLY7EWjL0f/,queued,0,0,,0,0,0,,,0,0,0,0,0,0,,,,,,,,,0,,,,,,,
BJJkw78DXXi,p,https://www.instagram.com/thedogist/p/BJJkw78DXXi/,queued,0,0,,0,0,0,,,0,0,0,0,0,0,,,,,,,,,0,,,,,,,
BJJO9OUDmZC,p,https://www.instagram.com/thedogist/p/BJJO9OUDmZC/,queued,0,0,,0,0,0,,,0,0,0,0,0,0,,,,,,,,,0,,,,,,,
BJI35GxDmDH,p,https://www.instagram.com/thedogist/p/BJI35GxDmDH/,queued,0,0,,0,0,0,,,0,0,0,0,0,0,,,,,,,,,0,,,,,,,
BJIqKV5DZA-,p,https://www.instagram.com/thedogist/p/BJIqKV5DZA-/,queued,0,0,,0,0,0,,,0,0,0,0,0,0,,,,,,,,,0,,,,,,,
BJG8cNtDz6V,p,https://www.instagram.com/thedogist/p/BJG8cNtDz6V/,queued,0,0,,0,0,0,,,0,0,0,0,0,0,,,,,,,,,0,,,,,,,
BJGn4xXD0f5,p,https://www.instagram.com/thedogist/p/BJGn4xXD0f5/,queued,0,0,,0,0,0,,,0,0,0,0,0,0,,,,,,,,,0,,,,,,,
BJGUFqGjwi4,p,https://www.instagram.com/thedogist/p/BJGUFqGjwi4/,queued,0,0,,0,0,0,,,0,0,0,0,0,0,,,,,,,,,0,,,,,,,
BJF9xDQD08A,p,https://www.instagram.com/thedogist/p/BJF9xDQD08A/,queued,0,0,,0,0,0,,,0,0,0,0,0,0,,,,,,,,,0,,,,,,,
BJERojXDqmH,p,https://www.instagram.com/thedogist/p/BJERojXDqmH/,queued,0,0,,0,0,0,,,0,0,0,0,0,0,,,,,,,,,0,,,,,,,
BJD2tIEjTH8,p,https://www.instagram.com/thedogist/p/BJD2tIEjTH8/,queued,0,0,,0,0,0,,,0,0,0,0,0,0,,,,,,,,,0,,,,,,,
BJDhPPfDIEN,p,https://www.instagram.com/thedogist/p/BJDhPPfDIEN/,queued,0,0,,0,0,0,,,0,0,0,0,0,0,,,,,,,,,0,,,,,,,
BJBhnYODnLo,p,https://www.instagram.com/thedogist/p/BJBhnYODnLo/,queued,0,0,,0,0,0,,,0,0,0,0,0,0,,,,,,,,,0,,,,,,,
BJBBqBdjtch,p,https://www.instagram.com/thedogist/p/BJBBqBdjtch/,queued,0,0,,0,0,0,,,0,0,0,0,0,0,,,,,,,,,0,,,,,,,
BJAonRQD7hD,p,https://www.instagram.com/thedogist/p/BJAonRQD7hD/,queued,0,0,,0,0,0,,,0,0,0,0,0,0,,,,,,,,,0,,,,,,,
BI_UyWfDC1I,p,https://www.instagram.com/thedogist/p/BI_UyWfDC1I/,queued,0,0,,0,0,0,,,0,0,0,0,0,0,,,,,,,,,0,,,,,,,
BI_CPNIDiEn,p,https://www.instagram.com/thedogist/p/BI_CPNIDiEn/,queued,0,0,,0,0,0,,,0,0,0,0,0,0,,,,,,,,,0,,,,,,,
BI-niTLDHGf,p,https://www.instagram.com/thedogist/p/BI-niTLDHGf/,queued,0,0,,0,0,0,,,0,0,0,0,0,0,,,,,,,,,0,,,,,,,
BI-VusWj1Wo,p,https://www.instagram.com/thedogist/p/BI-VusWj1Wo/,queued,0,0,,0,0,0,,,0,0,0,0,0,0,,,,,,,,,0,,,,,,,
BI8y6awDBAe,p,https://www.instagram.com/thedogist/p/BI8y6awDBAe/,queued,0,0,,0,0,0,,,0,0,0,0,0,0,,,,,,,,,0,,,,,,,
BI8eVewjMt7,p,https://www.instagram.com/thedogist/p/BI8eVewjMt7/,queued,0,0,,0,0,0,,,0,0,0,0,0,0,,,,,,,,,0,,,,,,,
BI8NTrPjp7u,p,https://www.instagram.com/thedogist/p/BI8NTrPjp7u/,queued,0,0,,0,0,0,,,0,0,0,0,0,0,,,,,,,,,0,,,,,,,
BI7wMNvjbpm,p,https://www.instagram.com/thedogist/p/BI7wMNvjbpm/,queued,0,0,,0,0,0,,,0,0,0,0,0,0,,,,,,,,,0,,,,,,,
BI6Wz1IDJeT,p,https://www.instagram.com/thedogist/p/BI6Wz1IDJeT/,queued,0,0,,0,0,0,,,0,0,0,0,0,0,,,,,,,,,0,,,,,,,
BI5zenbjHeY,p,https://www.instagram.com/thedogist/p/BI5zenbjHeY/,queued,0,0,,0,0,0,,,0,0,0,0,0,0,,,,,,,,,0,,,,,,,
BI5a-jcDQzW,p,https://www.instagram.com/thedogist/p/BI5a-jcDQzW/,queued,0,0,,0,0,0,,,0,0,0,0,0,0,,,,,,,,,0,,,,,,,
BI5NlBOjvhY,p,https://www.instagram.com/thedogist/p/BI5NlBOjvhY/,queued,0,0,,0,0,0,,,0,0,0,0,0,0,,,,,,,,,0,,,,,,,
BI3fnlbjPSb,p,https://www.instagram.com/thedogist/p/BI3fnlbjPSb/,queued,0,0,,0,0,0,,,0,0,0,0,0,0,,,,,,,,,0,,,,,,,
BI3K9cQDlDF,p,https://www.instagram.com/thedogist/p/BI3K9cQDlDF/,queued,0,0,,0,0,0,,,0,0,0,0,0,0,,,,,,,,,0,,,,,,,
BI2u5AdDx5L,p,https://www.instagram.com/thedogist/p/BI2u5AdDx5L/,queued,0,0,,0,0,0,,,0,0,0,0,0,0,,,,,,,,,0,,,,,,,
BI2ldKmjpzz,p,https://www.instagram.com/thedogist/p/BI2ldKmjpzz/,queued,0,0,,0,0,0,,,0,0,0,0,0,0,,,,,,,,,0,,,,,,,
BI05xdGjGd2,p,https://www.instagram.com/thedogist/p/BI05xdGjGd2/,queued,0,0,,0,0,0,,,0,0,0,0,0,0,,,,,,,,,0,,,,,,,
BI0oIhajpoK,p,https://www.instagram.com/thedogist/p/BI0oIhajpoK/,queued,0,0,,0,0,0,,,0,0,0,0,0,0,,,,,,,,,0,,,,,,,
BI0YZNFj-Kb,p,https://www.instagram.com/thedogist/p/BI0YZNFj-Kb/,queued,0,0,,0,0,0,,,0,0,0,0,0,0,,,,,,,,,0,,,,,,,
BI0C8Snjbgp,p,https://www.instagram.com/thedogist/p/BI0C8Snjbgp/,queued,0,0,,0,0,0,,,0,0,0,0,0,0,,,,,,,,,0,,,,,,,
BIycdDwDTkn,p,https://www.instagram.com/thedogist/p/BIycdDwDTkn/,queued,0,0,,0,0,0,,,0,0,0,0,0,0,,,,,,,,,0,,,,,,,
BIyBODFDlX0,p,https://www.instagram.com/thedogist/p/BIyBODFDlX0/,queued,0,0,,0,0,0,,,0,0,0,0,0,0,,,,,,,,,0,,,,,,,
BIxnMVNj8Vw,p,https://www.instagram.com/thedogist/p/BIxnMVNj8Vw/,queued,0,0,,0,0,0,,,0,0,0,0,0,0,,,,,,,,,0,,,,,,,
BIxVAG-DJzb,p,https://www.instagram.com/thedogist/p/BIxVAG-DJzb/,queued,0,0,,0,0,0,,,0,0,0,0,0,0,,,,,,,,,0,,,,,,,
BIv6p51DaXw,p,https://www.instagram.com/thedogist/p/BIv6p51DaXw/,queued,0,0,,0,0,0,,,0,0,0,0,0,0,,,,,,,,,0,,,,,,,
BIvdDSKjWWS,p,https://www.instagram.com/thedogist/p/BIvdDSKjWWS/,queued,0,0,,0,0,0,,,0,0,0,0,0,0,,,,,,,,,0,,,,,,,
BIvAIQODhpX,p,https://www.instagram.com/thedogist/p/BIvAIQODhpX/,queued,0,0,,0,0,0,,,0,0,0,0,0,0,,,,,,,,,0,,,,,,,
BIuvw5YDufy,p,https://www.instagram.com/thedogist/p/BIuvw5YDufy/,queued,0,0,,0,0,0,,,0,0,0,0,0,0,,,,,,,,,0,,,,,,,
BItQH9ZBMjh,p,https://www.instagram.com/thedogist/p/BItQH9ZBMjh/,queued,0,0,,0,0,0,,,0,0,0,0,0,0,,,,,,,,,0,,,,,,,
BIs7M0tDm6j,p,https://www.instagram.com/thedogist/p/BIs7M0tDm6j/,queued,0,0,,0,0,0,,,0,0,0,0,0,0,,,,,,,,,0,,,,,,,
BIsi_4Lj7Fs,p,https://www.instagram.com/thedogist/p/BIsi_4Lj7Fs/,queued,0,0,,0,0,0,,,0,0,0,0,0,0,,,,,,,,,0,,,,,,,
BIsPALZjGl_,p,https://www.instagram.com/thedogist/p/BIsPALZjGl_/,queued,0,0,,0,0,0,,,0,0,0,0,0,0,,,,,,,,,0,,,,,,,
BIql0enjeWS,p,https://www.instagram.com/thedogist/p/BIql0enjeWS/,queued,0,0,,0,0,0,,,0,0,0,0,0,0,,,,,,,,,0,,,,,,,
BIqLQmNDDQY,p,https://www.instagram.com/thedogist/p/BIqLQmNDDQY/,queued,0,0,,0,0,0,,,0,0,0,0,0,0,,,,,,,,,0,,,,,,,
BIp4oKnDFF8,p,https://www.instagram.com/thedogist/p/BIp4oKnDFF8/,queued,0,0,,0,0,0,,,0,0,0,0,0,0,,,,,,,,,0,,,,,,,
BIpm85Mj20r,p,https://www.instagram.com/thedogist/p/BIpm85Mj20r/,queued,0,0,,0,0,0,,,0,0,0,0,0,0,,,,,,,,,0,,,,,,,
BIoC11UD8xs,p,https://www.instagram.com/thedogist/p/BIoC11UD8xs/,queued,0,0,,0,0,0,,,0,0,0,0,0,0,,,,,,,,,0,,,,,,,
BInt8BpDZOu,p,https://www.instagram.com/thedogist/p/BInt8BpDZOu/,queued,0,0,,0,0,0,,,0,0,0,0,0,0,,,,,,,,,0,,,,,,,
BInUGonjFop,p,https://www.instagram.com/thedogist/p/BInUGonjFop/,queued,0,0,,0,0,0,,,0,0,0,0,0,0,,,,,,,,,0,,,,,,,
BInALHdjMta,p,https://www.instagram.com/thedogist/p/BInALHdjMta/,queued,0,0,,0,0,0,,,0,0,0,0,0,0,,,,,,,,,0,,,,,,,
BIljg1Dj_6s,p,https://www.instagram.com/thedogist/p/BIljg1Dj_6s/,queued,0,0,,0,0,0,,,0,0,0,0,0,0,,,,,,,,,0,,,,,,,
BIlKzXODV9I,p,https://www.instagram.com/thedogist/p/BIlKzXODV9I/,queued,0,0,,0,0,0,,,0,0,0,0,0,0,,,,,,,,,0,,,,,,,
BIkt8KyDEos,p,https://www.instagram.com/thedogist/p/BIkt8KyDEos/,queued,0,0,,0,0,0,,,0,0,0,0,0,0,,,,,,,,,0,,,,,,,
BIkdIl9DxU4,p,https://www.instagram.com/thedogist/p/BIkdIl9DxU4/,queued,0,0,,0,0,0,,,0,0,0,0,0,0,,,,,,,,,0,,,,,,,
BIi_CHrDR3S,p,https://www.instagram.com/thedogist/p/BIi_CHrDR3S/,queued,0,0,,0,0,0,,,0,0,0,0,0,0,,,,,,,,,0,,,,,,,
BIiahhWjuz-,p,https://www.instagram.com/thedogist/p/BIiahhWjuz-/,queued,0,0,,0,0,0,,,0,0,0,0,0,0,,,,,,,,,0,,,,,,,
BIiBE6UDgGG,p,https://www.instagram.com/thedogist/p/BIiBE6UDgGG/,queued,0,0,,0,0,0,,,0,0,0,0,0,0,,,,,,,,,0,,,,,,,
BIgcm5qjhHS,p,https://www.instagram.com/thedogist/p/BIgcm5qjhHS/,queued,0,0,,0,0,0,,,0,0,0,0,0,0,,,,,,,,,0,,,,,,,
BIfqVLmjkZn,p,https://www.instagram.com/thedogist/p/BIfqVLmjkZn/,queued,0,0,,0,0,0,,,0,0,0,0,0,0,,,,,,,,,0,,,,,,,
BIfW7lXj7PK,p,https://www.instagram.com/thedogist/p/BIfW7lXj7PK/,queued,0,0,,0,0,0,,,0,0,0,0,0,0,,,,,,,,,0,,,,,,,
BIdlv46DYuM,p,https://www.instagram.com/thedogist/p/BIdlv46DYuM/,queued,0,0,,0,0,0,,,0,0,0,0,0,0,,,,,,,,,0,,,,,,,
BIdCc7ejHse,p,https://www.instagram.com/thedogist/p/BIdCc7ejHse/,queued,0,0,,0,0,0,,,0,0,0,0,0,0,,,,,,,,,0,,,,,,,
BIctwlbjnR5,p,https://www.instagram.com/thedogist/p/BIctwlbjnR5/,queued,0,0,,0,0,0,,,0,0,0,0,0,0,,,,,,,,,0,,,,,,,
BIbOePfDPDO,p,https://www.instagram.com/thedogist/p/BIbOePfDPDO/,queued,0,0,,0,0,0,,,0,0,0,0,0,0,,,,,,,,,0,,,,,,,
BIa-lDhDyIu,p,https://www.instagram.com/thedogist/p/BIa-lDhDyIu/,queued,0,0,,0,0,0,,,0,0,0,0,0,0,,,,,,,,,0,,,,,,,
BIagX7ZD1AF,p,https://www.instagram.com/thedogist/p/BIagX7ZD1AF/,queued,0,0,,0,0,0,,,0,0,0,0,0,0,,,,,,,,,0,,,,,,,
BIaPdxQjjE7,p,https://www.instagram.com/thedogist/p/BIaPdxQjjE7/,queued,0,0,,0,0,0,,,0,0,0,0,0,0,,,,,,,,,0,,,,,,,
BIYXb2njud8,p,https://www.instagram.com/thedogist/p/BIYXb2njud8/,queued,0,0,,0,0,0,,,0,0,0,0,0,0,,,,,,,,,0,,,,,,,
BIX6oEDD2u9,p,https://www.instagram.com/thedogist/p/BIX6oEDD2u9/,queued,0,0,,0,0,0,,,0,0,0,0,0,0,,,,,,,,,0,,,,,,,
BIXn5yNjYLW,p,https://www.instagram.com/thedogist/p/BIXn5yNjYLW/,queued,0,0,,0,0,0,,,0,0,0,0,0,0,,,,,,,,,0,,,,,,,
BIWGWs-Dn3v,p,https://www.instagram.com/thedogist/p/BIWGWs-Dn3v/,queued,0,0,,0,0,0,,,0,0,0,0,0,0,,,,,,,,,0,,,,,,,
BIVzrWFjvnd,p,https://www.instagram.com/thedogist/p/BIVzrWFjvnd/,queued,0,0,,0,0,0,,,0,0,0,0,0,0,,,,,,,,,0,,,,,,,
BIVZZayj6mR,p,https://www.instagram.com/thedogist/p/BIVZZayj6mR/,queued,0,0,,0,0,0,,,0,0,0,0,0,0,,,,,,,,,0,,,,,,,
BIVIRPLjVR3,p,https://www.instagram.com/thedogist/p/BIVIRPLjVR3/,queued,0,0,,0,0,0,,,0,0,0,0,0,0,,,,,,,,,0,,,,,,,
BIThlMwDlGV,p,https://www.instagram.com/thedogist/p/BIThlMwDlGV/,queued,0,0,,0,0,0,,,0,0,0,0,0,0,,,,,,,,,0,,,,,,,
BITOPQejjBx,p,https://www.instagram.com/thedogist/p/BITOPQejjBx/,queued,0,0,,0,0,0,,,0,0,0,0,0,0,,,,,,,,,0,,,,,,,
BISwQrOjCx0,p,https://www.instagram.com/thedogist/p/BISwQrOjCx0/,queued,0,0,,0,0,0,,,0,0,0,0,0,0,,,,,,,,,0,,,,,,,
BISbj7VjICk,p,https://www.instagram.com/thedogist/p/BISbj7VjICk/,queued,0,0,,0,0,0,,,0,0,0,0,0,0,,,,,,,,,0,,,,,,,
BIRDvczDHNq,p,https://www.instagram.com/thedogist/p/BIRDvczDHNq/,queued,0,0,,0,0,0,,,0,0,0,0,0,0,,,,,,,,,0,,,,,,,
BIQOCRyDfg3,p,https://www.instagram.com/thedogist/p/BIQOCRyDfg3/,queued,0,0,,0,0,0,,,0,0,0,0,0,0,,,,,,,,,0,,,,,,,
BIP7AsWDL_A,p,https://www.instagram.com/thedogist/p/BIP7AsWDL_A/,queued,0,0,,0,0,0,,,0,0,0,0,0,0,,,,,,,,,0,,,,,,,
BIN-nWAjD8Y,p,https://www.instagram.com/thedogist/p/BIN-nWAjD8Y/,queued,0,0,,0,0,0,,,0,0,0,0,0,0,,,,,,,,,0,,,,,,,
BINpoQ4DnB7,p,https://www.instagram.com/thedogist/p/BINpoQ4DnB7/,queued,0,0,,0,0,0,,,0,0,0,0,0,0,,,,,,,,,0,,,,,,,
BINXGS1jtvE,p,https://www.instagram.com/thedogist/p/BINXGS1jtvE/,queued,0,0,,0,0,0,,,0,0,0,0,0,0,,,,,,,,,0,,,,,,,
BIMDOJEjX7f,p,https://www.instagram.com/thedogist/p/BIMDOJEjX7f/,queued,0,0,,0,0,0,,,0,0,0,0,0,0,,,,,,,,,0,,,,,,,
BILxJcCD6sr,p,https://www.instagram.com/thedogist/p/BILxJcCD6sr/,queued,0,0,,0,0,0,,,0,0,0,0,0,0,,,,,,,,,0,,,,,,,
BILSb5HDmaZ,p,https://www.instagram.com/thedogist/p/BILSb5HDmaZ/,queued,0,0,,0,0,0,,,0,0,0,0,0,0,,,,,,,,,0,,,,,,,
BIKz3HojkG0,p,https://www.instagram.com/thedogist/p/BIKz3HojkG0/,queued,0,0,,0,0,0,,,0,0,0,0,0,0,,,,,,,,,0,,,,,,,
BIJJXR7D0jr,p,https://www.instagram.com/thedogist/p/BIJJXR7D0jr/,queued,0,0,,0,0,0,,,0,0,0,0,0,0,,,,,,,,,0,,,,,,,
BIImp1GDXCs,p,https://www.instagram.com/thedogist/p/BIImp1GDXCs/,queued,0,0,,0,0,0,,,0,0,0,0,0,0,,,,,,,,,0,,,,,,,
BIIJmdJDr4E,p,https://www.instagram.com/thedogist/p/BIIJmdJDr4E/,queued,0,0,,0,0,0,,,0,0,0,0,0,0,,,,,,,,,0,,,,,,,
BIGmkVhjaEM,p,https://www.instagram.com/thedogist/p/BIGmkVhjaEM/,queued,0,0,,0,0,0,,,0,0,0,0,0,0,,,,,,,,,0,,,,,,,
BIF7W9PjHcP,p,https://www.instagram.com/thedogist/p/BIF7W9PjHcP/,queued,0,0,,0,0,0,,,0,0,0,0,0,0,,,,,,,,,0,,,,,,,
BIFmvPpDQNk,p,https://www.instagram.com/thedogist/p/BIFmvPpDQNk/,queued,0,0,,0,0,0,,,0,0,0,0,0,0,,,,,,,,,0,,,,,,,
BIDrV9Ij-VO,p,https://www.instagram.com/thedogist/p/BIDrV9Ij-VO/,queued,0,0,,0,0,0,,,0,0,0,0,0,0,,,,,,,,,0,,,,,,,
BIDQmQkjejs,p,https://www.instagram.com/thedogist/p/BIDQmQkjejs/,queued,0,0,,0,0,0,,,0,0,0,0,0,0,,,,,,,,,0,,,,,,,
BIDAEJlj6oV,p,https://www.instagram.com/thedogist/p/BIDAEJlj6oV/,queued,0,0,,0,0,0,,,0,0,0,0,0,0,,,,,,,,,0,,,,,,,
BIBgKlCjM3U,p,https://www.instagram.com/thedogist/p/BIBgKlCjM3U/,queued,0,0,,0,0,0,,,0,0,0,0,0,0,,,,,,,,,0,,,,,,,
BIBF3f5DoAj,p,https://www.instagram.com/thedogist/p/BIBF3f5DoAj/,queued,0,0,,0,0,0,,,0,0,0,0,0,0,,,,,,,,,0,,,,,,,
BIAzVwEDhh5,p,https://www.instagram.com/thedogist/p/BIAzVwEDhh5/,queued,0,0,,0,0,0,,,0,0,0,0,0,0,,,,,,,,,0,,,,,,,
BIAaSh2DxM3,p,https://www.instagram.com/thedogist/p/BIAaSh2DxM3/,queued,0,0,,0,0,0,,,0,0,0,0,0,0,,,,,,,,,0,,,,,,,
BH-okVRjJmn,p,https://www.instagram.com/thedogist/p/BH-okVRjJmn/,queued,0,0,,0,0,0,,,0,0,0,0,0,0,,,,,,,,,0,,,,,,,
BH-ITqNDjA-,p,https://www.instagram.com/thedogist/p/BH-ITqNDjA-/,queued,0,0,,0,0,0,,,0,0,0,0,0,0,,,,,,,,,0,,,,,,,
BH92w90DHZF,p,https://www.instagram.com/thedogist/p/BH92w90DHZF/,queued,0,0,,0,0,0,,,0,0,0,0,0,0,,,,,,,,,0,,,,,,,
BH8IKEhD0bE,p,https://www.instagram.com/thedogist/p/BH8IKEhD0bE/,queued,0,0,,0,0,0,,,0,0,0,0,0,0,,,,,,,,,0,,,,,,,
BH7vRl6jnYS,p,https://www.instagram.com/thedogist/p/BH7vRl6jnYS/,queued,0,0,,0,0,0,,,0,0,0,0,0,0,,,,,,,,,0,,,,,,,
BH7VQO-Dn7H,p,https://www.instagram.com/thedogist/p/BH7VQO-Dn7H/,queued,0,0,,0,0,0,,,0,0,0,0,0,0,,,,,,,,,0,,,,,,,
BH5haj7DZew,p,https://www.instagram.com/thedogist/p/BH5haj7DZew/,queued,0,0,,0,0,0,,,0,0,0,0,0,0,,,,,,,,,0,,,,,,,
BH47s1VDr8z,p,https://www.instagram.com/thedogist/p/BH47s1VDr8z/,queued,0,0,,0,0,0,,,0,0,0,0,0,0,,,,,,,,,0,,,,,,,
BH47qJbDAfb,reel,https://www.instagram.com/thedogist/reel/BH47qJbDAfb/,queued,0,0,,0,0,0,,,0,0,0,0,0,0,,,,,,,,,0,,,,,,,
BH3Qydlj4CB,p,https://www.instagram.com/thedogist/p/BH3Qydlj4CB/,queued,0,0,,0,0,0,,,0,0,0,0,0,0,,,,,,,,,0,,,,,,,
BH2qwroDn37,p,https://www.instagram.com/thedogist/p/BH2qwroDn37/,queued,0,0,,0,0,0,,,0,0,0,0,0,0,,,,,,,,,0,,,,,,,
BH2WvZlD3GS,p,https://www.instagram.com/thedogist/p/BH2WvZlD3GS/,queued,0,0,,0,0,0,,,0,0,0,0,0,0,,,,,,,,,0,,,,,,,
BH2B1LMjeAq,p,https://www.instagram.com/thedogist/p/BH2B1LMjeAq/,queued,0,0,,0,0,0,,,0,0,0,0,0,0,,,,,,,,,0,,,,,,,
BH0biRZjK6b,p,https://www.instagram.com/thedogist/p/BH0biRZjK6b/,queued,0,0,,0,0,0,,,0,0,0,0,0,0,,,,,,,,,0,,,,,,,
BHz6LYlDa0i,p,https://www.instagram.com/thedogist/p/BHz6LYlDa0i/,queued,0,0,,0,0,0,,,0,0,0,0,0,0,,,,,,,,,0,,,,,,,
BHzjdZyDR8_,p,https://www.instagram.com/thedogist/p/BHzjdZyDR8_/,queued,0,0,,0,0,0,,,0,0,0,0,0,0,,,,,,,,,0,,,,,,,
BHx3NuWj_P0,p,https://www.instagram.com/thedogist/p/BHx3NuWj_P0/,queued,0,0,,0,0,0,,,0,0,0,0,0,0,,,,,,,,,0,,,,,,,
BHxc_IwjYIU,p,https://www.instagram.com/thedogist/p/BHxc_IwjYIU/,queued,0,0,,0,0,0,,,0,0,0,0,0,0,,,,,,,,,0,,,,,,,
BHxAY-DDTFK,p,https://www.instagram.com/thedogist/p/BHxAY-DDTFK/,queued,0,0,,0,0,0,,,0,0,0,0,0,0,,,,,,,,,0,,,,,,,
BHvZ0s7DpMo,p,https://www.instagram.com/thedogist/p/BHvZ0s7DpMo/,queued,0,0,,0,0,0,,,0,0,0,0,0,0,,,,,,,,,0,,,,,,,
BHvDxZIjlCD,p,https://www.instagram.com/thedogist/p/BHvDxZIjlCD/,queued,0,0,,0,0,0,,,0,0,0,0,0,0,,,,,,,,,0,,,,,,,
BHuprHRD_Xp,p,https://www.instagram.com/thedogist/p/BHuprHRD_Xp/,queued,0,0,,0,0,0,,,0,0,0,0,0,0,,,,,,,,,0,,,,,,,
BHuWV-zjVvY,p,https://www.instagram.com/thedogist/p/BHuWV-zjVvY/,queued,0,0,,0,0,0,,,0,0,0,0,0,0,,,,,,,,,0,,,,,,,
BHs0hvzDC5d,p,https://www.instagram.com/thedogist/p/BHs0hvzDC5d/,queued,0,0,,0,0,0,,,0,0,0,0,0,0,,,,,,,,,0,,,,,,,
BHsU30oD3DT,p,https://www.instagram.com/thedogist/p/BHsU30oD3DT/,queued,0,0,,0,0,0,,,0,0,0,0,0,0,,,,,,,,,0,,,,,,,
BHr2GIKjhHn,p,https://www.instagram.com/thedogist/p/BHr2GIKjhHn/,queued,0,0,,0,0,0,,,0,0,0,0,0,0,,,,,,,,,0,,,,,,,
BHqQSF0jwjD,p,https://www.instagram.com/thedogist/p/BHqQSF0jwjD/,queued,0,0,,0,0,0,,,0,0,0,0,0,0,,,,,,,,,0,,,,,,,
BHpsGjDjJwU,p,https://www.instagram.com/thedogist/p/BHpsGjDjJwU/,queued,0,0,,0,0,0,,,0,0,0,0,0,0,,,,,,,,,0,,,,,,,
BHpPQPaDn9V,p,https://www.instagram.com/thedogist/p/BHpPQPaDn9V/,queued,0,0,,0,0,0,,,0,0,0,0,0,0,,,,,,,,,0,,,,,,,
BHnrLKmjKi5,p,https://www.instagram.com/thedogist/p/BHnrLKmjKi5/,queued,0,0,,0,0,0,,,0,0,0,0,0,0,,,,,,,,,0,,,,,,,
BHnXsyejoNn,p,https://www.instagram.com/thedogist/p/BHnXsyejoNn/,queued,0,0,,0,0,0,,,0,0,0,0,0,0,,,,,,,,,0,,,,,,,
BHm8Z5VjXj9,p,https://www.instagram.com/thedogist/p/BHm8Z5VjXj9/,queued,0,0,,0,0,0,,,0,0,0,0,0,0,,,,,,,,,0,,,,,,,
BHmsP-JjQ2z,p,https://www.instagram.com/thedogist/p/BHmsP-JjQ2z/,queued,0,0,,0,0,0,,,0,0,0,0,0,0,,,,,,,,,0,,,,,,,
BHlNeuLD6fW,p,https://www.instagram.com/thedogist/p/BHlNeuLD6fW/,queued,0,0,,0,0,0,,,0,0,0,0,0,0,,,,,,,,,0,,,,,,,
BHksQ7YjtBk,p,https://www.instagram.com/thedogist/p/BHksQ7YjtBk/,queued,0,0,,0,0,0,,,0,0,0,0,0,0,,,,,,,,,0,,,,,,,
BHkBe4WDqm1,p,https://www.instagram.com/thedogist/p/BHkBe4WDqm1/,queued,0,0,,0,0,0,,,0,0,0,0,0,0,,,,,,,,,0,,,,,,,
BHiedMKDJTX,p,https://www.instagram.com/thedogist/p/BHiedMKDJTX/,queued,0,0,,0,0,0,,,0,0,0,0,0,0,,,,,,,,,0,,,,,,,
BHh90ePDWyZ,p,https://www.instagram.com/thedogist/p/BHh90ePDWyZ/,queued,0,0,,0,0,0,,,0,0,0,0,0,0,,,,,,,,,0,,,,,,,
BHhnzM5j6N5,p,https://www.instagram.com/thedogist/p/BHhnzM5j6N5/,queued,0,0,,0,0,0,,,0,0,0,0,0,0,,,,,,,,,0,,,,,,,
BHf7Bbhj-7x,p,https://www.instagram.com/thedogist/p/BHf7Bbhj-7x/,queued,0,0,,0,0,0,,,0,0,0,0,0,0,,,,,,,,,0,,,,,,,
BHffUhEjTtR,p,https://www.instagram.com/thedogist/p/BHffUhEjTtR/,queued,0,0,,0,0,0,,,0,0,0,0,0,0,,,,,,,,,0,,,,,,,
BHfNCHPjQdl,p,https://www.instagram.com/thedogist/p/BHfNCHPjQdl/,queued,0,0,,0,0,0,,,0,0,0,0,0,0,,,,,,,,,0,,,,,,,
BHe9YKnjXya,p,https://www.instagram.com/thedogist/p/BHe9YKnjXya/,queued,0,0,,0,0,0,,,0,0,0,0,0,0,,,,,,,,,0,,,,,,,
BHdfpW2j614,p,https://www.instagram.com/thedogist/p/BHdfpW2j614/,queued,0,0,,0,0,0,,,0,0,0,0,0,0,,,,,,,,,0,,,,,,,
BHdPYDhD6bH,p,https://www.instagram.com/thedogist/p/BHdPYDhD6bH/,queued,0,0,,0,0,0,,,0,0,0,0,0,0,,,,,,,,,0,,,,,,,
BHc9WEtDzOX,p,https://www.instagram.com/thedogist/p/BHc9WEtDzOX/,queued,0,0,,0,0,0,,,0,0,0,0,0,0,,,,,,,,,0,,,,,,,
BHcxObFjena,p,https://www.instagram.com/thedogist/p/BHcxObFjena/,queued,0,0,,0,0,0,,,0,0,0,0,0,0,,,,,,,,,0,,,,,,,
BHarZ7WDAmB,p,https://www.instagram.com/thedogist/p/BHarZ7WDAmB/,queued,0,0,,0,0,0,,,0,0,0,0,0,0,,,,,,,,,0,,,,,,,
BHaLH4oj3oj,p,https://www.instagram.com/thedogist/p/BHaLH4oj3oj/,queued,0,0,,0,0,0,,,0,0,0,0,0,0,,,,,,,,,0,,,,,,,
BHaLF5Mj3Uy,p,https://www.instagram.com/thedogist/p/BHaLF5Mj3Uy/,queued,0,0,,0,0,0,,,0,0,0,0,0,0,,,,,,,,,0,,,,,,,
BHZ5vLHD8S0,p,https://www.instagram.com/thedogist/p/BHZ5vLHD8S0/,queued,0,0,,0,0,0,,,0,0,0,0,0,0,,,,,,,,,0,,,,,,,
BHYHTwxjE4i,p,https://www.instagram.com/thedogist/p/BHYHTwxjE4i/,queued,0,0,,0,0,0,,,0,0,0,0,0,0,,,,,,,,,0,,,,,,,
BHXhA5hD0BD,p,https://www.instagram.com/thedogist/p/BHXhA5hD0BD/,queued,0,0,,0,0,0,,,0,0,0,0,0,0,,,,,,,,,0,,,,,,,
BHXS68-jVWi,p,https://www.instagram.com/thedogist/p/BHXS68-jVWi/,queued,0,0,,0,0,0,,,0,0,0,0,0,0,,,,,,,,,0,,,,,,,
BHV2wRBj2E_,p,https://www.instagram.com/thedogist/p/BHV2wRBj2E_/,queued,0,0,,0,0,0,,,0,0,0,0,0,0,,,,,,,,,0,,,,,,,
BHVco6FDkxr,p,https://www.instagram.com/thedogist/p/BHVco6FDkxr/,queued,0,0,,0,0,0,,,0,0,0,0,0,0,,,,,,,,,0,,,,,,,
BHVNi_1DRsU,p,https://www.instagram.com/thedogist/p/BHVNi_1DRsU/,queued,0,0,,0,0,0,,,0,0,0,0,0,0,,,,,,,,,0,,,,,,,
BHVEtdoj92i,p,https://www.instagram.com/thedogist/p/BHVEtdoj92i/,queued,0,0,,0,0,0,,,0,0,0,0,0,0,,,,,,,,,0,,,,,,,
BHUxs83jV4F,p,https://www.instagram.com/thedogist/p/BHUxs83jV4F/,queued,0,0,,0,0,0,,,0,0,0,0,0,0,,,,,,,,,0,,,,,,,
BHTSvGKjxC-,p,https://www.instagram.com/thedogist/p/BHTSvGKjxC-/,queued,0,0,,0,0,0,,,0,0,0,0,0,0,,,,,,,,,0,,,,,,,
BHS-QHvj3cT,p,https://www.instagram.com/thedogist/p/BHS-QHvj3cT/,queued,0,0,,0,0,0,,,0,0,0,0,0,0,,,,,,,,,0,,,,,,,
BHScpRuj1Dv,p,https://www.instagram.com/thedogist/p/BHScpRuj1Dv/,queued,0,0,,0,0,0,,,0,0,0,0,0,0,,,,,,,,,0,,,,,,,
BHSchXjjmV-,reel,https://www.instagram.com/thedogist/reel/BHSchXjjmV-/,queued,0,0,,0,0,0,,,0,0,0,0,0,0,,,,,,,,,0,,,,,,,
BHSJAtSDaZm,p,https://www.instagram.com/thedogist/p/BHSJAtSDaZm/,queued,0,0,,0,0,0,,,0,0,0,0,0,0,,,,,,,,,0,,,,,,,
BHQLs3MDabg,p,https://www.instagram.com/thedogist/p/BHQLs3MDabg/,queued,0,0,,0,0,0,,,0,0,0,0,0,0,,,,,,,,,0,,,,,,,
BHP396JDAZo,p,https://www.instagram.com/thedogist/p/BHP396JDAZo/,queued,0,0,,0,0,0,,,0,0,0,0,0,0,,,,,,,,,0,,,,,,,
BHPgMOYja08,p,https://www.instagram.com/thedogist/p/BHPgMOYja08/,queued,0,0,,0,0,0,,,0,0,0,0,0,0,,,,,,,,,0,,,,,,,
BHOXTwKDC-Y,p,https://www.instagram.com/thedogist/p/BHOXTwKDC-Y/,queued,0,0,,0,0,0,,,0,0,0,0,0,0,,,,,,,,,0,,,,,,,
BHNt3hNDjcF,p,https://www.instagram.com/thedogist/p/BHNt3hNDjcF/,queued,0,0,,0,0,0,,,0,0,0,0,0,0,,,,,,,,,0,,,,,,,
BHNZIZyD7nz,p,https://www.instagram.com/thedogist/p/BHNZIZyD7nz/,queued,0,0,,0,0,0,,,0,0,0,0,0,0,,,,,,,,,0,,,,,,,
BHM9T0sDUtQ,p,https://www.instagram.com/thedogist/p/BHM9T0sDUtQ/,queued,0,0,,0,0,0,,,0,0,0,0,0,0,,,,,,,,,0,,,,,,,
BHLjKS0D5QW,p,https://www.instagram.com/thedogist/p/BHLjKS0D5QW/,queued,0,0,,0,0,0,,,0,0,0,0,0,0,,,,,,,,,0,,,,,,,
BHLPl41jwJY,p,https://www.instagram.com/thedogist/p/BHLPl41jwJY/,queued,0,0,,0,0,0,,,0,0,0,0,0,0,,,,,,,,,0,,,,,,,
BHKruy_js7o,p,https://www.instagram.com/thedogist/p/BHKruy_js7o/,queued,0,0,,0,0,0,,,0,0,0,0,0,0,,,,,,,,,0,,,,,,,
BHKcHB7jqWY,p,https://www.instagram.com/thedogist/p/BHKcHB7jqWY/,queued,0,0,,0,0,0,,,0,0,0,0,0,0,,,,,,,,,0,,,,,,,
BHIwYgjjCSe,p,https://www.instagram.com/thedogist/p/BHIwYgjjCSe/,queued,0,0,,0,0,0,,,0,0,0,0,0,0,,,,,,,,,0,,,,,,,
BHIdLrhjEPZ,p,https://www.instagram.com/thedogist/p/BHIdLrhjEPZ/,queued,0,0,,0,0,0,,,0,0,0,0,0,0,,,,,,,,,0,,,,,,,
BHIIsJVjgGq,p,https://www.instagram.com/thedogist/p/BHIIsJVjgGq/,queued,0,0,,0,0,0,,,0,0,0,0,0,0,,,,,,,,,0,,,,,,,
BHHzQdTjxsj,p,https://www.instagram.com/thedogist/p/BHHzQdTjxsj/,queued,0,0,,0,0,0,,,0,0,0,0,0,0,,,,,,,,,0,,,,,,,
BHGOixxjj6c,p,https://www.instagram.com/thedogist/p/BHGOixxjj6c/,queued,0,0,,0,0,0,,,0,0,0,0,0,0,,,,,,,,,0,,,,,,,
BHFq6skjbyY,p,https://www.instagram.com/thedogist/p/BHFq6skjbyY/,queued,0,0,,0,0,0,,,0,0,0,0,0,0,,,,,,,,,0,,,,,,,
BHFU7wPDkmN,p,https://www.instagram.com/thedogist/p/BHFU7wPDkmN/,queued,0,0,,0,0,0,,,0,0,0,0,0,0,,,,,,,,,0,,,,,,,
BHDnbIKjyGR,p,https://www.instagram.com/thedogist/p/BHDnbIKjyGR/,queued,0,0,,0,0,0,,,0,0,0,0,0,0,,,,,,,,,0,,,,,,,
BHDJvQHjWdX,p,https://www.instagram.com/thedogist/p/BHDJvQHjWdX/,queued,0,0,,0,0,0,,,0,0,0,0,0,0,,,,,,,,,0,,,,,,,
BHCoOLRj-Fe,p,https://www.instagram.com/thedogist/p/BHCoOLRj-Fe/,queued,0,0,,0,0,0,,,0,0,0,0,0,0,,,,,,,,,0,,,,,,,
BHBR6zgDtJ2,p,https://www.instagram.com/thedogist/p/BHBR6zgDtJ2/,queued,0,0,,0,0,0,,,0,0,0,0,0,0,,,,,,,,,0,,,,,,,
BHA1yl_tOS9,p,https://www.instagram.com/thedogist/p/BHA1yl_tOS9/,queued,0,0,,0,0,0,,,0,0,0,0,0,0,,,,,,,,,0,,,,,,,
BHAnyVRNOau,p,https://www.instagram.com/thedogist/p/BHAnyVRNOau/,queued,0,0,,0,0,0,,,0,0,0,0,0,0,,,,,,,,,0,,,,,,,
BHAJEyMtOS1,p,https://www.instagram.com/thedogist/p/BHAJEyMtOS1/,queued,0,0,,0,0,0,,,0,0,0,0,0,0,,,,,,,,,0,,,,,,,
BG-qkjPtOZi,p,https://www.instagram.com/thedogist/p/BG-qkjPtOZi/,queued,0,0,,0,0,0,,,0,0,0,0,0,0,,,,,,,,,0,,,,,,,
BG-MF9ANOUO,p,https://www.instagram.com/thedogist/p/BG-MF9ANOUO/,queued,0,0,,0,0,0,,,0,0,0,0,0,0,,,,,,,,,0,,,,,,,
BG9qpkHtOZk,p,https://www.instagram.com/thedogist/p/BG9qpkHtOZk/,queued,0,0,,0,0,0,,,0,0,0,0,0,0,,,,,,,,,0,,,,,,,
BG8FpOktOQr,p,https://www.instagram.com/thedogist/p/BG8FpOktOQr/,queued,0,0,,0,0,0,,,0,0,0,0,0,0,,,,,,,,,0,,,,,,,
BG7lbL6NOVz,p,https://www.instagram.com/thedogist/p/BG7lbL6NOVz/,queued,0,0,,0,0,0,,,0,0,0,0,0,0,,,,,,,,,0,,,,,,,
BG7TaUZNOSl,p,https://www.instagram.com/thedogist/p/BG7TaUZNOSl/,queued,0,0,,0,0,0,,,0,0,0,0,0,0,,,,,,,,,0,,,,,,,
BG6_exvtOck,p,https://www.instagram.com/thedogist/p/BG6_exvtOck/,queued,0,0,,0,0,0,,,0,0,0,0,0,0,,,,,,,,,0,,,,,,,
BG5aZ-KNOWz,p,https://www.instagram.com/thedogist/p/BG5aZ-KNOWz/,queued,0,0,,0,0,0,,,0,0,0,0,0,0,,,,,,,,,0,,,,,,,
BG5Dq3RNOec,p,https://www.instagram.com/thedogist/p/BG5Dq3RNOec/,queued,0,0,,0,0,0,,,0,0,0,0,0,0,,,,,,,,,0,,,,,,,
BG4sBEsNOft,p,https://www.instagram.com/thedogist/p/BG4sBEsNOft/,queued,0,0,,0,0,0,,,0,0,0,0,0,0,,,,,,,,,0,,,,,,,
BG4WohmNOVA,p,https://www.instagram.com/thedogist/p/BG4WohmNOVA/,queued,0,0,,0,0,0,,,0,0,0,0,0,0,,,,,,,,,0,,,,,,,
BG22KAbtOV8,p,https://www.instagram.com/thedogist/p/BG22KAbtOV8/,queued,0,0,,0,0,0,,,0,0,0,0,0,0,,,,,,,,,0,,,,,,,
BG2eu7JNORT,p,https://www.instagram.com/thedogist/p/BG2eu7JNORT/,queued,0,0,,0,0,0,,,0,0,0,0,0,0,,,,,,,,,0,,,,,,,
BG2HBACtOew,p,https://www.instagram.com/thedogist/p/BG2HBACtOew/,queued,0,0,,0,0,0,,,0,0,0,0,0,0,,,,,,,,,0,,,,,,,
BG1znIqtOXI,p,https://www.instagram.com/thedogist/p/BG1znIqtOXI/,queued,0,0,,0,0,0,,,0,0,0,0,0,0,,,,,,,,,0,,,,,,,
BG0RkJLtOeN,p,https://www.instagram.com/thedogist/p/BG0RkJLtOeN/,queued,0,0,,0,0,0,,,0,0,0,0,0,0,,,,,,,,,0,,,,,,,
BGz2GHBtORu,p,https://www.instagram.com/thedogist/p/BGz2GHBtORu/,queued,0,0,,0,0,0,,,0,0,0,0,0,0,,,,,,,,,0,,,,,,,
BGzdbf3tOXA,p,https://www.instagram.com/thedogist/p/BGzdbf3tOXA/,queued,0,0,,0,0,0,,,0,0,0,0,0,0,,,,,,,,,0,,,,,,,
BGzKB3ANObS,p,https://www.instagram.com/thedogist/p/BGzKB3ANObS/,queued,0,0,,0,0,0,,,0,0,0,0,0,0,,,,,,,,,0,,,,,,,
BGxpAoDtOSY,p,https://www.instagram.com/thedogist/p/BGxpAoDtOSY/,queued,0,0,,0,0,0,,,0,0,0,0,0,0,,,,,,,,,0,,,,,,,
BGxbG6tNOTX,p,https://www.instagram.com/thedogist/p/BGxbG6tNOTX/,queued,0,0,,0,0,0,,,0,0,0,0,0,0,,,,,,,,,0,,,,,,,
BGw730yNORl,p,https://www.instagram.com/thedogist/p/BGw730yNORl/,queued,0,0,,0,0,0,,,0,0,0,0,0,0,,,,,,,,,0,,,,,,,
BGwsy9stOaG,p,https://www.instagram.com/thedogist/p/BGwsy9stOaG/,queued,0,0,,0,0,0,,,0,0,0,0,0,0,,,,,,,,,0,,,,,,,
BGvU0cyNOXw,p,https://www.instagram.com/thedogist/p/BGvU0cyNOXw/,queued,0,0,,0,0,0,,,0,0,0,0,0,0,,,,,,,,,0,,,,,,,
BGvAPYYNOZT,p,https://www.instagram.com/thedogist/p/BGvAPYYNOZT/,queued,0,0,,0,0,0,,,0,0,0,0,0,0,,,,,,,,,0,,,,,,,
BGurXO2tOYj,p,https://www.instagram.com/thedogist/p/BGurXO2tOYj/,queued,0,0,,0,0,0,,,0,0,0,0,0,0,,,,,,,,,0,,,,,,,
BGuRPpXtOSz,p,https://www.instagram.com/thedogist/p/BGuRPpXtOSz/,queued,0,0,,0,0,0,,,0,0,0,0,0,0,,,,,,,,,0,,,,,,,
BGt81FCNOd0,p,https://www.instagram.com/thedogist/p/BGt81FCNOd0/,queued,0,0,,0,0,0,,,0,0,0,0,0,0,,,,,,,,,0,,,,,,,
BGsjS53tOX5,p,https://www.instagram.com/thedogist/p/BGsjS53tOX5/,queued,0,0,,0,0,0,,,0,0,0,0,0,0,,,,,,,,,0,,,,,,,
BGsBGr_tOW5,p,https://www.instagram.com/thedogist/p/BGsBGr_tOW5/,queued,0,0,,0,0,0,,,0,0,0,0,0,0,,,,,,,,,0,,,,,,,
BGrv-49NOYv,p,https://www.instagram.com/thedogist/p/BGrv-49NOYv/,queued,0,0,,0,0,0,,,0,0,0,0,0,0,,,,,,,,,0,,,,,,,
BGrhE33tORy,p,https://www.instagram.com/thedogist/p/BGrhE33tORy/,queued,0,0,,0,0,0,,,0,0,0,0,0,0,,,,,,,,,0,,,,,,,
BGpzAs1NOe2,p,https://www.instagram.com/thedogist/p/BGpzAs1NOe2/,queued,0,0,,0,0,0,,,0,0,0,0,0,0,,,,,,,,,0,,,,,,,
BGpeyLpNObH,p,https://www.instagram.com/thedogist/p/BGpeyLpNObH/,queued,0,0,,0,0,0,,,0,0,0,0,0,0,,,,,,,,,0,,,,,,,
BGpNKOTtOa9,p,https://www.instagram.com/thedogist/p/BGpNKOTtOa9/,queued,0,0,,0,0,0,,,0,0,0,0,0,0,,,,,,,,,0,,,,,,,
BGo32WttOSH,p,https://www.instagram.com/thedogist/p/BGo32WttOSH/,queued,0,0,,0,0,0,,,0,0,0,0,0,0,,,,,,,,,0,,,,,,,
BGnKuPmNOdJ,p,https://www.instagram.com/thedogist/p/BGnKuPmNOdJ/,queued,0,0,,0,0,0,,,0,0,0,0,0,0,,,,,,,,,0,,,,,,,
BGmohLXtOQf,p,https://www.instagram.com/thedogist/p/BGmohLXtOQf/,queued,0,0,,0,0,0,,,0,0,0,0,0,0,,,,,,,,,0,,,,,,,
BGmQ_VjtOfe,p,https://www.instagram.com/thedogist/p/BGmQ_VjtOfe/,queued,0,0,,0,0,0,,,0,0,0,0,0,0,,,,,,,,,0,,,,,,,
BGmQ8irNOfW,p,https://www.instagram.com/thedogist/p/BGmQ8irNOfW/,queued,0,0,,0,0,0,,,0,0,0,0,0,0,,,,,,,,,0,,,,,,,
BGko-kuNOW1,p,https://www.instagram.com/thedogist/p/BGko-kuNOW1/,queued,0,0,,0,0,0,,,0,0,0,0,0,0,,,,,,,,,0,,,,,,,
BGkOyjxtOVQ,p,https://www.instagram.com/thedogist/p/BGkOyjxtOVQ/,queued,0,0,,0,0,0,,,0,0,0,0,0,0,,,,,,,,,0,,,,,,,
